LineId,Content,EventId,EventTemplate,dup_count,normalized_content,normalized_unique_content_count,cluster_id,cluster_size_unique,cluster_weight_dup_sum,cluster_template_guess,cluster_keep_k,selected_rank,selection_reason
1,"Registered signal handlers for [TERM, HUP, INT]",E164,Registered signal handlers for <*>,2606,"registered signal handlers for [term, hup, int]",1,Spark_C0000001,1,2606,"registered signal handlers for [term, hup, int]",1,1,frequency_representative
2,"Changing view acls to: yarn,curi",E200,"Changing view acls to: <*>,<*>",4921,"changing view acls to: yarn,curi",1,Spark_C0000002,1,4921,"changing view acls to: yarn, curi",1,1,frequency_representative
3,"Changing modify acls to: yarn,curi",E191,"Changing modify acls to: <*>,<*>",4921,"changing modify acls to: yarn,curi",1,Spark_C0000003,1,4921,"changing modify acls to: yarn, curi",1,1,frequency_representative
4,"SecurityManager: authentication disabled; ui acls disabled; users with view permissions: Set(yarn, curi); users with modify permissions: Set(yarn, curi)",E10,"SecurityManager: authentication disabled; ui acls disabled; users with view permissions: Set(<*>, <*>); users with modify permissions: Set(<*>, <*>)",4921,"securitymanager: authentication disabled; ui acls disabled; users with view permissions: set(yarn, curi); users with modify permissions: set(yarn, curi)",1,Spark_C0000004,2,4963,"securitymanager: authentication disabled; ui acls disabled; users with view permissions: set (yarn, <*>); users with modify permissions: set (yarn, <*>)",2,1,frequency_representative
2042060,"SecurityManager: authentication disabled; ui acls disabled; users with view permissions: Set(yarn, yxsu); users with modify permissions: Set(yarn, yxsu)",E10,"SecurityManager: authentication disabled; ui acls disabled; users with view permissions: Set(<*>, <*>); users with modify permissions: Set(<*>, <*>)",42,"securitymanager: authentication disabled; ui acls disabled; users with view permissions: set(yarn, yxsu); users with modify permissions: set(yarn, yxsu)",1,Spark_C0000004,2,4963,"securitymanager: authentication disabled; ui acls disabled; users with view permissions: set (yarn, <*>); users with modify permissions: set (yarn, <*>)",2,2,complex_sample
8,Slf4jLogger started,E208,Slf4jLogger started,2378,<id> started,1,Spark_C0000005,65,2442,<*> <*>,2,1,frequency_representative
124,Started SelectChannelConnector@0.0.0.0:33134,E145,Started SelectChannelConnector@<*>,64,started <email>,64,Spark_C0000005,65,2442,<*> <*>,2,2,complex_sample
9,Starting remoting,E221,Starting remoting,2378,starting remoting,1,Spark_C0000006,1,2378,starting remoting,1,1,frequency_representative
2700954,Remoting started; listening on addresses :[akka.tcp://sparkExecutorActorSystem@mesos-slave-28:52177],E96,Remoting started; listening on addresses :[<*>],2272,remoting started; listening on addresses :[akka.tcp://sparkexecutoractorsystem@ <id> ],2267,Spark_C0000007,2309,2314,remoting started; listening on addresses: [akka. tcp:// <*> @ <id>],3,1,frequency_representative
2042063,Remoting started; listening on addresses :[akka.tcp://driverPropsFetcher@mesos-slave-30:44924],E96,Remoting started; listening on addresses :[<*>],21,remoting started; listening on addresses :[akka.tcp://driverpropsfetcher@ <id> ],21,Spark_C0000007,2309,2314,remoting started; listening on addresses: [akka. tcp:// <*> @ <id>],3,2,complex_sample
2042073,Remoting started; listening on addresses :[akka.tcp://sparkExecutor@mesos-slave-30:45653],E96,Remoting started; listening on addresses :[<*>],21,remoting started; listening on addresses :[akka.tcp://sparkexecutor@ <id> ],21,Spark_C0000007,2309,2314,remoting started; listening on addresses: [akka. tcp:// <*> @ <id>],3,3,diverse_sample
168186,Successfully started service 'sparkExecutorActorSystem' on port 35939.,E114,Successfully started service <*> on port <*>.,2272,successfully started service 'sparkexecutoractorsystem' on port <num> .,2179,Spark_C0000008,2413,2506,successfully started service ' <*> ' on port <num>.,3,1,frequency_representative
119,Successfully started service 'sparkDriverActorSystem' on port 45586.,E114,Successfully started service <*> on port <*>.,64,successfully started service 'sparkdriveractorsystem' on port <num> .,64,Spark_C0000008,2413,2506,successfully started service ' <*> ' on port <num>.,3,2,complex_sample
125,Successfully started service 'SparkUI' on port 33134.,E114,Successfully started service <*> on port <*>.,64,successfully started service 'sparkui' on port <num> .,64,Spark_C0000008,2413,2506,successfully started service ' <*> ' on port <num>.,3,3,diverse_sample
12,Created local directory at /opt/hdfs/nodemanager/usercache/curi/appcache/application_1485248649253_0020/blockmgr-416b8a6f-4ed7-49bb-b2f3-71d51930d48d,E185,Created local directory at <*>,2353,created local directory at <path> <id> /blockmgr- <uuid>,2353,Spark_C0000009,2353,2353,created local directory at <path> <id>/blockmgr-<uuid>,1,1,frequency_representative
367,MemoryStore started with capacity 17.7 GB,E143,MemoryStore started with capacity <*>,2329,memorystore started with capacity <num> gb,10,Spark_C0000010,10,2329,memorystore started with capacity <num> gb,1,1,frequency_representative
13226428,Connecting to driver: spark://CoarseGrainedScheduler@10.10.34.11:45410,E160,Connecting to driver: spark://<*>,2268,connecting to driver: <email>,155,Spark_C0000011,155,2268,connecting to driver: <email>,1,1,frequency_representative
15,Successfully registered with driver,E128,Successfully registered with driver,2289,successfully registered with driver,1,Spark_C0000012,1,2289,successfully registered with driver,1,1,frequency_representative
758,Starting executor ID 4 on host mesos-slave-20,E182,Starting executor ID <*> on host <*>,2289,starting executor id <num> on host <id>,824,Spark_C0000013,824,2289,starting executor id <num> on host <id>,1,1,frequency_representative
187901,Successfully started service 'org.apache.spark.network.netty.NettyBlockTransferService' on port 35170.,E114,Successfully started service <*> on port <*>.,2353,successfully started service 'org.apache.spark.network.netty.nettyblocktransferservice' on port <num> .,2264,Spark_C0000014,2264,2353,successfully started service ' org. apache. spark. network. netty. nettyblocktransferservice ' on port <num>.,1,1,frequency_representative
187902,Server created on 35170,E224,Server created on <*>,2353,server created on <num>,2264,Spark_C0000015,2264,2353,server created on <num>,1,1,frequency_representative
19,Trying to register BlockManager,E158,Trying to register BlockManager,2359,trying to register blockmanager,1,Spark_C0000016,1,2359,trying to register blockmanager,1,1,frequency_representative
20,Registered BlockManager,E188,Registered BlockManager,2359,registered blockmanager,1,Spark_C0000017,1,2359,registered blockmanager,1,1,frequency_representative
22,Got assigned task 1,E225,Got assigned task <*>,2149959,got assigned task <num>,641356,Spark_C0000018,641356,2149959,got assigned task <num>,1,1,frequency_representative
23,Running task 0.0 in stage 0.0 (TID 0),E186,Running task <*> in stage <*> (TID <*>),2149959,running task <num> in stage <num> (tid <num> ),1738959,Spark_C0000019,1738959,2149959,running task <num> in stage <num> (tid <num>),1,1,frequency_representative
1222,Started reading broadcast variable 2,E136,Started reading broadcast variable <*>,281319,started reading broadcast variable <num>,22658,Spark_C0000020,22658,281319,started reading broadcast variable <num>,1,1,frequency_representative
1223,"Block broadcast_2_piece0 stored as bytes in memory (estimated size 92.0 B, free 1402.7 MB)",E73,"Block <*> stored as bytes in memory (estimated size <*>, free <*>)",253445,"block <id> stored as bytes in memory (estimated size <num> b, free <num> mb)",247794,Spark_C0000021,901766,1387840,"block <id> stored as <*> in memory (estimated size <num> <*>, free <num> <*>)",3,1,frequency_representative
2777032,"Block broadcast_6_piece0 stored as bytes in memory (estimated size 1677.0 B, free 1677.0 B)",E73,"Block <*> stored as bytes in memory (estimated size <*>, free <*>)",14,"block <id> stored as bytes in memory (estimated size <num> b, free <num> b)",4,Spark_C0000021,901766,1387840,"block <id> stored as <*> in memory (estimated size <num> <*>, free <num> <*>)",3,2,complex_sample
3720755,"Block broadcast_9 stored as values in memory (estimated size 5.3 KB, free 4.1 GB)",E69,"Block <*> stored as values in memory (estimated size <*>, free <*>)",535,"block <id> stored as values in memory (estimated size <num> kb, free <num> gb)",268,Spark_C0000021,901766,1387840,"block <id> stored as <*> in memory (estimated size <num> <*>, free <num> <*>)",3,3,diverse_sample
1582,Reading broadcast variable 3 took 8 ms,E146,Reading broadcast variable <*> took <*> ms,281073,reading broadcast variable <num> took <num> ms,103380,Spark_C0000022,103380,281073,reading broadcast variable <num> took <num> ms,1,1,frequency_representative
215876,Input split: hdfs://10.10.34.11:9000/pjhe/logs/2kProxifier.log:0+6136,E231,Input split: <*>+<*>,11606,input split: hdfs:// <ip> <path>,373,Spark_C0000023,373,11606,input split: hdfs:// <ip> <path>,1,1,frequency_representative
35,"mapred.tip.id is deprecated. Instead, use mapreduce.task.id",E181,"<*> is deprecated. Instead, use <*>",400,"mapred.tip.id is deprecated. instead, use mapreduce.task.id",1,Spark_C0000024,2,800,"mapred. <*>. id is deprecated. instead, use mapreduce. <*>. id",2,1,frequency_representative
39,"mapred.job.id is deprecated. Instead, use mapreduce.job.id",E181,"<*> is deprecated. Instead, use <*>",400,"mapred.job.id is deprecated. instead, use mapreduce.job.id",1,Spark_C0000024,2,800,"mapred. <*>. id is deprecated. instead, use mapreduce. <*>. id",2,2,complex_sample
36,"mapred.task.id is deprecated. Instead, use mapreduce.task.attempt.id",E181,"<*> is deprecated. Instead, use <*>",400,"mapred.task.id is deprecated. instead, use mapreduce.task.attempt.id",1,Spark_C0000025,1,400,"mapred. task. id is deprecated. instead, use mapreduce. task. attempt. id",1,1,frequency_representative
37,"mapred.task.is.map is deprecated. Instead, use mapreduce.task.ismap",E181,"<*> is deprecated. Instead, use <*>",400,"mapred.task.is.map is deprecated. instead, use mapreduce.task.ismap",1,Spark_C0000026,1,400,"mapred. task. is. map is deprecated. instead, use mapreduce. task. ismap",1,1,frequency_representative
38,"mapred.task.partition is deprecated. Instead, use mapreduce.task.partition",E181,"<*> is deprecated. Instead, use <*>",400,"mapred.task.partition is deprecated. instead, use mapreduce.task.partition",1,Spark_C0000027,1,400,"mapred. task. partition is deprecated. instead, use mapreduce. task. partition",1,1,frequency_representative
126083,"Times: total = 39, boot = 14, init = 25, finish = 0",E129,"Times: total = <*>, boot = <*>, init = <*>, finish = <*>",2625700,"times: total = <num> , boot = <num> , init = <num> , finish = <num>",286818,Spark_C0000028,286818,2625700,"times: total = <num>, boot = <num>, init = <num>, finish = <num>",1,1,frequency_representative
41,Finished task 1.0 in stage 0.0 (TID 1). 14372091 bytes result sent to driver,E66,Finished task <*> in stage <*> (TID <*>). <*> bytes result sent to driver,2146621,finished task <num> in stage <num> (tid <num> ). <num> bytes result sent to driver,1911527,Spark_C0000029,1911527,2146621,finished task <num> in stage <num> (tid <num>). <num> bytes result sent to driver,1,1,frequency_representative
44,Driver commanded a shutdown,E176,Driver commanded a shutdown,1823,driver commanded a shutdown,1,Spark_C0000030,1,1823,driver commanded a shutdown,1,1,frequency_representative
45,MemoryStore cleared,E209,MemoryStore cleared,1828,memorystore cleared,1,Spark_C0000031,1,1828,memorystore cleared,1,1,frequency_representative
46,BlockManager stopped,E202,BlockManager stopped,1828,blockmanager stopped,1,Spark_C0000032,1,1828,blockmanager stopped,1,1,frequency_representative
13226438,An unknown (mesos-master-1:45410) driver disconnected.,E144,An unknown (<*>) driver disconnected.,1886,an unknown ( <id> ) driver disconnected.,154,Spark_C0000033,154,1886,an unknown (<id>) driver disconnected.,1,1,frequency_representative
13226439,Driver 10.10.34.11:45410 disassociated! Shutting down.,E119,Driver <*> disassociated! Shutting down.,1907,driver <ip> disassociated! shutting down.,155,Spark_C0000034,155,1907,driver <ip> disassociated! shutting down.,1,1,frequency_representative
49,Shutdown hook called,E210,Shutdown hook called,2750,shutdown hook called,1,Spark_C0000035,1,2750,shutdown hook called,1,1,frequency_representative
50,Shutting down remote daemon.,E171,Shutting down remote daemon.,717,shutting down remote daemon.,1,Spark_C0000036,1,717,shutting down remote daemon.,1,1,frequency_representative
104,ApplicationAttemptId: appattempt_1485248649253_0020_000002,E195,ApplicationAttemptId: <*>,146,applicationattemptid: <id>,146,Spark_C0000037,146,146,applicationattemptid: <id>,1,1,frequency_representative
108,Starting the user application in a separate Thread,E80,Starting the user application in a separate Thread,64,starting the user application in a separate thread,1,Spark_C0000038,1,64,starting the user application in a separate thread,1,1,frequency_representative
109,Waiting for spark context initialization,E108,Waiting for spark context initialization,64,waiting for spark context initialization,1,Spark_C0000039,1,64,waiting for spark context initialization,1,1,frequency_representative
110,Waiting for spark context initialization ...,E93,Waiting for spark context initialization ...,65,waiting for spark context initialization ...,1,Spark_C0000040,1,65,waiting for spark context initialization...,1,1,frequency_representative
111,Running Spark version 1.6.0,E203,Running Spark version <*>,64,running spark version <num> . <num>,1,Spark_C0000041,1,64,running spark version <num>. <num>,1,1,frequency_representative
118,Remoting started; listening on addresses :[akka.tcp://sparkDriverActorSystem@10.10.34.23:45586],E96,Remoting started; listening on addresses :[<*>],64,remoting started; listening on addresses :[ <email> ],64,Spark_C0000042,64,64,remoting started; listening on addresses: [<email>],1,1,frequency_representative
120,Registering MapOutputTracker,E163,Registering MapOutputTracker,64,registering mapoutputtracker,1,Spark_C0000043,1,64,registering mapoutputtracker,1,1,frequency_representative
123,Adding filter: org.apache.hadoop.yarn.server.webproxy.amfilter.AmIpFilter,E228,Adding filter: <*>,64,adding filter: org.apache.hadoop.yarn.server.webproxy.amfilter.amipfilter,1,Spark_C0000044,1,64,adding filter: org. apache. hadoop. yarn. server. webproxy. amfilter. amipfilter,1,1,frequency_representative
126,Started SparkUI at http://10.10.34.23:33134,E222,Started SparkUI at <*>,64,started sparkui at <url>,64,Spark_C0000045,64,64,started sparkui at <url>,1,1,frequency_representative
2105912,"Registering block manager mesos-slave-08:53498 with 14.2 GB RAM, BlockManagerId(1, mesos-slave-08, 53498)",E64,"Registering block manager <*> with <*> RAM, BlockManagerId(<*>, <*>, <*>)",699,"registering block manager <id> with <num> gb ram, blockmanagerid( <num> , <id> , <num> )",693,Spark_C0000046,757,763,"registering block manager <ip> with <num> <*> ram, blockmanagerid (<*>, <ip>, <num>)",3,1,frequency_representative
188588,"Registering block manager 10.10.34.25:55299 with 511.1 MB RAM, BlockManagerId(driver, 10.10.34.25, 55299)",E52,"Registering block manager <*> with <*> RAM, BlockManagerId(driver, <*>, <*>)",1,"registering block manager <ip> with <num> mb ram, blockmanagerid(driver, <ip> , <num> )",1,Spark_C0000046,757,763,"registering block manager <ip> with <num> <*> ram, blockmanagerid (<*>, <ip>, <num>)",3,2,complex_sample
130,"Registering block manager 10.10.34.23:48030 with 26.4 GB RAM, BlockManagerId(driver, 10.10.34.23, 48030)",E52,"Registering block manager <*> with <*> RAM, BlockManagerId(driver, <*>, <*>)",63,"registering block manager <ip> with <num> gb ram, blockmanagerid(driver, <ip> , <num> )",63,Spark_C0000046,757,763,"registering block manager <ip> with <num> <*> ram, blockmanagerid (<*>, <ip>, <num>)",3,3,diverse_sample
132,ApplicationMaster registered as NettyRpcEndpointRef(spark://YarnAM@10.10.34.23:47891),E46,ApplicationMaster registered as NettyRpcEndpointRef(spark://<*>),64,applicationmaster registered as <email> ),64,Spark_C0000047,64,64,applicationmaster registered as <email>),1,1,frequency_representative
133,Connecting to ResourceManager at mesos-master-1/10.10.34.11:8030,E147,Connecting to ResourceManager at <*>,142,connecting to resourcemanager at <id> / <ip>,1,Spark_C0000048,1,142,connecting to resourcemanager at <id>/<ip>,1,1,frequency_representative
134,Registering the ApplicationMaster,E131,Registering the ApplicationMaster,142,registering the applicationmaster,1,Spark_C0000049,1,142,registering the applicationmaster,1,1,frequency_representative
11357,"Will request 1 executor containers, each with 8 cores and 22528 MB memory including 2048 MB overhead",E32,"Will request <*> executor containers, each with <*> cores and <*> MB memory including <*> MB overhead",503,"will request <num> executor containers, each with <num> cores and <num> mb memory including <num> mb overhead",31,Spark_C0000050,31,503,"will request <num> executor containers, each with <num> cores and <num> mb memory including <num> mb overhead",1,1,frequency_representative
156501,"Container request (host: Any, capability: <memory:28160, vCores:5>)",E60,"Container request (host: <*>, capability: <memory:<*>, vCores:<*>)",2623,"container request (host: any, capability: < <id> , <id> >)",8,Spark_C0000051,8,2623,"container request (host: any, capability: < <id>, <id> >)",1,1,frequency_representative
142,"Started progress reporter thread with (heartbeat : 3000, initial allocation : 200) intervals",E30,"Started progress reporter thread with (heartbeat : <*>, initial allocation : <*>) intervals",142,"started progress reporter thread with (heartbeat : <num> , initial allocation : <num> ) intervals",1,Spark_C0000052,1,142,"started progress reporter thread with (heartbeat: <num>, initial allocation: <num>) intervals",1,1,frequency_representative
177,Received new token for : mesos-master-1:35426,E199,Received new token for : <*>,2554,received new token for : <id>,120,Spark_C0000053,120,2554,received new token for: <id>,1,1,frequency_representative
147,Launching container container_1485248649253_0020_02_000002 for on host mesos-slave-19,E167,Launching container <*> for on host <*>,2561,launching container <id> for on host <id>,2561,Spark_C0000054,2561,2561,launching container <id> for on host <id>,1,1,frequency_representative
2060833,"Launching ExecutorRunnable. driverUrl: spark://CoarseGrainedScheduler@10.10.34.38:48526, executorHostname: mesos-slave-13",E57,"Launching ExecutorRunnable. driverUrl: <*>, executorHostname: <*>",2561,"launching executorrunnable. driverurl: <email> , executorhostname: <id>",1955,Spark_C0000055,1955,2561,"launching executorrunnable. driverurl: <email>, executorhostname: <id>",1,1,frequency_representative
150,Starting Executor Container,E172,Starting Executor Container,2561,starting executor container,1,Spark_C0000056,1,2561,starting executor container,1,1,frequency_representative
11362,"Received 1 containers from YARN, launching executors on 1 of them.",E55,"Received <*> containers from YARN, launching executors on <*> of them.",845,"received <num> containers from yarn, launching executors on <num> of them.",84,Spark_C0000057,84,845,"received <num> containers from yarn, launching executors on <num> of them.",1,1,frequency_representative
160,Setting up ContainerLaunchContext,E132,Setting up ContainerLaunchContext,2561,setting up containerlaunchcontext,1,Spark_C0000058,1,2561,setting up containerlaunchcontext,1,1,frequency_representative
164,Preparing Local resources,E183,Preparing Local resources,2561,preparing local resources,1,Spark_C0000059,1,2561,preparing local resources,1,1,frequency_representative
13226883,"Prepared Local resources Map(__spark__.jar -> resource { scheme: ""hdfs"" host: ""10.10.34.11"" port: 9000 file: ""/user/curi/.sparkStaging/application_1485248649253_0173/spark-assembly-1.6.0-hadoop2.2.0.jar"" } size: 109525492 timestamp: 1501127375783 type: FILE visibility: PRIVATE, pyspark.zip -> resource { scheme: ""hdfs"" host: ""10.10.34.11"" port: 9000 file: ""/user/curi/.sparkStaging/application_1485248649253_0173/pyspark.zip"" } size: 355358 timestamp: 1501127375934 type: FILE visibility: PRIVATE, py4j-0.9-src.zip -> resource { scheme: ""hdfs"" host: ""10.10.34.11"" port: 9000 file: ""/user/curi/.sparkStaging/application_1485248649253_0173/py4j-0.9-src.zip"" } size: 44846 timestamp: 1501127375995 type: FILE visibility: PRIVATE)",E1,"Prepared Local resources Map(__spark__.jar -> resource { scheme: <*> host: <*> port: <*> file: <*> } size: <*> timestamp: <*> type: <*> visibility: <*>, pyspark.zip -> resource { scheme: <*> host: <*> port: <*> file: <*> } size: <*> timestamp: <*> type: <*> visibility: <*>, py4j-<*>-src.zip -> resource { scheme: <*> host: <*> port: <*> file: <*> } size: <*> timestamp: <*> type: <*> visibility: <*>)",2561,"prepared local resources map(__spark__.jar -> resource { scheme: ""hdfs"" host: "" <ip> "" port: <num> file: "" <path> <id> / <id> "" } size: <num> timestamp: <hex> type: file visibility: private, pyspark.zip -> resource { scheme: ""hdfs"" host: "" <ip> "" port: <num> file: "" <path> <id> /pyspark.zip"" } size: <num> timestamp: <hex> type: file visibility: private, <id> -> resource { scheme: ""hdfs"" host: "" <ip> "" port: <num> file: "" <path> <id> / <id> "" } size: <num> timestamp: <hex> type: file visibility: private)",116,Spark_C0000060,116,2561,"prepared local resources map (__spark__. jar-> resource {scheme: "" hdfs "" host: "" <ip> "" port: <num> file: "" <path> <id>/<id> ""} size: <num> timestamp: <hex> type: file visibility: private, pyspark. zip-> resource {scheme: "" hdfs "" host: "" <ip> "" port: <num> file: "" <path> <id>/pyspark. zip ""} size: <num> timestamp: <hex> type: file visibility: private, <id>-> resource {scheme: "" hdfs "" host: "" <ip> "" port: <num> file: "" <path> <id>/<id> ""} size: <num> timestamp: <hex> type: file visibility: private)",1,1,frequency_representative
192,Opening proxy : mesos-master-1:35426,E229,Opening proxy : <*>,2561,opening proxy : <id>,118,Spark_C0000061,118,2561,opening proxy: <id>,1,1,frequency_representative
193,Registered executor NettyRpcEndpointRef(null) (mesos-slave-19:57937) with ID 1,E71,Registered executor NettyRpcEndpointRef(<*>) (<*>) with ID <*>,693,registered executor nettyrpcendpointref(null) ( <id> ) with id <num>,693,Spark_C0000062,693,693,registered executor nettyrpcendpointref (null) (<id>) with id <num>,1,1,frequency_representative
206,SchedulerBackend is ready for scheduling beginning after reached minRegisteredResourcesRatio: 0.8,E21,SchedulerBackend is ready for scheduling beginning after reached minRegisteredResourcesRatio: <*>,54,schedulerbackend is ready for scheduling beginning after reached minregisteredresourcesratio: <num>,1,Spark_C0000063,1,54,schedulerbackend is ready for scheduling beginning after reached minregisteredresourcesratio: <num>,1,1,frequency_representative
207,YarnClusterScheduler.postStartHook done,E98,YarnClusterScheduler.postStartHook done,64,yarnclusterscheduler.poststarthook done,1,Spark_C0000064,1,64,yarnclusterscheduler. poststarthook done,1,1,frequency_representative
2108158,"Added broadcast_6_piece322 in memory on mesos-slave-08:53498 (size: 4.0 MB, free: 14.1 GB)",E161,"Added <*> in memory on <*> (size: <*>, free: <*>)",386457,"added <id> in memory on <id> (size: <num> mb, free: <num> gb)",386415,Spark_C0000065,437588,437630,"added <id> in memory on <ip> (size: <num> <*>, free: <num> <*>)",3,1,frequency_representative
599,"Added broadcast_2_piece0 in memory on 10.10.34.31:54234 (size: 1024.0 MB, free: 25.4 GB)",E161,"Added <*> in memory on <*> (size: <*>, free: <*>)",40001,"added <id> in memory on <ip> (size: <num> mb, free: <num> gb)",40001,Spark_C0000065,437588,437630,"added <id> in memory on <ip> (size: <num> <*>, free: <num> <*>)",3,2,complex_sample
227,"Added broadcast_1_piece0 in memory on mesos-master-1:48869 (size: 3.7 KB, free: 14.2 GB)",E161,"Added <*> in memory on <*> (size: <*>, free: <*>)",8717,"added <id> in memory on <id> (size: <num> kb, free: <num> gb)",8717,Spark_C0000065,437588,437630,"added <id> in memory on <ip> (size: <num> <*>, free: <num> <*>)",3,3,diverse_sample
213,Created broadcast 0 from textFile at NativeMethodAccessorImpl.java:-2,E148,Created broadcast <*> from textFile at <*>,64,created broadcast <num> from textfile at <id>,2,Spark_C0000066,2,64,created broadcast <num> from textfile at <id>,1,1,frequency_representative
214,Total input paths to process : 1,E174,Total input paths to process : <*>,64,total input paths to process : <num>,1,Spark_C0000067,1,64,total input paths to process: <num>,1,1,frequency_representative
3220099,Starting job: collect at pnmf.py:279,E196,Starting job: collect at <*>,218,starting job: collect at <id>,24,Spark_C0000068,44,336,starting job: <*> at <id>,2,1,frequency_representative
81538,Starting job: runJob at PythonRDD.scala:393,E198,Starting job: runJob at <*>,14,starting job: runjob at <id>,1,Spark_C0000068,44,336,starting job: <*> at <id>,2,2,complex_sample
2105919,Got job 0 (collect at pnmf4.py:297) with 2 output partitions,E107,Got job <*> (collect at <*>) with <*> output partitions,218,got job <num> (collect at <id> ) with <num> output partitions,160,Spark_C0000069,160,218,got job <num> (collect at <id>) with <num> output partitions,1,1,frequency_representative
2105920,Final stage: ResultStage 0 (collect at pnmf4.py:297),E126,Final stage: ResultStage <*> (collect at <*>),218,final stage: resultstage <num> (collect at <id> ),156,Spark_C0000070,156,218,final stage: resultstage <num> (collect at <id>),1,1,frequency_representative
218,Missing parents: List(),E194,Missing parents: List(<*>),330,missing parents: list(),1,Spark_C0000071,1,330,missing parents: list (),1,1,frequency_representative
3728409,"Submitting ResultStage 3 (PythonRDD[9] at collect at pnmf4.py:376), which has no missing parents",E63,"Submitting ResultStage <*> (<*> at <*>), which has no missing parents",227,"submitting resultstage <num> (pythonrdd[ <num> ] at collect at <id> ), which has no missing parents",154,Spark_C0000072,312,445,"submitting resultstage <num> (<*> [<num>] at <*> at <id>), which has no missing parents",3,1,frequency_representative
189704,"Submitting ResultStage 6 (MapPartitionsRDD[15] at saveAsTextFile at NativeMethodAccessorImpl.java:-2), which has no missing parents",E63,"Submitting ResultStage <*> (<*> at <*>), which has no missing parents",16,"submitting resultstage <num> (mappartitionsrdd[ <num> ] at saveastextfile at <id> ), which has no missing parents",16,Spark_C0000072,312,445,"submitting resultstage <num> (<*> [<num>] at <*> at <id>), which has no missing parents",3,2,complex_sample
197206,"Submitting ResultStage 129 (PythonRDD[283] at collectAsMap at IPLoM.py:638), which has no missing parents",E63,"Submitting ResultStage <*> (<*> at <*>), which has no missing parents",6,"submitting resultstage <num> (pythonrdd[ <num> ] at collectasmap at <id> ), which has no missing parents",6,Spark_C0000072,312,445,"submitting resultstage <num> (<*> [<num>] at <*> at <id>), which has no missing parents",3,3,diverse_sample
2105926,Submitting 2 missing tasks from ResultStage 0 (PythonRDD[2] at collect at pnmf4.py:297),E91,Submitting <*> missing tasks from ResultStage <*> (<*> at <*>),227,submitting <num> missing tasks from resultstage <num> (pythonrdd[ <num> ] at collect at <id> ),160,Spark_C0000073,343,445,submitting <num> missing tasks from resultstage <num> (<*> [<num>] at <*> at <id>),3,1,frequency_representative
189708,Submitting 13 missing tasks from ResultStage 6 (MapPartitionsRDD[15] at saveAsTextFile at NativeMethodAccessorImpl.java:-2),E91,Submitting <*> missing tasks from ResultStage <*> (<*> at <*>),16,submitting <num> missing tasks from resultstage <num> (mappartitionsrdd[ <num> ] at saveastextfile at <id> ),16,Spark_C0000073,343,445,submitting <num> missing tasks from resultstage <num> (<*> [<num>] at <*> at <id>),3,2,complex_sample
197210,Submitting 13 missing tasks from ResultStage 129 (PythonRDD[283] at collectAsMap at IPLoM.py:638),E91,Submitting <*> missing tasks from ResultStage <*> (<*> at <*>),6,submitting <num> missing tasks from resultstage <num> (pythonrdd[ <num> ] at collectasmap at <id> ),6,Spark_C0000073,343,445,submitting <num> missing tasks from resultstage <num> (<*> [<num>] at <*> at <id>),3,3,diverse_sample
224,Adding task set 0.0 with 2 tasks,E192,Adding task set <*> with <*> tasks,714,adding task set <num> with <num> tasks,540,Spark_C0000074,540,714,adding task set <num> with <num> tasks,1,1,frequency_representative
14221119,"Starting task 0.0 in stage 4.0 (TID 242, mesos-slave-18, partition 0,PROCESS_LOCAL, 65885114 bytes)",E87,"Starting task <*> in stage <*> (TID <*>, <*>, partition <*>,<*>, <*> bytes)",19834,"starting task <num> in stage <num> (tid <num> , <id> , partition <num> ,process_local, <num> bytes)",19802,Spark_C0000075,24032,24230,"starting task <num> in stage <num> (tid <num>, <id>, partition <num>, <*>, <num> bytes)",3,1,frequency_representative
226,"Starting task 1.0 in stage 0.0 (TID 1, mesos-master-1, partition 1,NODE_LOCAL, 2159 bytes)",E87,"Starting task <*> in stage <*> (TID <*>, <*>, partition <*>,<*>, <*> bytes)",3547,"starting task <num> in stage <num> (tid <num> , <id> , partition <num> ,node_local, <num> bytes)",3428,Spark_C0000075,24032,24230,"starting task <num> in stage <num> (tid <num>, <id>, partition <num>, <*>, <num> bytes)",3,2,complex_sample
1748049,"Starting task 1.0 in stage 0.0 (TID 1, mesos-slave-20, partition 1,RACK_LOCAL, 2159 bytes)",E87,"Starting task <*> in stage <*> (TID <*>, <*>, partition <*>,<*>, <*> bytes)",849,"starting task <num> in stage <num> (tid <num> , <id> , partition <num> ,rack_local, <num> bytes)",802,Spark_C0000075,24032,24230,"starting task <num> in stage <num> (tid <num>, <id>, partition <num>, <*>, <num> bytes)",3,3,diverse_sample
229,Finished task 1.0 in stage 0.0 (TID 1) in 5931 ms on mesos-master-1 (1/2),E130,Finished task <*> in stage <*> (TID <*>) in <*> ms on <*> (<*>),20709,finished task <num> in stage <num> (tid <num> ) in <num> ms on <id> ( <num> / <num> ),20709,Spark_C0000076,20709,20709,finished task <num> in stage <num> (tid <num>) in <num> ms on <id> (<num>/<num>),1,1,frequency_representative
231,ResultStage 0 (collect at pnmf4.py:225) finished in 6.049 s,E127,ResultStage <*> (collect at <*>) finished in <*> s,202,resultstage <num> (collect at <id> ) finished in <num> s,202,Spark_C0000077,241,241,resultstage <num> (<*> at <id>) <*> in <num> s,3,1,frequency_representative
2110245,ResultStage 5 (collect at pnmf4.py:377) failed in 1052.368 s,E139,ResultStage <*> (collect at <*>) failed in <*> s,26,resultstage <num> (collect at <id> ) failed in <num> s,26,Spark_C0000077,241,241,resultstage <num> (<*> at <id>) <*> in <num> s,3,2,complex_sample
14221935,ResultStage 8 (count at pnmf_dblp.py:425) failed in 96.238 s,E155,ResultStage <*> (count at <*>) failed in <*> s,13,resultstage <num> (count at <id> ) failed in <num> s,13,Spark_C0000077,241,241,resultstage <num> (<*> at <id>) <*> in <num> s,3,3,diverse_sample
232,"Removed TaskSet 0.0, whose tasks have all completed, from pool",E62,"Removed TaskSet <*>, whose tasks have all completed, from pool",685,"removed taskset <num> , whose tasks have all completed, from pool",278,Spark_C0000078,278,685,"removed taskset <num>, whose tasks have all completed, from pool",1,1,frequency_representative
233,"Job 0 finished: collect at pnmf4.py:225, took 6.458519 s",E168,"Job <*> finished: collect at <*>, took <*> s",202,"job <num> finished: collect at <id> , took <num> s",202,Spark_C0000079,202,202,"job <num> finished: collect at <id>, took <num> s",1,1,frequency_representative
234,Invoking stop() from shutdown hook,E140,Invoking stop() from shutdown hook,64,invoking stop() from shutdown hook,1,Spark_C0000080,1,64,invoking stop () from shutdown hook,1,1,frequency_representative
235,"stopped o.s.j.s.ServletContextHandler{/metrics/json,null}",E100,stopped o.s.j.s.ServletContextHandler{<*>},64,"stopped o.s.j.s.servletcontexthandler{/metrics/json,null}",1,Spark_C0000081,11,704,"stopped o. s. j. s. servletcontexthandler {/ <*>/<*>, null}",3,1,frequency_representative
241,"stopped o.s.j.s.ServletContextHandler{/executors/threadDump,null}",E100,stopped o.s.j.s.ServletContextHandler{<*>},64,"stopped o.s.j.s.servletcontexthandler{/executors/threaddump,null}",1,Spark_C0000081,11,704,"stopped o. s. j. s. servletcontexthandler {/ <*>/<*>, null}",3,2,complex_sample
257,"stopped o.s.j.s.ServletContextHandler{/jobs/job,null}",E100,stopped o.s.j.s.ServletContextHandler{<*>},64,"stopped o.s.j.s.servletcontexthandler{/jobs/job,null}",1,Spark_C0000081,11,704,"stopped o. s. j. s. servletcontexthandler {/ <*>/<*>, null}",3,3,diverse_sample
236,"stopped o.s.j.s.ServletContextHandler{/stages/stage/kill,null}",E100,stopped o.s.j.s.ServletContextHandler{<*>},64,"stopped o.s.j.s.servletcontexthandler{/stages/stage/kill,null}",1,Spark_C0000082,5,320,"stopped o. s. j. s. servletcontexthandler {/ <*>/<*>/<*>, null}",3,1,frequency_representative
252,"stopped o.s.j.s.ServletContextHandler{/stages/stage/json,null}",E100,stopped o.s.j.s.ServletContextHandler{<*>},64,"stopped o.s.j.s.servletcontexthandler{/stages/stage/json,null}",1,Spark_C0000082,5,320,"stopped o. s. j. s. servletcontexthandler {/ <*>/<*>/<*>, null}",3,2,complex_sample
256,"stopped o.s.j.s.ServletContextHandler{/jobs/job/json,null}",E100,stopped o.s.j.s.ServletContextHandler{<*>},64,"stopped o.s.j.s.servletcontexthandler{/jobs/job/json,null}",1,Spark_C0000082,5,320,"stopped o. s. j. s. servletcontexthandler {/ <*>/<*>/<*>, null}",3,3,diverse_sample
237,"stopped o.s.j.s.ServletContextHandler{/api,null}",E100,stopped o.s.j.s.ServletContextHandler{<*>},64,"stopped o.s.j.s.servletcontexthandler{/api,null}",1,Spark_C0000083,7,448,"stopped o. s. j. s. servletcontexthandler {/ <*>, null}",3,1,frequency_representative
245,"stopped o.s.j.s.ServletContextHandler{/environment,null}",E100,stopped o.s.j.s.ServletContextHandler{<*>},64,"stopped o.s.j.s.servletcontexthandler{/environment,null}",1,Spark_C0000083,7,448,"stopped o. s. j. s. servletcontexthandler {/ <*>, null}",3,2,complex_sample
249,"stopped o.s.j.s.ServletContextHandler{/storage,null}",E100,stopped o.s.j.s.ServletContextHandler{<*>},64,"stopped o.s.j.s.servletcontexthandler{/storage,null}",1,Spark_C0000083,7,448,"stopped o. s. j. s. servletcontexthandler {/ <*>, null}",3,3,diverse_sample
238,"stopped o.s.j.s.ServletContextHandler{/,null}",E100,stopped o.s.j.s.ServletContextHandler{<*>},64,"stopped o.s.j.s.servletcontexthandler{/,null}",1,Spark_C0000084,2,128,"stopped o. s. j. s. servletcontexthandler {<*>, null}",2,1,frequency_representative
240,"stopped o.s.j.s.ServletContextHandler{/executors/threadDump/json,null}",E100,stopped o.s.j.s.ServletContextHandler{<*>},64,"stopped o.s.j.s.servletcontexthandler{ <path> ,null}",1,Spark_C0000084,2,128,"stopped o. s. j. s. servletcontexthandler {<*>, null}",2,2,complex_sample
260,Stopped Spark web UI at http://10.10.34.23:33134,E206,Stopped Spark web UI at <*>,64,stopped spark web ui at <url>,64,Spark_C0000085,64,64,stopped spark web ui at <url>,1,1,frequency_representative
261,Asking each executor to shut down,E156,Asking each executor to shut down,64,asking each executor to shut down,1,Spark_C0000086,1,64,asking each executor to shut down,1,1,frequency_representative
262,MapOutputTrackerMasterEndpoint stopped!,E99,MapOutputTrackerMasterEndpoint stopped!,64,mapoutputtrackermasterendpoint stopped!,1,Spark_C0000087,1,64,mapoutputtrackermasterendpoint stopped!,1,1,frequency_representative
265,BlockManagerMaster stopped,E173,BlockManagerMaster stopped,64,blockmanagermaster stopped,1,Spark_C0000088,1,64,blockmanagermaster stopped,1,1,frequency_representative
266,OutputCommitCoordinator stopped!,E133,OutputCommitCoordinator stopped!,64,outputcommitcoordinator stopped!,1,Spark_C0000089,1,64,outputcommitcoordinator stopped!,1,1,frequency_representative
267,Successfully stopped SparkContext,E135,Successfully stopped SparkContext,64,successfully stopped sparkcontext,1,Spark_C0000090,1,64,successfully stopped sparkcontext,1,1,frequency_representative
268,Unregistering ApplicationMaster with SUCCEEDED,E117,Unregistering ApplicationMaster with <*>,81,unregistering applicationmaster with succeeded,1,Spark_C0000091,1,81,unregistering applicationmaster with succeeded,1,1,frequency_representative
270,Remote daemon shut down; proceeding with flushing remote transports.,E44,Remote daemon shut down; proceeding with flushing remote transports.,462,remote daemon shut down; proceeding with flushing remote transports.,1,Spark_C0000092,1,462,remote daemon shut down; proceeding with flushing remote transports.,1,1,frequency_representative
271,Waiting for application to be successfully unregistered.,E61,Waiting for application to be successfully unregistered.,119,waiting for application to be successfully unregistered.,1,Spark_C0000093,1,119,waiting for application to be successfully unregistered.,1,1,frequency_representative
272,Remoting shut down.,E217,Remoting shut down.,333,remoting shut down.,1,Spark_C0000094,1,333,remoting shut down.,1,1,frequency_representative
273,Deleting staging directory .sparkStaging/application_1485248649253_0020,E178,Deleting staging directory <*>,115,deleting staging directory .sparkstaging/ <id>,115,Spark_C0000095,115,115,deleting staging directory. sparkstaging/<id>,1,1,frequency_representative
275,Deleting directory /opt/hdfs/nodemanager/usercache/curi/appcache/application_1485248649253_0020/spark-d820458f-e3bb-471c-af2c-6395418161b0/pyspark-11c108f1-169b-4205-983c-752295e704c0,E220,Deleting directory <*>,64,deleting directory <path> <id> /spark- <uuid> /pyspark- <uuid>,64,Spark_C0000096,64,64,deleting directory <path> <id>/spark-<uuid>/pyspark-<uuid>,1,1,frequency_representative
276,Deleting directory /opt/hdfs/nodemanager/usercache/curi/appcache/application_1485248649253_0020/spark-d820458f-e3bb-471c-af2c-6395418161b0,E220,Deleting directory <*>,713,deleting directory <path> <id> /spark- <uuid>,713,Spark_C0000097,713,713,deleting directory <path> <id>/spark-<uuid>,1,1,frequency_representative
56561,Exception in connection from mesos-master-2/10.10.34.12:36003,E170,Exception in connection from <*>,184,exception in connection from <id> / <ip>,121,Spark_C0000098,121,184,exception in connection from <id>/<ip>,1,1,frequency_representative
246764,Still have 1 requests outstanding when connection from mesos-master-1/10.10.34.11:51096 is closed,E53,Still have <*> requests outstanding when connection from <*> is closed,229,still have <num> requests outstanding when connection from <id> / <ip> is closed,132,Spark_C0000099,132,229,still have <num> requests outstanding when connection from <id>/<ip> is closed,1,1,frequency_representative
1050,Failed while starting block fetches,E134,Failed while starting block fetches,293,failed while starting block fetches,1,Spark_C0000100,1,293,failed while starting block fetches,1,1,frequency_representative
1051,Retrying fetch (1/3) for 1 outstanding blocks after 5000 ms,E82,Retrying fetch (<*>) for <*> outstanding blocks after <*> ms,2299,retrying fetch ( <num> / <num> ) for <num> outstanding blocks after <num> ms,9,Spark_C0000101,9,2299,retrying fetch (<num>/<num>) for <num> outstanding blocks after <num> ms,1,1,frequency_representative
14838213,"Found inactive connection to mesos-slave-08/10.10.34.18:39867, creating a new one.",E84,"Found inactive connection to <*>, creating a new one.",2610,"found inactive connection to <id> / <ip> , creating a new one.",158,Spark_C0000102,158,2610,"found inactive connection to <id>/<ip>, creating a new one.",1,1,frequency_representative
1053,Exception while beginning fetch of 1 outstanding blocks (after 1 retries),E41,Exception while beginning fetch of <*> outstanding blocks (after <*> retries),2228,exception while beginning fetch of <num> outstanding blocks (after <num> retries),9,Spark_C0000103,9,2228,exception while beginning fetch of <num> outstanding blocks (after <num> retries),1,1,frequency_representative
61370,"Failed to fetch remote block broadcast_6_piece253 from BlockManagerId(6, mesos-slave-11, 54378) (failed attempt 1)",E43,"Failed to fetch remote block <*> from BlockManagerId(<*>, <*>, <*>) (failed attempt <*>)",185,"failed to fetch remote block <id> from blockmanagerid( <num> , <id> , <num> ) (failed attempt <num> )",184,Spark_C0000104,184,185,"failed to fetch remote block <id> from blockmanagerid (<num>, <id>, <num>) (failed attempt <num>)",1,1,frequency_representative
1938,RECEIVED SIGNAL 15: SIGTERM,E189,RECEIVED SIGNAL <*>: SIGTERM,380,received signal <num> : sigterm,1,Spark_C0000105,1,380,received signal <num>: sigterm,1,1,frequency_representative
3051,Executor is trying to kill task 28.0 in stage 1.0 (TID 30),E101,Executor is trying to kill task <*> in stage <*> (TID <*>),565,executor is trying to kill task <num> in stage <num> (tid <num> ),522,Spark_C0000106,522,565,executor is trying to kill task <num> in stage <num> (tid <num>),1,1,frequency_representative
3060,Executor killed task 46.0 in stage 1.0 (TID 48),E149,Executor killed task <*> in stage <*> (TID <*>),510,executor killed task <num> in stage <num> (tid <num> ),483,Spark_C0000107,483,510,executor killed task <num> in stage <num> (tid <num>),1,1,frequency_representative
7636,Exception while beginning fetch of 1 outstanding blocks,E68,Exception while beginning fetch of <*> outstanding blocks,383,exception while beginning fetch of <num> outstanding blocks,3,Spark_C0000108,3,383,exception while beginning fetch of <num> outstanding blocks,1,1,frequency_representative
8019,Incomplete task interrupted: Attempting to kill Python Worker,E54,Incomplete task interrupted: Attempting to kill Python Worker,171,incomplete task interrupted: attempting to kill python worker,1,Spark_C0000109,1,171,incomplete task interrupted: attempting to kill python worker,1,1,frequency_representative
8057,Failed to send RPC 7566235838710499706 to mesos-slave-06/10.10.34.16:33023: java.nio.channels.ClosedChannelException,E216,Failed to send RPC <*> to <*>: <*>,126,failed to send rpc <hex> to <id> / <ip> : java.nio.channels.closedchannelexception,126,Spark_C0000110,126,126,failed to send rpc <hex> to <id>/<ip>: java. nio. channels. closedchannelexception,1,1,frequency_representative
8070,Error sending message [message = GetLocations(broadcast_2_piece0)] in 1 attempts,E97,Error sending message [message = <*>] in <*> attempts,98,error sending message [message = getlocations( <id> )] in <num> attempts,75,Spark_C0000111,75,98,error sending message [message = getlocations (<id>)] in <num> attempts,1,1,frequency_representative
11316,org.apache.spark.SparkException: Exception while starting container container_1485248649253_0037_01_000002 on host mesos-slave-16,E37,org.apache.spark.SparkException: Exception while starting container <*> on host <*>,277,org.apache.spark.sparkexception: exception while starting container <id> on host <id>,277,Spark_C0000112,277,277,org. apache. spark. sparkexception: exception while starting container <id> on host <id>,1,1,frequency_representative
11353,"Completed container container_1485248649253_0037_01_000002 on host: mesos-slave-16 (state: COMPLETE, exit status: -100)",E76,"Completed container <*> on host: <*> (state: <*>, exit status: <*>)",466,"completed container <id> on host: <id> (state: complete, exit status: <num> )",466,Spark_C0000113,466,466,"completed container <id> on host: <id> (state: complete, exit status: <num>)",1,1,frequency_representative
11354,Container marked as failed: container_1485248649253_0037_01_000002 on host: mesos-slave-16. Exit status: -100. Diagnostics: Container expired since it was unused,E18,Container marked as failed: <*> on host: <*>. Exit status: <*>. Diagnostics: Container expired since it was unused,107,container marked as failed: <id> on host: <id> . exit status: <num> . diagnostics: container expired since it was unused,72,Spark_C0000114,72,107,container marked as failed: <id> on host: <id>. exit status: <num>. diagnostics: container expired since it was unused,1,1,frequency_representative
39707,Asked to remove non-existent executor 5,E124,Asked to remove non-existent executor <*>,336,asked to remove non-existent executor <num>,19,Spark_C0000115,19,336,asked to remove non-existent executor <num>,1,1,frequency_representative
1751357,"Removed broadcast_5_piece82 on mesos-slave-17:47587 in memory (size: 4.0 MB, free: 12.9 GB)",E151,"Removed <*> on <*> in memory (size: <*>, free: <*>)",28112,"removed <id> on <id> in memory (size: <num> mb, free: <num> gb)",28112,Spark_C0000116,38206,38206,"removed <id> on <ip> in memory (size: <num> <*>, free: <num> <*>)",3,1,frequency_representative
198067,"Removed broadcast_160_piece0 on 10.10.34.25:55299 in memory (size: 92.0 B, free: 510.8 MB)",E151,"Removed <*> on <*> in memory (size: <*>, free: <*>)",35,"removed <id> on <ip> in memory (size: <num> b, free: <num> mb)",35,Spark_C0000116,38206,38206,"removed <id> on <ip> in memory (size: <num> <*>, free: <num> <*>)",3,2,complex_sample
11375,"Removed broadcast_1_piece0 on 10.10.34.16:42124 in memory (size: 3.7 KB, free: 36.4 GB)",E151,"Removed <*> on <*> in memory (size: <*>, free: <*>)",347,"removed <id> on <ip> in memory (size: <num> kb, free: <num> gb)",347,Spark_C0000116,38206,38206,"removed <id> on <ip> in memory (size: <num> <*>, free: <num> <*>)",3,3,diverse_sample
11377,Cleaned accumulator 2,E215,Cleaned accumulator <*>,478,cleaned accumulator <num>,221,Spark_C0000117,221,478,cleaned accumulator <num>,1,1,frequency_representative
2108074,Registering RDD 6 (reduceByKey at pnmf4.py:371),E154,Registering RDD <*> (reduceByKey at <*>),92,registering rdd <num> (reducebykey at <id> ),44,Spark_C0000118,44,92,registering rdd <num> (reducebykey at <id>),1,1,frequency_representative
189482,Parents of final stage: List(ShuffleMapStage 2),E89,Parents of final stage: List(ShuffleMapStage <*>),175,parents of final stage: list(shufflemapstage <num> ),111,Spark_C0000119,111,175,parents of final stage: list (shufflemapstage <num>),1,1,frequency_representative
189483,Missing parents: List(ShuffleMapStage 2),E194,Missing parents: List(<*>),138,missing parents: list(shufflemapstage <num> ),79,Spark_C0000120,79,138,missing parents: list (shufflemapstage <num>),1,1,frequency_representative
13495,Stage 1 contains a task of very large size (1181 KB). The maximum recommended task size is 100 KB.,E33,Stage <*> contains a task of very large size (<*> KB). The maximum recommended task size is <*> KB.,284,stage <num> contains a task of very large size ( <num> kb). the maximum recommended task size is <num> kb.,175,Spark_C0000121,175,284,stage <num> contains a task of very large size (<num> kb). the maximum recommended task size is <num> kb.,1,1,frequency_representative
19335,"Lost task 25.0 in stage 1.0 (TID 27, mesos-slave-27): org.apache.spark.api.python.PythonException: Traceback (most recent call last):",E14,"Lost task <*> in stage <*> (TID <*>, <*>): org.apache.spark.api.python.PythonException: Traceback (most recent call last):",35,"lost task <num> in stage <num> (tid <num> , <id> ): org.apache.spark.api.python.pythonexception: traceback (most recent call last):",35,Spark_C0000122,35,35,"lost task <num> in stage <num> (tid <num>, <id>): org. apache. spark. api. python. pythonexception: traceback (most recent call last):",1,1,frequency_representative
19336,Lost task 7.0 in stage 1.0 (TID 9) on executor mesos-slave-27: org.apache.spark.api.python.PythonException (Traceback (most recent call last):,E12,Lost task <*> in stage <*> (TID <*>) on executor <*>: org.apache.spark.api.python.PythonException (Traceback (most recent call last):,132,lost task <num> in stage <num> (tid <num> ) on executor <id> : org.apache.spark.api.python.pythonexception (traceback (most recent call last):,132,Spark_C0000123,132,132,lost task <num> in stage <num> (tid <num>) on executor <id>: org. apache. spark. api. python. pythonexception (traceback (most recent call last):,1,1,frequency_representative
39600,Disabling executor 3.,E212,Disabling executor <*>.,318,disabling executor <num> .,19,Spark_C0000124,19,318,disabling executor <num>.,1,1,frequency_representative
2069984,Executor lost: 3 (epoch 4),E201,Executor lost: <*> (epoch <*>),353,executor lost: <num> (epoch <num> ),179,Spark_C0000125,179,353,executor lost: <num> (epoch <num>),1,1,frequency_representative
40191,Trying to remove executor 4 from BlockManagerMaster.,E75,Trying to remove executor <*> from BlockManagerMaster.,353,trying to remove executor <num> from blockmanagermaster.,19,Spark_C0000126,19,353,trying to remove executor <num> from blockmanagermaster.,1,1,frequency_representative
39560,Container killed by YARN for exceeding memory limits. 46.4 GB of 46.2 GB virtual memory used. Consider boosting spark.yarn.executor.memoryOverhead.,E11,Container killed by YARN for exceeding memory limits. <*> of <*> virtual memory used. Consider boosting spark.yarn.executor.memoryOverhead.,378,container killed by yarn for exceeding memory limits. <num> gb of <num> gb virtual memory used. consider boosting spark.yarn.executor.memoryoverhead.,36,Spark_C0000127,36,378,container killed by yarn for exceeding memory limits. <num> gb of <num> gb virtual memory used. consider boosting spark. yarn. executor. memoryoverhead.,1,1,frequency_representative
88193,Lost executor 5 on mesos-slave-05: Container killed by YARN for exceeding memory limits. 46.4 GB of 46.2 GB virtual memory used. Consider boosting spark.yarn.executor.memoryOverhead.,E7,Lost executor <*> on <*>: Container killed by YARN for exceeding memory limits. <*> of <*> virtual memory used. Consider boosting spark.yarn.executor.memoryOverhead.,189,lost executor <num> on <id> : container killed by yarn for exceeding memory limits. <num> gb of <num> gb virtual memory used. consider boosting spark.yarn.executor.memoryoverhead.,185,Spark_C0000128,185,189,lost executor <num> on <id>: container killed by yarn for exceeding memory limits. <num> gb of <num> gb virtual memory used. consider boosting spark. yarn. executor. memoryoverhead.,1,1,frequency_representative
2110249,"Removing block manager BlockManagerId(1, mesos-slave-08, 53498)",E102,"Removing block manager BlockManagerId(<*>, <*>, <*>)",324,"removing block manager blockmanagerid( <num> , <id> , <num> )",318,Spark_C0000129,318,324,"removing block manager blockmanagerid (<num>, <id>, <num>)",1,1,frequency_representative
40203,Removed 4 successfully in removeExecutor,E113,Removed <*> successfully in removeExecutor,353,removed <num> successfully in removeexecutor,19,Spark_C0000130,19,353,removed <num> successfully in removeexecutor,1,1,frequency_representative
19371,"Lost task 7.2 in stage 1.0 (TID 53, mesos-slave-27): ExecutorLostFailure (executor 6 exited caused by one of the running tasks) Reason: Container killed by YARN for exceeding memory limits. 54.7 GB of 46.2 GB virtual memory used. Consider boosting spark.yarn.executor.memoryOverhead.",E2,"Lost task <*> in stage <*> (TID <*>, <*>): ExecutorLostFailure (executor <*> exited caused by one of the running tasks) Reason: Container killed by <*> for exceeding memory limits. <*> of <*> <*> memory used. Consider boosting <*>.",1508,"lost task <num> in stage <num> (tid <num> , <id> ): executorlostfailure (executor <num> exited caused by one of the running tasks) reason: container killed by yarn for exceeding memory limits. <num> gb of <num> gb virtual memory used. consider boosting spark.yarn.executor.memoryoverhead.",1508,Spark_C0000131,1979,1979,"lost task <num> in stage <num> (tid <num>, <id>): executorlostfailure (executor <num> exited caused by one of the running tasks) reason: container killed by yarn for exceeding memory limits. <num> gb of <num> gb <*> memory used. consider boosting spark. yarn. executor. memoryoverhead.",2,1,frequency_representative
37371,"Lost task 21.0 in stage 1.0 (TID 23, mesos-slave-18): ExecutorLostFailure (executor 2 exited caused by one of the running tasks) Reason: Container killed by YARN for exceeding memory limits. 24.3 GB of 22 GB physical memory used. Consider boosting spark.yarn.executor.memoryOverhead.",E2,"Lost task <*> in stage <*> (TID <*>, <*>): ExecutorLostFailure (executor <*> exited caused by one of the running tasks) Reason: Container killed by <*> for exceeding memory limits. <*> of <*> <*> memory used. Consider boosting <*>.",471,"lost task <num> in stage <num> (tid <num> , <id> ): executorlostfailure (executor <num> exited caused by one of the running tasks) reason: container killed by yarn for exceeding memory limits. <num> gb of <num> gb physical memory used. consider boosting spark.yarn.executor.memoryoverhead.",471,Spark_C0000131,1979,1979,"lost task <num> in stage <num> (tid <num>, <id>): executorlostfailure (executor <num> exited caused by one of the running tasks) reason: container killed by yarn for exceeding memory limits. <num> gb of <num> gb <*> memory used. consider boosting spark. yarn. executor. memoryoverhead.",2,2,complex_sample
19373,Task 25 in stage 1.0 failed 4 times; aborting job,E118,Task <*> in stage <*> failed <*> times; aborting job,21,task <num> in stage <num> failed <num> times; aborting job,21,Spark_C0000132,21,21,task <num> in stage <num> failed <num> times; aborting job,1,1,frequency_representative
2023954,Cancelling stage 2,E223,Cancelling stage <*>,26,cancelling stage <num>,4,Spark_C0000133,4,26,cancelling stage <num>,1,1,frequency_representative
2023955,Stage 2 was cancelled,E218,Stage <*> was cancelled,26,stage <num> was cancelled,4,Spark_C0000134,4,26,stage <num> was cancelled,1,1,frequency_representative
189415,ShuffleMapStage 0 (reduceByKey at IPLoM.py:121) finished in 33.787 s,E150,ShuffleMapStage <*> (<*> at <*>) finished in <*> s,150,shufflemapstage <num> (reducebykey at <id> ) finished in <num> s,150,Spark_C0000135,242,242,shufflemapstage <num> (<*> at <id>) <*> in <num> s,3,1,frequency_representative
189610,ShuffleMapStage 2 (aggregateByKey at IPLoM.py:140) finished in 32.076 s,E150,ShuffleMapStage <*> (<*> at <*>) finished in <*> s,54,shufflemapstage <num> (aggregatebykey at <id> ) finished in <num> s,54,Spark_C0000135,242,242,shufflemapstage <num> (<*> at <id>) <*> in <num> s,3,2,complex_sample
19383,ShuffleMapStage 1 (reduceByKey at pnmf4.py:332) failed in 76.251 s,E162,ShuffleMapStage <*> (<*> at <*>) failed in <*> s,38,shufflemapstage <num> (reducebykey at <id> ) failed in <num> s,38,Spark_C0000135,242,242,shufflemapstage <num> (<*> at <id>) <*> in <num> s,3,3,diverse_sample
19384,"Job 1 failed: count at pnmf4.py:333, took 76.277073 s",E187,"Job <*> failed: count at <*>, took <*> s",15,"job <num> failed: count at <id> , took <num> s",15,Spark_C0000136,15,15,"job <num> failed: count at <id>, took <num> s",1,1,frequency_representative
19385,"Lost task 9.0 in stage 1.0 (TID 11, mesos-slave-13): TaskKilled (killed intentionally)",E58,"Lost task <*> in stage <*> (TID <*>, <*>): TaskKilled (killed intentionally)",192,"lost task <num> in stage <num> (tid <num> , <id> ): taskkilled (killed intentionally)",192,Spark_C0000137,192,192,"lost task <num> in stage <num> (tid <num>, <id>): taskkilled (killed intentionally)",1,1,frequency_representative
19388,User application exited with status 1,E137,User application exited with status <*>,57,user application exited with status <num>,1,Spark_C0000138,1,57,user application exited with status <num>,1,1,frequency_representative
19389,"Final app status: FAILED, exitCode: 1, (reason: User application exited with status 1)",E115,"Final app status: <*>, exitCode: <*>, (reason: <*>)",57,"final app status: failed, exitcode: <num> , (reason: user application exited with status <num> )",1,Spark_C0000139,1,57,"final app status: failed, exitcode: <num>, (reason: user application exited with status <num>)",1,1,frequency_representative
19419,Error while invoking RpcHandler#receive() for one-way message.,E49,Error while invoking RpcHandler#receive() for one-way message.,198,error while invoking rpchandler#receive() for one-way message.,1,Spark_C0000140,1,198,error while invoking rpchandler # receive () for one-way message.,1,1,frequency_representative
22835,Exception in task 8.0 in stage 1.0 (TID 10),E169,Exception in task <*> in stage <*> (TID <*>),355,exception in task <num> in stage <num> (tid <num> ),337,Spark_C0000141,337,355,exception in task <num> in stage <num> (tid <num>),1,1,frequency_representative
49691,"Error sending result RpcResponse{requestId=8054183328166237564, body=NioManagedBuffer{buf=java.nio.HeapByteBuffer[pos=0 lim=274 cap=274]}} to mesos-slave-05/10.10.34.15:34469; closing connection",E39,"Error sending result RpcResponse{requestId=<*>, body=<*>} to <*>; closing connection",38,"error sending result rpcresponse{requestid= <hex> , body=niomanagedbuffer{buf=java.nio.heapbytebuffer[pos= <num> lim= <num> cap= <num> ]}} to <id> / <ip> ; closing connection",38,Spark_C0000142,38,38,"error sending result rpcresponse {requestid = <hex>, body = niomanagedbuffer {buf = java. nio. heapbytebuffer [pos = <num> lim = <num> cap = <num>]}} to <id>/<ip>; closing connection",1,1,frequency_representative
49705,Message RemoteProcessDisconnected(mesos-slave-11:45333) dropped.,E83,Message RemoteProcessDisconnected(<*>) dropped.,68,message remoteprocessdisconnected( <id> ) dropped.,37,Spark_C0000143,37,68,message remoteprocessdisconnected (<id>) dropped.,1,1,frequency_representative
49709,Unregistering ApplicationMaster with FAILED (diag message: User application exited with status 1),E117,Unregistering ApplicationMaster with <*>,30,unregistering applicationmaster with failed (diag message: user application exited with status <num> ),1,Spark_C0000144,1,30,unregistering applicationmaster with failed (diag message: user application exited with status <num>),1,1,frequency_representative
72286,"Error sending message [message = Heartbeat(14,[Lscala.Tuple2;@12236bdc,BlockManagerId(14, mesos-master-1, 42483))] in 1 attempts",E97,Error sending message [message = <*>] in <*> attempts,217,"error sending message [message = heartbeat( <num> ,[ <id> ;@ <id> ,blockmanagerid( <num> , <id> , <num> ))] in <num> attempts",217,Spark_C0000145,222,222,"error sending message [message = heartbeat (<num>, [<id>; @ <id>, blockmanagerid (<num>, <id>, <num>))] in <num> attempts",2,1,frequency_representative
4925436,"Error sending message [message = Heartbeat(32,[Lscala.Tuple2;@29993773,BlockManagerId(32, mesos-slave-06, 47649))] in 1 attempts",E97,Error sending message [message = <*>] in <*> attempts,5,"error sending message [message = heartbeat( <num> ,[ <id> ;@ <num> ,blockmanagerid( <num> , <id> , <num> ))] in <num> attempts",5,Spark_C0000145,222,222,"error sending message [message = heartbeat (<num>, [<id>; @ <id>, blockmanagerid (<num>, <id>, <num>))] in <num> attempts",2,2,complex_sample
157084,Removing RDD 62,E232,Removing RDD <*>,390212,removing rdd <num>,7452,Spark_C0000146,7452,390212,removing rdd <num>,1,1,frequency_representative
125758,"Partition rdd_2_4 not found, computing it",E153,"Partition <*> not found, computing it",396911,"partition <id> not found, computing it",246288,Spark_C0000147,246288,396911,"partition <id> not found, computing it",1,1,frequency_representative
114457,Found block rdd_2_1 locally,E219,Found block <*> locally,1895245,found block <id> locally,246286,Spark_C0000148,246286,1895245,found block <id> locally,1,1,frequency_representative
114620,File Output Committer Algorithm version is 1,E105,File Output Committer Algorithm version is <*>,412149,file output committer algorithm version is <num>,1,Spark_C0000149,1,412149,file output committer algorithm version is <num>,1,1,frequency_representative
114628,Saved output of task 'attempt_201706101524_0006_m_000001_120' to hdfs://10.10.34.11:9000/pjhe/test/1/_temporary/0/task_201706101524_0006_m_000001,E197,Saved output of task <*> to <*>,412107,saved output of task ' <id> ' to hdfs:// <ip> <path> <id>,412107,Spark_C0000150,412107,412107,saved output of task ' <id> ' to hdfs:// <ip> <path> <id>,1,1,frequency_representative
114631,attempt_201706101524_0006_m_000009_128: Committed,E233,<*>: Committed,412107,<id> : committed,412107,Spark_C0000151,412107,412107,<id>: committed,1,1,frequency_representative
125415,Waiting for Spark driver to be reachable.,E111,Waiting for Spark driver to be reachable.,82,waiting for spark driver to be reachable.,1,Spark_C0000152,1,82,waiting for spark driver to be reachable.,1,1,frequency_representative
2779100,Driver now available: 10.10.34.11:34641,E205,Driver now available: <*>,81,driver now available: <ip>,79,Spark_C0000153,79,81,driver now available: <ip>,1,1,frequency_representative
125417,"Add WebUI Filter. AddWebUIFilter(org.apache.hadoop.yarn.server.webproxy.amfilter.AmIpFilter,Map(PROXY_HOSTS -> mesos-master-1, PROXY_URI_BASES -> http://mesos-master-1:8088/proxy/application_1485248649253_0166),/proxy/application_1485248649253_0166)",E38,"Add WebUI Filter. AddWebUIFilter(<*>,Map(PROXY_HOSTS -> <*>, PROXY_URI_BASES -> <*>),<*>)",78,"add webui filter. addwebuifilter(org.apache.hadoop.yarn.server.webproxy.amfilter.amipfilter,map(proxy_hosts -> <id> , proxy_uri_bases -> <url>",78,Spark_C0000154,78,78,"add webui filter. addwebuifilter (org. apache. hadoop. yarn. server. webproxy. amfilter. amipfilter, map (proxy_hosts-> <id>, proxy_uri_bases-> <url>",1,1,frequency_representative
125580,Driver terminated or disconnected! Shutting down. mesos-master-1:35910,E78,Driver terminated or disconnected! Shutting down. <*>,76,driver terminated or disconnected! shutting down. <id>,76,Spark_C0000155,78,78,driver terminated or disconnected! shutting down. <id>,2,1,frequency_representative
327306,Driver terminated or disconnected! Shutting down. 10.10.34.11:51096,E78,Driver terminated or disconnected! Shutting down. <*>,2,driver terminated or disconnected! shutting down. <ip>,2,Spark_C0000155,78,78,driver terminated or disconnected! shutting down. <id>,2,2,complex_sample
156836,Updating epoch to 1 and clearing cache,E138,Updating epoch to <*> and clearing cache,3504,updating epoch to <num> and clearing cache,176,Spark_C0000156,176,3504,updating epoch to <num> and clearing cache,1,1,frequency_representative
157045,"Don't have map outputs for shuffle 3, fetching them",E85,"Don't have map outputs for shuffle <*>, fetching them",11698,"don't have map outputs for shuffle <num> , fetching them",127,Spark_C0000157,127,11698,"don ' t have map outputs for shuffle <num>, fetching them",1,1,frequency_representative
156994,Doing the fetch; tracker endpoint = NettyRpcEndpointRef(spark://MapOutputTracker@10.10.34.25:36782),E45,Doing the fetch; tracker endpoint = NettyRpcEndpointRef(spark://<*>),2682,doing the fetch; tracker endpoint = <email> ),39,Spark_C0000158,39,2682,doing the fetch; tracker endpoint = <email>),1,1,frequency_representative
156844,Got the output locations,E193,Got the output locations,2682,got the output locations,1,Spark_C0000159,1,2682,got the output locations,1,1,frequency_representative
11804362,Getting 495 non-empty blocks out of 930 blocks,E125,Getting <*> non-empty blocks out of <*> blocks,227317,getting <num> non-empty blocks out of <num> blocks,297,Spark_C0000160,297,227317,getting <num> non-empty blocks out of <num> blocks,1,1,frequency_representative
161968,Started 4 remote fetches in 1 ms,E180,Started <*> remote fetches in <*> ms,227317,started <num> remote fetches in <num> ms,1014,Spark_C0000161,1014,227317,started <num> remote fetches in <num> ms,1,1,frequency_representative
162625,Exception while deleting local spark dir: /opt/hdfs/nodemanager/usercache/curi/appcache/application_1448006111297_0137/blockmgr-6b9f7dbf-6753-44ec-aef0-44a90e30f5bf,E110,Exception while deleting local spark dir: <*>,8,exception while deleting local spark dir: <path> <id> /blockmgr- <uuid>,8,Spark_C0000162,8,8,exception while deleting local spark dir: <path> <id>/blockmgr-<uuid>,1,1,frequency_representative
2042076,MemoryStore started with capacity 530.3 MB,E143,MemoryStore started with capacity <*>,24,memorystore started with capacity <num> mb,3,Spark_C0000163,3,24,memorystore started with capacity <num> mb,1,1,frequency_representative
189417,looking for newly runnable stages,E152,looking for newly runnable stages,204,looking for newly runnable stages,1,Spark_C0000164,1,204,looking for newly runnable stages,1,1,frequency_representative
189418,running: Set(),E227,running: Set(),204,running: set(),1,Spark_C0000165,1,204,running: set (),1,1,frequency_representative
189613,waiting: Set(ResultStage 3),E177,waiting: Set(ResultStage <*>),154,waiting: set(resultstage <num> ),79,Spark_C0000166,79,154,waiting: set (resultstage <num>),1,1,frequency_representative
189420,failed: Set(),E230,failed: Set(),204,failed: set(),1,Spark_C0000167,1,204,failed: set (),1,1,frequency_representative
14226415,Asked to send map output locations for shuffle 3 to mesos-master-1:46362,E90,Asked to send map output locations for shuffle <*> to <*>,1538,asked to send map output locations for shuffle <num> to <id>,1367,Spark_C0000168,1367,1538,asked to send map output locations for shuffle <num> to <id>,1,1,frequency_representative
14954772,Size of output statuses for shuffle 5 is 56054 bytes,E106,Size of output statuses for shuffle <*> is <*> bytes,440,size of output statuses for shuffle <num> is <num> bytes,191,Spark_C0000169,191,440,size of output statuses for shuffle <num> is <num> bytes,1,1,frequency_representative
1749152,Removing RDD 3 from persistence list,E232,Removing RDD <*>,291,removing rdd <num> from persistence list,234,Spark_C0000170,234,291,removing rdd <num> from persistence list,1,1,frequency_representative
194678,"Submitting ResultStage 86 (MapPartitionsRDD[190] at saveAsTextFile at null:-1), which has no missing parents",E63,"Submitting ResultStage <*> (<*> at <*>), which has no missing parents",26,"submitting resultstage <num> (mappartitionsrdd[ <num> ] at saveastextfile at null: <num> ), which has no missing parents",26,Spark_C0000171,26,26,"submitting resultstage <num> (mappartitionsrdd [<num>] at saveastextfile at null: <num>), which has no missing parents",1,1,frequency_representative
194682,Submitting 13 missing tasks from ResultStage 86 (MapPartitionsRDD[190] at saveAsTextFile at null:-1),E91,Submitting <*> missing tasks from ResultStage <*> (<*> at <*>),26,submitting <num> missing tasks from resultstage <num> (mappartitionsrdd[ <num> ] at saveastextfile at null: <num> ),26,Spark_C0000172,26,26,submitting <num> missing tasks from resultstage <num> (mappartitionsrdd [<num>] at saveastextfile at null: <num>),1,1,frequency_representative
203046,Cleaned shuffle 8,E226,Cleaned shuffle <*>,46,cleaned shuffle <num>,29,Spark_C0000173,29,46,cleaned shuffle <num>,1,1,frequency_representative
203048,Cleaned RDD 72,E234,Cleaned RDD <*>,16,cleaned rdd <num>,16,Spark_C0000174,16,16,cleaned rdd <num>,1,1,frequency_representative
4645282,Connection to mesos-master-1/10.10.34.11:33750 has been quiet for 120000 ms while there are outstanding requests. Assuming connection is dead; please adjust spark.network.timeout if this is wrong.,E6,Connection to <*> has been quiet for <*> ms while there are outstanding requests. Assuming connection is dead; please adjust spark.network.timeout if this is wrong.,89,connection to <id> / <ip> has been quiet for <num> ms while there are outstanding requests. assuming connection is dead; please adjust spark.network.timeout if this is wrong.,6,Spark_C0000175,6,89,connection to <id>/<ip> has been quiet for <num> ms while there are outstanding requests. assuming connection is dead; please adjust spark. network. timeout if this is wrong.,1,1,frequency_representative
246765,Error sending message [message = RetrieveSparkProps] in 1 attempts,E97,Error sending message [message = <*>] in <*> attempts,51,error sending message [message = retrievesparkprops] in <num> attempts,3,Spark_C0000176,3,51,error sending message [message = retrievesparkprops] in <num> attempts,1,1,frequency_representative
246771,Connection to /10.10.34.11:51096 has been quiet for 120000 ms while there are outstanding requests. Assuming connection is dead; please adjust spark.network.timeout if this is wrong.,E6,Connection to <*> has been quiet for <*> ms while there are outstanding requests. Assuming connection is dead; please adjust spark.network.timeout if this is wrong.,14,connection to / <ip> has been quiet for <num> ms while there are outstanding requests. assuming connection is dead; please adjust spark.network.timeout if this is wrong.,1,Spark_C0000177,1,14,connection to/<ip> has been quiet for <num> ms while there are outstanding requests. assuming connection is dead; please adjust spark. network. timeout if this is wrong.,1,1,frequency_representative
288176,Ignoring response for RPC 6373440704166081624 from mesos-master-1/10.10.34.11:51096 (81 bytes) since it is not outstanding,E48,Ignoring response for RPC <*> from <*> (<*> bytes) since it is not outstanding,71,ignoring response for rpc <hex> from <id> / <ip> ( <num> bytes) since it is not outstanding,71,Spark_C0000178,71,71,ignoring response for rpc <hex> from <id>/<ip> (<num> bytes) since it is not outstanding,1,1,frequency_representative
12087561,"Error sending message [message = Heartbeat(1,[Lscala.Tuple2;@c5c152d,BlockManagerId(1, mesos-slave-17, 47765))] in 1 attempts",E97,Error sending message [message = <*>] in <*> attempts,2,"error sending message [message = heartbeat( <num> ,[ <id> ;@c5c152d,blockmanagerid( <num> , <id> , <num> ))] in <num> attempts",2,Spark_C0000179,6,6,"error sending message [message = heartbeat (<num>, [<id>; @ <*> <*> <*> <*> <*>, blockmanagerid (<num>, <id>, <num>))] in <num> attempts",3,1,frequency_representative
4611178,"Error sending message [message = Heartbeat(10,[Lscala.Tuple2;@37f5e68,BlockManagerId(10, mesos-slave-07, 36737))] in 1 attempts",E97,Error sending message [message = <*>] in <*> attempts,1,"error sending message [message = heartbeat( <num> ,[ <id> ;@37f5e68,blockmanagerid( <num> , <id> , <num> ))] in <num> attempts",1,Spark_C0000179,6,6,"error sending message [message = heartbeat (<num>, [<id>; @ <*> <*> <*> <*> <*>, blockmanagerid (<num>, <id>, <num>))] in <num> attempts",3,2,complex_sample
12724102,"Error sending message [message = Heartbeat(10,[Lscala.Tuple2;@97b8e89,BlockManagerId(10, mesos-slave-21, 47254))] in 1 attempts",E97,Error sending message [message = <*>] in <*> attempts,1,"error sending message [message = heartbeat( <num> ,[ <id> ;@97b8e89,blockmanagerid( <num> , <id> , <num> ))] in <num> attempts",1,Spark_C0000179,6,6,"error sending message [message = heartbeat (<num>, [<id>; @ <*> <*> <*> <*> <*>, blockmanagerid (<num>, <id>, <num>))] in <num> attempts",3,3,diverse_sample
326766,"Error sending message [message = Heartbeat(14,[Lscala.Tuple2;@b901870,BlockManagerId(14, mesos-slave-21, 40583))] in 1 attempts",E97,Error sending message [message = <*>] in <*> attempts,1,"error sending message [message = heartbeat( <num> ,[ <id> ;@b901870,blockmanagerid( <num> , <id> , <num> ))] in <num> attempts",1,Spark_C0000180,1,1,"error sending message [message = heartbeat (<num>, [<id>; @ b 901870, blockmanagerid (<num>, <id>, <num>))] in <num> attempts",1,1,frequency_representative
2111444,Container marked as failed: container_1485248649253_0076_02_000003 on host: mesos-slave-26. Exit status: 52. Diagnostics: Exception from container-launch.,E20,Container marked as failed: <*> on host: <*>. Exit status: <*>. Diagnostics: Exception from container-launch.,127,container marked as failed: <id> on host: <id> . exit status: <num> . diagnostics: exception from container-launch.,110,Spark_C0000181,110,127,container marked as failed: <id> on host: <id>. exit status: <num>. diagnostics: exception from container-launch.,1,1,frequency_representative
1006619,Exception in createBlockOutputStream,E116,Exception in createBlockOutputStream,60,exception in createblockoutputstream,1,Spark_C0000182,1,60,exception in createblockoutputstream,1,1,frequency_representative
1006620,Abandoning BP-108841162-10.10.34.11-1440074360971:blk_1076204381_2463557,E235,Abandoning <*>,60,abandoning <id> - <ip> - <hex> : <id>,60,Spark_C0000183,60,60,abandoning <id>-<ip>-<hex>: <id>,1,1,frequency_representative
1006621,"Excluding datanode DatanodeInfoWithStorage[10.10.34.15:50010,DS-8de4ae37-fac2-404a-a8e3-dcecd440f907,DISK]",E79,"Excluding datanode DatanodeInfoWithStorage[<*>,<*>,<*>]",60,"excluding datanode datanodeinfowithstorage[ <ip> ,ds- <uuid> ,disk]",1,Spark_C0000184,1,60,"excluding datanode datanodeinfowithstorage [<ip>, ds-<uuid>, disk]",1,1,frequency_representative
2042058,"Changing view acls to: yarn,yxsu",E200,"Changing view acls to: <*>,<*>",42,"changing view acls to: yarn,yxsu",1,Spark_C0000185,1,42,"changing view acls to: yarn, yxsu",1,1,frequency_representative
2042059,"Changing modify acls to: yarn,yxsu",E191,"Changing modify acls to: <*>,<*>",42,"changing modify acls to: yarn,yxsu",1,Spark_C0000186,1,42,"changing modify acls to: yarn, yxsu",1,1,frequency_representative
2042083,Using REPL class URI: http://10.10.18.32:65475,E211,Using REPL class URI: <*>,21,using repl class uri: <url>,1,Spark_C0000187,1,21,using repl class uri: <url>,1,1,frequency_representative
2042087,"ensureFreeSpace(1097) called with curMem=0, maxMem=556038881",E86,"ensureFreeSpace(<*>) called with curMem=<*>, maxMem=<*>",84,"ensurefreespace( <num> ) called with curmem= <num> , maxmem= <num>",4,Spark_C0000188,4,84,"ensurefreespace (<num>) called with curmem = <num>, maxmem = <num>",1,1,frequency_representative
2042092,Input split: Paths:/yxsu/dataset/ImageNet/ILSVRC2012_img_test/ILSVRC2012_test_00000418.JPEG:0+283536,E231,Input split: <*>+<*>,990,input split: paths: <path>,990,Spark_C0000189,990,990,input split: paths: <path>,1,1,frequency_representative
2042106,"Input split: Paths:/yxsu/dataset/ImageNet/ILSVRC2012_img_test/ILSVRC2012_test_00002448.JPEG:0+73180,/yxsu/dataset/ImageNet/ILSVRC2012_img_test/ILSVRC2012_test_00002462.JPEG:0+167217",E231,Input split: <*>+<*>,1158,"input split: paths: <path> , <path>",1158,Spark_C0000190,1158,1158,"input split: paths: <path>, <path>",1,1,frequency_representative
2042190,"Input split: Paths:/yxsu/dataset/ImageNet/ILSVRC2012_img_test/ILSVRC2012_test_00022564.JPEG:0+49168,/yxsu/dataset/ImageNet/ILSVRC2012_img_test/ILSVRC2012_test_00022584.JPEG:0+65629,/yxsu/dataset/ImageNet/ILSVRC2012_img_test/ILSVRC2012_test_00022586.JPEG:0+147206",E231,Input split: <*>+<*>,107,"input split: paths: <path> , <path> , <path>",107,Spark_C0000191,107,107,"input split: paths: <path>, <path>, <path>",1,1,frequency_representative
2044720,"Input split: Paths:/yxsu/dataset/ImageNet/ILSVRC2012_img_test/ILSVRC2012_test_00063161.JPEG:0+58612,/yxsu/dataset/ImageNet/ILSVRC2012_img_test/ILSVRC2012_test_00063180.JPEG:0+11493,/yxsu/dataset/ImageNet/ILSVRC2012_img_test/ILSVRC2012_test_00063187.JPEG:0+45317,/yxsu/dataset/ImageNet/ILSVRC2012_img_test/ILSVRC2012_test_00063190.JPEG:0+238118",E231,Input split: <*>+<*>,6,"input split: paths: <path> , <path> , <path> , <path>",6,Spark_C0000192,6,6,"input split: paths: <path>, <path>, <path>, <path>",1,1,frequency_representative
2625782,Lost an executor 9 (already removed): Pending loss reason.,E65,Lost an executor <*> (already removed): Pending loss reason.,18,lost an executor <num> (already removed): pending loss reason.,10,Spark_C0000193,10,18,lost an executor <num> (already removed): pending loss reason.,1,1,frequency_representative
2083228,"SparkListenerBus has already stopped! Dropping event SparkListenerBlockUpdated(BlockUpdatedInfo(BlockManagerId(21, mesos-slave-13, 57719),broadcast_5_piece323,StorageLevel(false, true, false, false, 1),4194304,0,0))",E67,SparkListenerBus has already stopped! Dropping event <*>,10,"sparklistenerbus has already stopped! dropping event sparklistenerblockupdated(blockupdatedinfo(blockmanagerid( <num> , <id> , <num> ), <id> ,storagelevel(false, true, false, false, <num> ), <num> , <num> , <num> ))",10,Spark_C0000194,10,10,"sparklistenerbus has already stopped! dropping event sparklistenerblockupdated (blockupdatedinfo (blockmanagerid (<num>, <id>, <num>), <id>, storagelevel (false, true, false, false, <num>), <num>, <num>, <num>))",1,1,frequency_representative
2097717,Exception in connection from /10.10.34.27:58087,E170,Exception in connection from <*>,6,exception in connection from / <ip>,6,Spark_C0000195,6,6,exception in connection from/<ip>,1,1,frequency_representative
2097718,"Error sending result ChunkFetchSuccess{streamChunkId=StreamChunkId{streamId=1003843761537, chunkIndex=0}, buffer=FileSegmentManagedBuffer{file=/opt/hdfs/nodemanager/usercache/curi/appcache/application_1485248649253_0076/blockmgr-dc037334-5e92-45ae-b7b7-642e0abd235d/0c/shuffle_0_0_0.data, offset=0, length=2045089323}} to /10.10.34.27:58087; closing connection",E25,"Error sending result ChunkFetchSuccess{streamChunkId=<*>, buffer=<*>} to <*>; closing connection",22,"error sending result chunkfetchsuccess{streamchunkid=streamchunkid{streamid= <hex> , chunkindex= <num> }, buffer=filesegmentmanagedbuffer{file= <path> <id> /blockmgr- <uuid> <path> , offset= <num> , length= <num> }} to / <ip> ; closing connection",22,Spark_C0000196,22,22,"error sending result chunkfetchsuccess {streamchunkid = streamchunkid {streamid = <hex>, chunkindex = <num>}, buffer = filesegmentmanagedbuffer {file = <path> <id>/blockmgr-<uuid> <path>, offset = <num>, length = <num>}} to/<ip>; closing connection",1,1,frequency_representative
2097721,"Uncaught exception in thread Thread[Executor task launch worker-1,5,main]",E59,"Uncaught exception in thread Thread[Executor task launch <*>,<*>]",7,"uncaught exception in thread thread[executor task launch <id> , <num> ,main]",2,Spark_C0000197,2,7,"uncaught exception in thread thread [executor task launch <id>, <num>, main]",1,1,frequency_representative
2098875,"[Container in shutdown] Uncaught exception in thread Thread[Executor task launch worker-2,5,main]",E29,"[Container in shutdown] Uncaught exception in thread Thread[Executor task launch <*>,<*>,<*>]",3,"[container in shutdown] uncaught exception in thread thread[executor task launch <id> , <num> ,main]",3,Spark_C0000198,3,3,"[container in shutdown] uncaught exception in thread thread [executor task launch <id>, <num>, main]",1,1,frequency_representative
2098880,Python worker exited unexpectedly (crashed),E94,Python worker exited unexpectedly (crashed),35,python worker exited unexpectedly (crashed),1,Spark_C0000199,1,35,python worker exited unexpectedly (crashed),1,1,frequency_representative
2098881,This may have been caused by a prior exception:,E95,This may have been caused by a prior exception:,35,this may have been caused by a prior exception:,1,Spark_C0000200,1,35,this may have been caused by a prior exception:,1,1,frequency_representative
2098884,Told to re-register on heartbeat,E157,Told to re-register on heartbeat,1,told to re-register on heartbeat,1,Spark_C0000201,1,1,told to re-register on heartbeat,1,1,frequency_representative
2098885,BlockManager re-registering with master,E109,BlockManager re-registering with master,6,blockmanager re-registering with master,1,Spark_C0000202,1,6,blockmanager re-registering with master,1,1,frequency_representative
2101197,Reporting 1068 blocks to the master.,E166,Reporting <*> blocks to the master.,6,reporting <num> blocks to the master.,3,Spark_C0000203,3,6,reporting <num> blocks to the master.,1,1,frequency_representative
14204699,Missing an output location for shuffle 3,E121,Missing an output location for shuffle <*>,147,missing an output location for shuffle <num>,4,Spark_C0000204,4,147,missing an output location for shuffle <num>,1,1,frequency_representative
2101183,Error occurred while fetching local blocks,E103,Error occurred while fetching local blocks,7,error occurred while fetching local blocks,1,Spark_C0000205,1,7,error occurred while fetching local blocks,1,1,frequency_representative
3720777,Got told to re-register updating block broadcast_10_piece0,E120,Got told to re-register updating block <*>,5,got told to re-register updating block <id>,4,Spark_C0000206,4,5,got told to re-register updating block <id>,1,1,frequency_representative
14204220,Failed to get block(s) from mesos-master-2:39913,E184,Failed to get block(s) from <*>,870,failed to get block(s) from <id>,34,Spark_C0000207,34,870,failed to get block (s) from <id>,1,1,frequency_representative
2110242,"Lost task 1.0 in stage 5.0 (TID 9, mesos-slave-08): java.lang.OutOfMemoryError: Requested array size exceeds VM limit",E24,"Lost task <*> in stage <*> (TID <*>, <*>): java.lang.OutOfMemoryError: Requested array size exceeds VM limit",3,"lost task <num> in stage <num> (tid <num> , <id> ): java.lang.outofmemoryerror: requested array size exceeds vm limit",3,Spark_C0000208,3,3,"lost task <num> in stage <num> (tid <num>, <id>): java. lang. outofmemoryerror: requested array size exceeds vm limit",1,1,frequency_representative
3728537,Marking ResultStage 3 (collect at pnmf4.py:376) as failed due to a fetch failure from ShuffleMapStage 2 (reduceByKey at pnmf4.py:371),E27,Marking ResultStage <*> (collect at <*>) as failed due to a fetch failure from ShuffleMapStage <*> (<*> at <*>),23,marking resultstage <num> (collect at <id> ) as failed due to a fetch failure from shufflemapstage <num> (reducebykey at <id> ),2,Spark_C0000209,2,23,marking resultstage <num> (collect at <id>) as failed due to a fetch failure from shufflemapstage <num> (reducebykey at <id>),1,1,frequency_representative
2110246,Resubmitting ShuffleMapStage 4 (reduceByKey at pnmf4.py:371) and ResultStage 5 (collect at pnmf4.py:377) due to fetch failure,E22,Resubmitting ShuffleMapStage <*> (reduceByKey at <*>) and ResultStage <*> (collect at <*>) due to fetch failure,25,resubmitting shufflemapstage <num> (reducebykey at <id> ) and resultstage <num> (collect at <id> ) due to fetch failure,2,Spark_C0000210,2,25,resubmitting shufflemapstage <num> (reducebykey at <id>) and resultstage <num> (collect at <id>) due to fetch failure,1,1,frequency_representative
2110251,Resubmitting failed stages,E175,Resubmitting failed stages,138,resubmitting failed stages,1,Spark_C0000211,1,138,resubmitting failed stages,1,1,frequency_representative
2110361,Container marked as failed: container_1485248649253_0076_02_000002 on host: mesos-slave-08. Exit status: 143. Diagnostics: Container killed on request. Exit code is 143,E17,Container marked as failed: <*> on host: <*>. Exit status: <*>. Diagnostics: Container killed on request. Exit code is <*>,6,container marked as failed: <id> on host: <id> . exit status: <num> . diagnostics: container killed on request. exit code is <num>,3,Spark_C0000212,3,6,container marked as failed: <id> on host: <id>. exit status: <num>. diagnostics: container killed on request. exit code is <num>,1,1,frequency_representative
2110363,Lost executor 1 on mesos-slave-08: Container marked as failed: container_1485248649253_0076_02_000002 on host: mesos-slave-08. Exit status: 143. Diagnostics: Container killed on request. Exit code is 143,E23,Lost executor <*> on <*>: Container marked as failed: <*> on host: <*>. Exit status: <*>. Diagnostics: <*>. Exit code is <*>,3,lost executor <num> on <id> : container marked as failed: <id> on host: <id> . exit status: <num> . diagnostics: container killed on request. exit code is <num>,3,Spark_C0000213,3,3,lost executor <num> on <id>: container marked as failed: <id> on host: <id>. exit status: <num>. diagnostics: container killed on request. exit code is <num>,1,1,frequency_representative
2110364,"Lost task 0.1 in stage 4.0 (TID 12, mesos-slave-08): ExecutorLostFailure (executor 1 exited caused by one of the running tasks) Reason: Container marked as failed: container_1485248649253_0076_02_000002 on host: mesos-slave-08. Exit status: 143. Diagnostics: Container killed on request. Exit code is 143",E3,"Lost task <*> in stage <*> (TID <*>, <*>): ExecutorLostFailure (executor <*> exited caused by one of the running tasks) Reason: Container marked as failed: <*> on host: <*>. Exit status: <*>. Diagnostics: <*>. Exit code is <*>",2,"lost task <num> in stage <num> (tid <num> , <id> ): executorlostfailure (executor <num> exited caused by one of the running tasks) reason: container marked as failed: <id> on host: <id> . exit status: <num> . diagnostics: container killed on request. exit code is <num>",2,Spark_C0000214,2,2,"lost task <num> in stage <num> (tid <num>, <id>): executorlostfailure (executor <num> exited caused by one of the running tasks) reason: container marked as failed: <id> on host: <id>. exit status: <num>. diagnostics: container killed on request. exit code is <num>",1,1,frequency_representative
2111442,"ShuffleMapStage 4 is now unavailable on executor 2 (0/2, false)",E77,"ShuffleMapStage <*> is now unavailable on executor <*> (<*>, <*>)",164,"shufflemapstage <num> is now unavailable on executor <num> ( <num> / <num> , false)",155,Spark_C0000215,155,164,"shufflemapstage <num> is now unavailable on executor <num> (<num>/<num>, false)",1,1,frequency_representative
2111471,Resubmitting ShuffleMapStage 4 (reduceByKey at pnmf4.py:371) because some of its tasks had failed: 0,E31,Resubmitting ShuffleMapStage <*> (reduceByKey at <*>) because some of its tasks had failed: <*>,10,resubmitting shufflemapstage <num> (reducebykey at <id> ) because some of its tasks had failed: <num>,5,Spark_C0000216,5,10,resubmitting shufflemapstage <num> (reducebykey at <id>) because some of its tasks had failed: <num>,1,1,frequency_representative
2111509,"Lost task 0.1 in stage 5.1 (TID 17, mesos-master-1): ExecutorLostFailure (executor 3 exited caused by one of the running tasks) Reason: Container marked as failed: container_1485248649253_0076_02_000004 on host: mesos-master-1. Exit status: 52. Diagnostics: Exception from container-launch.",E5,"Lost task <*> in stage <*> (TID <*>, <*>): ExecutorLostFailure (executor <*> exited caused by one of the running tasks) Reason: Container marked as failed: <*> on host: <*>. Exit status: <*>. Diagnostics: <*>.",4,"lost task <num> in stage <num> (tid <num> , <id> ): executorlostfailure (executor <num> exited caused by one of the running tasks) reason: container marked as failed: <id> on host: <id> . exit status: <num> . diagnostics: exception from container-launch.",4,Spark_C0000217,4,4,"lost task <num> in stage <num> (tid <num>, <id>): executorlostfailure (executor <num> exited caused by one of the running tasks) reason: container marked as failed: <id> on host: <id>. exit status: <num>. diagnostics: exception from container-launch.",1,1,frequency_representative
2111528,"Lost task 0.2 in stage 5.1 (TID 18, mesos-slave-27): FetchFailed(null, shuffleId=0, mapId=-1, reduceId=0, message=",E34,"Lost task <*> in stage <*> (TID <*>, <*>): FetchFailed(<*>, shuffleId=<*>, mapId=-<*>, reduceId=<*>, message=<*>",140,"lost task <num> in stage <num> (tid <num> , <id> ): fetchfailed(null, shuffleid= <num> , mapid= <num> , reduceid= <num> , message=",140,Spark_C0000218,140,140,"lost task <num> in stage <num> (tid <num>, <id>): fetchfailed (null, shuffleid = <num>, mapid = <num>, reduceid = <num>, message =",1,1,frequency_representative
2113033,"Final app status: FAILED, exitCode: 11, (reason: Max number of executor failures (4) reached)",E115,"Final app status: <*>, exitCode: <*>, (reason: <*>)",4,"final app status: failed, exitcode: <num> , (reason: max number of executor failures ( <num> ) reached)",2,Spark_C0000219,2,4,"final app status: failed, exitcode: <num>, (reason: max number of executor failures (<num>) reached)",1,1,frequency_representative
2113070,Unregistering ApplicationMaster with FAILED (diag message: Max number of executor failures (4) reached),E117,Unregistering ApplicationMaster with <*>,1,unregistering applicationmaster with failed (diag message: max number of executor failures ( <num> ) reached),1,Spark_C0000220,1,1,unregistering applicationmaster with failed (diag message: max number of executor failures (<num>) reached),1,1,frequency_representative
2117485,Lost task 0.0 in stage 5.0 (TID 8) on executor mesos-slave-21: java.lang.OutOfMemoryError (null) [duplicate 1],E36,Lost task <*> in stage <*> (TID <*>) on executor <*>: java.lang.OutOfMemoryError (<*>) [duplicate <*>],1,lost task <num> in stage <num> (tid <num> ) on executor <id> : java.lang.outofmemoryerror (null) [duplicate <num> ],1,Spark_C0000221,1,1,lost task <num> in stage <num> (tid <num>) on executor <id>: java. lang. outofmemoryerror (null) [duplicate <num>],1,1,frequency_representative
2778626,Issue communicating with driver in heartbeater,E88,Issue communicating with driver in heartbeater,27,issue communicating with driver in heartbeater,1,Spark_C0000222,1,27,issue communicating with driver in heartbeater,1,1,frequency_representative
2778742,Ignored failure: java.io.IOException: Connection from mesos-master-1/10.10.34.11:34641 closed,E50,Ignored failure: java.io.IOException: Connection from <*> closed,15,ignored failure: java.io.ioexception: connection from <id> / <ip> closed,3,Spark_C0000223,3,15,ignored failure: java. io. ioexception: connection from <id>/<ip> closed,1,1,frequency_representative
4925103,"Error sending message [message = Heartbeat(71,[Lscala.Tuple2;@c9bf1a5,BlockManagerId(71, mesos-slave-05, 56777))] in 1 attempts",E97,Error sending message [message = <*>] in <*> attempts,3,"error sending message [message = heartbeat( <num> ,[ <id> ;@c9bf1a5,blockmanagerid( <num> , <id> , <num> ))] in <num> attempts",3,Spark_C0000224,7,7,"error sending message [message = heartbeat (<num>, [<id>; @ <*> <*> <*> <*> <*> <*>, blockmanagerid (<num>, <id>, <num>))] in <num> attempts",2,1,frequency_representative
5378945,"Error sending message [message = Heartbeat(58,[Lscala.Tuple2;@d3a8a09,BlockManagerId(58, mesos-slave-27, 52327))] in 1 attempts",E97,Error sending message [message = <*>] in <*> attempts,2,"error sending message [message = heartbeat( <num> ,[ <id> ;@d3a8a09,blockmanagerid( <num> , <id> , <num> ))] in <num> attempts",2,Spark_C0000224,7,7,"error sending message [message = heartbeat (<num>, [<id>; @ <*> <*> <*> <*> <*> <*>, blockmanagerid (<num>, <id>, <num>))] in <num> attempts",2,2,complex_sample
2779101,Uncaught exception:,E207,Uncaught exception:,4,uncaught exception:,1,Spark_C0000225,1,4,uncaught exception:,1,1,frequency_representative
2779102,"Final app status: FAILED, exitCode: 10, (reason: Uncaught exception: org.apache.spark.rpc.RpcTimeoutException: Cannot receive any reply in 120 seconds. This timeout is controlled by spark.rpc.askTimeout)",E115,"Final app status: <*>, exitCode: <*>, (reason: <*>)",3,"final app status: failed, exitcode: <num> , (reason: uncaught exception: org.apache.spark.rpc.rpctimeoutexception: cannot receive any reply in <num> seconds. this timeout is controlled by spark.rpc.asktimeout)",1,Spark_C0000226,1,3,"final app status: failed, exitcode: <num>, (reason: uncaught exception: org. apache. spark. rpc. rpctimeoutexception: cannot receive any reply in <num> seconds. this timeout is controlled by spark. rpc. asktimeout)",1,1,frequency_representative
2779103,Unregistering ApplicationMaster with FAILED (diag message: Uncaught exception: org.apache.spark.rpc.RpcTimeoutException: Cannot receive any reply in 120 seconds. This timeout is controlled by spark.rpc.askTimeout),E117,Unregistering ApplicationMaster with <*>,3,unregistering applicationmaster with failed (diag message: uncaught exception: org.apache.spark.rpc.rpctimeoutexception: cannot receive any reply in <num> seconds. this timeout is controlled by spark.rpc.asktimeout),1,Spark_C0000227,1,3,unregistering applicationmaster with failed (diag message: uncaught exception: org. apache. spark. rpc. rpctimeoutexception: cannot receive any reply in <num> seconds. this timeout is controlled by spark. rpc. asktimeout),1,1,frequency_representative
3167108,"error=2, No such file or directory",E159,"error=<*>, No such file or directory",200,"error= <num> , no such file or directory",1,Spark_C0000228,1,200,"error = <num>, no such file or directory",1,1,frequency_representative
3220173,"Lost task 12.0 in stage 1.0 (TID 14, mesos-slave-24): java.io.IOException: Cannot run program ""/home/curi/anaconda2/bin/python"": error=2, No such file or directory",E19,"Lost task <*> in stage <*> (TID <*>, <*>): java.io.IOException: Cannot run program <*>: error=<*>, No such file or directory",108,"lost task <num> in stage <num> (tid <num> , <id> ): java.io.ioexception: cannot run program "" <path> "": error= <num> , no such file or directory",108,Spark_C0000229,108,108,"lost task <num> in stage <num> (tid <num>, <id>): java. io. ioexception: cannot run program "" <path> "": error = <num>, no such file or directory",1,1,frequency_representative
3248089,Retrying connect to server: mesos-master-1/10.10.34.11:8030. Already tried 0 time(s); maxRetries=45,E51,Retrying connect to server: <*>. Already tried <*> time(s); maxRetries=<*>,20,retrying connect to server: <id> / <ip> . already tried <num> time(s); maxretries= <num>,20,Spark_C0000230,20,20,retrying connect to server: <id>/<ip>. already tried <num> time (s); maxretries = <num>,1,1,frequency_representative
3252848,"Attempted to get executor loss reason for executor id 8 at RPC address mesos-master-1:58336, but got no response. Marking as slave lost.",E15,"Attempted to get executor loss reason for executor id <*> at RPC address <*>, but got no response. Marking as slave lost.",1,"attempted to get executor loss reason for executor id <num> at rpc address <id> , but got no response. marking as slave lost.",1,Spark_C0000231,1,1,"attempted to get executor loss reason for executor id <num> at rpc address <id>, but got no response. marking as slave lost.",1,1,frequency_representative
3252849,Lost executor 8 on mesos-master-1: Slave lost,E179,Lost executor <*> on <*>: Slave lost,1,lost executor <num> on <id> : slave lost,1,Spark_C0000232,1,1,lost executor <num> on <id>: slave lost,1,1,frequency_representative
3274814,Interrupted while trying for connection,E112,Interrupted while trying for connection,1,interrupted while trying for connection,1,Spark_C0000233,1,1,interrupted while trying for connection,1,1,frequency_representative
3274815,Reporter thread fails 1 time(s) in a row.,E122,Reporter thread fails <*> time(s) in a row.,1,reporter thread fails <num> time(s) in a row.,1,Spark_C0000234,1,1,reporter thread fails <num> time (s) in a row.,1,1,frequency_representative
3274816,"java.io.InterruptedIOException: Interrupted while waiting for IO on channel java.nio.channels.SocketChannel[connection-pending remote=mesos-master-1/10.10.34.11:8030]. 20000 millis timeout left.; Host Details : local host is: ""mesos-slave-08/10.10.34.18""; destination host is: ""mesos-master-1"":8030;",E8,java.io.InterruptedIOException: Interrupted while waiting for IO on channel <*>. <*> millis timeout left.; Host Details : local host is: <*>; destination host is: <*>;,1,"java.io.interruptedioexception: interrupted while waiting for io on channel java.nio.channels.socketchannel[connection-pending remote= <id> / <ip> ]. <num> millis timeout left.; host details : local host is: "" <id> / <ip> ""; destination host is: "" <id> "": <num> ;",1,Spark_C0000235,1,1,"java. io. interruptedioexception: interrupted while waiting for io on channel java. nio. channels. socketchannel [connection-pending remote = <id>/<ip>]. <num> millis timeout left.; host details: local host is: "" <id>/<ip> ""; destination host is: "" <id> "": <num>;",1,1,frequency_representative
3563284,Removing executor 8 with no recent heartbeats: 167979 ms exceeds timeout 120000 ms,E47,Removing executor <*> with no recent heartbeats: <*> ms exceeds timeout <*> ms,24,removing executor <num> with no recent heartbeats: <num> ms exceeds timeout <num> ms,24,Spark_C0000236,24,24,removing executor <num> with no recent heartbeats: <num> ms exceeds timeout <num> ms,1,1,frequency_representative
3563285,Lost executor 8 on mesos-slave-05: Executor heartbeat timed out after 167979 ms,E70,Lost executor <*> on <*>: Executor heartbeat timed out after <*> ms,24,lost executor <num> on <id> : executor heartbeat timed out after <num> ms,24,Spark_C0000237,24,24,lost executor <num> on <id>: executor heartbeat timed out after <num> ms,1,1,frequency_representative
3563286,"Lost task 30.0 in stage 1.0 (TID 32, mesos-slave-05): ExecutorLostFailure (executor 8 exited caused by one of the running tasks) Reason: Executor heartbeat timed out after 167979 ms",E9,"Lost task <*> in stage <*> (TID <*>, <*>): ExecutorLostFailure (executor <*> exited caused by one of the running tasks) Reason: Executor heartbeat timed out after <*> ms",35,"lost task <num> in stage <num> (tid <num> , <id> ): executorlostfailure (executor <num> exited caused by one of the running tasks) reason: executor heartbeat timed out after <num> ms",35,Spark_C0000238,35,35,"lost task <num> in stage <num> (tid <num>, <id>): executorlostfailure (executor <num> exited caused by one of the running tasks) reason: executor heartbeat timed out after <num> ms",1,1,frequency_representative
3728464,Requesting to kill executor(s) 4,E165,Requesting to kill executor(s) <*>,24,requesting to kill executor(s) <num>,10,Spark_C0000239,10,24,requesting to kill executor (s) <num>,1,1,frequency_representative
3728465,Driver requested to kill executor(s) 4.,E123,Driver requested to kill executor(s) <*>.,24,driver requested to kill executor(s) <num> .,10,Spark_C0000240,10,24,driver requested to kill executor (s) <num>.,1,1,frequency_representative
3563332,Lost executor 8 on mesos-slave-05: Container container_1485248649253_0036_02_000014 exited from explicit termination request.,E42,Lost executor <*> on <*>: Container <*> exited from explicit termination request.,24,lost executor <num> on <id> : container <id> exited from explicit termination request.,24,Spark_C0000241,24,24,lost executor <num> on <id>: container <id> exited from explicit termination request.,1,1,frequency_representative
3728492,Host added was in lost list earlier: mesos-slave-28,E142,Host added was in lost list earlier: <*>,21,host added was in lost list earlier: <id>,15,Spark_C0000242,15,21,host added was in lost list earlier: <id>,1,1,frequency_representative
3729643,Ignoring task-finished event for 1.0 in stage 3.0 because task 1 has already completed successfully,E26,Ignoring task-finished event for <*> in stage <*> because task <*> has already completed successfully,6,ignoring task-finished event for <num> in stage <num> because task <num> has already completed successfully,5,Spark_C0000243,5,6,ignoring task-finished event for <num> in stage <num> because task <num> has already completed successfully,1,1,frequency_representative
3730707,Total size of serialized results of 4 tasks (4.1 GB) is bigger than spark.driver.maxResultSize (4.0 GB),E28,Total size of serialized results of <*> tasks (<*>) is bigger than spark.driver.maxResultSize (<*>),3,total size of serialized results of <num> tasks ( <num> gb) is bigger than spark.driver.maxresultsize ( <num> gb),2,Spark_C0000244,4,5,total size of serialized results of <num> tasks (<num> <*>) is bigger than spark. driver. maxresultsize (<num> <*>),2,1,frequency_representative
13254951,Total size of serialized results of 1 tasks (1044.5 MB) is bigger than spark.driver.maxResultSize (1024.0 MB),E28,Total size of serialized results of <*> tasks (<*>) is bigger than spark.driver.maxResultSize (<*>),2,total size of serialized results of <num> tasks ( <num> mb) is bigger than spark.driver.maxresultsize ( <num> mb),2,Spark_C0000244,4,5,total size of serialized results of <num> tasks (<num> <*>) is bigger than spark. driver. maxresultsize (<num> <*>),2,2,complex_sample
3824769,Putting block broadcast_6 failed,E214,Putting block <*> failed,1,putting block <id> failed,1,Spark_C0000245,1,1,putting block <id> failed,1,1,frequency_representative
4644550,"Error sending message [message = Heartbeat(1,[Lscala.Tuple2;@9ac2353,BlockManagerId(1, mesos-slave-27, 54861))] in 1 attempts",E97,Error sending message [message = <*>] in <*> attempts,1,"error sending message [message = heartbeat( <num> ,[ <id> ;@9ac2353,blockmanagerid( <num> , <id> , <num> ))] in <num> attempts",1,Spark_C0000246,5,5,"error sending message [message = heartbeat (<num>, [<id>; @ <*> <*> <*>, blockmanagerid (<num>, <id>, <num>))] in <num> attempts",3,1,frequency_representative
5378800,"Error sending message [message = Heartbeat(17,[Lscala.Tuple2;@a07745b,BlockManagerId(17, mesos-slave-08, 35695))] in 1 attempts",E97,Error sending message [message = <*>] in <*> attempts,1,"error sending message [message = heartbeat( <num> ,[ <id> ;@a07745b,blockmanagerid( <num> , <id> , <num> ))] in <num> attempts",1,Spark_C0000246,5,5,"error sending message [message = heartbeat (<num>, [<id>; @ <*> <*> <*>, blockmanagerid (<num>, <id>, <num>))] in <num> attempts",3,2,complex_sample
4645157,"Error sending message [message = Heartbeat(4,[Lscala.Tuple2;@86d5363,BlockManagerId(4, mesos-slave-10, 53902))] in 1 attempts",E97,Error sending message [message = <*>] in <*> attempts,1,"error sending message [message = heartbeat( <num> ,[ <id> ;@86d5363,blockmanagerid( <num> , <id> , <num> ))] in <num> attempts",1,Spark_C0000246,5,5,"error sending message [message = heartbeat (<num>, [<id>; @ <*> <*> <*>, blockmanagerid (<num>, <id>, <num>))] in <num> attempts",3,3,diverse_sample
4644576,"Error sending message [message = Heartbeat(9,[Lscala.Tuple2;@78bec6d,BlockManagerId(9, mesos-slave-08, 55217))] in 1 attempts",E97,Error sending message [message = <*>] in <*> attempts,1,"error sending message [message = heartbeat( <num> ,[ <id> ;@78bec6d,blockmanagerid( <num> , <id> , <num> ))] in <num> attempts",1,Spark_C0000247,3,3,"error sending message [message = heartbeat (<num>, [<id>; @ <*> <*> <*> <*>, blockmanagerid (<num>, <id>, <num>))] in <num> attempts",2,1,frequency_representative
4925336,"Error sending message [message = Heartbeat(43,[Lscala.Tuple2;@2cea5cd,BlockManagerId(43, mesos-master-2, 53589))] in 1 attempts",E97,Error sending message [message = <*>] in <*> attempts,1,"error sending message [message = heartbeat( <num> ,[ <id> ;@2cea5cd,blockmanagerid( <num> , <id> , <num> ))] in <num> attempts",1,Spark_C0000247,3,3,"error sending message [message = heartbeat (<num>, [<id>; @ <*> <*> <*> <*>, blockmanagerid (<num>, <id>, <num>))] in <num> attempts",2,2,complex_sample
6586335,"Resubmitting ShuffleMapStage 2 (reduceByKey at pnmf4.py:371) because some of its tasks had failed: 0, 1",E31,Resubmitting ShuffleMapStage <*> (reduceByKey at <*>) because some of its tasks had failed: <*>,3,"resubmitting shufflemapstage <num> (reducebykey at <id> ) because some of its tasks had failed: <num> , <num>",3,Spark_C0000248,3,3,"resubmitting shufflemapstage <num> (reducebykey at <id>) because some of its tasks had failed: <num>, <num>",1,1,frequency_representative
6603081,Error cleaning broadcast 8,E190,Error cleaning broadcast <*>,10,error cleaning broadcast <num>,7,Spark_C0000249,7,10,error cleaning broadcast <num>,1,1,frequency_representative
6603082,Failed to remove broadcast 8 with removeFromMaster = true - Cannot receive any reply in 120 seconds. This timeout is controlled by spark.rpc.askTimeout,E13,Failed to remove broadcast <*> with removeFromMaster = <*> - Cannot receive any reply in <*> seconds. This timeout is controlled by <*>,8,failed to remove broadcast <num> with removefrommaster = true - cannot receive any reply in <num> seconds. this timeout is controlled by spark.rpc.asktimeout,5,Spark_C0000250,5,8,failed to remove broadcast <num> with removefrommaster = true-cannot receive any reply in <num> seconds. this timeout is controlled by spark. rpc. asktimeout,1,1,frequency_representative
6615551,"Failed to connect to driver at 10.10.34.11:49939, retrying ...",E104,"Failed to connect to driver at <*>, retrying ...",982,"failed to connect to driver at <ip> , retrying ...",1,Spark_C0000251,1,982,"failed to connect to driver at <ip>, retrying...",1,1,frequency_representative
6616534,"Final app status: FAILED, exitCode: 10, (reason: Uncaught exception: org.apache.spark.SparkException: Failed to connect to driver!)",E115,"Final app status: <*>, exitCode: <*>, (reason: <*>)",1,"final app status: failed, exitcode: <num> , (reason: uncaught exception: org.apache.spark.sparkexception: failed to connect to driver!)",1,Spark_C0000252,1,1,"final app status: failed, exitcode: <num>, (reason: uncaught exception: org. apache. spark. sparkexception: failed to connect to driver!)",1,1,frequency_representative
11863831,'float' and 'NoneType',E236,'<*> and <*>',2,'float' and 'nonetype',1,Spark_C0000253,1,2,' float ' and ' nonetype ',1,1,frequency_representative
11863834,'NoneType' and 'float',E236,'<*> and <*>',12,'nonetype' and 'float',1,Spark_C0000254,2,15,' nonetype ' and ' <*> ',2,1,frequency_representative
11971810,'NoneType' and 'NoneType',E236,'<*> and <*>',3,'nonetype' and 'nonetype',1,Spark_C0000254,2,15,' nonetype ' and ' <*> ',2,2,complex_sample
14212188,"Error sending message [message = UpdateBlockInfo(BlockManagerId(19, mesos-slave-11, 46470),rdd_27_1,StorageLevel(false, true, false, false, 1),26,0,0)] in 1 attempts",E97,Error sending message [message = <*>] in <*> attempts,33,"error sending message [message = updateblockinfo(blockmanagerid( <num> , <id> , <num> ), <id> ,storagelevel(false, true, false, false, <num> ), <num> , <num> , <num> )] in <num> attempts",33,Spark_C0000255,34,34,"error sending message [message = updateblockinfo (blockmanagerid (<num>, <id>, <num>), <id>, storagelevel (false, <*>, false, false, <num>), <num>, <num>, <num>)] in <num> attempts",2,1,frequency_representative
13156921,"Error sending message [message = UpdateBlockInfo(BlockManagerId(4, mesos-slave-13, 40185),broadcast_114_piece0,StorageLevel(false, false, false, false, 1),0,0,0)] in 1 attempts",E97,Error sending message [message = <*>] in <*> attempts,1,"error sending message [message = updateblockinfo(blockmanagerid( <num> , <id> , <num> ), <id> ,storagelevel(false, false, false, false, <num> ), <num> , <num> , <num> )] in <num> attempts",1,Spark_C0000255,34,34,"error sending message [message = updateblockinfo (blockmanagerid (<num>, <id>, <num>), <id>, storagelevel (false, <*>, false, false, <num>), <num>, <num>, <num>)] in <num> attempts",2,2,complex_sample
13263858,"Finished task 2.0 in stage 3.0 (TID 12). Result is larger than maxResultSize (1044.8 MB > 1024.0 MB), dropping it.",E35,"Finished task <*> in stage <*> (TID <*>). Result is larger than maxResultSize (<*> > <*>), dropping it.",2,"finished task <num> in stage <num> (tid <num> ). result is larger than maxresultsize ( <num> mb > <num> mb), dropping it.",2,Spark_C0000256,2,2,"finished task <num> in stage <num> (tid <num>). result is larger than maxresultsize (<num> mb > <num> mb), dropping it.",1,1,frequency_representative
14206821,"Error sending result RpcResponse{requestId=6668610426802334028, body=NioManagedBuffer{buf=java.nio.HeapByteBuffer[pos=0 lim=13 cap=13]}} to /10.10.34.36:39313; closing connection",E39,"Error sending result RpcResponse{requestId=<*>, body=<*>} to <*>; closing connection",5,"error sending result rpcresponse{requestid= <hex> , body=niomanagedbuffer{buf=java.nio.heapbytebuffer[pos= <num> lim= <num> cap= <num> ]}} to / <ip> ; closing connection",5,Spark_C0000257,5,5,"error sending result rpcresponse {requestid = <hex>, body = niomanagedbuffer {buf = java. nio. heapbytebuffer [pos = <num> lim = <num> cap = <num>]}} to/<ip>; closing connection",1,1,frequency_representative
14209072,"Another thread is loading rdd_27_39, waiting for it to finish...",E72,"Another thread is loading <*>, waiting for it to finish...",1,"another thread is loading <id> , waiting for it to finish...",1,Spark_C0000258,1,1,"another thread is loading <id>, waiting for it to finish...",1,1,frequency_representative
14209127,Finished waiting for rdd_27_39,E213,Finished waiting for <*>,1,finished waiting for <id>,1,Spark_C0000259,1,1,finished waiting for <id>,1,1,frequency_representative
14209320,Error while invoking RpcHandler#receive() on RPC id 8192611242310115905,E74,Error while invoking RpcHandler#receive() on RPC id <*>,1,error while invoking rpchandler#receive() on rpc id <hex>,1,Spark_C0000260,1,1,error while invoking rpchandler # receive () on rpc id <hex>,1,1,frequency_representative
14222118,"waiting: Set(ShuffleMapStage 7, ResultStage 8)",E92,"waiting: Set(ShuffleMapStage <*>, ResultStage <*>)",24,"waiting: set(shufflemapstage <num> , resultstage <num> )",3,Spark_C0000261,3,24,"waiting: set (shufflemapstage <num>, resultstage <num>)",1,1,frequency_representative
14223369,"waiting: Set(ResultStage 12, ShuffleMapStage 10, ShuffleMapStage 11)",E177,waiting: Set(ResultStage <*>),15,"waiting: set(resultstage <num> , shufflemapstage <num> , shufflemapstage <num> )",1,Spark_C0000262,1,15,"waiting: set (resultstage <num>, shufflemapstage <num>, shufflemapstage <num>)",1,1,frequency_representative
14223606,"waiting: Set(ResultStage 12, ShuffleMapStage 11)",E177,waiting: Set(ResultStage <*>),11,"waiting: set(resultstage <num> , shufflemapstage <num> )",1,Spark_C0000263,1,11,"waiting: set (resultstage <num>, shufflemapstage <num>)",1,1,frequency_representative
14223818,"Resubmitting ShuffleMapStage 9 (reduceByKey at pnmf_dblp.py:418) because some of its tasks had failed: 6, 8, 9, 10, 11, 12, 33, 34, 35, 36, 37, 38, 73",E31,Resubmitting ShuffleMapStage <*> (reduceByKey at <*>) because some of its tasks had failed: <*>,1,"resubmitting shufflemapstage <num> (reducebykey at <id> ) because some of its tasks had failed: <num> , <num> , <num> , <num> , <num> , <num> , <num> , <num> , <num> , <num> , <num> , <num> , <num>",1,Spark_C0000264,1,1,"resubmitting shufflemapstage <num> (reducebykey at <id>) because some of its tasks had failed: <num>, <num>, <num>, <num>, <num>, <num>, <num>, <num>, <num>, <num>, <num>, <num>, <num>",1,1,frequency_representative
14224261,"Resubmitted ShuffleMapTask(11, 18), so marking it as still running",E56,"Resubmitted ShuffleMapTask(<*>, <*>), so marking it as still running",32,"resubmitted shufflemaptask( <num> , <num> ), so marking it as still running",25,Spark_C0000265,25,32,"resubmitted shufflemaptask (<num>, <num>), so marking it as still running",1,1,frequency_representative
14226568,"Resubmitting ShuffleMapStage 6 (reduceByKey at pnmf_dblp.py:418) because some of its tasks had failed: 4, 9, 14, 19, 24, 29, 65, 67, 68, 69, 70, 71, 75, 76, 77",E31,Resubmitting ShuffleMapStage <*> (reduceByKey at <*>) because some of its tasks had failed: <*>,1,"resubmitting shufflemapstage <num> (reducebykey at <id> ) because some of its tasks had failed: <num> , <num> , <num> , <num> , <num> , <num> , <num> , <num> , <num> , <num> , <num> , <num> , <num> , <num> , <num>",1,Spark_C0000266,1,1,"resubmitting shufflemapstage <num> (reducebykey at <id>) because some of its tasks had failed: <num>, <num>, <num>, <num>, <num>, <num>, <num>, <num>, <num>, <num>, <num>, <num>, <num>, <num>, <num>",1,1,frequency_representative
14226647,"Resubmitting ShuffleMapStage 6 (reduceByKey at pnmf_dblp.py:418) because some of its tasks had failed: 1, 6, 11, 16, 21, 26, 30, 31, 32, 39, 40, 41, 42, 51, 52, 60, 79",E31,Resubmitting ShuffleMapStage <*> (reduceByKey at <*>) because some of its tasks had failed: <*>,1,"resubmitting shufflemapstage <num> (reducebykey at <id> ) because some of its tasks had failed: <num> , <num> , <num> , <num> , <num> , <num> , <num> , <num> , <num> , <num> , <num> , <num> , <num> , <num> , <num> , <num> , <num>",1,Spark_C0000267,1,1,"resubmitting shufflemapstage <num> (reducebykey at <id>) because some of its tasks had failed: <num>, <num>, <num>, <num>, <num>, <num>, <num>, <num>, <num>, <num>, <num>, <num>, <num>, <num>, <num>, <num>, <num>",1,1,frequency_representative
14227694,Failed to remove broadcast 20 with removeFromMaster = true - Connection reset by peer,E40,Failed to remove broadcast <*> with removeFromMaster = <*> - Connection reset by peer,2,failed to remove broadcast <num> with removefrommaster = true - connection reset by peer,2,Spark_C0000268,2,2,failed to remove broadcast <num> with removefrommaster = true-connection reset by peer,1,1,frequency_representative
14227766,"Resubmitting ShuffleMapStage 9 (reduceByKey at pnmf_dblp.py:418) because some of its tasks had failed: 1, 6, 9, 17, 20, 21, 22, 24, 25, 27, 32, 33, 34, 42, 53, 61, 65, 69, 71, 77, 79",E31,Resubmitting ShuffleMapStage <*> (reduceByKey at <*>) because some of its tasks had failed: <*>,2,"resubmitting shufflemapstage <num> (reducebykey at <id> ) because some of its tasks had failed: <num> , <num> , <num> , <num> , <num> , <num> , <num> , <num> , <num> , <num> , <num> , <num> , <num> , <num> , <num> , <num> , <num> , <num> , <num> , <num> , <num>",2,Spark_C0000269,2,2,"resubmitting shufflemapstage <num> (reducebykey at <id>) because some of its tasks had failed: <num>, <num>, <num>, <num>, <num>, <num>, <num>, <num>, <num>, <num>, <num>, <num>, <num>, <num>, <num>, <num>, <num>, <num>, <num>, <num>, <num>",1,1,frequency_representative
14228243,"Resubmitting ShuffleMapStage 9 (reduceByKey at pnmf_dblp.py:418) because some of its tasks had failed: 11, 14, 30, 40, 52, 67, 71, 75, 77, 79",E31,Resubmitting ShuffleMapStage <*> (reduceByKey at <*>) because some of its tasks had failed: <*>,1,"resubmitting shufflemapstage <num> (reducebykey at <id> ) because some of its tasks had failed: <num> , <num> , <num> , <num> , <num> , <num> , <num> , <num> , <num> , <num>",1,Spark_C0000270,1,1,"resubmitting shufflemapstage <num> (reducebykey at <id>) because some of its tasks had failed: <num>, <num>, <num>, <num>, <num>, <num>, <num>, <num>, <num>, <num>",1,1,frequency_representative
14231213,"Failed to fetch block shuffle_3_52_6, and will not retry (0 retries)",E81,"Failed to fetch block <*>, and will not retry (<*> retries)",2,"failed to fetch block <id> , and will not retry ( <num> retries)",2,Spark_C0000271,2,2,"failed to fetch block <id>, and will not retry (<num> retries)",1,1,frequency_representative
14232663,Failed to send RPC 5171733260621106751 to mesos-slave-23/10.10.34.33:48825: java.io.IOException: Broken pipe,E216,Failed to send RPC <*> to <*>: <*>,1,failed to send rpc <hex> to <id> / <ip> : java.io.ioexception: broken pipe,1,Spark_C0000272,1,1,failed to send rpc <hex> to <id>/<ip>: java. io. ioexception: broken pipe,1,1,frequency_representative
14232667,java.io.IOException: Broken pipe,E141,java.io.IOException: Broken pipe,1,java.io.ioexception: broken pipe,1,Spark_C0000273,1,1,java. io. ioexception: broken pipe,1,1,frequency_representative
14835873,"Resubmitting ShuffleMapStage 10 (reduceByKey at pnmf_dblp.py:423) because some of its tasks had failed: 1, 2, 5, 6, 9, 10, 13, 14, 17, 18, 21, 22, 24, 25, 27, 28, 29, 31, 32, 33, 35, 36, 37, 39, 40, 42, 43, 44, 46, 47, 48, 49, 50, 54, 56, 57, 66, 67",E31,Resubmitting ShuffleMapStage <*> (reduceByKey at <*>) because some of its tasks had failed: <*>,1,"resubmitting shufflemapstage <num> (reducebykey at <id> ) because some of its tasks had failed: <num> , <num> , <num> , <num> , <num> , <num> , <num> , <num> , <num> , <num> , <num> , <num> , <num> , <num> , <num> , <num> , <num> , <num> , <num> , <num> , <num> , <num> , <num> , <num> , <num> , <num> , <num> , <num> , <num> , <num> , <num> , <num> , <num> , <num> , <num> , <num> , <num> , <num>",1,Spark_C0000274,1,1,"resubmitting shufflemapstage <num> (reducebykey at <id>) because some of its tasks had failed: <num>, <num>, <num>, <num>, <num>, <num>, <num>, <num>, <num>, <num>, <num>, <num>, <num>, <num>, <num>, <num>, <num>, <num>, <num>, <num>, <num>, <num>, <num>, <num>, <num>, <num>, <num>, <num>, <num>, <num>, <num>, <num>, <num>, <num>, <num>, <num>, <num>, <num>",1,1,frequency_representative
14835912,Ignored failure: java.io.IOException: Failed to send RPC 8212686680769530402 to mesos-slave-05/10.10.34.15:59498: java.nio.channels.ClosedChannelException,E16,Ignored failure: java.io.IOException: Failed to send RPC <*> to <*>: java.nio.channels.ClosedChannelException,1,ignored failure: java.io.ioexception: failed to send rpc <hex> to <id> / <ip> : java.nio.channels.closedchannelexception,1,Spark_C0000275,1,1,ignored failure: java. io. ioexception: failed to send rpc <hex> to <id>/<ip>: java. nio. channels. closedchannelexception,1,1,frequency_representative
14836012,"Resubmitting ShuffleMapStage 9 (reduceByKey at pnmf_dblp.py:418) because some of its tasks had failed: 1, 3, 5, 6, 7, 16, 29, 31, 34, 35, 36, 43, 54, 57",E31,Resubmitting ShuffleMapStage <*> (reduceByKey at <*>) because some of its tasks had failed: <*>,1,"resubmitting shufflemapstage <num> (reducebykey at <id> ) because some of its tasks had failed: <num> , <num> , <num> , <num> , <num> , <num> , <num> , <num> , <num> , <num> , <num> , <num> , <num> , <num>",1,Spark_C0000276,1,1,"resubmitting shufflemapstage <num> (reducebykey at <id>) because some of its tasks had failed: <num>, <num>, <num>, <num>, <num>, <num>, <num>, <num>, <num>, <num>, <num>, <num>, <num>, <num>",1,1,frequency_representative
14852278,"Resubmitting ShuffleMapStage 6 (reduceByKey at pnmf_dblp.py:418) because some of its tasks had failed: 1, 6, 11, 16, 21, 26, 49, 50, 51, 52, 53, 54, 63, 64, 65, 66, 67, 68, 69, 71, 72, 73",E31,Resubmitting ShuffleMapStage <*> (reduceByKey at <*>) because some of its tasks had failed: <*>,1,"resubmitting shufflemapstage <num> (reducebykey at <id> ) because some of its tasks had failed: <num> , <num> , <num> , <num> , <num> , <num> , <num> , <num> , <num> , <num> , <num> , <num> , <num> , <num> , <num> , <num> , <num> , <num> , <num> , <num> , <num> , <num>",1,Spark_C0000277,1,1,"resubmitting shufflemapstage <num> (reducebykey at <id>) because some of its tasks had failed: <num>, <num>, <num>, <num>, <num>, <num>, <num>, <num>, <num>, <num>, <num>, <num>, <num>, <num>, <num>, <num>, <num>, <num>, <num>, <num>, <num>, <num>",1,1,frequency_representative
14935681,"Task 1662 failed because while it was being computed, its executorexited for a reason unrelated to the task. Not counting this failure towards the maximum number of failures for the task.",E4,"Task <*> failed because while it was being computed, its executorexited for a reason unrelated to the task. Not counting this failure towards the maximum number of failures for the task.",3,"task <num> failed because while it was being computed, its executorexited for a reason unrelated to the task. not counting this failure towards the maximum number of failures for the task.",3,Spark_C0000278,3,3,"task <num> failed because while it was being computed, its executorexited for a reason unrelated to the task. not counting this failure towards the maximum number of failures for the task.",1,1,frequency_representative
