LineId,Content,EventId,EventTemplate,dup_count,normalized_content,normalized_unique_content_count,cluster_id,cluster_size_unique,cluster_weight_dup_sum,cluster_template_guess,cluster_keep_k,selected_rank,selection_reason
20,AppleThunderboltNHIType2::prePCIWake - power up complete - took 1 us,E265,AppleThunderboltNHIType2::prePCIWake - power up complete - took <*> us,1019,<id> - power up complete - took <num> us,18,Mac_C0000001,18,1019,<id>-power up complete-took <num> us,1,1,frequency_representative
21,AppleThunderboltGenericHAL::earlyWake - complete - took 1 milliseconds,E246,AppleThunderboltGenericHAL::earlyWake - complete - took <*> milliseconds,1019,applethunderboltgenerichal::earlywake - complete - took <num> milliseconds,4,Mac_C0000002,4,1019,applethunderboltgenerichal:: earlywake-complete-took <num> milliseconds,1,1,frequency_representative
3,AirPort: Link Down on awdl0. Reason 1 (Unspecified).,E396,AirPort: Link Down on <*>. Reason <*> (Unspecified).,532,airport: link down on awdl0. reason <num> (unspecified).,1,Mac_C0000003,1,532,airport: link down on awdl 0. reason <num> (unspecified).,1,1,frequency_representative
4,"ARPT: 620651.021206: wl0: wl_update_tcpkeep_seq: Original Seq: 2477329075, Ack: 1662858865, Win size: 4096",E294,"ARPT: <*>: <*>: wl_update_tcpkeep_seq: Original Seq: <*>, Ack: <*>, Win size: <*>",442,"arpt: <num> : wl0: wl_update_tcpkeep_seq: original seq: <num> , ack: <num> , win size: <num>",442,Mac_C0000004,442,442,"arpt: <num>: wl 0: wl_update_tcpkeep_seq: original seq: <num>, ack: <num>, win size: <num>",1,1,frequency_representative
5,Bluetooth -- LE is supported - Disable LE meta event,E358,Bluetooth -- LE is supported - Disable LE meta event,532,bluetooth -- le is supported - disable le meta event,1,Mac_C0000005,1,532,bluetooth-- le is supported-disable le meta event,1,1,frequency_representative
6,"ARPT: 620651.021235: wl0: wl_update_tcpkeep_seq: Updated seq/ack/win from UserClient Seq 2477329075, Ack 1662858865, Win size 278",E242,"ARPT: <*>: <*>: wl_update_tcpkeep_seq: Updated <*> from UserClient Seq <*>, Ack <*>, Win size <*>",440,"arpt: <num> : wl0: wl_update_tcpkeep_seq: updated seq/ack/win from userclient seq <num> , ack <num> , win size <num>",440,Mac_C0000006,440,440,"arpt: <num>: wl 0: wl_update_tcpkeep_seq: updated seq/ack/win from userclient seq <num>, ack <num>, win size <num>",1,1,frequency_representative
7,ARPT: 620651.021264: wl0: leaveModulePoweredForOffloads: Wi-Fi will stay on.,E300,ARPT: <*>: <*>: leaveModulePoweredForOffloads: Wi-Fi will stay on.,531,arpt: <num> : wl0: leavemodulepoweredforoffloads: wi-fi will stay on.,531,Mac_C0000007,532,532,arpt: <num>: wl 0: leavemodulepoweredforoffloads: wi-fi will <*> <*>.,2,1,frequency_representative
71285,ARPT: 729787.205086: wl0: leaveModulePoweredForOffloads: Wi-Fi will turn off.,E297,ARPT: <*>: <*>: leaveModulePoweredForOffloads: Wi-Fi will turn off.,1,arpt: <num> : wl0: leavemodulepoweredforoffloads: wi-fi will turn off.,1,Mac_C0000007,532,532,arpt: <num>: wl 0: leavemodulepoweredforoffloads: wi-fi will <*> <*>.,2,2,complex_sample
37,ARPT: 620652.891984: AirPort_Brcm43xx::platformWoWEnable: WWEN[disable],E328,ARPT: <*>: AirPort_Brcm43xx::platformWoWEnable: WWEN[<*>],532,arpt: <num> : <id> : wwen[disable],532,Mac_C0000008,1595,1595,arpt: <num>: <id>: wwen [<*>],3,1,frequency_representative
8,ARPT: 620651.047545: AirPort_Brcm43xx::platformWoWEnable: WWEN[enable],E328,ARPT: <*>: AirPort_Brcm43xx::platformWoWEnable: WWEN[<*>],531,arpt: <num> : <id> : wwen[enable],531,Mac_C0000008,1595,1595,arpt: <num>: <id>: wwen [<*>],3,2,complex_sample
9,ARPT: 620651.048430: AirPort_Brcm43xx::syncPowerState: WWEN[enabled],E347,ARPT: <*>: AirPort_Brcm43xx::syncPowerState: WWEN[<*>],531,arpt: <num> : <id> : wwen[enabled],531,Mac_C0000008,1595,1595,arpt: <num>: <id>: wwen [<*>],3,3,diverse_sample
10,IOThunderboltSwitch<0>(0x0)::listenerCallback - Thunderbolt HPD packet for route = 0x0 port = 11 unplug = 0,E149,<*>(<*>)::listenerCallback - Thunderbolt HPD packet for route = <*> port = <*> unplug = <*>,1764,iothunderboltswitch< <num> >( <hex> )::listenercallback - thunderbolt hpd packet for route = <hex> port = <num> unplug = <num>,2,Mac_C0000009,2,1764,iothunderboltswitch < <num> > (<hex>):: listenercallback-thunderbolt hpd packet for route = <hex> port = <num> unplug = <num>,1,1,frequency_representative
12,AppleCamIn::systemWakeCall - messageType = 0xE0000340,E394,AppleCamIn::systemWakeCall - messageType = <*>,2679,applecamin::systemwakecall - messagetype = <hex>,5,Mac_C0000010,5,2679,applecamin:: systemwakecall-messagetype = <hex>,1,1,frequency_representative
13,AppleThunderboltNHIType2::waitForOk2Go2Sx - intel_rp = 1 dlla_reporting_supported = 0,E180,AppleThunderboltNHIType2::waitForOk2Go2Sx - intel_rp = <*> dlla_reporting_supported = <*>,532,<id> - intel_rp = <num> dlla_reporting_supported = <num>,1,Mac_C0000011,1,532,<id>-intel_rp = <num> dlla_reporting_supported = <num>,1,1,frequency_representative
959,AppleThunderboltNHIType2::waitForOk2Go2Sx - retries = 5,E317,AppleThunderboltNHIType2::waitForOk2Go2Sx - retries = <*>,532,<id> - retries = <num>,10,Mac_C0000012,10,532,<id>-retries = <num>,1,1,frequency_representative
15,Wake reason: ?,E614,Wake reason: <*>,198,wake reason: ?,1,Mac_C0000013,1,198,wake reason:?,1,1,frequency_representative
17,AppleCamIn::wakeEventHandlerThread,E442,AppleCamIn::wakeEventHandlerThread,1064,applecamin::wakeeventhandlerthread,1,Mac_C0000014,1,1064,applecamin:: wakeeventhandlerthread,1,1,frequency_representative
18,RTC: PowerByCalendarDate setting ignored,E410,RTC: PowerByCalendarDate setting ignored,252,rtc: powerbycalendardate setting ignored,1,Mac_C0000015,1,252,rtc: powerbycalendardate setting ignored,1,1,frequency_representative
19,Previous sleep cause: 5,E576,Previous sleep cause: <*>,532,previous sleep cause: <num>,1,Mac_C0000016,1,532,previous sleep cause: <num>,1,1,frequency_representative
24,TBT W (2): 0x0040 [x],E621,TBT W (<*>): <*> [<*>],532,tbt w ( <num> ): <hex> [x],1,Mac_C0000017,1,532,tbt w (<num>): <hex> [x],1,1,frequency_representative
25,AirPort: Link Down on en0. Reason 8 (Disassociated because station leaving).,E251,AirPort: Link Down on <*>. Reason <*> (Disassociated because station leaving).,216,airport: link down on en0. reason <num> (disassociated because station leaving).,1,Mac_C0000018,2,225,airport: link down on en 0. reason <num> (disassociated <*> <*> <*>).,2,1,frequency_representative
25331,AirPort: Link Down on en0. Reason 4 (Disassociated due to inactivity).,E284,AirPort: Link Down on <*>. Reason <*> (Disassociated due to inactivity).,9,airport: link down on en0. reason <num> (disassociated due to inactivity).,1,Mac_C0000018,2,225,airport: link down on en 0. reason <num> (disassociated <*> <*> <*>).,2,2,complex_sample
159,en0: BSSID changed to 5c:50:15:4c:18:13,E600,<*>: BSSID changed to <*>,1118,en0: bssid changed to <ip>,98,Mac_C0000019,101,2028,en 0: <*> changed to <num>,2,1,frequency_representative
26,en0: channel changed to 1,E590,<*>: channel changed to <*>,910,en0: channel changed to <num>,3,Mac_C0000019,101,2028,en 0: <*> changed to <num>,2,2,complex_sample
27,en0::IO80211Interface::postMessage bssid changed,E599,<*>::<*>::<*> bssid changed,600,<id> bssid changed,1,Mac_C0000020,1,600,<id> bssid changed,1,1,frequency_representative
28,en0: 802.11d country code set to 'X3'.,E591,<*>: <*> country code set to <*>,224,en0: <num> .11d country code set to 'x3'.,1,Mac_C0000021,1,224,en 0: <num>. 11 d country code set to ' x 3 '.,1,1,frequency_representative
29,en0: Supported channels 1 2 3 4 5 6 7 8 9 10 11 12 13 36 40 44 48 52 56 60 64 100 104 108 112 116 120 124 128 132 136 140 144 149 153 157 161,E586,<*>: Supported channels <*>,223,en0: supported channels <num> <num> <num> <num> <num> <num> <num> <num> <num> <num> <num> <num> <num> <num> <num> <num> <num> <num> <num> <num> <num> <num> <num> <num> <num> <num> <num> <num> <num> <num> <num> <num> <num> <num> <num> <num> <num>,1,Mac_C0000022,1,223,en 0: supported channels <num> <num> <num> <num> <num> <num> <num> <num> <num> <num> <num> <num> <num> <num> <num> <num> <num> <num> <num> <num> <num> <num> <num> <num> <num> <num> <num> <num> <num> <num> <num> <num> <num> <num> <num> <num> <num>,1,1,frequency_representative
30,-[NetworkAnalyticsEngine _writeJournalRecord:fromCellFingerprint:key:atLOI:ofKind:lqm:isFaulty:] Hashing of the primary key failed. Dropping the journal record.,E31,-[NetworkAnalyticsEngine _writeJournalRecord:fromCellFingerprint:key:atLOI:ofKind:lqm:isFaulty:] Hashing of the primary key failed. Dropping the journal record.,746,-[networkanalyticsengine _writejournalrecord:fromcellfingerprint:key:atloi:ofkind:lqm:isfaulty:] hashing of the primary key failed. dropping the journal record.,1,Mac_C0000023,1,746,- [networkanalyticsengine _writejournalrecord: fromcellfingerprint: key: atloi: ofkind: lqm: isfaulty:] hashing of the primary key failed. dropping the journal record.,1,1,frequency_representative
32,ARPT: 620652.789289: ARPT: Wake Reason: Wake on Scan offload,E395,ARPT: <*>: ARPT: Wake Reason: Wake on Scan offload,262,arpt: <num> : arpt: wake reason: wake on scan offload,262,Mac_C0000024,262,262,arpt: <num>: arpt: wake reason: wake on scan offload,1,1,frequency_representative
33,AirPort: Link Up on awdl0,E596,AirPort: Link Up on <*>,532,airport: link up on awdl0,1,Mac_C0000025,2,757,airport: link up on <*> 0,2,1,frequency_representative
98,AirPort: Link Up on en0,E596,AirPort: Link Up on <*>,225,airport: link up on en0,1,Mac_C0000025,2,757,airport: link up on <*> 0,2,2,complex_sample
34,"setting hostname to ""authorMacBook-Pro.local""",E577,"setting hostname to ""<*>""",178,"setting hostname to ""authormacbook-pro.local""",1,Mac_C0000026,1,178,"setting hostname to "" authormacbook-pro. local """,1,1,frequency_representative
35,"USBMSC Identifier (non-unique): 000000000820 0x5ac 0x8406 0x820, 3",E476,"USBMSC Identifier (non-unique): <*> <*> <*> <*>, <*>",532,"usbmsc identifier (non-unique): <hex> <hex> <hex> <hex> , <num>",1,Mac_C0000027,1,532,"usbmsc identifier (non-unique): <hex> <hex> <hex> <hex>, <num>",1,1,frequency_representative
40,[HID] [ATC] AppleDeviceManagementHIDEventService::processWakeReason Wake reason: Host (0x01),E152,[HID] [ATC] AppleDeviceManagementHIDEventService::processWakeReason Wake reason: Host (<*>),572,[hid] [atc] appledevicemanagementhideventservice::processwakereason wake reason: host ( <hex> ),1,Mac_C0000028,2,589,[hid] [atc] appledevicemanagementhideventservice:: processwakereason wake reason: <*> (<hex>),2,1,frequency_representative
4471,[HID] [ATC] AppleDeviceManagementHIDEventService::processWakeReason Wake reason: Button (0x03),E143,[HID] [ATC] AppleDeviceManagementHIDEventService::processWakeReason Wake reason: Button (<*>),17,[hid] [atc] appledevicemanagementhideventservice::processwakereason wake reason: button ( <hex> ),1,Mac_C0000028,2,589,[hid] [atc] appledevicemanagementhideventservice:: processwakereason wake reason: <*> (<hex>),2,2,complex_sample
41,nw_nat64_post_new_ifstate successfully changed NAT64 ifstate from 0x8000000000000000 to 0x4,E250,nw_nat64_post_new_ifstate successfully changed NAT64 ifstate from <*> to <*>,414,<id> successfully changed nat64 ifstate from <hex> to <hex>,2,Mac_C0000029,2,414,<id> successfully changed nat 64 ifstate from <hex> to <hex>,1,1,frequency_representative
121,"com.apple.EscrowSecurityAlert.daily: scheduler_evaluate_activity told me to run this job; however, but the start time isn't for 14646 seconds. Ignoring.",E113,"<*>: scheduler_evaluate_activity told me to run this job; however, but the start time isn't for <*> seconds. Ignoring.",1380,"com.apple.escrowsecurityalert.daily: scheduler_evaluate_activity told me to run this job; however, but the start time isn't for <num> seconds. ignoring.",778,Mac_C0000030,2643,4372,"com. apple. <*>. <*>: scheduler_evaluate_activity told me to run this job; however, but the start time isn ' t for <num> seconds. ignoring.",3,1,frequency_representative
36678,"com.apple.SoftwareUpdate.Activity: scheduler_evaluate_activity told me to run this job; however, but the start time isn't for 4055 seconds. Ignoring.",E113,"<*>: scheduler_evaluate_activity told me to run this job; however, but the start time isn't for <*> seconds. Ignoring.",416,"com.apple.softwareupdate.activity: scheduler_evaluate_activity told me to run this job; however, but the start time isn't for <num> seconds. ignoring.",264,Mac_C0000030,2643,4372,"com. apple. <*>. <*>: scheduler_evaluate_activity told me to run this job; however, but the start time isn ' t for <num> seconds. ignoring.",3,2,complex_sample
40750,"com.apple.suggestions.harvest: scheduler_evaluate_activity told me to run this job; however, but the start time isn't for 11836 seconds. Ignoring.",E113,"<*>: scheduler_evaluate_activity told me to run this job; however, but the start time isn't for <*> seconds. Ignoring.",1247,"com.apple.suggestions.harvest: scheduler_evaluate_activity told me to run this job; however, but the start time isn't for <num> seconds. ignoring.",721,Mac_C0000030,2643,4372,"com. apple. <*>. <*>: scheduler_evaluate_activity told me to run this job; however, but the start time isn ' t for <num> seconds. ignoring.",3,3,diverse_sample
120,"com.apple.icloud.fmfd.heartbeat: scheduler_evaluate_activity told me to run this job; however, but the start time isn't for 440122 seconds. Ignoring.",E113,"<*>: scheduler_evaluate_activity told me to run this job; however, but the start time isn't for <*> seconds. Ignoring.",1718,"com.apple.icloud.fmfd.heartbeat: scheduler_evaluate_activity told me to run this job; however, but the start time isn't for <num> seconds. ignoring.",993,Mac_C0000031,1683,3313,"com. apple. <*>. <*>. <*>: scheduler_evaluate_activity told me to run this job; however, but the start time isn ' t for <num> seconds. ignoring.",2,1,frequency_representative
1058,"com.apple.Safari.SafeBrowsing.Update: scheduler_evaluate_activity told me to run this job; however, but the start time isn't for 50 seconds. Ignoring.",E113,"<*>: scheduler_evaluate_activity told me to run this job; however, but the start time isn't for <*> seconds. Ignoring.",1595,"com.apple.safari.safebrowsing.update: scheduler_evaluate_activity told me to run this job; however, but the start time isn't for <num> seconds. ignoring.",690,Mac_C0000031,1683,3313,"com. apple. <*>. <*>. <*>: scheduler_evaluate_activity told me to run this job; however, but the start time isn ' t for <num> seconds. ignoring.",2,2,complex_sample
46,network changed: v4(en0-:10.105.160.95) v6(en0:2607:f140:6000:8:c6b3:1ff:fecd:467f) DNS! Proxy SMB,E508,network changed: <*> DNS! Proxy SMB,156,network changed: v4(en0-: <ip> ) v6(en0: <ip> ) dns! proxy smb,54,Mac_C0000032,98,248,network changed: v 4 (en 0 <*>: <ip>) v 6 (en 0: <ip>) dns! proxy smb,2,1,frequency_representative
276,network changed: v4(en0+:10.105.160.95) v6(en0:2607:f140:6000:8:c6b3:1ff:fecd:467f) DNS! Proxy SMB,E508,network changed: <*> DNS! Proxy SMB,92,network changed: v4(en0+: <ip> ) v6(en0: <ip> ) dns! proxy smb,44,Mac_C0000032,98,248,network changed: v 4 (en 0 <*>: <ip>) v 6 (en 0: <ip>) dns! proxy smb,2,2,complex_sample
8414,in6_unlink_ifa: IPv6 address 0x77c9114551ab225b has no prefix,E415,in6_unlink_ifa: IPv6 address <*> has no prefix,715,<id> : ipv6 address <hex> has no prefix,45,Mac_C0000033,45,715,<id>: ipv 6 address <hex> has no prefix,1,1,frequency_representative
1425,43: Could not write data to client PID[53](configd) because of error - aborting connection,E229,<*>: Could not write data to client PID[<*>](<*>) because of error - aborting connection,5,<num> : could not write data to client pid[ <num> ](configd) because of error - aborting connection,5,Mac_C0000034,8,8,<num>: could not write data to client pid [<num>] (<*>) because of error-aborting connection,2,1,frequency_representative
91308,160: Could not write data to client PID[279](CalendarAgent) because of error - aborting connection,E229,<*>: Could not write data to client PID[<*>](<*>) because of error - aborting connection,1,<num> : could not write data to client pid[ <num> ](calendaragent) because of error - aborting connection,1,Mac_C0000034,8,8,<num>: could not write data to client pid [<num>] (<*>) because of error-aborting connection,2,2,complex_sample
1426,"43: DNSServiceCreateConnection: 0 registered records, 1 kDNSServiceFlagsShareConnection operation PID[53](configd)",E118,"<*>: DNSServiceCreateConnection: <*> registered records, <*> kDNSServiceFlagsShareConnection operation PID[<*>](<*>)",5,"<num> : dnsservicecreateconnection: <num> registered records, <num> kdnsserviceflagsshareconnection operation pid[ <num> ](configd)",5,Mac_C0000035,8,8,"<num>: dnsservicecreateconnection: <num> registered records, <num> kdnsserviceflagsshareconnection operation pid [<num>] (<*>)",2,1,frequency_representative
91310,"160: DNSServiceCreateConnection: 0 registered records, 1 kDNSServiceFlagsShareConnection operation PID[279](CalendarAgent)",E118,"<*>: DNSServiceCreateConnection: <*> registered records, <*> kDNSServiceFlagsShareConnection operation PID[<*>](<*>)",1,"<num> : dnsservicecreateconnection: <num> registered records, <num> kdnsserviceflagsshareconnection operation pid[ <num> ](calendaragent)",1,Mac_C0000035,8,8,"<num>: dnsservicecreateconnection: <num> registered records, <num> kdnsserviceflagsshareconnection operation pid [<num>] (<*>)",2,2,complex_sample
50,-> DNSServiceGetAddrInfo 0x4000D000 0 v4v6 gmail-imap.l.google.com. PID[11203](),E440,-> DNSServiceGetAddrInfo <*> v4v6 <*>. PID[<*>](),1,-> dnsservicegetaddrinfo <hex> <num> v4v6 gmail-imap.l.google.com. pid[ <num> ](),1,Mac_C0000036,1,1,- > dnsservicegetaddrinfo <hex> <num> v 4 v 6 gmail-imap. l. google. com. pid [<num>] (),1,1,frequency_representative
51,-[NETClientConnection evaluateCrazyIvan46] CI46 - Perform CrazyIvan46! QQ.10018 tc18777 119.81.102.227:80,E468,-[NETClientConnection <*>] <*> - Perform <*>! <*> <*> <*>,1,-[netclientconnection <id> ] ci46 - perform <id> ! <id> tc18777 <ip>,1,Mac_C0000037,1,1,- [netclientconnection <id>] ci 46-perform <id>! <id> tc 18777 <ip>,1,1,frequency_representative
52,Saw change in network reachability (isReachable=0),E354,Saw change in network reachability (isReachable=<*>),362,saw change in network reachability (isreachable= <num> ),2,Mac_C0000038,2,362,saw change in network reachability (isreachable = <num>),1,1,frequency_representative
53,network changed: v6(en0-:2607:f140:6000:8:c6b3:1ff:fecd:467f) DNS- Proxy-,E523,network changed: <*> DNS- Proxy-,147,network changed: v6(en0-: <ip> ) dns- proxy-,20,Mac_C0000039,27,157,network changed: v <*> (en 0 -: <ip>) dns-proxy -,2,1,frequency_representative
41057,network changed: v4(en0-:10.105.162.105) DNS- Proxy-,E523,network changed: <*> DNS- Proxy-,10,network changed: v4(en0-: <ip> ) dns- proxy-,7,Mac_C0000039,27,157,network changed: v <*> (en 0 -: <ip>) dns-proxy -,2,2,complex_sample
54,Captive: CNPluginHandler en0: Inactive,E457,Captive: CNPluginHandler <*>: Inactive,181,captive: cnpluginhandler en0: inactive,1,Mac_C0000040,1,181,captive: cnpluginhandler en 0: inactive,1,1,frequency_representative
55,[09:00:56.119] <<<< CRABS >>>> crabsFlumeHostUnavailable: [0x7f961cf08cf0] Byte flume reports host unavailable.,E184,[<*>] <<<< CRABS >>>> crabsFlumeHostUnavailable: [<*>] Byte flume reports host unavailable.,222,[ <ip> . <num> ] <<<< crabs >>>> crabsflumehostunavailable: [ <hex> ] byte flume reports host unavailable.,222,Mac_C0000041,222,222,[<ip>. <num>] < < < <crabs> > > > crabsflumehostunavailable: [<hex>] byte flume reports host unavailable.,1,1,frequency_representative
56,__42-[NETClientConnection evaluateCrazyIvan46]_block_invoke CI46 - Hit by torpedo! QQ.10018 tc18777 119.81.102.227:80,E224,<*>[NETClientConnection evaluateCrazyIvan46]_block_invoke <*> - Hit by torpedo! <*> <*> <*>,1,__42-[netclientconnection <id> ]_block_invoke ci46 - hit by torpedo! <id> tc18777 <ip>,1,Mac_C0000042,1,1,__ 42-[netclientconnection <id>] _block_invoke ci 46-hit by torpedo! <id> tc 18777 <ip>,1,1,frequency_representative
57,-[NETClientConnection effectiveBundleID] using process name apsd as bundle ID (this is expected for daemons without bundle ID,E91,-[NETClientConnection effectiveBundleID] using process name <*> as bundle ID (this is expected for daemons without bundle ID,516,-[netclientconnection effectivebundleid] using process name apsd as bundle id (this is expected for daemons without bundle id,1,Mac_C0000043,11,769,- [netclientconnection effectivebundleid] using process name <*> as bundle id (this is expected for daemons without bundle id,3,1,frequency_representative
3742,-[NETClientConnection effectiveBundleID] using process name AddressBookSour as bundle ID (this is expected for daemons without bundle ID,E91,-[NETClientConnection effectiveBundleID] using process name <*> as bundle ID (this is expected for daemons without bundle ID,80,-[netclientconnection effectivebundleid] using process name addressbooksour as bundle id (this is expected for daemons without bundle id,1,Mac_C0000043,11,769,- [netclientconnection effectivebundleid] using process name <*> as bundle id (this is expected for daemons without bundle id,3,2,complex_sample
417,-[NETClientConnection effectiveBundleID] using process name locationd as bundle ID (this is expected for daemons without bundle ID,E91,-[NETClientConnection effectiveBundleID] using process name <*> as bundle ID (this is expected for daemons without bundle ID,33,-[netclientconnection effectivebundleid] using process name locationd as bundle id (this is expected for daemons without bundle id,1,Mac_C0000043,11,769,- [netclientconnection effectivebundleid] using process name <*> as bundle id (this is expected for daemons without bundle id,3,3,diverse_sample
58,__73-[NetworkAnalyticsEngine observeValueForKeyPath:ofObject:change:context:]_block_invoke unexpected switch value 2,E92,<*>[NetworkAnalyticsEngine observeValueForKeyPath:ofObject:change:context:]_block_invoke unexpected switch value <*>,503,__73-[networkanalyticsengine observevalueforkeypath:ofobject:change:context:]_block_invoke unexpected switch value <num>,1,Mac_C0000044,1,503,__ 73-[networkanalyticsengine observevalueforkeypath: ofobject: change: context:] _block_invoke unexpected switch value <num>,1,1,frequency_representative
59,[0701/090056:WARNING:dns_config_service_posix.cc(306)] Failed to read DnsConfig.,E493,[<*>(<*>)] Failed to read DnsConfig.,185,[ <num> / <id> ( <num> )] failed to read dnsconfig.,175,Mac_C0000045,175,185,[<num>/<id> (<num>)] failed to read dnsconfig.,1,1,frequency_representative
8074,"PM response took 28003 ms (54, powerd)",E581,"PM response took <*> ms (<*>, <*>)",629,"pm response took <num> ms ( <num> , powerd)",299,Mac_C0000046,330,661,"pm response took <num> ms (<num>, <*>)",3,1,frequency_representative
52203,"PM response took 106 ms (30167, LookupViewServic)",E581,"PM response took <*> ms (<*>, <*>)",4,"pm response took <num> ms ( <num> , lookupviewservic)",4,Mac_C0000046,330,661,"pm response took <num> ms (<num>, <*>)",3,2,complex_sample
52217,"PM response took 110 ms (32807, Dictionary)",E581,"PM response took <*> ms (<*>, <*>)",2,"pm response took <num> ms ( <num> , dictionary)",1,Mac_C0000046,330,661,"pm response took <num> ms (<num>, <*>)",3,3,diverse_sample
61,"Setting BTCoex Config: enable_2G:1, profile_2g:0, enable_5G:1, profile_5G:0",E241,"Setting BTCoex Config: enable_2G:<*>, profile_2g:<*>, enable_5G:<*>, profile_5G:<*>",388,"setting btcoex config: <id> , <id> , <id> , <id>",1,Mac_C0000047,1,388,"setting btcoex config: <id>, <id>, <id>, <id>",1,1,frequency_representative
1367,09:23:26.531 : BTLE scanner Powered On,E580,<*> : BTLE scanner Powered <*>,323,<ip> . <num> : btle scanner powered on,321,Mac_C0000048,321,323,<ip>. <num>: btle scanner powered on,1,1,frequency_representative
64,"network_reachability_changed : network is not reachable, netbiosd is shutting down",E193,"network_reachability_changed : network is not reachable, netbiosd is shutting down",179,"network_reachability_changed : network is not reachable, netbiosd is shutting down",1,Mac_C0000049,1,179,"network_reachability_changed: network is not reachable, netbiosd is shutting down",1,1,frequency_representative
66,-[UABestAppSuggestionManager notifyBestAppChanged:type:options:bundleIdentifier:activityType:dynamicIdentifier:when:confidence:deviceName:deviceIdentifier:deviceType:] (null) UASuggestedActionType=0 (null)/(null) opts=(null) when=2017-07-01 16:00:56 +0000 confidence=1 from=(null)/(null) (UABestAppSuggestionManager.m #319),E11,-[UABestAppSuggestionManager notifyBestAppChanged:type:options:bundleIdentifier:activityType:dynamicIdentifier:when:confidence:deviceName:deviceIdentifier:deviceType:] (<*>) UASuggestedActionType=<*> (<*>)/(<*>) opts=(<*>) when=<*> confidence=<*> from=(<*>)/(<*>) (<*> #<*>),533,-[uabestappsuggestionmanager notifybestappchanged:type:options:bundleidentifier:activitytype:dynamicidentifier:when:confidence:devicename:deviceidentifier:devicetype:] (null) uasuggestedactiontype= <num> (null)/(null) opts=(null) when= <date> <ip> <num> confidence= <num> from=(null)/(null) (uabestappsuggestionmanager.m # <num> ),533,Mac_C0000050,533,533,- [uabestappsuggestionmanager notifybestappchanged: type: options: bundleidentifier: activitytype: dynamicidentifier: when: confidence: devicename: deviceidentifier: devicetype:] (null) uasuggestedactiontype = <num> (null)/(null) opts = (null) when = <date> <ip> <num> confidence = <num> from = (null)/(null) (uabestappsuggestionmanager. m # <num>),1,1,frequency_representative
68,IO80211AWDLPeerManager::setAwdlOperatingMode Setting the AWDL operation mode from AUTO to SUSPENDED,E175,IO80211AWDLPeerManager::setAwdlOperatingMode Setting the AWDL operation mode from <*> to <*>,535,<id> setting the awdl operation mode from auto to suspended,1,Mac_C0000051,1,535,<id> setting the awdl operation mode from auto to suspended,1,1,frequency_representative
69,"IO80211AWDLPeerManager::setAwdlSuspendedMode() Suspending AWDL, enterQuietMode(true)",E174,"IO80211AWDLPeerManager::setAwdlSuspendedMode() Suspending AWDL, enterQuietMode(<*>)",535,"<id> () suspending awdl, enterquietmode(true)",1,Mac_C0000052,1,535,"<id> () suspending awdl, enterquietmode (true)",1,1,frequency_representative
71,ARPT: 620653.785355: wlc_dump_aggfifo:,E542,ARPT: <*>: wlc_dump_aggfifo:,418,arpt: <num> : wlc_dump_aggfifo:,418,Mac_C0000053,418,418,arpt: <num>: wlc_dump_aggfifo:,1,1,frequency_representative
72,ARPT: 620653.785414: framerdy 0x0 bmccmd 3 framecnt 1024,E504,ARPT: <*>: framerdy <*> bmccmd <*> framecnt <*>,418,arpt: <num> : framerdy <hex> bmccmd <num> framecnt <num>,418,Mac_C0000054,418,418,arpt: <num>: framerdy <hex> bmccmd <num> framecnt <num>,1,1,frequency_representative
73,ARPT: 620653.785517: AQM agg params 0xfc0 maxlen hi/lo 0x0 0xffff minlen 0x0 adjlen 0x0,E379,ARPT: <*>: AQM agg params <*> maxlen hi/lo <*> minlen <*> adjlen <*>,418,arpt: <num> : aqm agg params <hex> maxlen hi/lo <hex> <hex> minlen <hex> adjlen <hex>,418,Mac_C0000055,418,418,arpt: <num>: aqm agg params <hex> maxlen hi/lo <hex> <hex> minlen <hex> adjlen <hex>,1,1,frequency_representative
74,ARPT: 620653.785561: AQM agg results 0x8001 len hi/lo: 0x0 0x67 BAbitmap(0-3) 0 0 0 0,E398,ARPT: <*>: AQM agg results <*> len hi/lo: <*> BAbitmap(<*>-<*>) <*>,418,arpt: <num> : aqm agg results <hex> len hi/lo: <hex> <hex> babitmap( <num> - <num> ) <num> <num> <num> <num>,418,Mac_C0000056,418,418,arpt: <num>: aqm agg results <hex> len hi/lo: <hex> <hex> babitmap (<num>-<num>) <num> <num> <num> <num>,1,1,frequency_representative
75,Received Capture Event,E566,Received Capture Event,959,received capture event,1,Mac_C0000057,1,959,received capture event,1,1,frequency_representative
76,CCFile::captureLog,E584,CCFile::captureLog,968,ccfile::capturelog,1,Mac_C0000058,1,968,ccfile:: capturelog,1,1,frequency_representative
77,"CCFile::captureLog Received Capture notice id: 1498924856.421273, reason = AssocFail:sts:5_rsn:0",E318,"CCFile::captureLog Received Capture notice id: <*>, reason = <*>",967,"ccfile::capturelog received capture notice id: <num> , reason = <id>",417,Mac_C0000059,417,967,"ccfile:: capturelog received capture notice id: <num>, reason = <id>",1,1,frequency_representative
61710,"CCFile::copyFile fileName is [2017-07-05_14,03,42.484306]-AirPortBrcm4360_Logs-001.txt, source path:/var/log/CoreCapture/com.apple.driver.AirPort.Brcm4360.0/DriverLogs//[2017-07-05_14,03,42.484306]-AirPortBrcm4360_Logs-001.txt, dest path:/Library/Logs/CrashReporter/CoreCapture/com.apple.driver.AirPort.Brcm4360.0/[2017-07-05_14,03,41.480948]=AssocFail:sts:5_rsn:0/DriverLogs//[2017-07-05_14,03,42.484306]-AirPortBrcm4360_Logs-001.txt",E314,"CCFile::copyFile fileName is [<*>]-<*>, source path:<*>, dest path:<*>",67,"ccfile::copyfile filename is [ <num> - <num> -05_14, <num> , <num> ]- <id> , source path: <path> <id> /driverlogs//[ <num> - <num> -05_14, <num> , <num> ]- <id> , dest path: <path> <id> /[ <num> - <num> -05_14, <num> , <num> ]= <id> /driverlogs//[ <num> - <num> -05_14, <num> , <num> ]- <id>",67,Mac_C0000060,1283,1283,"ccfile:: copyfile filename is [<num>-<num>-<*> _ <*>, <num>, <num>]-<id>, source path: <path> <id>/<*>// [<num>-<num>-<*> _ <*>, <num>, <num>]-<id>, dest path: <path> <id>/[<num>-<num>-<*> _ <*>, <num>, <num>] = <*>/<*>// [<num>-<num>-<*> _ <*>, <num>, <num>]-<id>",3,1,frequency_representative
87567,"CCFile::copyFile fileName is [2017-07-07_12,23,13.915919]-AirPortBrcm4360_Logs-001.txt, source path:/var/log/CoreCapture/com.apple.driver.AirPort.Brcm4360.0/DriverLogs//[2017-07-07_12,23,13.915919]-AirPortBrcm4360_Logs-001.txt, dest path:/Library/Logs/CrashReporter/CoreCapture/com.apple.driver.AirPort.Brcm4360.0/[2017-07-07_12,23,12.840043]=AssocFail:sts:5_rsn:0/DriverLogs//[2017-07-07_12,23,13.915919]-AirPortBrcm4360_Logs-001.txt",E314,"CCFile::copyFile fileName is [<*>]-<*>, source path:<*>, dest path:<*>",13,"ccfile::copyfile filename is [ <num> - <num> -07_12, <num> , <num> ]- <id> , source path: <path> <id> /driverlogs//[ <num> - <num> -07_12, <num> , <num> ]- <id> , dest path: <path> <id> /[ <num> - <num> -07_12, <num> , <num> ]= <id> /driverlogs//[ <num> - <num> -07_12, <num> , <num> ]- <id>",13,Mac_C0000060,1283,1283,"ccfile:: copyfile filename is [<num>-<num>-<*> _ <*>, <num>, <num>]-<id>, source path: <path> <id>/<*>// [<num>-<num>-<*> _ <*>, <num>, <num>]-<id>, dest path: <path> <id>/[<num>-<num>-<*> _ <*>, <num>, <num>] = <*>/<*>// [<num>-<num>-<*> _ <*>, <num>, <num>]-<id>",3,2,complex_sample
32898,"CCFile::copyFile fileName is [2017-07-03_18,58,10.572800]-CCIOReporter-009.xml, source path:/var/log/CoreCapture/com.apple.iokit.IO80211Family/OneStats//[2017-07-03_18,58,10.572800]-CCIOReporter-009.xml, dest path:/Library/Logs/CrashReporter/CoreCapture/com.apple.iokit.IO80211Family/[2017-07-03_18,58,47.571411]=BeaconLost/OneStats//[2017-07-03_18,58,10.572800]-CCIOReporter-009.xml",E314,"CCFile::copyFile fileName is [<*>]-<*>, source path:<*>, dest path:<*>",1,"ccfile::copyfile filename is [ <num> - <num> -03_18, <num> , <num> ]- <id> , source path: <path> <id> /onestats//[ <num> - <num> -03_18, <num> , <num> ]- <id> , dest path: <path> <id> /[ <num> - <num> -03_18, <num> , <num> ]=beaconlost/onestats//[ <num> - <num> -03_18, <num> , <num> ]- <id>",1,Mac_C0000060,1283,1283,"ccfile:: copyfile filename is [<num>-<num>-<*> _ <*>, <num>, <num>]-<id>, source path: <path> <id>/<*>// [<num>-<num>-<*> _ <*>, <num>, <num>]-<id>, dest path: <path> <id>/[<num>-<num>-<*> _ <*>, <num>, <num>] = <*>/<*>// [<num>-<num>-<*> _ <*>, <num>, <num>]-<id>",3,3,diverse_sample
82,CCIOReporterFormatter::refreshSubscriptionsFromStreamRegistry clearing out any previous subscriptions,E110,CCIOReporterFormatter::refreshSubscriptionsFromStreamRegistry clearing out any previous subscriptions,472,ccioreporterformatter::refreshsubscriptionsfromstreamregistry clearing out any previous subscriptions,1,Mac_C0000061,1,472,ccioreporterformatter:: refreshsubscriptionsfromstreamregistry clearing out any previous subscriptions,1,1,frequency_representative
83,CCIOReporterFormatter::addRegistryChildToChannelDictionary streams 7,E235,CCIOReporterFormatter::addRegistryChildToChannelDictionary streams <*>,472,ccioreporterformatter::addregistrychildtochanneldictionary streams <num>,1,Mac_C0000062,1,472,ccioreporterformatter:: addregistrychildtochanneldictionary streams <num>,1,1,frequency_representative
28316,"CCFile::captureLogRun Skipping current file Dir file [2017-07-03_16,05,51.006729]-AirPortBrcm4360_Logs-002.txt, Current File [2017-07-03_16,05,51.006729]-AirPortBrcm4360_Logs-002.txt",E267,"CCFile::captureLogRun Skipping current file Dir file <*>, Current File <*>",198,"ccfile::capturelogrun skipping current file dir file [ <num> - <num> -03_16, <num> , <num> ]- <id> , current file [ <num> - <num> -03_16, <num> , <num> ]- <id>",198,Mac_C0000063,1254,1254,"ccfile:: capturelogrun skipping current file dir file [<num>-<num>-<*> _ <*>, <num>, <num>]-<id>, current file [<num>-<num>-<*> _ <*>, <num>, <num>]-<id>",3,1,frequency_representative
88108,"CCFile::captureLogRun Skipping current file Dir file [2017-07-07_13,38,17.270949]-AirPortBrcm4360_Logs-002.txt, Current File [2017-07-07_13,38,17.270949]-AirPortBrcm4360_Logs-002.txt",E267,"CCFile::captureLogRun Skipping current file Dir file <*>, Current File <*>",153,"ccfile::capturelogrun skipping current file dir file [ <num> - <num> -07_13, <num> , <num> ]- <id> , current file [ <num> - <num> -07_13, <num> , <num> ]- <id>",153,Mac_C0000063,1254,1254,"ccfile:: capturelogrun skipping current file dir file [<num>-<num>-<*> _ <*>, <num>, <num>]-<id>, current file [<num>-<num>-<*> _ <*>, <num>, <num>]-<id>",3,2,complex_sample
46290,"CCFile::captureLogRun Skipping current file Dir file [2017-07-04_12,34,56.774924]-CCIOReporter-002.xml, Current File [2017-07-04_12,34,56.774924]-CCIOReporter-002.xml",E267,"CCFile::captureLogRun Skipping current file Dir file <*>, Current File <*>",6,"ccfile::capturelogrun skipping current file dir file [ <num> - <num> -04_12, <num> , <num> ]- <id> , current file [ <num> - <num> -04_12, <num> , <num> ]- <id>",6,Mac_C0000063,1254,1254,"ccfile:: capturelogrun skipping current file dir file [<num>-<num>-<*> _ <*>, <num>, <num>]-<id>, current file [<num>-<num>-<*> _ <*>, <num>, <num>]-<id>",3,3,diverse_sample
85,CCFile::captureLogRun() Exiting CCFile::captureLogRun,E310,CCFile::captureLogRun() Exiting CCFile::captureLogRun,1242,ccfile::capturelogrun() exiting ccfile::capturelogrun,1,Mac_C0000064,1,1242,ccfile:: capturelogrun () exiting ccfile:: capturelogrun,1,1,frequency_representative
28461,"doSaveChannels@286: Will write to: /Library/Logs/CrashReporter/CoreCapture/IOReporters/[2017-07-03_16,05,49.979147] - AuthFail:sts:5_rsn:0.xml",E492,doSaveChannels@<*>: Will write to: <*> - <*>,66,"dosavechannels@ <num> : will write to: <path> [ <num> - <num> -03_16, <num> , <num> ] - <id>",66,Mac_C0000065,417,418,"dosavechannels @ <num>: will write to: <path> [<num>-<num>-<*> _ <*>, <num>, <num>]-<id>",3,1,frequency_representative
61714,"doSaveChannels@286: Will write to: /Library/Logs/CrashReporter/CoreCapture/IOReporters/[2017-07-05_14,03,41.480948] - AssocFail:sts:5_rsn:0.xml",E492,doSaveChannels@<*>: Will write to: <*> - <*>,66,"dosavechannels@ <num> : will write to: <path> [ <num> - <num> -05_14, <num> , <num> ] - <id>",66,Mac_C0000065,417,418,"dosavechannels @ <num>: will write to: <path> [<num>-<num>-<*> _ <*>, <num>, <num>]-<id>",3,2,complex_sample
88146,"doSaveChannels@286: Will write to: /Library/Logs/CrashReporter/CoreCapture/IOReporters/[2017-07-07_13,38,16.956408] - AuthFail:sts:5_rsn:0.xml",E492,doSaveChannels@<*>: Will write to: <*> - <*>,51,"dosavechannels@ <num> : will write to: <path> [ <num> - <num> -07_13, <num> , <num> ] - <id>",51,Mac_C0000065,417,418,"dosavechannels @ <num>: will write to: <path> [<num>-<num>-<*> _ <*>, <num>, <num>]-<id>",3,3,diverse_sample
97,AppleCamIn::handleWakeEvent_gated,E448,AppleCamIn::handleWakeEvent_gated,701,applecamin::handlewakeevent_gated,1,Mac_C0000066,1,701,applecamin:: handlewakeevent_gated,1,1,frequency_representative
102,Captive: [CNInfoNetworkActive:1748] en0: SSID 'CalVisitor' making interface primary (cache indicates network not captive),E119,Captive: [CNInfoNetworkActive:<*>] <*>: SSID <*> making interface primary (cache indicates network not captive),177,captive: [ <id> ] en0: ssid 'calvisitor' making interface primary (cache indicates network not captive),1,Mac_C0000067,2,181,captive: [<id>] en 0: ssid ' <*> ' making interface primary (cache indicates network not captive),2,1,frequency_representative
17861,Captive: [CNInfoNetworkActive:1748] en0: SSID 'AirBears2' making interface primary (cache indicates network not captive),E119,Captive: [CNInfoNetworkActive:<*>] <*>: SSID <*> making interface primary (cache indicates network not captive),4,captive: [ <id> ] en0: ssid ' <id> ' making interface primary (cache indicates network not captive),1,Mac_C0000067,2,181,captive: [<id>] en 0: ssid ' <*> ' making interface primary (cache indicates network not captive),2,2,complex_sample
103,network changed: DNS* Proxy,E575,network changed: DNS* <*>,180,network changed: dns* proxy,1,Mac_C0000068,1,180,network changed: dns * proxy,1,1,frequency_representative
105,Captive: en0: Not probing 'CalVisitor' (cache indicates not captive),E337,Captive: <*>: Not probing <*> (cache indicates not captive),177,captive: en0: not probing 'calvisitor' (cache indicates not captive),1,Mac_C0000069,2,181,captive: en 0: not probing ' <*> ' (cache indicates not captive),2,1,frequency_representative
17862,Captive: en0: Not probing 'AirBears2' (cache indicates not captive),E337,Captive: <*>: Not probing <*> (cache indicates not captive),4,captive: en0: not probing ' <id> ' (cache indicates not captive),1,Mac_C0000069,2,181,captive: en 0: not probing ' <*> ' (cache indicates not captive),2,2,complex_sample
106,network changed: v4(en0!:10.105.160.95) DNS+ Proxy+ SMB,E500,network changed: <*> DNS+ Proxy+ SMB,95,network changed: v4(en0!: <ip> ) dns+ proxy+ smb,17,Mac_C0000070,19,179,network changed: v <*> (en 0!: <ip>) dns + proxy + smb,2,1,frequency_representative
266,network changed: v6(en0!:2607:f140:6000:8:c6b3:1ff:fecd:467f) DNS+ Proxy+ SMB,E500,network changed: <*> DNS+ Proxy+ SMB,84,network changed: v6(en0!: <ip> ) dns+ proxy+ smb,2,Mac_C0000070,19,179,network changed: v <*> (en 0!: <ip>) dns + proxy + smb,2,2,complex_sample
107,"setting hostname to ""calvisitor-10-105-160-95.calvisitor.1918.berkeley.edu""",E577,"setting hostname to ""<*>""",178,"setting hostname to "" <id> """,37,Mac_C0000071,37,178,"setting hostname to "" <id> """,1,1,frequency_representative
108,en0: 802.11d country code set to 'US'.,E591,<*>: <*> country code set to <*>,224,en0: <num> .11d country code set to 'us'.,1,Mac_C0000072,1,224,en 0: <num>. 11 d country code set to ' us '.,1,1,frequency_representative
109,en0: Supported channels 1 2 3 4 5 6 7 8 9 10 11 12 13 36 40 44 48 52 56 60 64 100 104 108 112 116 120 124 128 132 136 140 144 149 153 157 161 165,E586,<*>: Supported channels <*>,222,en0: supported channels <num> <num> <num> <num> <num> <num> <num> <num> <num> <num> <num> <num> <num> <num> <num> <num> <num> <num> <num> <num> <num> <num> <num> <num> <num> <num> <num> <num> <num> <num> <num> <num> <num> <num> <num> <num> <num> <num>,1,Mac_C0000073,1,222,en 0: supported channels <num> <num> <num> <num> <num> <num> <num> <num> <num> <num> <num> <num> <num> <num> <num> <num> <num> <num> <num> <num> <num> <num> <num> <num> <num> <num> <num> <num> <num> <num> <num> <num> <num> <num> <num> <num> <num> <num>,1,1,frequency_representative
110,"Unexpected payload found for message 9, dataLen 0",E387,"Unexpected payload found for message <*>, dataLen <*>",255,"unexpected payload found for message <num> , datalen <num>",2,Mac_C0000074,2,255,"unexpected payload found for message <num>, datalen <num>",1,1,frequency_representative
111,network changed: v4(en0:10.105.160.95) v6(en0+:2607:f140:6000:8:c6b3:1ff:fecd:467f) DNS! Proxy SMB,E508,network changed: <*> DNS! Proxy SMB,86,network changed: v4(en0: <ip> ) v6(en0+: <ip> ) dns! proxy smb,16,Mac_C0000075,16,86,network changed: v 4 (en 0: <ip>) v 6 (en 0 +: <ip>) dns! proxy smb,1,1,frequency_representative
115,IO80211AWDLPeerManager::setAwdlOperatingMode Setting the AWDL operation mode from SUSPENDED to AUTO,E175,IO80211AWDLPeerManager::setAwdlOperatingMode Setting the AWDL operation mode from <*> to <*>,535,<id> setting the awdl operation mode from suspended to auto,1,Mac_C0000076,1,535,<id> setting the awdl operation mode from suspended to auto,1,1,frequency_representative
116,IO80211AWDLPeerManager::setAwdlAutoMode Resuming AWDL,E311,IO80211AWDLPeerManager::setAwdlAutoMode Resuming AWDL,521,<id> resuming awdl,1,Mac_C0000077,1,521,<id> resuming awdl,1,1,frequency_representative
117,[09:01:01.126] <<<< CRABS >>>> crabsFlumeHostAvailable: [0x7f961cf08cf0] Byte flume reports host available again.,E188,[<*>] <<<< CRABS >>>> crabsFlumeHostAvailable: <*> Byte flume reports host available again.,212,[ <ip> . <num> ] <<<< crabs >>>> crabsflumehostavailable: [ <hex> ] byte flume reports host available again.,212,Mac_C0000078,212,212,[<ip>. <num>] < < < <crabs> > > > crabsflumehostavailable: [<hex>] byte flume reports host available again.,1,1,frequency_representative
118,QQ(10018) deny mach-lookup com.apple.networking.captivenetworksupport,E592,<*>(<*>) deny mach-lookup <*>,112,qq( <num> ) deny mach-lookup com.apple.networking.captivenetworksupport,1,Mac_C0000079,1,112,qq (<num>) deny mach-lookup com. apple. networking. captivenetworksupport,1,1,frequency_representative
125,############################## _getSysMsgList,E352,############################## _getSysMsgList,343,############################## _getsysmsglist,1,Mac_C0000080,1,343,# # # # # # # # # # # # # # # # # # # # # # # # # # # # # # _getsysmsglist,1,1,frequency_representative
129,AOSKit ERROR: XPC CLIENT: Connection [0x7fa11ad29e00] event handler received event with type: [XPC_TYPE_ERROR]. Description: [Connection interrupted],E162,AOSKit ERROR: XPC CLIENT: Connection <*> event handler received event with type: [<*>]. Description: <*>,1,aoskit error: xpc client: connection [ <hex> ] event handler received event with type: [xpc_type_error]. description: [connection interrupted],1,Mac_C0000081,1,1,aoskit error: xpc client: connection [<hex>] event handler received event with type: [xpc_type_error]. description: [connection interrupted],1,1,frequency_representative
145,Thermal pressure state: 0 Memory pressure state: 0,E376,Thermal pressure state: <*> Memory pressure state: <*>,1859,thermal pressure state: <num> memory pressure state: <num>,2,Mac_C0000082,2,1859,thermal pressure state: <num> memory pressure state: <num>,1,1,frequency_representative
143,FA||Url||taskID[2019352994] dealloc,E534,FA||Url||taskID[<*>] dealloc,888,fa||url||taskid[ <num> ] dealloc,888,Mac_C0000083,888,888,fa | | url | | taskid [<num>] dealloc,1,1,frequency_representative
156,ASL Sender Statistics,E574,ASL Sender Statistics,643,asl sender statistics,1,Mac_C0000084,1,643,asl sender statistics,1,1,frequency_representative
158,"ARPT: 620686.448311: wl0: Roamed or switched channel, reason #8, bssid 5c:50:15:4c:18:13, last RSSI -61",E301,"ARPT: <*>: <*>: Roamed or switched channel, reason #<*>, bssid <*>, last RSSI <*>",150,"arpt: <num> : wl0: roamed or switched channel, reason # <num> , bssid <ip> , last rssi <num>",150,Mac_C0000085,150,150,"arpt: <num>: wl 0: roamed or switched channel, reason # <num>, bssid <ip>, last rssi <num>",1,1,frequency_representative
166,mDNS_RegisterInterface: Frequent transitions for interface en0 (FE80:0000:0000:0000:C6B3:01FF:FECD:467F),E286,mDNS_RegisterInterface: Frequent transitions for interface <*> (<*>),261,mdns_registerinterface: frequent transitions for interface en0 ( <ip> ),13,Mac_C0000086,14,318,mdns_registerinterface: frequent transitions for interface <*> 0 (<ip>),2,1,frequency_representative
223,mDNS_RegisterInterface: Frequent transitions for interface awdl0 (FE80:0000:0000:0000:D8A5:90FF:FEF5:7FFF),E286,mDNS_RegisterInterface: Frequent transitions for interface <*> (<*>),57,mdns_registerinterface: frequent transitions for interface awdl0 ( <ip> ),1,Mac_C0000086,14,318,mdns_registerinterface: frequent transitions for interface <*> 0 (<ip>),2,2,complex_sample
168,"ARPT: 620698.465919: wl0: setup_keepalive: interval 900, retry_interval 30, retry_count 10",E275,"ARPT: <*>: <*>: setup_keepalive: interval <*>, retry_interval <*>, retry_count <*>",445,"arpt: <num> : wl0: setup_keepalive: interval <num> , retry_interval <num> , retry_count <num>",445,Mac_C0000087,445,445,"arpt: <num>: wl 0: setup_keepalive: interval <num>, retry_interval <num>, retry_count <num>",1,1,frequency_representative
169,ARPT: 620698.465936: wl0: setup_keepalive: Local IP: 10.105.160.95,E467,ARPT: <*>: <*>: setup_keepalive: Local IP: <*>,445,arpt: <num> : wl0: setup_keepalive: local ip: <ip>,445,Mac_C0000088,445,445,arpt: <num>: wl 0: setup_keepalive: local ip: <ip>,1,1,frequency_representative
170,"ARPT: 620698.465952: wl0: setup_keepalive: Local port: 61288, Remote port: 443",E350,"ARPT: <*>: <*>: setup_keepalive: Local port: <*>, Remote port: <*>",445,"arpt: <num> : wl0: setup_keepalive: local port: <num> , remote port: <num>",445,Mac_C0000089,445,445,"arpt: <num>: wl 0: setup_keepalive: local port: <num>, remote port: <num>",1,1,frequency_representative
171,"ARPT: 620698.465961: wl0: setup_keepalive: Seq: 3388315461, Ack: 3113814160, Win size: 4096",E380,"ARPT: <*>: <*>: setup_keepalive: Seq: <*>, Ack: <*>, Win size: <*>",445,"arpt: <num> : wl0: setup_keepalive: seq: <num> , ack: <num> , win size: <num>",445,Mac_C0000090,445,445,"arpt: <num>: wl 0: setup_keepalive: seq: <num>, ack: <num>, win size: <num>",1,1,frequency_representative
173,ARPT: 620698.466000: wl0: MDNS: IPV6 Addr: fe80:0:0:0:c6b3:1ff:fecd:467f,E593,ARPT: <*>: <*>: MDNS: <*> Addr: <*>,1325,arpt: <num> : wl0: mdns: ipv6 addr: <ip>,1325,Mac_C0000091,1770,1770,arpt: <num>: wl 0: mdns: ipv <*> addr: <ip>,2,1,frequency_representative
172,ARPT: 620698.465991: wl0: MDNS: IPV4 Addr: 10.105.160.95,E593,ARPT: <*>: <*>: MDNS: <*> Addr: <*>,445,arpt: <num> : wl0: mdns: ipv4 addr: <ip>,445,Mac_C0000091,1770,1770,arpt: <num>: wl 0: mdns: ipv <*> addr: <ip>,2,2,complex_sample
176,"ARPT: 620698.466027: wl0: MDNS: 0 SRV Recs, 0 TXT Recs",E515,"ARPT: <*>: <*>: MDNS: <*> SRV Recs, <*> TXT Recs",445,"arpt: <num> : wl0: mdns: <num> srv recs, <num> txt recs",445,Mac_C0000092,445,445,"arpt: <num>: wl 0: mdns: <num> srv recs, <num> txt recs",1,1,frequency_representative
178,ARPT: 620700.454496: AirPort_Brcm43xx::powerChange: System Sleep,E336,ARPT: <*>: AirPort_Brcm43xx::powerChange: System Sleep,532,arpt: <num> : <id> : system sleep,532,Mac_C0000093,532,532,arpt: <num>: <id>: system sleep,1,1,frequency_representative
7939,"ARPT: 627193.604454: IOPMPowerSource Information: onSleep, SleepType: Normal Sleep, 'ExternalConnected': No, 'TimeRemaining': 65535,",E129,"ARPT: <*>: IOPMPowerSource Information: onSleep, SleepType: <*>, 'ExternalConnected': <*>, 'TimeRemaining': <*>,",240,"arpt: <num> : iopmpowersource information: onsleep, sleeptype: normal sleep, 'externalconnected': no, 'timeremaining': <num> ,",240,Mac_C0000094,475,475,"arpt: <num>: iopmpowersource information: onsleep, sleeptype: normal sleep, ' externalconnected ': <*>, ' timeremaining ': <num>,",2,1,frequency_representative
179,"ARPT: 620700.454519: IOPMPowerSource Information: onSleep, SleepType: Normal Sleep, 'ExternalConnected': Yes, 'TimeRemaining': 0,",E129,"ARPT: <*>: IOPMPowerSource Information: onSleep, SleepType: <*>, 'ExternalConnected': <*>, 'TimeRemaining': <*>,",235,"arpt: <num> : iopmpowersource information: onsleep, sleeptype: normal sleep, 'externalconnected': yes, 'timeremaining': <num> ,",235,Mac_C0000094,475,475,"arpt: <num>: iopmpowersource information: onsleep, sleeptype: normal sleep, ' externalconnected ': <*>, ' timeremaining ': <num>,",2,2,complex_sample
831,mDNS_DeregisterInterface: Frequent transitions for interface en0 (2607:F140:6000:0008:C6B3:01FF:FECD:467F),E273,mDNS_DeregisterInterface: Frequent transitions for interface <*> (<*>),125,mdns_deregisterinterface: frequent transitions for interface en0 ( <ip> ),11,Mac_C0000095,12,185,mdns_deregisterinterface: frequent transitions for interface <*> 0 (<ip>),2,1,frequency_representative
338,mDNS_DeregisterInterface: Frequent transitions for interface awdl0 (FE80:0000:0000:0000:D8A5:90FF:FEF5:7FFF),E273,mDNS_DeregisterInterface: Frequent transitions for interface <*> (<*>),60,mdns_deregisterinterface: frequent transitions for interface awdl0 ( <ip> ),1,Mac_C0000095,12,185,mdns_deregisterinterface: frequent transitions for interface <*> 0 (<ip>),2,2,complex_sample
240,-[NETClientConnection evaluateCrazyIvan46] CI46 - Perform CrazyIvan46! QQ.10018 tc18784 119.81.102.227:80,E468,-[NETClientConnection <*>] <*> - Perform <*>! <*> <*> <*>,1,-[netclientconnection <id> ] ci46 - perform <id> ! <id> tc18784 <ip>,1,Mac_C0000096,1,1,- [netclientconnection <id>] ci 46-perform <id>! <id> tc 18784 <ip>,1,1,frequency_representative
241,__42-[NETClientConnection evaluateCrazyIvan46]_block_invoke CI46 - Hit by torpedo! QQ.10018 tc18784 119.81.102.227:80,E224,<*>[NETClientConnection evaluateCrazyIvan46]_block_invoke <*> - Hit by torpedo! <*> <*> <*>,1,__42-[netclientconnection <id> ]_block_invoke ci46 - hit by torpedo! <id> tc18784 <ip>,1,Mac_C0000097,1,1,__ 42-[netclientconnection <id>] _block_invoke ci 46-hit by torpedo! <id> tc 18784 <ip>,1,1,frequency_representative
271,-[NETClientConnection evaluateCrazyIvan46] CI46 - Perform CrazyIvan46! NeteaseMusic.17988 tc7414 103.251.128.144:80,E468,-[NETClientConnection <*>] <*> - Perform <*>! <*> <*> <*>,1,-[netclientconnection <id> ] ci46 - perform <id> ! <id> tc7414 <ip>,1,Mac_C0000098,1,1,- [netclientconnection <id>] ci 46-perform <id>! <id> tc 7414 <ip>,1,1,frequency_representative
273,-[NETClientConnection evaluateCrazyIvan46] CI46 - Perform CrazyIvan46! QQ.10018 tc18790 119.81.102.227:80,E468,-[NETClientConnection <*>] <*> - Perform <*>! <*> <*> <*>,1,-[netclientconnection <id> ] ci46 - perform <id> ! <id> tc18790 <ip>,1,Mac_C0000099,1,1,- [netclientconnection <id>] ci 46-perform <id>! <id> tc 18790 <ip>,1,1,frequency_representative
275,Unable to start NetBIOS name service:,E454,Unable to start NetBIOS name service:,57,unable to start netbios name service:,1,Mac_C0000100,1,57,unable to start netbios name service:,1,1,frequency_representative
277,__42-[NETClientConnection evaluateCrazyIvan46]_block_invoke CI46 - Hit by torpedo! NeteaseMusic.17988 tc7414 103.251.128.144:80,E224,<*>[NETClientConnection evaluateCrazyIvan46]_block_invoke <*> - Hit by torpedo! <*> <*> <*>,1,__42-[netclientconnection <id> ]_block_invoke ci46 - hit by torpedo! <id> tc7414 <ip>,1,Mac_C0000101,1,1,__ 42-[netclientconnection <id>] _block_invoke ci 46-hit by torpedo! <id> tc 7414 <ip>,1,1,frequency_representative
278,__42-[NETClientConnection evaluateCrazyIvan46]_block_invoke CI46 - Hit by torpedo! QQ.10018 tc18790 119.81.102.227:80,E224,<*>[NETClientConnection evaluateCrazyIvan46]_block_invoke <*> - Hit by torpedo! <*> <*> <*>,1,__42-[netclientconnection <id> ]_block_invoke ci46 - hit by torpedo! <id> tc18790 <ip>,1,Mac_C0000102,1,1,__ 42-[netclientconnection <id>] _block_invoke ci 46-hit by torpedo! <id> tc 18790 <ip>,1,1,frequency_representative
279,tcp_connection_handle_connect_conditions_bad 7414 failed: 3 - No network route,E227,tcp_connection_handle_connect_conditions_bad <*> failed: <*> - No network route,888,tcp_connection_handle_connect_conditions_bad <num> failed: <num> - no network route,888,Mac_C0000103,888,888,tcp_connection_handle_connect_conditions_bad <num> failed: <num>-no network route,1,1,frequency_representative
316,CCProfileMonitor::freeResources done,E434,CCProfileMonitor::freeResources done,55,ccprofilemonitor::freeresources done,1,Mac_C0000104,1,55,ccprofilemonitor:: freeresources done,1,1,frequency_representative
317,Got an XPC error: Connection invalid,E462,Got an XPC error: Connection invalid,55,got an xpc error: connection invalid,1,Mac_C0000105,1,55,got an xpc error: connection invalid,1,1,frequency_representative
318,"CCDataTap::profileRemoved, Owner: com.apple.iokit.IO80211Family, Name: AssociationEventHistory",E405,"CCDataTap::profileRemoved, Owner: <*>, Name: <*>",55,"ccdatatap::profileremoved, owner: com. <id> , name: associationeventhistory",1,Mac_C0000106,1,55,"ccdatatap:: profileremoved, owner: com. <id>, name: associationeventhistory",1,1,frequency_representative
319,"CCLogTap::profileRemoved, Owner: com.apple.iokit.IO80211Family, Name: OneStats",E417,"CCLogTap::profileRemoved, Owner: <*>, Name: <*>",55,"cclogtap::profileremoved, owner: com. <id> , name: onestats",1,Mac_C0000107,1,55,"cclogtap:: profileremoved, owner: com. <id>, name: onestats",1,1,frequency_representative
320,"CCLogTap::profileRemoved, Owner: com.apple.driver.AirPort.Brcm4360.0, Name: DriverLogs",E417,"CCLogTap::profileRemoved, Owner: <*>, Name: <*>",55,"cclogtap::profileremoved, owner: com. <id> , name: driverlogs",1,Mac_C0000108,1,55,"cclogtap:: profileremoved, owner: com. <id>, name: driverlogs",1,1,frequency_representative
321,"CCLogTap::profileRemoved, Owner: com.apple.iokit.IO80211Family, Name: IO80211AWDLPeerManager",E417,"CCLogTap::profileRemoved, Owner: <*>, Name: <*>",55,"cclogtap::profileremoved, owner: com. <id> , name: <id>",1,Mac_C0000109,1,55,"cclogtap:: profileremoved, owner: com. <id>, name: <id>",1,1,frequency_representative
322,"CCDataTap::profileRemoved, Owner: com.apple.driver.AirPort.Brcm4360.0, Name: StateSnapshots",E405,"CCDataTap::profileRemoved, Owner: <*>, Name: <*>",55,"ccdatatap::profileremoved, owner: com. <id> , name: statesnapshots",1,Mac_C0000110,1,55,"ccdatatap:: profileremoved, owner: com. <id>, name: statesnapshots",1,1,frequency_representative
327,Location icon should now be in state 'Active',E455,Location icon should now be in state <*>,691,location icon should now be in state 'active',1,Mac_C0000111,2,1382,location icon should now be in state ' <*> ',2,1,frequency_representative
436,Location icon should now be in state 'Inactive',E455,Location icon should now be in state <*>,691,location icon should now be in state 'inactive',1,Mac_C0000111,2,1382,location icon should now be in state ' <*> ',2,2,complex_sample
328,"NETWORK: requery, 0, 0, 0, 0, 292, items, fQueryRetries, 0, fLastRetryTimestamp, 520616166.1",E256,"NETWORK: requery, <*>, <*>, <*>, <*>, <*>, items, fQueryRetries, <*> fLastRetryTimestamp, <*>",658,"network: requery, <num> , <num> , <num> , <num> , <num> , items, fqueryretries, <num> , flastretrytimestamp, <num>",658,Mac_C0000112,658,658,"network: requery, <num>, <num>, <num>, <num>, <num>, items, fqueryretries, <num>, flastretrytimestamp, <num>",1,1,frequency_representative
393,-[NETClientConnection evaluateCrazyIvan46] CI46 - Perform CrazyIvan46! QQ.10018 tc18791 123.151.137.107:80,E468,-[NETClientConnection <*>] <*> - Perform <*>! <*> <*> <*>,1,-[netclientconnection <id> ] ci46 - perform <id> ! <id> tc18791 <ip>,1,Mac_C0000113,1,1,- [netclientconnection <id>] ci 46-perform <id>! <id> tc 18791 <ip>,1,1,frequency_representative
419,"PBRequester failed with Error Error Domain=NSURLErrorDomain Code=-1009 ""The Internet connection appears to be offline."" UserInfo={NSUnderlyingError=0x7fb7ed339da0 {Error Domain=kCFErrorDomainCFNetwork Code=-1009 ""The Internet connection appears to be offline."" UserInfo={NSErrorFailingURLStringKey=https://gs-loc.apple.com/clls/wloc, NSErrorFailingURLKey=https://gs-loc.apple.com/clls/wloc, _kCFStreamErrorCodeKey=8, _kCFStreamErrorDomainKey=12, NSLocalizedDescription=The Internet connection appears to be offline.}}, NSErrorFailingURLStringKey=https://gs-loc.apple.com/clls/wloc, NSErrorFailingURLKey=https://gs-loc.apple.com/clls/wloc, _kCFStreamErrorDomainKey=12, _kCFStreamErrorCodeKey=8, NSLocalizedDescription=The Internet connection appears to be offline.}",E15,"PBRequester failed with Error Error Domain=<*> Code=<*> <*>"" <*> {Error Domain=<*> Code=<*> <*>"" <*> <*> _kCFStreamErrorCodeKey=<*>, _kCFStreamErrorDomainKey=<*>, NSLocalizedDescription=<*>}}, <*> <*> _kCFStreamErrorDomainKey=<*>, _kCFStreamErrorCodeKey=<*>, NSLocalizedDescription=<*>}",66,"pbrequester failed with error error domain=nsurlerrordomain code= <num> ""the internet connection appears to be offline."" userinfo={nsunderlyingerror= <hex> {error domain=kcferrordomaincfnetwork code= <num> ""the internet connection appears to be offline."" userinfo={nserrorfailingurlstringkey= <url> nserrorfailingurlkey= <url> _kcfstreamerrorcodekey= <num> , _kcfstreamerrordomainkey= <num> , nslocalizeddescription=the internet connection appears to be offline.}}, nserrorfailingurlstringkey= <url> nserrorfailingurlkey= <url> _kcfstreamerrordomainkey= <num> , _kcfstreamerrorcodekey= <num> , nslocalizeddescription=the internet connection appears to be offline.}",62,Mac_C0000114,62,66,"pbrequester failed with error error domain = nsurlerrordomain code = <num> "" the internet connection appears to be offline. "" userinfo = {nsunderlyingerror = <hex> {error domain = kcferrordomaincfnetwork code = <num> "" the internet connection appears to be offline. "" userinfo = {nserrorfailingurlstringkey = <url> nserrorfailingurlkey = <url> _kcfstreamerrorcodekey = <num>, _kcfstreamerrordomainkey = <num>, nslocalizeddescription = the internet connection appears to be offline.}}, nserrorfailingurlstringkey = <url> nserrorfailingurlkey = <url> _kcfstreamerrordomainkey = <num>, _kcfstreamerrorcodekey = <num>, nslocalizeddescription = the internet connection appears to be offline.}",1,1,frequency_representative
395,__42-[NETClientConnection evaluateCrazyIvan46]_block_invoke CI46 - Hit by torpedo! QQ.10018 tc18791 123.151.137.107:80,E224,<*>[NETClientConnection evaluateCrazyIvan46]_block_invoke <*> - Hit by torpedo! <*> <*> <*>,1,__42-[netclientconnection <id> ]_block_invoke ci46 - hit by torpedo! <id> tc18791 <ip>,1,Mac_C0000115,1,1,__ 42-[netclientconnection <id>] _block_invoke ci 46-hit by torpedo! <id> tc 18791 <ip>,1,1,frequency_representative
398,"NETWORK: no response from server, reachability, 2, queryRetries, 0",E285,"NETWORK: no response from server, reachability, <*>, queryRetries, <*>",91,"network: no response from server, reachability, <num> , queryretries, <num>",3,Mac_C0000116,3,91,"network: no response from server, reachability, <num>, queryretries, <num>",1,1,frequency_representative
406,"en0: channel changed to 132,+1",E590,<*>: channel changed to <*>,600,"en0: channel changed to <num> , <num>",22,Mac_C0000117,22,600,"en 0: channel changed to <num>, <num>",1,1,frequency_representative
433,-[NETClientConnection evaluateCrazyIvan46] CI46 - Perform CrazyIvan46! NeteaseMusic.17988 tc7426 103.251.128.144:80,E468,-[NETClientConnection <*>] <*> - Perform <*>! <*> <*> <*>,1,-[netclientconnection <id> ] ci46 - perform <id> ! <id> tc7426 <ip>,1,Mac_C0000118,1,1,- [netclientconnection <id>] ci 46-perform <id>! <id> tc 7426 <ip>,1,1,frequency_representative
435,-[NETClientConnection evaluateCrazyIvan46] CI46 - Perform CrazyIvan46! QQ.10018 tc18801 119.81.102.227:80,E468,-[NETClientConnection <*>] <*> - Perform <*>! <*> <*> <*>,1,-[netclientconnection <id> ] ci46 - perform <id> ! <id> tc18801 <ip>,1,Mac_C0000119,1,1,- [netclientconnection <id>] ci 46-perform <id>! <id> tc 18801 <ip>,1,1,frequency_representative
437,network changed: v6(en0:2607:f140:6000:8:c6b3:1ff:fecd:467f) DNS! Proxy SMB,E508,network changed: <*> DNS! Proxy SMB,8,network changed: v6(en0: <ip> ) dns! proxy smb,1,Mac_C0000120,11,19,network changed: v <*> (en 0 <*> <*> <*> <*> <*> proxy smb,2,1,frequency_representative
28470,network changed: v6(en0!:2607:f140:6000:8:d8d1:d506:6046:43e4) DNS Proxy SMB,E518,network changed: <*> DNS Proxy SMB,8,network changed: v6(en0!: <ip> ) dns proxy smb,8,Mac_C0000120,11,19,network changed: v <*> (en 0 <*> <*> <*> <*> <*> proxy smb,2,2,complex_sample
442,__42-[NETClientConnection evaluateCrazyIvan46]_block_invoke CI46 - Hit by torpedo! NeteaseMusic.17988 tc7426 103.251.128.144:80,E224,<*>[NETClientConnection evaluateCrazyIvan46]_block_invoke <*> - Hit by torpedo! <*> <*> <*>,1,__42-[netclientconnection <id> ]_block_invoke ci46 - hit by torpedo! <id> tc7426 <ip>,1,Mac_C0000121,1,1,__ 42-[netclientconnection <id>] _block_invoke ci 46-hit by torpedo! <id> tc 7426 <ip>,1,1,frequency_representative
443,__42-[NETClientConnection evaluateCrazyIvan46]_block_invoke CI46 - Hit by torpedo! QQ.10018 tc18801 119.81.102.227:80,E224,<*>[NETClientConnection evaluateCrazyIvan46]_block_invoke <*> - Hit by torpedo! <*> <*> <*>,1,__42-[netclientconnection <id> ]_block_invoke ci46 - hit by torpedo! <id> tc18801 <ip>,1,Mac_C0000122,1,1,__ 42-[netclientconnection <id>] _block_invoke ci 46-hit by torpedo! <id> tc 18801 <ip>,1,1,frequency_representative
585,-[NETClientConnection evaluateCrazyIvan46] CI46 - Perform CrazyIvan46! QQ.10018 tc18807 119.81.102.227:80,E468,-[NETClientConnection <*>] <*> - Perform <*>! <*> <*> <*>,1,-[netclientconnection <id> ] ci46 - perform <id> ! <id> tc18807 <ip>,1,Mac_C0000123,1,1,- [netclientconnection <id>] ci 46-perform <id>! <id> tc 18807 <ip>,1,1,frequency_representative
591,__42-[NETClientConnection evaluateCrazyIvan46]_block_invoke CI46 - Hit by torpedo! QQ.10018 tc18807 119.81.102.227:80,E224,<*>[NETClientConnection evaluateCrazyIvan46]_block_invoke <*> - Hit by torpedo! <*> <*> <*>,1,__42-[netclientconnection <id> ]_block_invoke ci46 - hit by torpedo! <id> tc18807 <ip>,1,Mac_C0000124,1,1,__ 42-[netclientconnection <id>] _block_invoke ci 46-hit by torpedo! <id> tc 18807 <ip>,1,1,frequency_representative
67543,tcp_connection_destination_perform_socket_connect 23486 connectx to 119.81.102.227:80@0 failed: [50] Network is down,E155,tcp_connection_destination_perform_socket_connect <*> connectx to <*> failed: [<*>] Network is down,198,tcp_connection_destination_perform_socket_connect <num> connectx to <ip> @ <num> failed: [ <num> ] network is down,197,Mac_C0000125,197,198,tcp_connection_destination_perform_socket_connect <num> connectx to <ip> @ <num> failed: [<num>] network is down,1,1,frequency_representative
703,-[NETClientConnection evaluateCrazyIvan46] CI46 - Perform CrazyIvan46! QQ.10018 tc18810 123.151.137.106:80,E468,-[NETClientConnection <*>] <*> - Perform <*>! <*> <*> <*>,1,-[netclientconnection <id> ] ci46 - perform <id> ! <id> tc18810 <ip>,1,Mac_C0000126,1,1,- [netclientconnection <id>] ci 46-perform <id>! <id> tc 18810 <ip>,1,1,frequency_representative
734,AutoSubmitPreference is 0,E552,AutoSubmitPreference is <*>,23,autosubmitpreference is <num>,1,Mac_C0000127,1,23,autosubmitpreference is <num>,1,1,frequency_representative
740,[com.apple.calendar.store.log.caldav.coredav] [Refusing to parse response to PROPPATCH because of content-type: [text/html; charset=UTF-8].],E198,[<*>] [Refusing to parse response to PROPPATCH because of content-type: [<*>; charset=<*>].],265,[com.apple.calendar.store.log.caldav.coredav] [refusing to parse response to proppatch because of content-type: [text/html; charset=utf- <num> ].],1,Mac_C0000128,1,265,[com. apple. calendar. store. log. caldav. coredav] [refusing to parse response to proppatch because of content-type: [text/html; charset = utf-<num>].],1,1,frequency_representative
850,-[NETClientConnection evaluateCrazyIvan46] CI46 - Perform CrazyIvan46! QQ.10018 tc18817 119.81.102.227:80,E468,-[NETClientConnection <*>] <*> - Perform <*>! <*> <*> <*>,1,-[netclientconnection <id> ] ci46 - perform <id> ! <id> tc18817 <ip>,1,Mac_C0000129,1,1,- [netclientconnection <id>] ci 46-perform <id>! <id> tc 18817 <ip>,1,1,frequency_representative
851,__42-[NETClientConnection evaluateCrazyIvan46]_block_invoke CI46 - Hit by torpedo! QQ.10018 tc18817 119.81.102.227:80,E224,<*>[NETClientConnection evaluateCrazyIvan46]_block_invoke <*> - Hit by torpedo! <*> <*> <*>,1,__42-[netclientconnection <id> ]_block_invoke ci46 - hit by torpedo! <id> tc18817 <ip>,1,Mac_C0000130,1,1,__ 42-[netclientconnection <id>] _block_invoke ci 46-hit by torpedo! <id> tc 18817 <ip>,1,1,frequency_representative
1004,-[NETClientConnection evaluateCrazyIvan46] CI46 - Perform CrazyIvan46! QQ.10018 tc18821 119.81.102.227:80,E468,-[NETClientConnection <*>] <*> - Perform <*>! <*> <*> <*>,1,-[netclientconnection <id> ] ci46 - perform <id> ! <id> tc18821 <ip>,1,Mac_C0000131,1,1,- [netclientconnection <id>] ci 46-perform <id>! <id> tc 18821 <ip>,1,1,frequency_representative
1005,__42-[NETClientConnection evaluateCrazyIvan46]_block_invoke CI46 - Hit by torpedo! QQ.10018 tc18821 119.81.102.227:80,E224,<*>[NETClientConnection evaluateCrazyIvan46]_block_invoke <*> - Hit by torpedo! <*> <*> <*>,1,__42-[netclientconnection <id> ]_block_invoke ci46 - hit by torpedo! <id> tc18821 <ip>,1,Mac_C0000132,1,1,__ 42-[netclientconnection <id>] _block_invoke ci 46-hit by torpedo! <id> tc 18821 <ip>,1,1,frequency_representative
1013,-[NETClientConnection effectiveBundleID] using process name com.apple.Safar as bundle ID (this is expected for daemons without bundle ID,E91,-[NETClientConnection effectiveBundleID] using process name <*> as bundle ID (this is expected for daemons without bundle ID,11,-[netclientconnection effectivebundleid] using process name com.apple.safar as bundle id (this is expected for daemons without bundle id,1,Mac_C0000133,1,11,- [netclientconnection effectivebundleid] using process name com. apple. safar as bundle id (this is expected for daemons without bundle id,1,1,frequency_representative
1037,-[NETClientConnection evaluateCrazyIvan46] CI46 - Perform CrazyIvan46! NeteaseMusic.17988 tc7466 103.251.128.144:80,E468,-[NETClientConnection <*>] <*> - Perform <*>! <*> <*> <*>,1,-[netclientconnection <id> ] ci46 - perform <id> ! <id> tc7466 <ip>,1,Mac_C0000134,1,1,- [netclientconnection <id>] ci 46-perform <id>! <id> tc 7466 <ip>,1,1,frequency_representative
1042,-[NETClientConnection evaluateCrazyIvan46] CI46 - Perform CrazyIvan46! QQ.10018 tc18830 119.81.102.227:80,E468,-[NETClientConnection <*>] <*> - Perform <*>! <*> <*> <*>,1,-[netclientconnection <id> ] ci46 - perform <id> ! <id> tc18830 <ip>,1,Mac_C0000135,1,1,- [netclientconnection <id>] ci 46-perform <id>! <id> tc 18830 <ip>,1,1,frequency_representative
1047,__42-[NETClientConnection evaluateCrazyIvan46]_block_invoke CI46 - Hit by torpedo! NeteaseMusic.17988 tc7466 103.251.128.144:80,E224,<*>[NETClientConnection evaluateCrazyIvan46]_block_invoke <*> - Hit by torpedo! <*> <*> <*>,1,__42-[netclientconnection <id> ]_block_invoke ci46 - hit by torpedo! <id> tc7466 <ip>,1,Mac_C0000136,1,1,__ 42-[netclientconnection <id>] _block_invoke ci 46-hit by torpedo! <id> tc 7466 <ip>,1,1,frequency_representative
1048,__42-[NETClientConnection evaluateCrazyIvan46]_block_invoke CI46 - Hit by torpedo! QQ.10018 tc18830 119.81.102.227:80,E224,<*>[NETClientConnection evaluateCrazyIvan46]_block_invoke <*> - Hit by torpedo! <*> <*> <*>,1,__42-[netclientconnection <id> ]_block_invoke ci46 - hit by torpedo! <id> tc18830 <ip>,1,Mac_C0000137,1,1,__ 42-[netclientconnection <id>] _block_invoke ci 46-hit by torpedo! <id> tc 18830 <ip>,1,1,frequency_representative
1051,-[NETClientConnection evaluateCrazyIvan46] CI46 - Perform CrazyIvan46! QQ.10018 tc18831 123.151.10.175:80,E468,-[NETClientConnection <*>] <*> - Perform <*>! <*> <*> <*>,1,-[netclientconnection <id> ] ci46 - perform <id> ! <id> tc18831 <ip>,1,Mac_C0000138,1,1,- [netclientconnection <id>] ci 46-perform <id>! <id> tc 18831 <ip>,1,1,frequency_representative
1052,__42-[NETClientConnection evaluateCrazyIvan46]_block_invoke CI46 - Hit by torpedo! QQ.10018 tc18831 123.151.10.175:80,E224,<*>[NETClientConnection evaluateCrazyIvan46]_block_invoke <*> - Hit by torpedo! <*> <*> <*>,1,__42-[netclientconnection <id> ]_block_invoke ci46 - hit by torpedo! <id> tc18831 <ip>,1,Mac_C0000139,1,1,__ 42-[netclientconnection <id>] _block_invoke ci 46-hit by torpedo! <id> tc 18831 <ip>,1,1,frequency_representative
1173,CCProfileMonitor::profileCallback Entered token:1,E339,CCProfileMonitor::profileCallback Entered token:<*>,54,ccprofilemonitor::profilecallback entered token: <num>,1,Mac_C0000140,1,54,ccprofilemonitor:: profilecallback entered token: <num>,1,1,frequency_representative
1174,CCProfileMonitor::setStreamEventHandler,E392,CCProfileMonitor::setStreamEventHandler,54,ccprofilemonitor::setstreameventhandler,1,Mac_C0000141,1,54,ccprofilemonitor:: setstreameventhandler,1,1,frequency_representative
1175,CCXPCService::setStreamEventHandler Registered for notification callback.,E209,CCXPCService::setStreamEventHandler Registered for notification callback.,54,ccxpcservice::setstreameventhandler registered for notification callback.,1,Mac_C0000142,1,54,ccxpcservice:: setstreameventhandler registered for notification callback.,1,1,frequency_representative
1346,"wifi scan failed with error: Error Domain=com.apple.wifi.apple80211API.error Code=-3903 ""(null)""",E388,"wifi scan failed with error: Error Domain=<*> <*> ""(<*>)""",5,"wifi scan failed with error: error domain=com. <id> code= <num> ""(null)""",2,Mac_C0000143,2,5,"wifi scan failed with error: error domain = com. <id> code = <num> "" (null) """,1,1,frequency_representative
1387,-[NETClientConnection evaluateCrazyIvan46] CI46 - Perform CrazyIvan46! QQ.10018 tc18838 119.81.102.227:80,E468,-[NETClientConnection <*>] <*> - Perform <*>! <*> <*> <*>,1,-[netclientconnection <id> ] ci46 - perform <id> ! <id> tc18838 <ip>,1,Mac_C0000144,1,1,- [netclientconnection <id>] ci 46-perform <id>! <id> tc 18838 <ip>,1,1,frequency_representative
1388,__42-[NETClientConnection evaluateCrazyIvan46]_block_invoke CI46 - Hit by torpedo! QQ.10018 tc18838 119.81.102.227:80,E224,<*>[NETClientConnection evaluateCrazyIvan46]_block_invoke <*> - Hit by torpedo! <*> <*> <*>,1,__42-[netclientconnection <id> ]_block_invoke ci46 - hit by torpedo! <id> tc18838 <ip>,1,Mac_C0000145,1,1,__ 42-[netclientconnection <id>] _block_invoke ci 46-hit by torpedo! <id> tc 18838 <ip>,1,1,frequency_representative
1427,-> DNSServiceQueryRecord 0x0000D000 0 95.160.105.10.in-addr.arpa. (PTR) PID[53](),E439,-> DNSServiceQueryRecord <*> (PTR) PID[<*>](),5,-> dnsservicequeryrecord <hex> <num> <ip> .in-addr.arpa. (ptr) pid[ <num> ](),3,Mac_C0000146,3,5,- > dnsservicequeryrecord <hex> <num> <ip>. in-addr. arpa. (ptr) pid [<num>] (),1,1,frequency_representative
1593,"SOSAccountThisDeviceCanSyncWithCircle sync with device failure: Error Domain=com.apple.security.sos.error Code=1035 ""Account identity not set"" UserInfo={NSDescription=Account identity not set}",E93,"SOSAccountThisDeviceCanSyncWithCircle sync with device failure: Error Domain=<*> Code=<*> <*>"" UserInfo={NSDescription=<*>}",446,"sosaccountthisdevicecansyncwithcircle sync with device failure: error domain=com.apple.security.sos.error code= <num> ""account identity not set"" userinfo={nsdescription=account identity not set}",1,Mac_C0000147,1,446,"sosaccountthisdevicecansyncwithcircle sync with device failure: error domain = com. apple. security. sos. error code = <num> "" account identity not set "" userinfo = {nsdescription = account identity not set}",1,1,frequency_representative
1594,dnssd_clientstub ConnectToServer: connect()-> No of tries: 1,E299,dnssd_clientstub ConnectToServer: connect()-> No of tries: <*>,2304,dnssd_clientstub connecttoserver: connect()-> no of tries: <num>,3,Mac_C0000148,3,2304,dnssd_clientstub connecttoserver: connect ()-> no of tries: <num>,1,1,frequency_representative
4712,com.apple.Addres(31376) deny network-outbound /private/var/run/mDNSResponder,E556,<*>(<*>) deny network-outbound <*>,1245,com.apple.addres( <num> ) deny network-outbound <path>,224,Mac_C0000149,224,1245,com. apple. addres (<num>) deny network-outbound <path>,1,1,frequency_representative
1610,dnssd_clientstub ConnectToServer: connect() failed path:/var/run/mDNSResponder Socket:4 Err:-1 Errno:1 Operation not permitted,E127,dnssd_clientstub ConnectToServer: connect() failed path:<*> Socket:<*> Err:<*> Errno:<*> Operation not permitted,768,dnssd_clientstub connecttoserver: connect() failed path:/var/run/mdnsresponder <id> err: <num> errno: <num> operation not permitted,1,Mac_C0000150,1,768,dnssd_clientstub connecttoserver: connect () failed path:/var/run/mdnsresponder <id> err: <num> errno: <num> operation not permitted,1,1,frequency_representative
4544,Sandbox: com.apple.Addres(31346) deny(1) network-outbound /private/var/run/mDNSResponder,E329,Sandbox: com.apple.Addres(<*>) deny(<*>) network-outbound <*>,1659,sandbox: com.apple.addres( <num> ) deny( <num> ) network-outbound <path>,294,Mac_C0000151,294,1659,sandbox: com. apple. addres (<num>) deny (<num>) network-outbound <path>,1,1,frequency_representative
1632,Unrecognized attribute value: t:AbchPersonItemType,E511,Unrecognized attribute value: <*>,355,unrecognized attribute value: t:abchpersonitemtype,1,Mac_C0000152,1,355,unrecognized attribute value: t: abchpersonitemtype,1,1,frequency_representative
1633,-[SOAPParser:0x7fb83ad79280 parser:didStartElement:namespaceURI:qualifiedName:attributes:] Type not found in EWSItemType for ExchangePersonIdGuid (t:ExchangePersonIdGuid),E32,-[SOAPParser:<*> parser:didStartElement:namespaceURI:qualifiedName:attributes:] Type not found in EWSItemType for ExchangePersonIdGuid (t:ExchangePersonIdGuid),355,-[soapparser: <hex> parser:didstartelement:namespaceuri:qualifiedname:attributes:] type not found in ewsitemtype for exchangepersonidguid (t:exchangepersonidguid),355,Mac_C0000153,355,355,- [soapparser: <hex> parser: didstartelement: namespaceuri: qualifiedname: attributes:] type not found in ewsitemtype for exchangepersonidguid (t: exchangepersonidguid),1,1,frequency_representative
1705,-[NETClientConnection evaluateCrazyIvan46] CI46 - Perform CrazyIvan46! QQ.10018 tc18853 119.81.102.227:80,E468,-[NETClientConnection <*>] <*> - Perform <*>! <*> <*> <*>,1,-[netclientconnection <id> ] ci46 - perform <id> ! <id> tc18853 <ip>,1,Mac_C0000154,1,1,- [netclientconnection <id>] ci 46-perform <id>! <id> tc 18853 <ip>,1,1,frequency_representative
1706,__42-[NETClientConnection evaluateCrazyIvan46]_block_invoke CI46 - Hit by torpedo! QQ.10018 tc18853 119.81.102.227:80,E224,<*>[NETClientConnection evaluateCrazyIvan46]_block_invoke <*> - Hit by torpedo! <*> <*> <*>,1,__42-[netclientconnection <id> ]_block_invoke ci46 - hit by torpedo! <id> tc18853 <ip>,1,Mac_C0000155,1,1,__ 42-[netclientconnection <id>] _block_invoke ci 46-hit by torpedo! <id> tc 18853 <ip>,1,1,frequency_representative
1741,-[NETClientConnection evaluateCrazyIvan46] CI46 - Perform CrazyIvan46! NeteaseMusic.17988 tc7502 103.251.128.144:80,E468,-[NETClientConnection <*>] <*> - Perform <*>! <*> <*> <*>,1,-[netclientconnection <id> ] ci46 - perform <id> ! <id> tc7502 <ip>,1,Mac_C0000156,1,1,- [netclientconnection <id>] ci 46-perform <id>! <id> tc 7502 <ip>,1,1,frequency_representative
1743,__42-[NETClientConnection evaluateCrazyIvan46]_block_invoke CI46 - Hit by torpedo! NeteaseMusic.17988 tc7502 103.251.128.144:80,E224,<*>[NETClientConnection evaluateCrazyIvan46]_block_invoke <*> - Hit by torpedo! <*> <*> <*>,1,__42-[netclientconnection <id> ]_block_invoke ci46 - hit by torpedo! <id> tc7502 <ip>,1,Mac_C0000157,1,1,__ 42-[netclientconnection <id>] _block_invoke ci 46-hit by torpedo! <id> tc 7502 <ip>,1,1,frequency_representative
15385,tcp_connection_destination_perform_socket_connect 39041 connectx to 2607:f8b0:400e:c06::6d.143@0 failed: [50] Network is down,E155,tcp_connection_destination_perform_socket_connect <*> connectx to <*> failed: [<*>] Network is down,3,tcp_connection_destination_perform_socket_connect <num> connectx to <ip> ::6d. <num> @ <num> failed: [ <num> ] network is down,3,Mac_C0000158,5,5,tcp_connection_destination_perform_socket_connect <num> connectx to <ip>:: 6 <*>. <num> @ <num> failed: [<num>] network is down,2,1,frequency_representative
1845,tcp_connection_destination_perform_socket_connect 35677 connectx to 2607:f8b0:400e:c05::6c.143@0 failed: [50] Network is down,E155,tcp_connection_destination_perform_socket_connect <*> connectx to <*> failed: [<*>] Network is down,2,tcp_connection_destination_perform_socket_connect <num> connectx to <ip> ::6c. <num> @ <num> failed: [ <num> ] network is down,2,Mac_C0000158,5,5,tcp_connection_destination_perform_socket_connect <num> connectx to <ip>:: 6 <*>. <num> @ <num> failed: [<num>] network is down,2,2,complex_sample
1856,ARPT: 621196.415840: ARPT: Wake Reason: Wake on Scan offload; Disconnect reason: Class 3 frame received from nonassociated STA,E172,ARPT: <*>: ARPT: Wake Reason: <*>; Disconnect reason: Class <*> frame received from nonassociated STA,27,arpt: <num> : arpt: wake reason: wake on scan offload; disconnect reason: class <num> frame received from nonassociated sta,27,Mac_C0000159,27,27,arpt: <num>: arpt: wake reason: wake on scan offload; disconnect reason: class <num> frame received from nonassociated sta,1,1,frequency_representative
2055,tcp_connection_tls_session_error_callback_imp 1953 __tcp_connection_tls_session_callback_write_block_invoke.434 error 22,E319,tcp_connection_tls_session_error_callback_imp <*> <*> error <*>,271,tcp_connection_tls_session_error_callback_imp <num> <id> error <num>,271,Mac_C0000160,271,271,tcp_connection_tls_session_error_callback_imp <num> <id> error <num>,1,1,frequency_representative
2125,-[NETClientConnection evaluateCrazyIvan46] CI46 - Perform CrazyIvan46! QQ.10018 tc18870 119.81.102.227:80,E468,-[NETClientConnection <*>] <*> - Perform <*>! <*> <*> <*>,1,-[netclientconnection <id> ] ci46 - perform <id> ! <id> tc18870 <ip>,1,Mac_C0000161,1,1,- [netclientconnection <id>] ci 46-perform <id>! <id> tc 18870 <ip>,1,1,frequency_representative
2126,__42-[NETClientConnection evaluateCrazyIvan46]_block_invoke CI46 - Hit by torpedo! QQ.10018 tc18870 119.81.102.227:80,E224,<*>[NETClientConnection evaluateCrazyIvan46]_block_invoke <*> - Hit by torpedo! <*> <*> <*>,1,__42-[netclientconnection <id> ]_block_invoke ci46 - hit by torpedo! <id> tc18870 <ip>,1,Mac_C0000162,1,1,__ 42-[netclientconnection <id>] _block_invoke ci 46-hit by torpedo! <id> tc 18870 <ip>,1,1,frequency_representative
2155,-[NETClientConnection evaluateCrazyIvan46] CI46 - Perform CrazyIvan46! NeteaseMusic.17988 tc7521 103.251.128.144:80,E468,-[NETClientConnection <*>] <*> - Perform <*>! <*> <*> <*>,1,-[netclientconnection <id> ] ci46 - perform <id> ! <id> tc7521 <ip>,1,Mac_C0000163,1,1,- [netclientconnection <id>] ci 46-perform <id>! <id> tc 7521 <ip>,1,1,frequency_representative
2157,-[NETClientConnection evaluateCrazyIvan46] CI46 - Perform CrazyIvan46! QQ.10018 tc18876 119.81.102.227:80,E468,-[NETClientConnection <*>] <*> - Perform <*>! <*> <*> <*>,1,-[netclientconnection <id> ] ci46 - perform <id> ! <id> tc18876 <ip>,1,Mac_C0000164,1,1,- [netclientconnection <id>] ci 46-perform <id>! <id> tc 18876 <ip>,1,1,frequency_representative
2159,__42-[NETClientConnection evaluateCrazyIvan46]_block_invoke CI46 - Hit by torpedo! NeteaseMusic.17988 tc7521 103.251.128.144:80,E224,<*>[NETClientConnection evaluateCrazyIvan46]_block_invoke <*> - Hit by torpedo! <*> <*> <*>,1,__42-[netclientconnection <id> ]_block_invoke ci46 - hit by torpedo! <id> tc7521 <ip>,1,Mac_C0000165,1,1,__ 42-[netclientconnection <id>] _block_invoke ci 46-hit by torpedo! <id> tc 7521 <ip>,1,1,frequency_representative
2160,__42-[NETClientConnection evaluateCrazyIvan46]_block_invoke CI46 - Hit by torpedo! QQ.10018 tc18876 119.81.102.227:80,E224,<*>[NETClientConnection evaluateCrazyIvan46]_block_invoke <*> - Hit by torpedo! <*> <*> <*>,1,__42-[netclientconnection <id> ]_block_invoke ci46 - hit by torpedo! <id> tc18876 <ip>,1,Mac_C0000166,1,1,__ 42-[netclientconnection <id>] _block_invoke ci 46-hit by torpedo! <id> tc 18876 <ip>,1,1,frequency_representative
2164,-[NETClientConnection evaluateCrazyIvan46] CI46 - Perform CrazyIvan46! QQ.10018 tc18877 123.151.10.190:80,E468,-[NETClientConnection <*>] <*> - Perform <*>! <*> <*> <*>,1,-[netclientconnection <id> ] ci46 - perform <id> ! <id> tc18877 <ip>,1,Mac_C0000167,1,1,- [netclientconnection <id>] ci 46-perform <id>! <id> tc 18877 <ip>,1,1,frequency_representative
2165,__42-[NETClientConnection evaluateCrazyIvan46]_block_invoke CI46 - Hit by torpedo! QQ.10018 tc18877 123.151.10.190:80,E224,<*>[NETClientConnection evaluateCrazyIvan46]_block_invoke <*> - Hit by torpedo! <*> <*> <*>,1,__42-[netclientconnection <id> ]_block_invoke ci46 - hit by torpedo! <id> tc18877 <ip>,1,Mac_C0000168,1,1,__ 42-[netclientconnection <id>] _block_invoke ci 46-hit by torpedo! <id> tc 18877 <ip>,1,1,frequency_representative
2483,-[NETClientConnection evaluateCrazyIvan46] CI46 - Perform CrazyIvan46! QQ.10018 tc18886 119.81.102.227:80,E468,-[NETClientConnection <*>] <*> - Perform <*>! <*> <*> <*>,1,-[netclientconnection <id> ] ci46 - perform <id> ! <id> tc18886 <ip>,1,Mac_C0000169,1,1,- [netclientconnection <id>] ci 46-perform <id>! <id> tc 18886 <ip>,1,1,frequency_representative
2484,__42-[NETClientConnection evaluateCrazyIvan46]_block_invoke CI46 - Hit by torpedo! QQ.10018 tc18886 119.81.102.227:80,E224,<*>[NETClientConnection evaluateCrazyIvan46]_block_invoke <*> - Hit by torpedo! <*> <*> <*>,1,__42-[netclientconnection <id> ]_block_invoke ci46 - hit by torpedo! <id> tc18886 <ip>,1,Mac_C0000170,1,1,__ 42-[netclientconnection <id>] _block_invoke ci 46-hit by torpedo! <id> tc 18886 <ip>,1,1,frequency_representative
2513,"PBRequester failed with Error Error Domain=NSURLErrorDomain Code=-1003 ""A server with the specified hostname could not be found."" UserInfo={NSUnderlyingError=0x7fb7ed33a3f0 {Error Domain=kCFErrorDomainCFNetwork Code=-1003 ""A server with the specified hostname could not be found."" UserInfo={NSErrorFailingURLStringKey=https://gs-loc.apple.com/clls/wloc, NSErrorFailingURLKey=https://gs-loc.apple.com/clls/wloc, _kCFStreamErrorCodeKey=8, _kCFStreamErrorDomainKey=12, NSLocalizedDescription=A server with the specified hostname could not be found.}}, NSErrorFailingURLStringKey=https://gs-loc.apple.com/clls/wloc, NSErrorFailingURLKey=https://gs-loc.apple.com/clls/wloc, _kCFStreamErrorDomainKey=12, _kCFStreamErrorCodeKey=8, NSLocalizedDescription=A server with the specified hostname could not be found.}",E15,"PBRequester failed with Error Error Domain=<*> Code=<*> <*>"" <*> {Error Domain=<*> Code=<*> <*>"" <*> <*> _kCFStreamErrorCodeKey=<*>, _kCFStreamErrorDomainKey=<*>, NSLocalizedDescription=<*>}}, <*> <*> _kCFStreamErrorDomainKey=<*>, _kCFStreamErrorCodeKey=<*>, NSLocalizedDescription=<*>}",3,"pbrequester failed with error error domain=nsurlerrordomain code= <num> ""a server with the specified hostname could not be found."" userinfo={nsunderlyingerror= <hex> {error domain=kcferrordomaincfnetwork code= <num> ""a server with the specified hostname could not be found."" userinfo={nserrorfailingurlstringkey= <url> nserrorfailingurlkey= <url> _kcfstreamerrorcodekey= <num> , _kcfstreamerrordomainkey= <num> , nslocalizeddescription=a server with the specified hostname could not be found.}}, nserrorfailingurlstringkey= <url> nserrorfailingurlkey= <url> _kcfstreamerrordomainkey= <num> , _kcfstreamerrorcodekey= <num> , nslocalizeddescription=a server with the specified hostname could not be found.}",3,Mac_C0000171,3,3,"pbrequester failed with error error domain = nsurlerrordomain code = <num> "" a server with the specified hostname could not be found. "" userinfo = {nsunderlyingerror = <hex> {error domain = kcferrordomaincfnetwork code = <num> "" a server with the specified hostname could not be found. "" userinfo = {nserrorfailingurlstringkey = <url> nserrorfailingurlkey = <url> _kcfstreamerrorcodekey = <num>, _kcfstreamerrordomainkey = <num>, nslocalizeddescription = a server with the specified hostname could not be found.}}, nserrorfailingurlstringkey = <url> nserrorfailingurlkey = <url> _kcfstreamerrordomainkey = <num>, _kcfstreamerrorcodekey = <num>, nslocalizeddescription = a server with the specified hostname could not be found.}",1,1,frequency_representative
2675,-[NETClientConnection evaluateCrazyIvan46] CI46 - Perform CrazyIvan46! NeteaseMusic.17988 tc7549 103.251.128.144:80,E468,-[NETClientConnection <*>] <*> - Perform <*>! <*> <*> <*>,1,-[netclientconnection <id> ] ci46 - perform <id> ! <id> tc7549 <ip>,1,Mac_C0000172,1,1,- [netclientconnection <id>] ci 46-perform <id>! <id> tc 7549 <ip>,1,1,frequency_representative
2678,__42-[NETClientConnection evaluateCrazyIvan46]_block_invoke CI46 - Hit by torpedo! NeteaseMusic.17988 tc7549 103.251.128.144:80,E224,<*>[NETClientConnection evaluateCrazyIvan46]_block_invoke <*> - Hit by torpedo! <*> <*> <*>,1,__42-[netclientconnection <id> ]_block_invoke ci46 - hit by torpedo! <id> tc7549 <ip>,1,Mac_C0000173,1,1,__ 42-[netclientconnection <id>] _block_invoke ci 46-hit by torpedo! <id> tc 7549 <ip>,1,1,frequency_representative
3327,-[NETClientConnection evaluateCrazyIvan46] CI46 - Perform CrazyIvan46! QQ.10018 tc18929 119.81.102.227:80,E468,-[NETClientConnection <*>] <*> - Perform <*>! <*> <*> <*>,1,-[netclientconnection <id> ] ci46 - perform <id> ! <id> tc18929 <ip>,1,Mac_C0000174,1,1,- [netclientconnection <id>] ci 46-perform <id>! <id> tc 18929 <ip>,1,1,frequency_representative
3329,__42-[NETClientConnection evaluateCrazyIvan46]_block_invoke CI46 - Hit by torpedo! QQ.10018 tc18929 119.81.102.227:80,E224,<*>[NETClientConnection evaluateCrazyIvan46]_block_invoke <*> - Hit by torpedo! <*> <*> <*>,1,__42-[netclientconnection <id> ]_block_invoke ci46 - hit by torpedo! <id> tc18929 <ip>,1,Mac_C0000175,1,1,__ 42-[netclientconnection <id>] _block_invoke ci 46-hit by torpedo! <id> tc 18929 <ip>,1,1,frequency_representative
3421,(DiskStore.Normal:2382) 91a8 1.000050,E582,(DiskStore.Normal:<*>) <*> <*>,1,( <id> ) 91a8 <num>,1,Mac_C0000176,1,1,(<id>) 91 a 8 <num>,1,1,frequency_representative
3541,-[NETClientConnection evaluateCrazyIvan46] CI46 - Perform CrazyIvan46! QQ.10018 tc18939 119.81.102.227:80,E468,-[NETClientConnection <*>] <*> - Perform <*>! <*> <*> <*>,1,-[netclientconnection <id> ] ci46 - perform <id> ! <id> tc18939 <ip>,1,Mac_C0000177,1,1,- [netclientconnection <id>] ci 46-perform <id>! <id> tc 18939 <ip>,1,1,frequency_representative
3542,__42-[NETClientConnection evaluateCrazyIvan46]_block_invoke CI46 - Hit by torpedo! QQ.10018 tc18939 119.81.102.227:80,E224,<*>[NETClientConnection evaluateCrazyIvan46]_block_invoke <*> - Hit by torpedo! <*> <*> <*>,1,__42-[netclientconnection <id> ]_block_invoke ci46 - hit by torpedo! <id> tc18939 <ip>,1,Mac_C0000178,1,1,__ 42-[netclientconnection <id>] _block_invoke ci 46-hit by torpedo! <id> tc 18939 <ip>,1,1,frequency_representative
3791,-[NETClientConnection evaluateCrazyIvan46] CI46 - Perform CrazyIvan46! NeteaseMusic.17988 tc7611 103.251.128.144:80,E468,-[NETClientConnection <*>] <*> - Perform <*>! <*> <*> <*>,1,-[netclientconnection <id> ] ci46 - perform <id> ! <id> tc7611 <ip>,1,Mac_C0000179,1,1,- [netclientconnection <id>] ci 46-perform <id>! <id> tc 7611 <ip>,1,1,frequency_representative
3793,-[NETClientConnection evaluateCrazyIvan46] CI46 - Perform CrazyIvan46! QQ.10018 tc18955 119.81.102.227:80,E468,-[NETClientConnection <*>] <*> - Perform <*>! <*> <*> <*>,1,-[netclientconnection <id> ] ci46 - perform <id> ! <id> tc18955 <ip>,1,Mac_C0000180,1,1,- [netclientconnection <id>] ci 46-perform <id>! <id> tc 18955 <ip>,1,1,frequency_representative
3796,__42-[NETClientConnection evaluateCrazyIvan46]_block_invoke CI46 - Hit by torpedo! NeteaseMusic.17988 tc7611 103.251.128.144:80,E224,<*>[NETClientConnection evaluateCrazyIvan46]_block_invoke <*> - Hit by torpedo! <*> <*> <*>,1,__42-[netclientconnection <id> ]_block_invoke ci46 - hit by torpedo! <id> tc7611 <ip>,1,Mac_C0000181,1,1,__ 42-[netclientconnection <id>] _block_invoke ci 46-hit by torpedo! <id> tc 7611 <ip>,1,1,frequency_representative
3797,__42-[NETClientConnection evaluateCrazyIvan46]_block_invoke CI46 - Hit by torpedo! QQ.10018 tc18955 119.81.102.227:80,E224,<*>[NETClientConnection evaluateCrazyIvan46]_block_invoke <*> - Hit by torpedo! <*> <*> <*>,1,__42-[netclientconnection <id> ]_block_invoke ci46 - hit by torpedo! <id> tc18955 <ip>,1,Mac_C0000182,1,1,__ 42-[netclientconnection <id>] _block_invoke ci 46-hit by torpedo! <id> tc 18955 <ip>,1,1,frequency_representative
3800,-[NETClientConnection evaluateCrazyIvan46] CI46 - Perform CrazyIvan46! QQ.10018 tc18956 123.151.137.106:80,E468,-[NETClientConnection <*>] <*> - Perform <*>! <*> <*> <*>,1,-[netclientconnection <id> ] ci46 - perform <id> ! <id> tc18956 <ip>,1,Mac_C0000183,1,1,- [netclientconnection <id>] ci 46-perform <id>! <id> tc 18956 <ip>,1,1,frequency_representative
3801,__42-[NETClientConnection evaluateCrazyIvan46]_block_invoke CI46 - Hit by torpedo! QQ.10018 tc18956 123.151.137.106:80,E224,<*>[NETClientConnection evaluateCrazyIvan46]_block_invoke <*> - Hit by torpedo! <*> <*> <*>,1,__42-[netclientconnection <id> ]_block_invoke ci46 - hit by torpedo! <id> tc18956 <ip>,1,Mac_C0000184,1,1,__ 42-[netclientconnection <id>] _block_invoke ci 46-hit by torpedo! <id> tc 18956 <ip>,1,1,frequency_representative
3829,(DiskStore.Normal:2382) 20cb04f 1.028810,E582,(DiskStore.Normal:<*>) <*> <*>,7,( <id> ) 20cb04f <num>,7,Mac_C0000185,7,7,(<id>) 20 cb 04 f <num>,1,1,frequency_representative
4613,Stream 0x7f8ca62ca610 is sending an event before being opened,E393,Stream <*> is sending an event before being opened,108,stream <hex> is sending an event before being opened,105,Mac_C0000186,105,108,stream <hex> is sending an event before being opened,1,1,frequency_representative
3892,Wake reason: RTC (Alarm),E614,Wake reason: <*>,252,wake reason: rtc (alarm),1,Mac_C0000187,1,252,wake reason: rtc (alarm),1,1,frequency_representative
3893,"RTC: Maintenance 2017/7/1 16:59:25, sleep 2017/7/1 16:46:35",E563,"RTC: Maintenance <*>, sleep <*>",251,"rtc: maintenance <date> <ip> , sleep <date> <ip>",251,Mac_C0000188,252,252,"rtc: <*> <date> <ip>, sleep <date> <ip>",2,1,frequency_representative
60784,"RTC: Alarm 2017/7/5 19:00:29, sleep 2017/7/5 19:00:28",E601,"RTC: Alarm <*>, sleep <*>",1,"rtc: alarm <date> <ip> , sleep <date> <ip>",1,Mac_C0000188,252,252,"rtc: <*> <date> <ip>, sleep <date> <ip>",2,2,complex_sample
4056,"arp_client_transmit(en0) failed, Network is down (50)",E362,"arp_client_transmit(<*>) failed, Network is down (<*>)",9,"arp_client_transmit(en0) failed, network is down ( <num> )",1,Mac_C0000189,1,9,"arp_client_transmit (en 0) failed, network is down (<num>)",1,1,frequency_representative
4057,"DHCP en0: ARP detect gateway failed, arp_client_transmit(en0) failed, Network is down (50)",E245,"DHCP <*>: ARP detect <*> failed, arp_client_transmit(<*>) failed, Network is down (<*>)",2,"dhcp en0: arp detect gateway failed, arp_client_transmit(en0) failed, network is down ( <num> )",1,Mac_C0000190,2,4,"dhcp en 0: arp detect <*> failed, arp_client_transmit (en 0) failed, network is down (<num>)",2,1,frequency_representative
4062,"DHCP en0: ARP detect ROUTER failed, arp_client_transmit(en0) failed, Network is down (50)",E245,"DHCP <*>: ARP detect <*> failed, arp_client_transmit(<*>) failed, Network is down (<*>)",2,"dhcp en0: arp detect router failed, arp_client_transmit(en0) failed, network is down ( <num> )",1,Mac_C0000190,2,4,"dhcp en 0: arp detect <*> failed, arp_client_transmit (en 0) failed, network is down (<num>)",2,2,complex_sample
4060,[bootp_transmit.c:213] bootp_transmit(): bpf_write(en0) failed: Network is down (50),E287,[bootp_transmit.c:<*>] bootp_transmit(): bpf_write(<*>) failed: <*> (<*>),3,[ <id> ] bootp_transmit(): bpf_write(en0) failed: network is down ( <num> ),1,Mac_C0000191,1,3,[<id>] bootp_transmit (): bpf_write (en 0) failed: network is down (<num>),1,1,frequency_representative
4061,DHCP en0: INIT-REBOOT transmit failed,E473,DHCP <*>: INIT-REBOOT transmit failed,2,dhcp en0: init-reboot transmit failed,1,Mac_C0000192,1,2,dhcp en 0: init-reboot transmit failed,1,1,frequency_representative
4317,-[NETClientConnection evaluateCrazyIvan46] CI46 - Perform CrazyIvan46! QQ.10018 tc18971 119.81.102.227:80,E468,-[NETClientConnection <*>] <*> - Perform <*>! <*> <*> <*>,1,-[netclientconnection <id> ] ci46 - perform <id> ! <id> tc18971 <ip>,1,Mac_C0000193,1,1,- [netclientconnection <id>] ci 46-perform <id>! <id> tc 18971 <ip>,1,1,frequency_representative
4319,__42-[NETClientConnection evaluateCrazyIvan46]_block_invoke CI46 - Hit by torpedo! QQ.10018 tc18971 119.81.102.227:80,E224,<*>[NETClientConnection evaluateCrazyIvan46]_block_invoke <*> - Hit by torpedo! <*> <*> <*>,1,__42-[netclientconnection <id> ]_block_invoke ci46 - hit by torpedo! <id> tc18971 <ip>,1,Mac_C0000194,1,1,__ 42-[netclientconnection <id>] _block_invoke ci 46-hit by torpedo! <id> tc 18971 <ip>,1,1,frequency_representative
4374,(DiskStore.Normal:2382) 12001 1.029729,E582,(DiskStore.Normal:<*>) <*> <*>,7,( <id> ) <num> <num>,7,Mac_C0000195,7,7,(<id>) <num> <num>,1,1,frequency_representative
4444,Wake reason: XHC1,E614,Wake reason: <*>,15,wake reason: xhc1,1,Mac_C0000196,1,15,wake reason: xhc 1,1,1,frequency_representative
48465,full wake request (reason 2) 39145 ms,E526,full wake request (reason <*>) <*> ms,46,full wake request (reason <num> ) <num> ms,45,Mac_C0000197,53,61,full wake <*> (reason <num>) <num> ms,2,1,frequency_representative
10553,full wake promotion (reason 1) 366 ms,E514,full wake promotion (reason <*>) <*> ms,15,full wake promotion (reason <num> ) <num> ms,8,Mac_C0000197,53,61,full wake <*> (reason <num>) <num> ms,2,2,complex_sample
4457,Telling CSI to exit low power.,E520,Telling CSI to exit low power.,91,telling csi to exit low power.,1,Mac_C0000198,1,91,telling csi to exit low power.,1,1,frequency_representative
4460,send_datagram_available_ping: pid 445 failed to act on a ping it dequeued before timing out.,E178,send_datagram_available_ping: pid <*> failed to act on a ping it dequeued before timing out.,1668,send_datagram_available_ping: pid <num> failed to act on a ping it dequeued before timing out.,1,Mac_C0000199,1,1668,send_datagram_available_ping: pid <num> failed to act on a ping it dequeued before timing out.,1,1,frequency_representative
4468,CGXDisplayDidWakeNotification [621898312602044]: posting kCGSDisplayDidWake,E279,CGXDisplayDidWakeNotification [<*>]: posting kCGSDisplayDidWake,117,cgxdisplaydidwakenotification [ <hex> ]: posting kcgsdisplaydidwake,117,Mac_C0000200,117,117,cgxdisplaydidwakenotification [<hex>]: posting kcgsdisplaydidwake,1,1,frequency_representative
24888,handle_will_sleep_auth_and_shield_windows: Reordering authw 0x7fa824039000(2004) (lock state: 3),E204,handle_will_sleep_auth_and_shield_windows: Reordering authw <*>(<*>) (lock state: <*>),26,handle_will_sleep_auth_and_shield_windows: reordering authw <hex> ( <num> ) (lock state: <num> ),25,Mac_C0000201,25,26,handle_will_sleep_auth_and_shield_windows: reordering authw <hex> (<num>) (lock state: <num>),1,1,frequency_representative
4470,handle_will_sleep_auth_and_shield_windows: err 0x0,E346,handle_will_sleep_auth_and_shield_windows: err <*>,26,handle_will_sleep_auth_and_shield_windows: err <hex>,1,Mac_C0000202,1,26,handle_will_sleep_auth_and_shield_windows: err <hex>,1,1,frequency_representative
4473,10:13:34.920 : Starting AirDrop server for user 501 on wake,E438,<*> : Starting AirDrop server for user <*> on wake,91,<ip> . <num> : starting airdrop server for user <num> on wake,91,Mac_C0000203,91,91,<ip>. <num>: starting airdrop server for user <num> on wake,1,1,frequency_representative
4474,10:13:34.922 : Scanning mode Contacts Only,E607,<*> : Scanning mode <*>,201,<ip> . <num> : scanning mode contacts only,201,Mac_C0000204,201,201,<ip>. <num>: scanning mode contacts only,1,1,frequency_representative
4475,button report: 0x80039B7,E606,button report: <*>,541,button report: <hex>,7,Mac_C0000205,18,633,button report: <hex>,2,1,frequency_representative
4478,button report: 0X80076EF,E606,button report: <*>,92,button report: <id>,11,Mac_C0000205,18,633,button report: <hex>,2,2,complex_sample
4479,Couldn't find a requirement string for masquerading client com.apple.Maps,E312,Couldn't find a requirement string for masquerading client <*>,19,couldn't find a requirement string for masquerading client com.apple.maps,1,Mac_C0000206,1,19,couldn ' t find a requirement string for masquerading client com. apple. maps,1,1,frequency_representative
4485,AIDA Notification plugin running,E478,AIDA Notification plugin running,50,aida notification plugin running,1,Mac_C0000207,1,50,aida notification plugin running,1,1,frequency_representative
4486,Checking iCDP status for DSID 874161398 (checkWithServer=0),E363,Checking iCDP status for DSID <*> (checkWithServer=<*>),35,checking icdp status for dsid <num> (checkwithserver= <num> ),1,Mac_C0000208,1,35,checking icdp status for dsid <num> (checkwithserver = <num>),1,1,frequency_representative
4487,"XPC Error while checking if iCDP is enabled for DSID 874161398: Error Domain=NSCocoaErrorDomain Code=4099 ""The connection to service named com.apple.cdp.daemon was invalidated."" UserInfo={NSDebugDescription=The connection to service named com.apple.cdp.daemon was invalidated.}",E116,XPC Error while checking if iCDP is enabled for DSID <*>: Error Domain=<*> Code=<*> <*> UserInfo={NSDebugDescription=<*>},35,"xpc error while checking if icdp is enabled for dsid <num> : error domain=nscocoaerrordomain code= <num> ""the connection to service named com.apple.cdp.daemon was invalidated."" userinfo={nsdebugdescription=the connection to service named com.apple.cdp.daemon was invalidated.}",1,Mac_C0000209,1,35,"xpc error while checking if icdp is enabled for dsid <num>: error domain = nscocoaerrordomain code = <num> "" the connection to service named com. apple. cdp. daemon was invalidated. "" userinfo = {nsdebugdescription = the connection to service named com. apple. cdp. daemon was invalidated.}",1,1,frequency_representative
4488,Daemon connection invalidated!,E495,Daemon connection invalidated!,35,daemon connection invalidated!,1,Mac_C0000210,1,35,daemon connection invalidated!,1,1,frequency_representative
4490,com.apple.Addres(646) deny mach-lookup com.apple.cdp.daemon,E592,<*>(<*>) deny mach-lookup <*>,23,com.apple.addres( <num> ) deny mach-lookup com.apple.cdp.daemon,1,Mac_C0000211,1,23,com. apple. addres (<num>) deny mach-lookup com. apple. cdp. daemon,1,1,frequency_representative
4493,"CFPasteboardRef CFPasteboardCreate(CFAllocatorRef, CFStringRef) : failed to create global data",E138,"CFPasteboardRef CFPasteboardCreate(CFAllocatorRef, CFStringRef) : failed to create global data",92,"cfpasteboardref cfpasteboardcreate(cfallocatorref, cfstringref) : failed to create global data",1,Mac_C0000212,1,92,"cfpasteboardref cfpasteboardcreate (cfallocatorref, cfstringref): failed to create global data",1,1,frequency_representative
4494,Sandbox: SpotlightNetHelp(352) deny(1) ipc-posix-shm-read-data CFPBS:186A7:,E292,Sandbox: SpotlightNetHelp(<*>) deny(<*>) ipc-posix-shm-read-data <*>,86,sandbox: spotlightnethelp( <num> ) deny( <num> ) ipc-posix-shm-read-data <id> :,1,Mac_C0000213,1,86,sandbox: spotlightnethelp (<num>) deny (<num>) ipc-posix-shm-read-data <id>:,1,1,frequency_representative
4501,Sandbox: SpotlightNetHelp(352) deny(1) file-read-data /Users/xpc/Library/Keyboard Layouts,E343,Sandbox: SpotlightNetHelp(<*>) deny(<*>) file-read-data <*>,1,sandbox: spotlightnethelp( <num> ) deny( <num> ) file-read-data <path> layouts,1,Mac_C0000214,1,1,sandbox: spotlightnethelp (<num>) deny (<num>) file-read-data <path> layouts,1,1,frequency_representative
4508,Sandbox: SpotlightNetHelp(352) deny(1) file-read-data /Users/xpc/Library/Input Methods,E343,Sandbox: SpotlightNetHelp(<*>) deny(<*>) file-read-data <*>,1,sandbox: spotlightnethelp( <num> ) deny( <num> ) file-read-data <path> methods,1,Mac_C0000215,1,1,sandbox: spotlightnethelp (<num>) deny (<num>) file-read-data <path> methods,1,1,frequency_representative
4526,CGSConnectionByID: 0 is not a valid connection ID.,E368,CGSConnectionByID: <*> is not a valid connection ID.,31,cgsconnectionbyid: <num> is not a valid connection id.,1,Mac_C0000216,1,31,cgsconnectionbyid: <num> is not a valid connection id.,1,1,frequency_representative
4527,SpotlightNetHelp(352) deny ipc-posix-shm-read-data CFPBS:186A7:,E340,SpotlightNetHelp(<*>) deny ipc-posix-shm-read-data <*>:,6,spotlightnethelp( <num> ) deny ipc-posix-shm-read-data <id> :,1,Mac_C0000217,1,6,spotlightnethelp (<num>) deny ipc-posix-shm-read-data <id>:,1,1,frequency_representative
4528,enabling pid=30298 for plug-in com.apple.ncplugin.WorldClock(1.0) 59326D85-2EF3-4F92-97C5-879AD11059DC /System/Library/Frameworks/NotificationCenter.framework/PlugIns/com.apple.ncplugin.WorldClock.appex,E554,enabling pid=<*> for plug-in <*>,25,enabling pid= <num> for plug-in com.apple.ncplugin.worldclock( <num> ) <uuid> <path>,1,Mac_C0000218,9,82,enabling pid = <num> for plug-in com. <*>. <*>. <*> (<num>) <uuid> <path>,3,1,frequency_representative
4529,enabling pid=30298 for plug-in com.apple.ncplugin.FindMyFriends(1.0) 1E63F5A5-D9F4-4A1C-8B08-6F71290D52D5 /System/Library/Frameworks/NotificationCenter.framework/PlugIns/com.apple.ncplugin.FindMyFriends.appex,E554,enabling pid=<*> for plug-in <*>,25,enabling pid= <num> for plug-in com.apple.ncplugin.findmyfriends( <num> ) <uuid> <path>,1,Mac_C0000218,9,82,enabling pid = <num> for plug-in com. <*>. <*>. <*> (<num>) <uuid> <path>,3,2,complex_sample
17048,enabling pid=20319 for plug-in com.getdropbox.dropbox.garcon(2.0) 70D2E722-FF86-4FD7-AF47-62316F3AAEA2 /Applications/Dropbox.app/Contents/PlugIns/garcon.appex,E554,enabling pid=<*> for plug-in <*>,5,enabling pid= <num> for plug-in com.getdropbox.dropbox.garcon( <num> ) <uuid> <path>,4,Mac_C0000218,9,82,enabling pid = <num> for plug-in com. <*>. <*>. <*> (<num>) <uuid> <path>,3,3,diverse_sample
4531,Endpoint has been activated through legacy launch(3) APIs. Please switch to XPC or bootstrap_check_in(): com.apple.CoreLocation.agent,E125,Endpoint has been activated through legacy launch(<*>) APIs. Please switch to XPC or bootstrap_check_in(): <*>,25,endpoint has been activated through legacy launch( <num> ) apis. please switch to xpc or bootstrap_check_in(): com.apple.corelocation.agent,1,Mac_C0000219,1,25,endpoint has been activated through legacy launch (<num>) apis. please switch to xpc or bootstrap_check_in (): com. apple. corelocation. agent,1,1,frequency_representative
4532,Session 101680 created,E603,Session <*> created,18,session <num> created,18,Mac_C0000220,18,18,session <num> created,1,1,frequency_representative
4533,"securityd_xpc_dictionary_handler cloudd[326] copy_matching Error Domain=NSOSStatusErrorDomain Code=-50 ""query missing class name"" (paramErr: error in user parameter list) UserInfo={NSDescription=query missing class name}",E45,"securityd_xpc_dictionary_handler cloudd[<*>] copy_matching Error Domain=<*> Code=<*> <*>"" (paramErr: error in user parameter list) UserInfo={NSDescription=<*>}",244,"securityd_xpc_dictionary_handler cloudd[ <num> ] copy_matching error domain=nsosstatuserrordomain code= <num> ""query missing class name"" (paramerr: error in user parameter list) userinfo={nsdescription=query missing class name}",1,Mac_C0000221,1,244,"securityd_xpc_dictionary_handler cloudd [<num>] copy_matching error domain = nsosstatuserrordomain code = <num> "" query missing class name "" (paramerr: error in user parameter list) userinfo = {nsdescription = query missing class name}",1,1,frequency_representative
4534,"SecOSStatusWith error:[-50] Error Domain=NSOSStatusErrorDomain Code=-50 ""query missing class name"" (paramErr: error in user parameter list) UserInfo={NSDescription=query missing class name}",E56,SecOSStatusWith error:[<*>] Error Domain=NSOSStatusErrorDomain Code=<*> <*> (paramErr: error in user parameter list) UserInfo={NSDescription=<*>},244,"secosstatuswith error:[ <num> ] error domain=nsosstatuserrordomain code= <num> ""query missing class name"" (paramerr: error in user parameter list) userinfo={nsdescription=query missing class name}",1,Mac_C0000222,1,244,"secosstatuswith error: [<num>] error domain = nsosstatuserrordomain code = <num> "" query missing class name "" (paramerr: error in user parameter list) userinfo = {nsdescription = query missing class name}",1,1,frequency_representative
4537,"ignored is_io_service_close(0x100000420,IOHIDParamUserClient)",E323,"ignored is_io_service_close(<*>,IOHIDParamUserClient)",28,"ignored is_io_service_close( <hex> ,iohidparamuserclient)",1,Mac_C0000223,1,28,"ignored is_io_service_close (<hex>, iohidparamuserclient)",1,1,frequency_representative
4550,Error in CoreDragRemoveTrackingHandler: -1856,E411,Error in CoreDragRemoveTrackingHandler: <*>,65,error in coredragremovetrackinghandler: <num>,1,Mac_C0000224,1,65,error in coredragremovetrackinghandler: <num>,1,1,frequency_representative
4551,Error in CoreDragRemoveReceiveHandler: -1856,E426,Error in CoreDragRemoveReceiveHandler: <*>,65,error in coredragremovereceivehandler: <num>,1,Mac_C0000225,1,65,error in coredragremovereceivehandler: <num>,1,1,frequency_representative
4554,plugin com.apple.ncplugin.FindMyFriends invalidated,E589,plugin <*> invalidated,25,plugin com.apple.ncplugin.findmyfriends invalidated,1,Mac_C0000226,3,75,plugin com. apple. ncplugin. <*> invalidated,2,1,frequency_representative
4556,plugin com.apple.ncplugin.WorldClock invalidated,E589,plugin <*> invalidated,25,plugin com.apple.ncplugin.worldclock invalidated,1,Mac_C0000226,3,75,plugin com. apple. ncplugin. <*> invalidated,2,2,complex_sample
4555,host connection <NSXPCConnection: 0x7ff00a703080> connection from pid 30298 invalidated,E257,host connection <NSXPCConnection: <*> connection from pid <*> invalidated,82,host connection <nsxpcconnection: <hex> > connection from pid <num> invalidated,82,Mac_C0000227,82,82,host connection < nsxpcconnection: <hex> > connection from pid <num> invalidated,1,1,frequency_representative
4576,Unable to simultaneously satisfy constraints:,E374,Unable to simultaneously satisfy constraints:,273,unable to simultaneously satisfy constraints:,1,Mac_C0000228,1,273,unable to simultaneously satisfy constraints:,1,1,frequency_representative
4577,tcp_connection_destination_handle_tls_close_notify 18 closing socket due to TLS CLOSE_NOTIFY alert,E134,tcp_connection_destination_handle_tls_close_notify <*> closing socket due to TLS CLOSE_NOTIFY alert,46,tcp_connection_destination_handle_tls_close_notify <num> closing socket due to tls close_notify alert,46,Mac_C0000229,46,46,tcp_connection_destination_handle_tls_close_notify <num> closing socket due to tls close_notify alert,1,1,frequency_representative
4584,"Path not allowed in target domain: type = pid, path = /System/Library/StagedFrameworks/Safari/SafariShared.framework/Versions/A/XPCServices/com.apple.Safari.History.xpc/Contents/MacOS/com.apple.Safari.History error = 147: The specified service did not ship in the requestor's bundle, origin = /System/Library/StagedFrameworks/Safari/WebKit.framework/Versions/A/XPCServices/com.apple.WebKit.WebContent.xpc",E90,"Path not allowed in target domain: type = <*>, path = <*> error = <*>: The specified service did not ship in the requestor's bundle, origin = <*>",925,"path not allowed in target domain: type = pid, path = <path> error = <num> : the specified service did not ship in the requestor's bundle, origin = <path>",5,Mac_C0000230,5,925,"path not allowed in target domain: type = pid, path = <path> error = <num>: the specified service did not ship in the requestor ' s bundle, origin = <path>",1,1,frequency_representative
4589,KeychainGetICDPStatus: keychain: -25300,E464,KeychainGetICDPStatus: keychain: <*>,664,keychaingeticdpstatus: keychain: <num>,1,Mac_C0000231,1,664,keychaingeticdpstatus: keychain: <num>,1,1,frequency_representative
4590,KeychainGetICDPStatus: status: off,E481,KeychainGetICDPStatus: status: <*>,664,keychaingeticdpstatus: status: off,1,Mac_C0000232,1,664,keychaingeticdpstatus: status: off,1,1,frequency_representative
7784,13:41:49.143 : Purged contact hashes,E569,<*> : Purged contact hashes,106,<ip> . <num> : purged contact hashes,106,Mac_C0000233,126,126,<ip>. <num>: <*> <*> hashes,3,1,frequency_representative
4600,10:17:01.801 : Finished generating hashes,E524,<*> : Finished generating hashes,10,<ip> . <num> : finished generating hashes,10,Mac_C0000233,126,126,<ip>. <num>: <*> <*> hashes,3,2,complex_sample
4598,10:17:01.740 : Started generating hashes,E533,<*> : Started generating hashes,10,<ip> . <num> : started generating hashes,10,Mac_C0000233,126,126,<ip>. <num>: <*> <*> hashes,3,3,diverse_sample
4599,10:17:01.800 : Adding my hashes manually,E544,<*> : Adding my hashes manually,10,<ip> . <num> : adding my hashes manually,10,Mac_C0000234,10,10,<ip>. <num>: adding my hashes manually,1,1,frequency_representative
4606,ASSERTION FAILED: dvcAddrRef != ((void *)0) -[DriverServices getDeviceAddress:] line: 2789,E221,ASSERTION FAILED: dvcAddrRef != <*> -[DriverServices getDeviceAddress:] line: <*>,151,assertion failed: dvcaddrref != ((void *) <num> ) -[driverservices getdeviceaddress:] line: <num>,1,Mac_C0000235,1,151,assertion failed: dvcaddrref! = ((void *) <num>)-[driverservices getdeviceaddress:] line: <num>,1,1,frequency_representative
13636,CFNetwork SSLHandshake failed (-9806),E483,CFNetwork SSLHandshake failed (<*>),89,cfnetwork sslhandshake failed ( <num> ),4,Mac_C0000236,4,89,cfnetwork sslhandshake failed (<num>),1,1,frequency_representative
24923,12:31:34.499 : BTLE scanner Powered Off,E580,<*> : BTLE scanner Powered <*>,205,<ip> . <num> : btle scanner powered off,197,Mac_C0000237,197,205,<ip>. <num>: btle scanner powered off,1,1,frequency_representative
4638,Failed to stop a scan - central is not powered on: 4,E427,Failed to <*> a scan - central is not powered on: <*>,102,failed to stop a scan - central is not powered on: <num>,1,Mac_C0000238,3,110,failed to <*> a scan-central is not powered on: <num>,2,1,frequency_representative
11225,Failed to start a scan - central is not powered on: 0,E427,Failed to <*> a scan - central is not powered on: <*>,8,failed to start a scan - central is not powered on: <num>,2,Mac_C0000238,3,110,failed to <*> a scan-central is not powered on: <num>,2,2,complex_sample
4639,2017-07-01 10:31:07.472198 AM [AirPlayUIAgent] BecomingInactive: NSWorkspaceWillSleepNotification,E218,<*> <*> AM [AirPlayUIAgent] BecomingInactive: NSWorkspaceWillSleepNotification,11,<date> <ip> . <num> am [airplayuiagent] becominginactive: nsworkspacewillsleepnotification,11,Mac_C0000239,11,11,<date> <ip>. <num> am [airplayuiagent] becominginactive: nsworkspacewillsleepnotification,1,1,frequency_representative
4640,Peripheral manager is not powered on,E460,Peripheral manager is not powered on,147,peripheral manager is not powered on,1,Mac_C0000240,1,147,peripheral manager is not powered on,1,1,frequency_representative
4642,2017/07/01 10:31:07.706 | I | VoipWrapper | DAVEngineImpl.cpp:1400:Close | close video chat. llFriendUIN = ******2341.,E223,<*> <*> | I | VoipWrapper | DAVEngineImpl.cpp:<*>:Close | close video chat. llFriendUIN = <*>,22,<date> <ip> . <num> | i | voipwrapper | <id> | close video chat. llfrienduin = ****** <num> .,22,Mac_C0000241,22,22,<date> <ip>. <num> | i | voipwrapper | <id> | close video chat. llfrienduin = * * * * * * <num>.,1,1,frequency_representative
4643,2017/07/01 10:31:07.709 | I | VoipWrapper | DAVEngineImpl.cpp:1400:Close | close video chat. llFriendUIN = 379338242.,E223,<*> <*> | I | VoipWrapper | DAVEngineImpl.cpp:<*>:Close | close video chat. llFriendUIN = <*>,225,<date> <ip> . <num> | i | voipwrapper | <id> | close video chat. llfrienduin = <num> .,225,Mac_C0000242,225,225,<date> <ip>. <num> | i | voipwrapper | <id> | close video chat. llfrienduin = <num>.,1,1,frequency_representative
47822,"device_generate_desktop_screenshot: authw 0x7fa824145a00(2000), shield 0x7fa825dafc00(2001)",E330,device_generate_desktop_screenshot: authw <*> shield <*>(<*>),117,"device_generate_desktop_screenshot: authw <hex> ( <num> ), shield <hex> ( <num> )",44,Mac_C0000243,44,117,"device_generate_desktop_screenshot: authw <hex> (<num>), shield <hex> (<num>)",1,1,frequency_representative
47823,"device_generate_lock_screen_screenshot: authw 0x7fa824145a00(2000)[0, 0, 1440, 900] shield 0x7fa825dafc00(2001), dev [1440,900]",E231,"device_generate_lock_screen_screenshot: authw <*>(<*>)[<*>, <*>, <*>, <*>] shield <*>(<*>), dev [<*>,<*>]",117,"device_generate_lock_screen_screenshot: authw <hex> ( <num> )[ <num> , <num> , <num> , <num> ] shield <hex> ( <num> ), dev [ <num> , <num> ]",49,Mac_C0000244,49,117,"device_generate_lock_screen_screenshot: authw <hex> (<num>) [<num>, <num>, <num>, <num>] shield <hex> (<num>), dev [<num>, <num>]",1,1,frequency_representative
4649,no sleep images for WillPowerOffWithImages,E598,no sleep images for <*>,36,no sleep images for willpoweroffwithimages,1,Mac_C0000245,1,36,no sleep images for willpoweroffwithimages,1,1,frequency_representative
4650,"Service ""com.apple.xpc.launchd.unmanaged.loginwindow.94"" tried to hijack endpoint ""com.apple.tsm.uiserver"" from owner: com.apple.SystemUIServer.agent",E373,Service <*> tried to hijack endpoint <*> from owner: <*>,44,"service ""com. <id> "" tried to hijack endpoint ""com.apple.tsm.uiserver"" from owner: com.apple.systemuiserver.agent",1,Mac_C0000246,1,44,"service "" com. <id> "" tried to hijack endpoint "" com. apple. tsm. uiserver "" from owner: com. apple. systemuiserver. agent",1,1,frequency_representative
4651,"CoreAnimation: warning, deleted thread with uncommitted CATransaction; set CA_DEBUG_TRANSACTIONS=1 in environment to log backtraces.",E69,"CoreAnimation: warning, deleted thread with uncommitted CATransaction; set CA_DEBUG_TRANSACTIONS=<*> in environment to log backtraces.",54,"coreanimation: warning, deleted thread with uncommitted catransaction; set ca_debug_transactions= <num> in environment to log backtraces.",1,Mac_C0000247,1,54,"coreanimation: warning, deleted thread with uncommitted catransaction; set ca_debug_transactions = <num> in environment to log backtraces.",1,1,frequency_representative
4666,kern_open_file_for_direct_io(0),E471,kern_open_file_for_direct_io(<*>),137,kern_open_file_for_direct_io( <num> ),1,Mac_C0000248,1,137,kern_open_file_for_direct_io (<num>),1,1,frequency_representative
4926,kern_open_file_for_direct_io took 7 ms,E446,kern_open_file_for_direct_io took <*> ms,137,kern_open_file_for_direct_io took <num> ms,7,Mac_C0000249,7,137,kern_open_file_for_direct_io took <num> ms,1,1,frequency_representative
4668,"Opened file /var/log/SleepWakeStacks.bin, size 172032, extents 1, maxio 2000000 ssd 1",E459,"Opened file <*>, size <*>, extents <*>, maxio <*> ssd <*>",80,"opened file <path> , size <num> , extents <num> , maxio <num> ssd <num>",1,Mac_C0000250,1,80,"opened file <path>, size <num>, extents <num>, maxio <num> ssd <num>",1,1,frequency_representative
4669,"polled file major 1, minor 0, blocksize 4096, pollers 5",E397,"polled file major <*>, minor <*>, blocksize <*>, pollers <*>",137,"polled file major <num> , minor <num> , blocksize <num> , pollers <num>",1,Mac_C0000251,1,137,"polled file major <num>, minor <num>, blocksize <num>, pollers <num>",1,1,frequency_representative
4843,2017-07-01 11:05:06.610 GoogleSoftwareUpdateAgent[31394/0x7fff79824000] [lvl=2] -[KSAgentApp setupLoggerOutput] Agent settings: <KSAgentSettings:0x100723ab0 bundleID=com.google.Keystone.Agent lastCheck=2017-07-01 15:38:01 +0000 checkInterval=18000.000000 uiDisplayInterval=604800.000000 sleepInterval=1800.000000 jitterInterval=900 maxRunInterval=0.000000 isConsoleUser=1 ticketStorePath=/Users/xpc/Library/Google/GoogleSoftwareUpdate/TicketStore/Keystone.ticketstore runMode=3 daemonUpdateEngineBrokerServiceName=com.google.Keystone.Daemon.UpdateEngine daemonAdministrationServiceName=com.google.Keystone.Daemon.Administration logEverything=0 logBufferSize=2048 alwaysPromptForUpdates=0 productIDToUpdate=(null) lastUIDisplayed=(null) alwaysShowStatusItem=0 updateCheckTag=(null) printResults=NO userInitiated=NO>,E1,<*> <*> GoogleSoftwareUpdateAgent[<*>] [lvl=<*>] -[KSAgentApp setupLoggerOutput] Agent settings: <KSAgentSettings:<*> bundleID=<*> lastCheck=<*> checkInterval=<*> uiDisplayInterval=<*> sleepInterval=<*> jitterInterval=<*> maxRunInterval=<*> isConsoleUser=<*> ticketStorePath=<*> runMode=<*> daemonUpdateEngineBrokerServiceName=<*> daemonAdministrationServiceName=<*> logEverything=<*> logBufferSize=<*> alwaysPromptForUpdates=<*> productIDToUpdate=(<*>) lastUIDisplayed=(<*>) alwaysShowStatusItem=<*> updateCheckTag=(<*>) printResults=<*> userInitiated=<*>,46,<date> <ip> . <num> googlesoftwareupdateagent[ <num> / <hex> ] [lvl= <num> ] -[ksagentapp setuploggeroutput] agent settings: <ksagentsettings: <hex> bundleid=com.google.keystone.agent lastcheck= <date> <ip> <num> checkinterval= <num> uidisplayinterval= <num> sleepinterval= <num> jitterinterval= <num> maxruninterval= <num> isconsoleuser= <num> ticketstorepath= <path> runmode= <num> daemonupdateenginebrokerservicename=com.google.keystone.daemon.updateengine daemonadministrationservicename=com.google.keystone.daemon.administration logeverything= <num> logbuffersize= <num> alwayspromptforupdates= <num> productidtoupdate=(null) lastuidisplayed=(null) alwaysshowstatusitem= <num> updatechecktag=(null) printresults=no userinitiated=no>,46,Mac_C0000252,46,46,<date> <ip>. <num> googlesoftwareupdateagent [<num>/<hex>] [lvl = <num>]-[ksagentapp setuploggeroutput] agent settings: < ksagentsettings: <hex> bundleid = com. google. keystone. agent lastcheck = <date> <ip> <num> checkinterval = <num> uidisplayinterval = <num> sleepinterval = <num> jitterinterval = <num> maxruninterval = <num> isconsoleuser = <num> ticketstorepath = <path> runmode = <num> daemonupdateenginebrokerservicename = com. google. keystone. daemon. updateengine daemonadministrationservicename = com. google. keystone. daemon. administration logeverything = <num> logbuffersize = <num> alwayspromptforupdates = <num> productidtoupdate = (null) lastuidisplayed = (null) alwaysshowstatusitem = <num> updatechecktag = (null) printresults = no userinitiated = no >,1,1,frequency_representative
4849,"no application identifier provided, can't use provisioning profiles [pid=31398]",E226,"no application identifier provided, can't use provisioning profiles [pid=<*>]",43,"no application identifier provided, can't use provisioning profiles [pid= <num> ]",43,Mac_C0000253,43,43,"no application identifier provided, can ' t use provisioning profiles [pid = <num>]",1,1,frequency_representative
4860,11:20:51.293 : BTLE discovered device with hash <01faa200 00000000 0000>,E489,<*> : BTLE discovered device with hash <*>,11,<ip> . <num> : btle discovered device with hash < <id> <num> <num> >,11,Mac_C0000254,13,13,<ip>. <num>: btle discovered device with hash < <id> <num> <num> >,2,1,frequency_representative
47618,15:10:04.827 : BTLE discovered device with hash <0185af8a df000000 0000>,E489,<*> : BTLE discovered device with hash <*>,1,<ip> . <num> : btle discovered device with hash < <id> <id> <num> >,1,Mac_C0000254,13,13,<ip>. <num>: btle discovered device with hash < <id> <num> <num> >,2,2,complex_sample
4972,-[NETClientConnection evaluateCrazyIvan46] CI46 - Perform CrazyIvan46! QQ.10018 tc19023 14.17.41.153:80,E468,-[NETClientConnection <*>] <*> - Perform <*>! <*> <*> <*>,1,-[netclientconnection <id> ] ci46 - perform <id> ! <id> tc19023 <ip>,1,Mac_C0000255,1,1,- [netclientconnection <id>] ci 46-perform <id>! <id> tc 19023 <ip>,1,1,frequency_representative
4980,__42-[NETClientConnection evaluateCrazyIvan46]_block_invoke CI46 - Hit by torpedo! QQ.10018 tc19023 14.17.41.153:80,E224,<*>[NETClientConnection evaluateCrazyIvan46]_block_invoke <*> - Hit by torpedo! <*> <*> <*>,1,__42-[netclientconnection <id> ]_block_invoke ci46 - hit by torpedo! <id> tc19023 <ip>,1,Mac_C0000256,1,1,__ 42-[netclientconnection <id>] _block_invoke ci 46-hit by torpedo! <id> tc 19023 <ip>,1,1,frequency_representative
4984,-[NETClientConnection evaluateCrazyIvan46] CI46 - Perform CrazyIvan46! QQ.10018 tc19060 125.39.133.143:14000,E468,-[NETClientConnection <*>] <*> - Perform <*>! <*> <*> <*>,1,-[netclientconnection <id> ] ci46 - perform <id> ! <id> tc19060 <ip>,1,Mac_C0000257,1,1,- [netclientconnection <id>] ci 46-perform <id>! <id> tc 19060 <ip>,1,1,frequency_representative
4985,__42-[NETClientConnection evaluateCrazyIvan46]_block_invoke CI46 - Hit by torpedo! QQ.10018 tc19060 125.39.133.143:14000,E224,<*>[NETClientConnection evaluateCrazyIvan46]_block_invoke <*> - Hit by torpedo! <*> <*> <*>,1,__42-[netclientconnection <id> ]_block_invoke ci46 - hit by torpedo! <id> tc19060 <ip>,1,Mac_C0000258,1,1,__ 42-[netclientconnection <id>] _block_invoke ci 46-hit by torpedo! <id> tc 19060 <ip>,1,1,frequency_representative
39618,network changed: v4(en0:10.105.162.105) v6(en0:2607:f140:6000:8:c6b3:1ff:fecd:467f) DNS! Proxy SMB,E508,network changed: <*> DNS! Proxy SMB,30,network changed: v4(en0: <ip> ) v6(en0: <ip> ) dns! proxy smb,2,Mac_C0000259,16,44,network changed: v 4 (en 0: <ip>) v 6 (en 0 <*> <*> <*> <*> <*> proxy smb,2,1,frequency_representative
25430,network changed: v4(en0:10.105.160.237) v6(en0!:2607:f140:6000:8:422:f3d6:8a7d:9808) DNS Proxy SMB,E518,network changed: <*> DNS Proxy SMB,13,network changed: v4(en0: <ip> ) v6(en0!: <ip> ) dns proxy smb,13,Mac_C0000259,16,44,network changed: v 4 (en 0: <ip>) v 6 (en 0 <*> <*> <*> <*> <*> proxy smb,2,2,complex_sample
5137,-[NETClientConnection evaluateCrazyIvan46] CI46 - Perform CrazyIvan46! QQ.10018 tc19063 121.51.36.141:443,E468,-[NETClientConnection <*>] <*> - Perform <*>! <*> <*> <*>,1,-[netclientconnection <id> ] ci46 - perform <id> ! <id> tc19063 <ip>,1,Mac_C0000260,1,1,- [netclientconnection <id>] ci 46-perform <id>! <id> tc 19063 <ip>,1,1,frequency_representative
5138,__42-[NETClientConnection evaluateCrazyIvan46]_block_invoke CI46 - Hit by torpedo! QQ.10018 tc19063 121.51.36.141:443,E224,<*>[NETClientConnection evaluateCrazyIvan46]_block_invoke <*> - Hit by torpedo! <*> <*> <*>,1,__42-[netclientconnection <id> ]_block_invoke ci46 - hit by torpedo! <id> tc19063 <ip>,1,Mac_C0000261,1,1,__ 42-[netclientconnection <id>] _block_invoke ci 46-hit by torpedo! <id> tc 19063 <ip>,1,1,frequency_representative
5319,-[NETClientConnection evaluateCrazyIvan46] CI46 - Perform CrazyIvan46! QQ.10018 tc19073 119.81.102.227:80,E468,-[NETClientConnection <*>] <*> - Perform <*>! <*> <*> <*>,1,-[netclientconnection <id> ] ci46 - perform <id> ! <id> tc19073 <ip>,1,Mac_C0000262,1,1,- [netclientconnection <id>] ci 46-perform <id>! <id> tc 19073 <ip>,1,1,frequency_representative
5320,__42-[NETClientConnection evaluateCrazyIvan46]_block_invoke CI46 - Hit by torpedo! QQ.10018 tc19073 119.81.102.227:80,E224,<*>[NETClientConnection evaluateCrazyIvan46]_block_invoke <*> - Hit by torpedo! <*> <*> <*>,1,__42-[netclientconnection <id> ]_block_invoke ci46 - hit by torpedo! <id> tc19073 <ip>,1,Mac_C0000263,1,1,__ 42-[netclientconnection <id>] _block_invoke ci 46-hit by torpedo! <id> tc 19073 <ip>,1,1,frequency_representative
5741,-[NETClientConnection evaluateCrazyIvan46] CI46 - Perform CrazyIvan46! QQ.10018 tc19092 119.81.102.227:80,E468,-[NETClientConnection <*>] <*> - Perform <*>! <*> <*> <*>,1,-[netclientconnection <id> ] ci46 - perform <id> ! <id> tc19092 <ip>,1,Mac_C0000264,1,1,- [netclientconnection <id>] ci 46-perform <id>! <id> tc 19092 <ip>,1,1,frequency_representative
5742,__42-[NETClientConnection evaluateCrazyIvan46]_block_invoke CI46 - Hit by torpedo! QQ.10018 tc19092 119.81.102.227:80,E224,<*>[NETClientConnection evaluateCrazyIvan46]_block_invoke <*> - Hit by torpedo! <*> <*> <*>,1,__42-[netclientconnection <id> ]_block_invoke ci46 - hit by torpedo! <id> tc19092 <ip>,1,Mac_C0000265,1,1,__ 42-[netclientconnection <id>] _block_invoke ci 46-hit by torpedo! <id> tc 19092 <ip>,1,1,frequency_representative
5942,-[NETClientConnection evaluateCrazyIvan46] CI46 - Perform CrazyIvan46! QQ.10018 tc19101 119.81.102.227:80,E468,-[NETClientConnection <*>] <*> - Perform <*>! <*> <*> <*>,1,-[netclientconnection <id> ] ci46 - perform <id> ! <id> tc19101 <ip>,1,Mac_C0000266,1,1,- [netclientconnection <id>] ci 46-perform <id>! <id> tc 19101 <ip>,1,1,frequency_representative
5943,__42-[NETClientConnection evaluateCrazyIvan46]_block_invoke CI46 - Hit by torpedo! QQ.10018 tc19101 119.81.102.227:80,E224,<*>[NETClientConnection evaluateCrazyIvan46]_block_invoke <*> - Hit by torpedo! <*> <*> <*>,1,__42-[netclientconnection <id> ]_block_invoke ci46 - hit by torpedo! <id> tc19101 <ip>,1,Mac_C0000267,1,1,__ 42-[netclientconnection <id>] _block_invoke ci 46-hit by torpedo! <id> tc 19101 <ip>,1,1,frequency_representative
5963,-[ABAddressBook save] failed. (<ABAddressBook: 0x7fcb21fc1180>),E485,-[ABAddressBook save] failed. (<*>),31,-[abaddressbook save] failed. (<abaddressbook: <hex> >),31,Mac_C0000268,31,31,- [abaddressbook save] failed. (< abaddressbook: <hex> >),1,1,frequency_representative
6395,(DiskStore.Normal:2382) c001 1.000025,E582,(DiskStore.Normal:<*>) <*> <*>,10,( <id> ) c001 <num>,10,Mac_C0000269,10,10,(<id>) c 001 <num>,1,1,frequency_representative
6519,-[NETClientConnection evaluateCrazyIvan46] CI46 - Perform CrazyIvan46! QQ.10018 tc19123 119.81.102.227:80,E468,-[NETClientConnection <*>] <*> - Perform <*>! <*> <*> <*>,1,-[netclientconnection <id> ] ci46 - perform <id> ! <id> tc19123 <ip>,1,Mac_C0000270,1,1,- [netclientconnection <id>] ci 46-perform <id>! <id> tc 19123 <ip>,1,1,frequency_representative
6520,__42-[NETClientConnection evaluateCrazyIvan46]_block_invoke CI46 - Hit by torpedo! QQ.10018 tc19123 119.81.102.227:80,E224,<*>[NETClientConnection evaluateCrazyIvan46]_block_invoke <*> - Hit by torpedo! <*> <*> <*>,1,__42-[netclientconnection <id> ]_block_invoke ci46 - hit by torpedo! <id> tc19123 <ip>,1,Mac_C0000271,1,1,__ 42-[netclientconnection <id>] _block_invoke ci 46-hit by torpedo! <id> tc 19123 <ip>,1,1,frequency_representative
6702,-[NETClientConnection evaluateCrazyIvan46] CI46 - Perform CrazyIvan46! QQ.10018 tc19134 119.81.102.227:80,E468,-[NETClientConnection <*>] <*> - Perform <*>! <*> <*> <*>,1,-[netclientconnection <id> ] ci46 - perform <id> ! <id> tc19134 <ip>,1,Mac_C0000272,1,1,- [netclientconnection <id>] ci 46-perform <id>! <id> tc 19134 <ip>,1,1,frequency_representative
6703,__42-[NETClientConnection evaluateCrazyIvan46]_block_invoke CI46 - Hit by torpedo! QQ.10018 tc19134 119.81.102.227:80,E224,<*>[NETClientConnection evaluateCrazyIvan46]_block_invoke <*> - Hit by torpedo! <*> <*> <*>,1,__42-[netclientconnection <id> ]_block_invoke ci46 - hit by torpedo! <id> tc19134 <ip>,1,Mac_C0000273,1,1,__ 42-[netclientconnection <id>] _block_invoke ci 46-hit by torpedo! <id> tc 19134 <ip>,1,1,frequency_representative
6873,-[NETClientConnection evaluateCrazyIvan46] CI46 - Perform CrazyIvan46! QQ.10018 tc19140 119.81.102.227:80,E468,-[NETClientConnection <*>] <*> - Perform <*>! <*> <*> <*>,1,-[netclientconnection <id> ] ci46 - perform <id> ! <id> tc19140 <ip>,1,Mac_C0000274,1,1,- [netclientconnection <id>] ci 46-perform <id>! <id> tc 19140 <ip>,1,1,frequency_representative
6874,__42-[NETClientConnection evaluateCrazyIvan46]_block_invoke CI46 - Hit by torpedo! QQ.10018 tc19140 119.81.102.227:80,E224,<*>[NETClientConnection evaluateCrazyIvan46]_block_invoke <*> - Hit by torpedo! <*> <*> <*>,1,__42-[netclientconnection <id> ]_block_invoke ci46 - hit by torpedo! <id> tc19140 <ip>,1,Mac_C0000275,1,1,__ 42-[netclientconnection <id>] _block_invoke ci 46-hit by torpedo! <id> tc 19140 <ip>,1,1,frequency_representative
7261,Endpoint has been activated through legacy launch(3) APIs. Please switch to XPC or bootstrap_check_in(): com.apple.bsd.dirhelper,E125,Endpoint has been activated through legacy launch(<*>) APIs. Please switch to XPC or bootstrap_check_in(): <*>,7,endpoint has been activated through legacy launch( <num> ) apis. please switch to xpc or bootstrap_check_in(): com.apple.bsd.dirhelper,1,Mac_C0000276,1,7,endpoint has been activated through legacy launch (<num>) apis. please switch to xpc or bootstrap_check_in (): com. apple. bsd. dirhelper,1,1,frequency_representative
9049,Wake reason: EC.LidOpen (User),E614,Wake reason: <*>,17,wake reason: ec.lidopen (user),1,Mac_C0000277,5,33,wake reason: ec. <*> (<*>),3,1,frequency_representative
8575,Wake reason: EC.SleepTimer (SleepTimer),E614,Wake reason: <*>,12,wake reason: ec.sleeptimer (sleeptimer),1,Mac_C0000277,5,33,wake reason: ec. <*> (<*>),3,2,complex_sample
7752,Wake reason: EC.LidClose (Maintenance),E614,Wake reason: <*>,2,wake reason: ec.lidclose (maintenance),1,Mac_C0000277,5,33,wake reason: ec. <*> (<*>),3,3,diverse_sample
26786,<IMMacNotificationCenterManager: 0x7ff1b2e00ba0>: notification observer: com.apple.iChat notification: __CFNotification 0x7ff1b2d47ec0 {name = _NSDoNotDisturbEnabledNotification},E128,<IMMacNotificationCenterManager: <*>: notification observer: <*> notification: __CFNotification <*> {name = <*>},50,<immacnotificationcentermanager: <hex> >: notification observer: com.apple.ichat notification: __cfnotification <hex> {name = _nsdonotdisturbenablednotification},45,Mac_C0000278,134,147,< immacnotificationcentermanager: <hex> >: notification observer: com. apple. <*> notification: __cfnotification <hex> {name = <*>},3,1,frequency_representative
26794,<IMMacNotificationCenterManager: 0x7fdcc9d16380>: notification observer: com.apple.FaceTime notification: __CFNotification 0x7fdcc9e048e0 {name = _NSDoNotDisturbDisabledNotification},E128,<IMMacNotificationCenterManager: <*>: notification observer: <*> notification: __CFNotification <*> {name = <*>},24,<immacnotificationcentermanager: <hex> >: notification observer: com.apple.facetime notification: __cfnotification <hex> {name = _nsdonotdisturbdisablednotification},22,Mac_C0000278,134,147,< immacnotificationcentermanager: <hex> >: notification observer: com. apple. <*> notification: __cfnotification <hex> {name = <*>},3,2,complex_sample
33836,<IMMacNotificationCenterManager: 0x7ff1b2d17980>: notification observer: com.apple.iChat notification: __CFNotification 0x7ff1b5018d40 {name = _NSDoNotDisturbDisabledNotification},E128,<IMMacNotificationCenterManager: <*>: notification observer: <*> notification: __CFNotification <*> {name = <*>},48,<immacnotificationcentermanager: <hex> >: notification observer: com.apple.ichat notification: __cfnotification <hex> {name = _nsdonotdisturbdisablednotification},44,Mac_C0000278,134,147,< immacnotificationcentermanager: <hex> >: notification observer: com. apple. <*> notification: __cfnotification <hex> {name = <*>},3,3,diverse_sample
7782,<IMMacNotificationCenterManager: 0x7fdcc9d16380>: NC Disabled: NO,E348,<IMMacNotificationCenterManager: <*>: NC Disabled: <*>,147,<immacnotificationcentermanager: <hex> >: nc disabled: no,3,Mac_C0000279,3,147,< immacnotificationcentermanager: <hex> >: nc disabled: no,1,1,frequency_representative
7785,13:41:49.143 : Discoverable mode changed to Off,E484,<*> : Discoverable mode changed to Off,103,<ip> . <num> : discoverable mode changed to off,103,Mac_C0000280,103,103,<ip>. <num>: discoverable mode changed to off,1,1,frequency_representative
7786,13:41:49.143 : BTLE scanning stopped,E570,<*> : BTLE scanning stopped,113,<ip> . <num> : btle scanning stopped,113,Mac_C0000281,113,113,<ip>. <num>: btle scanning stopped,1,1,frequency_representative
7787,<IMMacNotificationCenterManager: 0x7fdcc9d16380>: DND Enabled: YES,E355,<IMMacNotificationCenterManager: <*>: DND Enabled: <*>,75,<immacnotificationcentermanager: <hex> >: dnd enabled: yes,3,Mac_C0000282,3,75,< immacnotificationcentermanager: <hex> >: dnd enabled: yes,1,1,frequency_representative
7789,<IMMacNotificationCenterManager: 0x7fdcc9d16380>: Updating enabled: NO (Topics: (,E272,<IMMacNotificationCenterManager: <*>: Updating enabled: <*> (Topics: (,75,<immacnotificationcentermanager: <hex> >: updating enabled: no (topics: (,3,Mac_C0000283,6,147,< immacnotificationcentermanager: <hex> >: updating enabled: <*> (topics: (,2,1,frequency_representative
9104,<IMMacNotificationCenterManager: 0x7ff1b2e00ba0>: Updating enabled: YES (Topics: (,E272,<IMMacNotificationCenterManager: <*>: Updating enabled: <*> (Topics: (,72,<immacnotificationcentermanager: <hex> >: updating enabled: yes (topics: (,3,Mac_C0000283,6,147,< immacnotificationcentermanager: <hex> >: updating enabled: <*> (topics: (,2,2,complex_sample
7900,magsafeStateChanged state changed old 1 new 2,E416,magsafeStateChanged state changed old <*> new <*>,13,magsafestatechanged state changed old <num> new <num>,2,Mac_C0000284,2,13,magsafestatechanged state changed old <num> new <num>,1,1,frequency_representative
7990,-[NETClientConnection evaluateCrazyIvan46] CI46 - Perform CrazyIvan46! QQ.10018 tc19179 119.81.102.227:80,E468,-[NETClientConnection <*>] <*> - Perform <*>! <*> <*> <*>,1,-[netclientconnection <id> ] ci46 - perform <id> ! <id> tc19179 <ip>,1,Mac_C0000285,1,1,- [netclientconnection <id>] ci 46-perform <id>! <id> tc 19179 <ip>,1,1,frequency_representative
7991,__42-[NETClientConnection evaluateCrazyIvan46]_block_invoke CI46 - Hit by torpedo! QQ.10018 tc19179 119.81.102.227:80,E224,<*>[NETClientConnection evaluateCrazyIvan46]_block_invoke <*> - Hit by torpedo! <*> <*> <*>,1,__42-[netclientconnection <id> ]_block_invoke ci46 - hit by torpedo! <id> tc19179 <ip>,1,Mac_C0000286,1,1,__ 42-[netclientconnection <id>] _block_invoke ci 46-hit by torpedo! <id> tc 19179 <ip>,1,1,frequency_representative
8018,-[NETClientConnection evaluateCrazyIvan46] CI46 - Perform CrazyIvan46! NeteaseMusic.17988 tc7801 103.251.128.144:80,E468,-[NETClientConnection <*>] <*> - Perform <*>! <*> <*> <*>,1,-[netclientconnection <id> ] ci46 - perform <id> ! <id> tc7801 <ip>,1,Mac_C0000287,1,1,- [netclientconnection <id>] ci 46-perform <id>! <id> tc 7801 <ip>,1,1,frequency_representative
8020,-[NETClientConnection evaluateCrazyIvan46] CI46 - Perform CrazyIvan46! QQ.10018 tc19191 119.81.102.227:80,E468,-[NETClientConnection <*>] <*> - Perform <*>! <*> <*> <*>,1,-[netclientconnection <id> ] ci46 - perform <id> ! <id> tc19191 <ip>,1,Mac_C0000288,1,1,- [netclientconnection <id>] ci 46-perform <id>! <id> tc 19191 <ip>,1,1,frequency_representative
8022,__42-[NETClientConnection evaluateCrazyIvan46]_block_invoke CI46 - Hit by torpedo! NeteaseMusic.17988 tc7801 103.251.128.144:80,E224,<*>[NETClientConnection evaluateCrazyIvan46]_block_invoke <*> - Hit by torpedo! <*> <*> <*>,1,__42-[netclientconnection <id> ]_block_invoke ci46 - hit by torpedo! <id> tc7801 <ip>,1,Mac_C0000289,1,1,__ 42-[netclientconnection <id>] _block_invoke ci 46-hit by torpedo! <id> tc 7801 <ip>,1,1,frequency_representative
8023,__42-[NETClientConnection evaluateCrazyIvan46]_block_invoke CI46 - Hit by torpedo! QQ.10018 tc19191 119.81.102.227:80,E224,<*>[NETClientConnection evaluateCrazyIvan46]_block_invoke <*> - Hit by torpedo! <*> <*> <*>,1,__42-[netclientconnection <id> ]_block_invoke ci46 - hit by torpedo! <id> tc19191 <ip>,1,Mac_C0000290,1,1,__ 42-[netclientconnection <id>] _block_invoke ci 46-hit by torpedo! <id> tc 19191 <ip>,1,1,frequency_representative
8026,-[NETClientConnection evaluateCrazyIvan46] CI46 - Perform CrazyIvan46! QQ.10018 tc19192 123.151.10.190:80,E468,-[NETClientConnection <*>] <*> - Perform <*>! <*> <*> <*>,1,-[netclientconnection <id> ] ci46 - perform <id> ! <id> tc19192 <ip>,1,Mac_C0000291,1,1,- [netclientconnection <id>] ci 46-perform <id>! <id> tc 19192 <ip>,1,1,frequency_representative
8027,__42-[NETClientConnection evaluateCrazyIvan46]_block_invoke CI46 - Hit by torpedo! QQ.10018 tc19192 123.151.10.190:80,E224,<*>[NETClientConnection evaluateCrazyIvan46]_block_invoke <*> - Hit by torpedo! <*> <*> <*>,1,__42-[netclientconnection <id> ]_block_invoke ci46 - hit by torpedo! <id> tc19192 <ip>,1,Mac_C0000292,1,1,__ 42-[netclientconnection <id>] _block_invoke ci 46-hit by torpedo! <id> tc 19192 <ip>,1,1,frequency_representative
9964,Sandbox: storeaccountd(345) deny(1) file-write-create /Users/xpc/Library/Caches/com.apple.Safari/ProductionBag,E341,Sandbox: storeaccountd(<*>) deny(<*>) file-write-create <*>,9,sandbox: storeaccountd( <num> ) deny( <num> ) file-write-create <path>,2,Mac_C0000293,2,9,sandbox: storeaccountd (<num>) deny (<num>) file-write-create <path>,1,1,frequency_representative
8033,storeaccountd(345) deny file-write-create /Users/xpc/Library/Caches/com.evernote.Evernote,E430,storeaccountd(<*>) deny file-write-create <*>,11,storeaccountd( <num> ) deny file-write-create <path>,2,Mac_C0000294,2,11,storeaccountd (<num>) deny file-write-create <path>,1,1,frequency_representative
8149,-[NETClientConnection evaluateCrazyIvan46] CI46 - Perform CrazyIvan46! NeteaseMusic.17988 tc7811 103.251.128.144:80,E468,-[NETClientConnection <*>] <*> - Perform <*>! <*> <*> <*>,1,-[netclientconnection <id> ] ci46 - perform <id> ! <id> tc7811 <ip>,1,Mac_C0000295,1,1,- [netclientconnection <id>] ci 46-perform <id>! <id> tc 7811 <ip>,1,1,frequency_representative
8154,-[NETClientConnection evaluateCrazyIvan46] CI46 - Perform CrazyIvan46! QQ.10018 tc19199 119.81.102.227:80,E468,-[NETClientConnection <*>] <*> - Perform <*>! <*> <*> <*>,1,-[netclientconnection <id> ] ci46 - perform <id> ! <id> tc19199 <ip>,1,Mac_C0000296,1,1,- [netclientconnection <id>] ci 46-perform <id>! <id> tc 19199 <ip>,1,1,frequency_representative
8156,__42-[NETClientConnection evaluateCrazyIvan46]_block_invoke CI46 - Hit by torpedo! NeteaseMusic.17988 tc7811 103.251.128.144:80,E224,<*>[NETClientConnection evaluateCrazyIvan46]_block_invoke <*> - Hit by torpedo! <*> <*> <*>,1,__42-[netclientconnection <id> ]_block_invoke ci46 - hit by torpedo! <id> tc7811 <ip>,1,Mac_C0000297,1,1,__ 42-[netclientconnection <id>] _block_invoke ci 46-hit by torpedo! <id> tc 7811 <ip>,1,1,frequency_representative
8157,__42-[NETClientConnection evaluateCrazyIvan46]_block_invoke CI46 - Hit by torpedo! QQ.10018 tc19199 119.81.102.227:80,E224,<*>[NETClientConnection evaluateCrazyIvan46]_block_invoke <*> - Hit by torpedo! <*> <*> <*>,1,__42-[netclientconnection <id> ]_block_invoke ci46 - hit by torpedo! <id> tc19199 <ip>,1,Mac_C0000298,1,1,__ 42-[netclientconnection <id>] _block_invoke ci 46-hit by torpedo! <id> tc 19199 <ip>,1,1,frequency_representative
8160,-[NETClientConnection evaluateCrazyIvan46] CI46 - Perform CrazyIvan46! QQ.10018 tc19202 123.151.10.190:80,E468,-[NETClientConnection <*>] <*> - Perform <*>! <*> <*> <*>,1,-[netclientconnection <id> ] ci46 - perform <id> ! <id> tc19202 <ip>,1,Mac_C0000299,1,1,- [netclientconnection <id>] ci 46-perform <id>! <id> tc 19202 <ip>,1,1,frequency_representative
8161,__42-[NETClientConnection evaluateCrazyIvan46]_block_invoke CI46 - Hit by torpedo! QQ.10018 tc19202 123.151.10.190:80,E224,<*>[NETClientConnection evaluateCrazyIvan46]_block_invoke <*> - Hit by torpedo! <*> <*> <*>,1,__42-[netclientconnection <id> ]_block_invoke ci46 - hit by torpedo! <id> tc19202 <ip>,1,Mac_C0000300,1,1,__ 42-[netclientconnection <id>] _block_invoke ci 46-hit by torpedo! <id> tc 19202 <ip>,1,1,frequency_representative
8197,<INFO> RQD: create user info for daily using,E409,<INFO> RQD: create user info for daily using,5,<info> rqd: create user info for daily using,1,Mac_C0000301,1,5,<info> rqd: create user info for daily using,1,1,frequency_representative
8198,"<WORKFLOW>: sdk send an request to server[http://monitor.uu.qq.com/analytics/rqdsync] with 520 and data[412] for com.Tencent.JietuFramework, com.Tencent.JietuFramework[25889]",E293,<WORKFLOW>: sdk send an request to server[<*>] with <*> and data[<*>] for <*>[<*>],5,"<workflow>: sdk send an request to server[ <url> with <num> and data[ <num> ] for com.tencent.jietuframework, com.tencent.jietuframework[ <num> ]",1,Mac_C0000302,1,5,"<workflow>: sdk send an request to server [<url> with <num> and data [<num>] for com. tencent. jietuframework, com. tencent. jietuframework [<num>]",1,1,frequency_representative
8199,<INFO> RQD: UserInfoUploadHandler success finish request with 1 records,E249,<INFO> RQD: UserInfoUploadHandler success finish request with <*> records,5,<info> rqd: userinfouploadhandler success finish request with <num> records,1,Mac_C0000303,1,5,<info> rqd: userinfouploadhandler success finish request with <num> records,1,1,frequency_representative
8200,<INFO> RQD: UserInfoUploadHandler clean 1 records,E360,<INFO> RQD: UserInfoUploadHandler clean <*> records,5,<info> rqd: userinfouploadhandler clean <num> records,1,Mac_C0000304,1,5,<info> rqd: userinfouploadhandler clean <num> records,1,1,frequency_representative
8201,<INFO> RQD: Persist userinfo data with count 0,E401,<INFO> RQD: Persist userinfo data with count <*>,5,<info> rqd: persist userinfo data with count <num>,1,Mac_C0000305,1,5,<info> rqd: persist userinfo data with count <num>,1,1,frequency_representative
8479,-[NETClientConnection evaluateCrazyIvan46] CI46 - Perform CrazyIvan46! QQ.10018 tc19209 119.81.102.227:80,E468,-[NETClientConnection <*>] <*> - Perform <*>! <*> <*> <*>,1,-[netclientconnection <id> ] ci46 - perform <id> ! <id> tc19209 <ip>,1,Mac_C0000306,1,1,- [netclientconnection <id>] ci 46-perform <id>! <id> tc 19209 <ip>,1,1,frequency_representative
8481,__42-[NETClientConnection evaluateCrazyIvan46]_block_invoke CI46 - Hit by torpedo! QQ.10018 tc19209 119.81.102.227:80,E224,<*>[NETClientConnection evaluateCrazyIvan46]_block_invoke <*> - Hit by torpedo! <*> <*> <*>,1,__42-[netclientconnection <id> ]_block_invoke ci46 - hit by torpedo! <id> tc19209 <ip>,1,Mac_C0000307,1,1,__ 42-[netclientconnection <id>] _block_invoke ci 46-hit by torpedo! <id> tc 19209 <ip>,1,1,frequency_representative
8593,"IOPMrootDomain: idle cancel, state 1",E465,"IOPMrootDomain: idle cancel, state <*>",107,"iopmrootdomain: idle cancel, state <num>",2,Mac_C0000308,2,107,"iopmrootdomain: idle cancel, state <num>",1,1,frequency_representative
8633,"ARPT: 627458.428451: IOPMPowerSource Information: onSleep, SleepType: Standby, 'ExternalConnected': No, 'TimeRemaining': 18780,",E129,"ARPT: <*>: IOPMPowerSource Information: onSleep, SleepType: <*>, 'ExternalConnected': <*>, 'TimeRemaining': <*>,",57,"arpt: <num> : iopmpowersource information: onsleep, sleeptype: standby, 'externalconnected': no, 'timeremaining': <num> ,",57,Mac_C0000309,57,57,"arpt: <num>: iopmpowersource information: onsleep, sleeptype: standby, ' externalconnected ': no, ' timeremaining ': <num>,",1,1,frequency_representative
8635,hibernate image path: /var/vm/sleepimage,E579,hibernate image path: <*>,57,hibernate image path: /var/vm/sleepimage,1,Mac_C0000310,1,57,hibernate image path:/var/vm/sleepimage,1,1,frequency_representative
8636,efi pagecount 72,E611,efi pagecount <*>,57,efi pagecount <num>,1,Mac_C0000311,1,57,efi pagecount <num>,1,1,frequency_representative
8637,hibernate_page_list_setall(preflight 1) start,E367,hibernate_page_list_setall(preflight <*>) start,114,hibernate_page_list_setall(preflight <num> ) start,2,Mac_C0000312,2,114,hibernate_page_list_setall (preflight <num>) start,1,1,frequency_representative
31692,hibernate_page_list_setall time: 335 ms,E450,hibernate_page_list_setall time: <*> ms,114,hibernate_page_list_setall time: <num> ms,90,Mac_C0000313,90,114,hibernate_page_list_setall time: <num> ms,1,1,frequency_representative
8639,"pages 4108571, wire 500151, act 1310843, inact 170, cleaned 0 spec 11, zf 756188, throt 0, compr 340241, xpmapped 40000",E288,"pages <*>, wire <*>, act <*>, inact <*>, cleaned <*> spec <*>, zf <*>, throt <*>, compr <*>, xpmapped <*>",114,"pages <num> , wire <num> , act <num> , inact <num> , cleaned <num> spec <num> , zf <num> , throt <num> , compr <num> , xpmapped <num>",114,Mac_C0000314,114,114,"pages <num>, wire <num>, act <num>, inact <num>, cleaned <num> spec <num>, zf <num>, throt <num>, compr <num>, xpmapped <num>",1,1,frequency_representative
8640,could discard act 235040 inact 470831 purgeable 475892 spec 19204 cleaned 0,E391,could discard act <*> inact <*> purgeable <*> spec <*> cleaned <*>,57,could discard act <num> inact <num> purgeable <num> spec <num> cleaned <num>,57,Mac_C0000315,57,57,could discard act <num> inact <num> purgeable <num> spec <num> cleaned <num>,1,1,frequency_representative
8677,WARNING: hibernate_page_list_setall skipped 56540 xpmapped pages,E296,WARNING: hibernate_page_list_setall skipped <*> xpmapped pages,114,warning: hibernate_page_list_setall skipped <num> xpmapped pages,58,Mac_C0000316,58,114,warning: hibernate_page_list_setall skipped <num> xpmapped pages,1,1,frequency_representative
8642,hibernate_page_list_setall preflight pageCount 500151 est comp 36 setfile 839909376 min 1073741824,E254,hibernate_page_list_setall preflight pageCount <*> est comp <*> setfile <*> min <*>,57,hibernate_page_list_setall preflight pagecount <num> est comp <num> setfile <num> min <num>,57,Mac_C0000317,57,57,hibernate_page_list_setall preflight pagecount <num> est comp <num> setfile <num> min <num>,1,1,frequency_representative
8647,"Opened file /var/vm/sleepimage, size 1073741824, extents 3, maxio 2000000 ssd 1",E459,"Opened file <*>, size <*>, extents <*>, maxio <*> ssd <*>",57,"opened file /var/vm/sleepimage, size <num> , extents <num> , maxio <num> ssd <num>",1,Mac_C0000318,1,57,"opened file/var/vm/sleepimage, size <num>, extents <num>, maxio <num> ssd <num>",1,1,frequency_representative
8651,vm_compressor_flush - starting,E496,vm_compressor_flush - starting,57,vm_compressor_flush - starting,1,Mac_C0000319,1,57,vm_compressor_flush-starting,1,1,frequency_representative
8652,vm_compressor_flush completed - took 19731 msecs,E399,vm_compressor_flush completed - took <*> msecs,57,vm_compressor_flush completed - took <num> msecs,57,Mac_C0000320,57,57,vm_compressor_flush completed-took <num> msecs,1,1,frequency_representative
8653,hibernate_flush_memory: buffer_cache_gc freed up 13469 wired pages,E289,hibernate_flush_memory: buffer_cache_gc freed up <*> wired pages,57,hibernate_flush_memory: buffer_cache_gc freed up <num> wired pages,57,Mac_C0000321,57,57,hibernate_flush_memory: buffer_cache_gc freed up <num> wired pages,1,1,frequency_representative
8654,"hibernate_alloc_pages act 393143, inact 789213, anon 620231, throt 0, spec 19314, wire 518407, wireinit 39927",E261,"hibernate_alloc_pages act <*>, inact <*>, anon <*>, throt <*>, spec <*>, wire <*>, wireinit <*>",57,"hibernate_alloc_pages act <num> , inact <num> , anon <num> , throt <num> , spec <num> , wire <num> , wireinit <num>",57,Mac_C0000322,57,57,"hibernate_alloc_pages act <num>, inact <num>, anon <num>, throt <num>, spec <num>, wire <num>, wireinit <num>",1,1,frequency_representative
8655,hibernate_setup(0) took 25844 ms,E548,hibernate_setup(<*>) took <*> ms,57,hibernate_setup( <num> ) took <num> ms,57,Mac_C0000323,57,57,hibernate_setup (<num>) took <num> ms,1,1,frequency_representative
8669,hibernate_teardown started,E521,hibernate_teardown started,57,hibernate_teardown started,1,Mac_C0000324,1,57,hibernate_teardown started,1,1,frequency_representative
8670,"hibernate_teardown: wired_pages 518384, free_pages 3605165, active_pages 40000, inactive_pages 0, speculative_pages 0, cleaned_pages 0, compressor_pages 64",E71,"hibernate_teardown: wired_pages <*>, free_pages <*>, active_pages <*>, inactive_pages <*>, speculative_pages <*>, cleaned_pages <*>, compressor_pages <*>",57,"hibernate_teardown: wired_pages <num> , free_pages <num> , active_pages <num> , inactive_pages <num> , speculative_pages <num> , cleaned_pages <num> , compressor_pages <num>",57,Mac_C0000325,57,57,"hibernate_teardown: wired_pages <num>, free_pages <num>, active_pages <num>, inactive_pages <num>, speculative_pages <num>, cleaned_pages <num>, compressor_pages <num>",1,1,frequency_representative
8671,hibernate_teardown_pmap_structs done: last_valid_compact_indx 272647,E266,hibernate_teardown_pmap_structs done: last_valid_compact_indx <*>,57,hibernate_teardown_pmap_structs done: last_valid_compact_indx <num>,57,Mac_C0000326,57,57,hibernate_teardown_pmap_structs done: last_valid_compact_indx <num>,1,1,frequency_representative
96753,"hibernate_teardown: mark_as_unneeded_pages 4096, 55063, 34381",E364,"hibernate_teardown: mark_as_unneeded_pages <*>, <*>, <*>",57,"hibernate_teardown: mark_as_unneeded_pages <num> , <num> , <num>",56,Mac_C0000327,56,57,"hibernate_teardown: mark_as_unneeded_pages <num>, <num>, <num>",1,1,frequency_representative
11138,hibernate_teardown completed - discarded 94724,E412,hibernate_teardown completed - discarded <*>,57,hibernate_teardown completed - discarded <num>,51,Mac_C0000328,51,57,hibernate_teardown completed-discarded <num>,1,1,frequency_representative
8676,did discard act 195633 inact 470831 purgeable 475892 spec 19314 cleaned 0,E408,did discard act <*> inact <*> purgeable <*> spec <*> cleaned <*>,57,did discard act <num> inact <num> purgeable <num> spec <num> cleaned <num>,57,Mac_C0000329,57,57,did discard act <num> inact <num> purgeable <num> spec <num> cleaned <num>,1,1,frequency_representative
63729,hibernate_page_list_setall found pageCount 485473,E381,hibernate_page_list_setall found pageCount <*>,57,hibernate_page_list_setall found pagecount <num>,56,Mac_C0000330,56,57,hibernate_page_list_setall found pagecount <num>,1,1,frequency_representative
8679,"IOHibernatePollerOpen, ml_get_interrupts_enabled 0",E333,"IOHibernatePollerOpen, ml_get_interrupts_enabled <*>",57,"iohibernatepolleropen, ml_get_interrupts_enabled <num>",1,Mac_C0000331,1,57,"iohibernatepolleropen, ml_get_interrupts_enabled <num>",1,1,frequency_representative
8680,IOHibernatePollerOpen(0),E547,IOHibernatePollerOpen(<*>),57,iohibernatepolleropen( <num> ),1,Mac_C0000332,1,57,iohibernatepolleropen (<num>),1,1,frequency_representative
8681,encryptStart 14020,E612,encryptStart <*>,57,encryptstart <num>,1,Mac_C0000333,1,57,encryptstart <num>,1,1,frequency_representative
63733,"bitmap_size 0x7f0fc, previewSize 0x4028, writing 485119 pages @ 0x97144",E419,"bitmap_size <*>, previewSize <*>, writing <*> pages @ <*>",57,"bitmap_size <hex> , previewsize <hex> , writing <num> pages @ <hex>",56,Mac_C0000334,56,57,"bitmap_size <hex>, previewsize <hex>, writing <num> pages @ <hex>",1,1,frequency_representative
8683,hibernate_rebuild started,E530,hibernate_rebuild started,57,hibernate_rebuild started,1,Mac_C0000335,1,57,hibernate_rebuild started,1,1,frequency_representative
8684,hibernate_rebuild_pmap_structs done: last_valid_compact_indx 272647,E271,hibernate_rebuild_pmap_structs done: last_valid_compact_indx <*>,57,hibernate_rebuild_pmap_structs done: last_valid_compact_indx <num>,57,Mac_C0000336,57,57,hibernate_rebuild_pmap_structs done: last_valid_compact_indx <num>,1,1,frequency_representative
8685,hibernate_rebuild completed - took 92 msecs,E424,hibernate_rebuild completed - took <*> msecs,36,hibernate_rebuild completed - took <num> msecs,8,Mac_C0000337,15,57,hibernate_rebuild completed-took <num> msecs,2,1,frequency_representative
32580,hibernate_rebuild completed - took 10042450943432 msecs,E424,hibernate_rebuild completed - took <*> msecs,21,hibernate_rebuild completed - took <hex> msecs,7,Mac_C0000337,15,57,hibernate_rebuild completed-took <num> msecs,2,2,complex_sample
8686,"booter start at 1299 ms smc 0 ms, [18, 0, 0] total 332 ms, dsply 0, 0 ms, tramp 964 ms",E325,"booter start at <*> ms smc <*> ms, [<*>, <*>, <*>] total <*> ms, dsply <*>, <*> ms, tramp <*> ms",57,"booter start at <num> ms smc <num> ms, [ <num> , <num> , <num> ] total <num> ms, dsply <num> , <num> ms, tramp <num> ms",57,Mac_C0000338,57,57,"booter start at <num> ms smc <num> ms, [<num>, <num>, <num>] total <num> ms, dsply <num>, <num> ms, tramp <num> ms",1,1,frequency_representative
8687,"hibernate_machine_init: state 2, image pages 391592, sum was a6dc1ff4, imageSize 0x2846d000, image1Size 0x1ed37000, conflictCount 5006, nextFree 480b",E130,"hibernate_machine_init: state <*>, image pages <*>, sum was <*>, imageSize <*>, image1Size <*>, conflictCount <*>, nextFree <*>",1,"hibernate_machine_init: state <num> , image pages <num> , sum was <id> , imagesize <hex> , <id> <hex> , conflictcount <num> , nextfree 480b",1,Mac_C0000339,1,1,"hibernate_machine_init: state <num>, image pages <num>, sum was <id>, imagesize <hex>, <id> <hex>, conflictcount <num>, nextfree 480 b",1,1,frequency_representative
8688,"hibernate_newruntime_map time: 0 ms, IOPolledFilePollersOpen(), ml_get_interrupts_enabled 0",E148,"hibernate_newruntime_map time: <*> ms, IOPolledFilePollersOpen(), ml_get_interrupts_enabled <*>",57,"hibernate_newruntime_map time: <num> ms, iopolledfilepollersopen(), ml_get_interrupts_enabled <num>",1,Mac_C0000340,1,57,"hibernate_newruntime_map time: <num> ms, iopolledfilepollersopen (), ml_get_interrupts_enabled <num>",1,1,frequency_representative
9045,IOPolledFilePollersOpen(0) 7 ms,E512,IOPolledFilePollersOpen(<*>) <*> ms,57,iopolledfilepollersopen( <num> ) <num> ms,3,Mac_C0000341,3,57,iopolledfilepollersopen (<num>) <num> ms,1,1,frequency_representative
8690,hibernate_machine_init reading,E479,hibernate_machine_init reading,57,hibernate_machine_init reading,1,Mac_C0000342,1,57,hibernate_machine_init reading,1,1,frequency_representative
31073,PMStats: Hibernate read took 191 ms,E510,PMStats: Hibernate read took <*> ms,57,pmstats: hibernate read took <num> ms,16,Mac_C0000343,16,57,pmstats: hibernate read took <num> ms,1,1,frequency_representative
8692,"hibernate_machine_init pagesDone 431656 sum2 907b26f0, time: 184 ms, disk(0x20000) 851 Mb/s, comp bytes: 47337472 time: 32 ms 1377 Mb/s, crypt bytes: 158556160 time: 38 ms 3939 Mb/s",E101,"hibernate_machine_init pagesDone <*> sum2 <*>, time: <*> ms, disk(<*>) <*> Mb/s, comp bytes: <*> time: <*> ms <*> Mb/s, crypt bytes: <*> time: <*> ms <*> Mb/s",55,"hibernate_machine_init pagesdone <num> sum2 <id> , time: <num> ms, disk( <hex> ) <num> mb/s, comp bytes: <num> time: <num> ms <num> mb/s, crypt bytes: <num> time: <num> ms <num> mb/s",55,Mac_C0000344,56,56,"hibernate_machine_init pagesdone <num> sum 2 <id>, time: <num> ms, disk (<hex>) <num> mb/s, comp bytes: <num> time: <num> ms <num> mb/s, crypt bytes: <num> time: <num> ms <num> mb/s",2,1,frequency_representative
32277,"hibernate_machine_init pagesDone 456459 sum2 47521852, time: 191 ms, disk(0x20000) 813 Mb/s, comp bytes: 47337472 time: 32 ms 1370 Mb/s, crypt bytes: 158461952 time: 36 ms 4114 Mb/s",E101,"hibernate_machine_init pagesDone <*> sum2 <*>, time: <*> ms, disk(<*>) <*> Mb/s, comp bytes: <*> time: <*> ms <*> Mb/s, crypt bytes: <*> time: <*> ms <*> Mb/s",1,"hibernate_machine_init pagesdone <num> sum2 <num> , time: <num> ms, disk( <hex> ) <num> mb/s, comp bytes: <num> time: <num> ms <num> mb/s, crypt bytes: <num> time: <num> ms <num> mb/s",1,Mac_C0000344,56,56,"hibernate_machine_init pagesdone <num> sum 2 <id>, time: <num> ms, disk (<hex>) <num> mb/s, comp bytes: <num> time: <num> ms <num> mb/s, crypt bytes: <num> time: <num> ms <num> mb/s",2,2,complex_sample
8698,Previous shutdown cause: 3,E553,Previous shutdown cause: <*>,57,previous shutdown cause: <num>,1,Mac_C0000345,1,57,previous shutdown cause: <num>,1,1,frequency_representative
8701,[HID] [MT] AppleMultitouchDevice::willTerminate entered,E304,[HID] [MT] AppleMultitouchDevice::willTerminate entered,57,[hid] [mt] applemultitouchdevice::willterminate entered,1,Mac_C0000346,4,228,[hid] [mt] <*>:: <*> entered,2,1,frequency_representative
8717,[HID] [MT] AppleActuatorHIDEventDriver::start entered,E315,[HID] [MT] AppleActuatorHIDEventDriver::start entered,57,[hid] [mt] appleactuatorhideventdriver::start entered,1,Mac_C0000346,4,228,[hid] [mt] <*>:: <*> entered,2,2,complex_sample
8702,AppleActuatorHIDEventDriver: message service is terminated,E507,<*>: message service is terminated,57,appleactuatorhideventdriver: message service is terminated,1,Mac_C0000347,1,57,appleactuatorhideventdriver: message service is terminated,1,1,frequency_representative
8703,AppleActuatorDeviceUserClient::stop Entered,E403,AppleActuatorDeviceUserClient::<*> Entered,57,appleactuatordeviceuserclient::stop entered,1,Mac_C0000348,1,57,appleactuatordeviceuserclient:: stop entered,1,1,frequency_representative
8704,AppleActuatorDevice::stop Entered,E499,AppleActuatorDevice::<*> Entered,57,appleactuatordevice::stop entered,1,Mac_C0000349,1,57,appleactuatordevice:: stop entered,1,1,frequency_representative
8706,AppleActuatorHIDEventDriver: stop,E453,AppleActuatorHIDEventDriver: stop,57,appleactuatorhideventdriver: stop,1,Mac_C0000350,1,57,appleactuatorhideventdriver: stop,1,1,frequency_representative
8711,Host controller terminated,E529,Host controller terminated,57,host controller terminated,1,Mac_C0000351,1,57,host controller terminated,1,1,frequency_representative
8712,[BluetoothHIDDeviceController] EventServiceDisconnectedCallback,E248,[BluetoothHIDDeviceController] EventServiceDisconnectedCallback,114,[bluetoothhiddevicecontroller] eventservicedisconnectedcallback,1,Mac_C0000352,1,114,[bluetoothhiddevicecontroller] eventservicedisconnectedcallback,1,1,frequency_representative
8713,[BluetoothHIDDeviceController]ERROR: Could not find the disconnected object,E210,[BluetoothHIDDeviceController]ERROR: Could not find the disconnected object,114,[bluetoothhiddevicecontroller]error: could not find the disconnected object,1,Mac_C0000353,1,114,[bluetoothhiddevicecontroller] error: could not find the disconnected object,1,1,frequency_representative
8718,BuildActDeviceEntry enter,E531,BuildActDeviceEntry enter,57,buildactdeviceentry enter,1,Mac_C0000354,1,57,buildactdeviceentry enter,1,1,frequency_representative
8719,AppleActuatorDevice::start Entered,E499,AppleActuatorDevice::<*> Entered,57,appleactuatordevice::start entered,1,Mac_C0000355,1,57,appleactuatordevice:: start entered,1,1,frequency_representative
8720,[HID] [ATC] [Error] AppleDeviceManagementHIDEventService::start Could not make a string from out connection notification key,E95,[HID] [ATC] [Error] AppleDeviceManagementHIDEventService::start Could not make a string from out <*> notification key,57,[hid] [atc] [error] appledevicemanagementhideventservice::start could not make a string from out connection notification key,1,Mac_C0000356,2,114,[hid] [atc] [error] appledevicemanagementhideventservice:: start could not make a string from out <*> notification key,2,1,frequency_representative
8721,[HID] [ATC] [Error] AppleDeviceManagementHIDEventService::start Could not make a string from out poweredoff notification key,E95,[HID] [ATC] [Error] AppleDeviceManagementHIDEventService::start Could not make a string from out <*> notification key,57,[hid] [atc] [error] appledevicemanagementhideventservice::start could not make a string from out poweredoff notification key,1,Mac_C0000356,2,114,[hid] [atc] [error] appledevicemanagementhideventservice:: start could not make a string from out <*> notification key,2,2,complex_sample
8723,BuildActDeviceEntry exit,E539,BuildActDeviceEntry exit,57,buildactdeviceentry exit,1,Mac_C0000357,1,57,buildactdeviceentry exit,1,1,frequency_representative
8724,[BluetoothHIDDeviceController] EventServiceConnectedCallback,E263,[BluetoothHIDDeviceController] EventServiceConnectedCallback,114,[bluetoothhiddevicecontroller] eventserviceconnectedcallback,1,Mac_C0000358,1,114,[bluetoothhiddevicecontroller] eventserviceconnectedcallback,1,1,frequency_representative
8725,Error: [AppleBluetoothHIDDeviceGen2][_setEventService:]Couldn't copy BD_ADDR,E487,Error: [<*>][<*>]Couldn't copy BD_ADDR,114,error: [ <id> ][_seteventservice:]couldn't copy bd_addr,1,Mac_C0000359,1,114,error: [<id>] [_seteventservice:] couldn ' t copy bd_addr,1,1,frequency_representative
8733,AppleActuatorDeviceUserClient::start Entered,E403,AppleActuatorDeviceUserClient::<*> Entered,57,appleactuatordeviceuserclient::start entered,1,Mac_C0000360,1,57,appleactuatordeviceuserclient:: start entered,1,1,frequency_representative
8734,[HID] [MT] MTActuatorManagement::getActuatorRef Calling MTActuatorOpen() outside of MTTrackpadHIDManager.,E102,[HID] [MT] MTActuatorManagement::getActuatorRef Calling MTActuatorOpen() outside of MTTrackpadHIDManager.,57,[hid] [mt] mtactuatormanagement::getactuatorref calling mtactuatoropen() outside of mttrackpadhidmanager.,1,Mac_C0000361,1,57,[hid] [mt] mtactuatormanagement:: getactuatorref calling mtactuatoropen () outside of mttrackpadhidmanager.,1,1,frequency_representative
8735,"CFPasteboardCopyDataReturn __CFPasteboardCopyData(CFPasteboardRef, CFIndex, CFIndex, CFStringRef, Boolean, Boolean) : Lock timeout",E61,"CFPasteboardCopyDataReturn __CFPasteboardCopyData(CFPasteboardRef, CFIndex, CFIndex, CFStringRef, Boolean, Boolean) : Lock timeout",32,"cfpasteboardcopydatareturn __cfpasteboardcopydata(cfpasteboardref, cfindex, cfindex, cfstringref, boolean, boolean) : lock timeout",1,Mac_C0000362,1,32,"cfpasteboardcopydatareturn __cfpasteboardcopydata (cfpasteboardref, cfindex, cfindex, cfstringref, boolean, boolean): lock timeout",1,1,frequency_representative
8760,CFPasteboardBeginGenerationReturn CFPasteboardBeginGeneration(CFPasteboardRef) : Lock timeout,E186,CFPasteboardBeginGenerationReturn CFPasteboardBeginGeneration(<*>) : Lock timeout,13,cfpasteboardbegingenerationreturn cfpasteboardbegingeneration(cfpasteboardref) : lock timeout,1,Mac_C0000363,1,13,cfpasteboardbegingenerationreturn cfpasteboardbegingeneration (cfpasteboardref): lock timeout,1,1,frequency_representative
8774,"int32_t CFPasteboardSetData(CFPasteboardRef, CFIndex, CFIndex, CFStringRef, CFDataRef, CFOptionFlags) : Lock timeout",E88,"int32_t CFPasteboardSetData(CFPasteboardRef, CFIndex, CFIndex, CFStringRef, CFDataRef, CFOptionFlags) : Lock timeout",4,"int32_t cfpasteboardsetdata(cfpasteboardref, cfindex, cfindex, cfstringref, cfdataref, cfoptionflags) : lock timeout",1,Mac_C0000364,1,4,"int 32 _t cfpasteboardsetdata (cfpasteboardref, cfindex, cfindex, cfstringref, cfdataref, cfoptionflags): lock timeout",1,1,frequency_representative
8775,IOBluetoothUSBDFU::probe,E528,IOBluetoothUSBDFU::probe,57,iobluetoothusbdfu::probe,1,Mac_C0000365,1,57,iobluetoothusbdfu:: probe,1,1,frequency_representative
8776,IOBluetoothUSBDFU::probe avoid Bluetooth automatic firmware update because USB Bluetooth active,E139,IOBluetoothUSBDFU::probe avoid Bluetooth automatic firmware update because USB Bluetooth active,57,iobluetoothusbdfu::probe avoid bluetooth automatic firmware update because usb bluetooth active,1,Mac_C0000366,1,57,iobluetoothusbdfu:: probe avoid bluetooth automatic firmware update because usb bluetooth active,1,1,frequency_representative
9075,**** [IOBluetoothHostControllerUSBTransport][start] -- completed -- result = TRUE -- 0xd800 ****,E179,**** [IOBluetoothHostControllerUSBTransport][start] -- completed -- result = <*> -- <*> ****,57,**** [iobluetoothhostcontrollerusbtransport][start] -- completed -- result = true -- <hex> ****,27,Mac_C0000367,27,57,* * * * [iobluetoothhostcontrollerusbtransport] [start]-- completed-- result = true-- <hex> * * * *,1,1,frequency_representative
9076,**** [BroadcomBluetoothHostControllerUSBTransport][start] -- Completed (matched on Device) -- 0xd800 ****,E124,**** [BroadcomBluetoothHostControllerUSBTransport][start] -- Completed (matched on Device) -- <*> ****,57,**** [broadcombluetoothhostcontrollerusbtransport][start] -- completed (matched on device) -- <hex> ****,27,Mac_C0000368,27,57,* * * * [broadcombluetoothhostcontrollerusbtransport] [start]-- completed (matched on device)-- <hex> * * * *,1,1,frequency_representative
9077,[IOBluetoothFamily][staticBluetoothTransportShowsUp] -- Received Bluetooth Controller register service notification -- 0xd800,E81,[IOBluetoothFamily][staticBluetoothTransportShowsUp] -- Received Bluetooth Controller register service notification -- <*>,57,[iobluetoothfamily][staticbluetoothtransportshowsup] -- received bluetooth controller register service notification -- <hex>,27,Mac_C0000369,27,57,[iobluetoothfamily] [staticbluetoothtransportshowsup]-- received bluetooth controller register service notification-- <hex>,1,1,frequency_representative
8780,**** [BroadcomBluetoothHostController][SetupController] -- Delay HCI Reset by 300ms ****,E182,**** [BroadcomBluetoothHostController][SetupController] -- Delay HCI Reset by <*> ****,57,**** [broadcombluetoothhostcontroller][setupcontroller] -- delay hci reset by 300ms ****,1,Mac_C0000370,1,57,* * * * [broadcombluetoothhostcontroller] [setupcontroller]-- delay hci reset by 300 ms * * * *,1,1,frequency_representative
8781,"VDCAssistant: Found a camera (0x1430000005ac8290) , but was not able to start it up (0x0 -- (os/kern) successful)",E215,"VDCAssistant: Found a camera (<*>) , but was not able to start it up (<*> -- (<*>) successful)",56,"vdcassistant: found a camera ( <hex> ) , but was not able to start it up ( <hex> -- (os/kern) successful)",1,Mac_C0000371,1,56,"vdcassistant: found a camera (<hex>), but was not able to start it up (<hex>-- (os/kern) successful)",1,1,frequency_representative
8792,[IOBluetoothHostController::setConfigState] calling registerService,E233,[IOBluetoothHostController::setConfigState] calling registerService,57,[iobluetoothhostcontroller::setconfigstate] calling registerservice,1,Mac_C0000372,1,57,[iobluetoothhostcontroller:: setconfigstate] calling registerservice,1,1,frequency_representative
9113,**** [IOBluetoothFamily][ProcessBluetoothTransportShowsUpActionWL] -- calling IOBluetoothFamily's registerService() -- 0x5fd0 -- 0x9a00 -- 0xd800 ****,E64,**** [IOBluetoothFamily][ProcessBluetoothTransportShowsUpActionWL] -- calling IOBluetoothFamily's registerService() -- <*> -- <*> -- <*> ****,57,**** [iobluetoothfamily][processbluetoothtransportshowsupactionwl] -- calling iobluetoothfamily's registerservice() -- <hex> -- <hex> -- <hex> ****,27,Mac_C0000373,27,57,* * * * [iobluetoothfamily] [processbluetoothtransportshowsupactionwl]-- calling iobluetoothfamily ' s registerservice ()-- <hex>-- <hex>-- <hex> * * * *,1,1,frequency_representative
9114,**** [IOBluetoothFamily][ProcessBluetoothTransportShowsUpActionWL] -- Connected to the transport successfully -- 0x5fd0 -- 0x9a00 -- 0xd800 ****,E79,**** [IOBluetoothFamily][ProcessBluetoothTransportShowsUpActionWL] -- Connected to the transport successfully -- <*> -- <*> -- <*> ****,57,**** [iobluetoothfamily][processbluetoothtransportshowsupactionwl] -- connected to the transport successfully -- <hex> -- <hex> -- <hex> ****,27,Mac_C0000374,27,57,* * * * [iobluetoothfamily] [processbluetoothtransportshowsupactionwl]-- connected to the transport successfully-- <hex>-- <hex>-- <hex> * * * *,1,1,frequency_representative
8795,INIT -- Host controller is published,E461,INIT -- Host controller is published,114,init -- host controller is published,1,Mac_C0000375,1,114,init-- host controller is published,1,1,frequency_representative
8798,hciControllerOnline; HID devices? 0,E463,hciControllerOnline; HID devices? <*>,57,hcicontrolleronline; hid devices? <num>,1,Mac_C0000376,1,57,hcicontrolleronline; hid devices? <num>,1,1,frequency_representative
8800,"hostControllerOnline - Number of Paired devices = 1, List of Paired devices = (",E236,"hostControllerOnline - Number of Paired devices = <*>, List of Paired devices = (",57,"hostcontrolleronline - number of paired devices = <num> , list of paired devices = (",1,Mac_C0000377,1,57,"hostcontrolleronline-number of paired devices = <num>, list of paired devices = (",1,1,frequency_representative
8806,CoreAnimation: timed out fence 4f0ff,E509,CoreAnimation: timed out fence <*>,1,coreanimation: timed out fence 4f0ff,1,Mac_C0000378,1,1,coreanimation: timed out fence 4 f 0 ff,1,1,frequency_representative
8871,"hibernate_machine_init: state 2, image pages 388879, sum was 37ce2b0b, imageSize 0x28245000, image1Size 0x1eb1e000, conflictCount 4858, nextFree 3b54",E130,"hibernate_machine_init: state <*>, image pages <*>, sum was <*>, imageSize <*>, image1Size <*>, conflictCount <*>, nextFree <*>",1,"hibernate_machine_init: state <num> , image pages <num> , sum was <id> , imagesize <hex> , <id> <hex> , conflictcount <num> , nextfree 3b54",1,Mac_C0000379,1,1,"hibernate_machine_init: state <num>, image pages <num>, sum was <id>, imagesize <hex>, <id> <hex>, conflictcount <num>, nextfree 3 b 54",1,1,frequency_representative
9043,"hibernate_machine_init: state 2, image pages 392674, sum was a2b8fae1, imageSize 0x2880b000, image1Size 0x1f0da000, conflictCount 6148, nextFree 59bf",E130,"hibernate_machine_init: state <*>, image pages <*>, sum was <*>, imageSize <*>, image1Size <*>, conflictCount <*>, nextFree <*>",3,"hibernate_machine_init: state <num> , image pages <num> , sum was <id> , imagesize <hex> , <id> <hex> , conflictcount <num> , nextfree 59bf",3,Mac_C0000380,3,3,"hibernate_machine_init: state <num>, image pages <num>, sum was <id>, imagesize <hex>, <id> <hex>, conflictcount <num>, nextfree 59 bf",1,1,frequency_representative
9050,vm_compressor_fastwake_warmup (533272 - 539006) - starting,E375,vm_compressor_fastwake_warmup (<*> - <*>) - starting,6,vm_compressor_fastwake_warmup ( <num> - <num> ) - starting,6,Mac_C0000381,6,6,vm_compressor_fastwake_warmup (<num>-<num>)-starting,1,1,frequency_representative
9102,<IMMacNotificationCenterManager: 0x7fdcc9d16380>: DND Enabled: NO,E355,<IMMacNotificationCenterManager: <*>: DND Enabled: <*>,72,<immacnotificationcentermanager: <hex> >: dnd enabled: no,3,Mac_C0000382,3,72,< immacnotificationcentermanager: <hex> >: dnd enabled: no,1,1,frequency_representative
9132,19:43:23.432 : Discoverable mode changed to Contacts Only,E404,<*> : Discoverable mode changed to Contacts Only,105,<ip> . <num> : discoverable mode changed to contacts only,105,Mac_C0000383,105,105,<ip>. <num>: discoverable mode changed to contacts only,1,1,frequency_representative
9133,19:43:23.432 : BTLE scanning started,E571,<*> : BTLE scanning started,112,<ip> . <num> : btle scanning started,112,Mac_C0000384,112,112,<ip>. <num>: btle scanning started,1,1,frequency_representative
9172,"[com.apple.calendar.store.log.caldav.mismatch] [Sync report for calendar home iCloud, failed with error Error Domain=NSURLErrorDomain Code=-1009 ""<N/ASCII>"" UserInfo={NSUnderlyingError=0x7fa11d39abe0 {Error Domain=kCFErrorDomainCFNetwork Code=-1009 ""<N/ASCII>"" UserInfo={NSErrorFailingURLStringKey=https://13957525385%40163.com@p28-caldav.icloud.com/874161398/calendars/, NSErrorFailingURLKey=https://13957525385%40163.com@p28-caldav.icloud.com/874161398/calendars/, _kCFStreamErrorCodeKey=8, _kCFStreamErrorDomainKey=12, NSLocalizedDescription=<N/ASCII>}}, NSErrorFailingURLStringKey=https://13957525385%40163.com@p28-caldav.icloud.com/874161398/calendars/, NSErrorFailingURLKey=https://13957525385%40163.com@p28-caldav.icloud.com/874161398/calendars/, _kCFStreamErrorDomainKey=12, _kCFStreamErrorCodeKey=8, NSLocalizedDescription=<N/ASCII>}]",E7,"[<*>] [Sync report for calendar home iCloud, failed with error Error Domain=NSURLErrorDomain <*> <*> <*> {Error Domain=kCFErrorDomainCFNetwork <*> <*> UserInfo={NSErrorFailingURLStringKey=<*>, NSErrorFailingURLKey=<*>, _kCFStreamErrorCodeKey=<*>, _kCFStreamErrorDomainKey=<*>, <*> NSErrorFailingURLStringKey=<*>, NSErrorFailingURLKey=<*>, _kCFStreamErrorDomainKey=<*>, _kCFStreamErrorCodeKey=<*>, <*>",12,"[com.apple.calendar.store.log.caldav.mismatch] [sync report for calendar home icloud, failed with error error domain=nsurlerrordomain code= <num> ""<n/ascii>"" userinfo={nsunderlyingerror= <hex> {error domain=kcferrordomaincfnetwork code= <num> ""<n/ascii>"" userinfo={nserrorfailingurlstringkey= <url> nserrorfailingurlkey= <url> _kcfstreamerrorcodekey= <num> , _kcfstreamerrordomainkey= <num> , nslocalizeddescription=<n/ascii>}}, nserrorfailingurlstringkey= <url> nserrorfailingurlkey= <url> _kcfstreamerrordomainkey= <num> , _kcfstreamerrorcodekey= <num> , nslocalizeddescription=<n/ascii>}]",12,Mac_C0000385,12,12,"[com. apple. calendar. store. log. caldav. mismatch] [sync report for calendar home icloud, failed with error error domain = nsurlerrordomain code = <num> "" < n/ascii > "" userinfo = {nsunderlyingerror = <hex> {error domain = kcferrordomaincfnetwork code = <num> "" < n/ascii > "" userinfo = {nserrorfailingurlstringkey = <url> nserrorfailingurlkey = <url> _kcfstreamerrorcodekey = <num>, _kcfstreamerrordomainkey = <num>, nslocalizeddescription = < n/ascii >}}, nserrorfailingurlstringkey = <url> nserrorfailingurlkey = <url> _kcfstreamerrordomainkey = <num>, _kcfstreamerrorcodekey = <num>, nslocalizeddescription = < n/ascii >}]",1,1,frequency_representative
69878,[com.apple.calendar.store.log.caldav.queue] [Adding [<CalDAVAccountRefreshQueueableOperation: 0x7fa11fd176a0; Sequence: 0>] to failed operations.],E161,[<*>] [Adding [<CalDAVAccountRefreshQueueableOperation: <*> Sequence: <*>] to failed operations.],56,[com.apple.calendar.store.log.caldav.queue] [adding [<caldavaccountrefreshqueueableoperation: <hex> ; sequence: <num> >] to failed operations.],39,Mac_C0000386,39,56,[com. apple. calendar. store. log. caldav. queue] [adding [< caldavaccountrefreshqueueableoperation: <hex>; sequence: <num> >] to failed operations.],1,1,frequency_representative
9182,"2017-07-01 19:43:30.786, 30311, 3512df40, [LogMessageLogging]: [aid-types_12000] - Request to send LogMessages of count (6) failed with Error: Error Domain=NSURLErrorDomain Code=-1009 ""The Internet connection appears to be offline."" UserInfo={NSUnderlyingError=0x7fe13361cae0 {Error Domain=kCFErrorDomainCFNetwork Code=-1009 ""The Internet connection appears to be offline."" UserInfo={NSErrorFailingURLStringKey=https://gsp64-ssl.ls.apple.com/a/v2/use, NSErrorFailingURLKey=https://gsp64-ssl.ls.apple.com/a/v2/use, _kCFStreamErrorCodeKey=8, _kCFStreamErrorDomainKey=12, NSLocalizedDescription=The Internet connection appears to be offline.}}, NSErrorFailingURLStringKey=https://gsp64-ssl.ls.apple.com/a/v2/use, NSErrorFailingURLKey=https://gsp64-ssl.ls.apple.com/a/v2/use, _kCFStreamErrorDomainKey=12, _kCFStreamErrorCodeKey=8, NSLocalizedDescription=The Internet connection appears to be offline.}",E3,"<*> <*>, <*>, <*>, [LogMessageLogging]: [<*>] - Request to send LogMessages of count (<*>) failed with Error: Error Domain=<*> Code=-<*> <*> UserInfo={NSUnderlyingError=<*> {Error Domain=<*> Code=<*> <*> UserInfo={NSErrorFailingURLStringKey=<*>, NSErrorFailingURLKey=<*>, _kCFStreamErrorCodeKey=<*>, _kCFStreamErrorDomainKey=<*>, NSLocalizedDescription=<*>}}, NSErrorFailingURLStringKey=<*>, NSErrorFailingURLKey=<*>, _kCFStreamErrorDomainKey=<*>, _kCFStreamErrorCodeKey=<*>, NSLocalizedDescription=<*>}",4,"<date> <ip> . <num> , <num> , <id> , [logmessagelogging]: [ <id> ] - request to send logmessages of count ( <num> ) failed with error: error domain=nsurlerrordomain code= <num> ""the internet connection appears to be offline."" userinfo={nsunderlyingerror= <hex> {error domain=kcferrordomaincfnetwork code= <num> ""the internet connection appears to be offline."" userinfo={nserrorfailingurlstringkey= <url> nserrorfailingurlkey= <url> _kcfstreamerrorcodekey= <num> , _kcfstreamerrordomainkey= <num> , nslocalizeddescription=the internet connection appears to be offline.}}, nserrorfailingurlstringkey= <url> nserrorfailingurlkey= <url> _kcfstreamerrordomainkey= <num> , _kcfstreamerrorcodekey= <num> , nslocalizeddescription=the internet connection appears to be offline.}",4,Mac_C0000387,5,5,"<date> <ip>. <num>, <num>, <id>, [logmessagelogging]: [<id>]-request to send logmessages of count (<num>) failed with error: error domain = nsurlerrordomain code = <num> "" the internet connection appears to be offline. "" userinfo = {nsunderlyingerror = <hex> {error domain = kcferrordomaincfnetwork code = <num> "" the internet connection appears to be offline. "" userinfo = {nserrorfailingurlstringkey = <url> nserrorfailingurlkey = <url> _kcfstreamerrorcodekey = <num>, _kcfstreamerrordomainkey = <num>, nslocalizeddescription = the internet connection appears to be offline.}}, nserrorfailingurlstringkey = <url> nserrorfailingurlkey = <url> _kcfstreamerrordomainkey = <num>, _kcfstreamerrorcodekey = <num>, nslocalizeddescription = the internet connection appears to be offline.}",2,1,frequency_representative
91371,"2017-07-07 16:45:58.694, 30311, 33508310, [LogMessageLogging]: [aid-types_14000] - Request to send LogMessages of count (2) failed with Error: Error Domain=NSURLErrorDomain Code=-1009 ""The Internet connection appears to be offline."" UserInfo={NSUnderlyingError=0x7fe13361b8b0 {Error Domain=kCFErrorDomainCFNetwork Code=-1009 ""The Internet connection appears to be offline."" UserInfo={NSErrorFailingURLStringKey=https://gsp64-ssl.ls.apple.com/a/v2/use, NSErrorFailingURLKey=https://gsp64-ssl.ls.apple.com/a/v2/use, _kCFStreamErrorCodeKey=8, _kCFStreamErrorDomainKey=12, NSLocalizedDescription=The Internet connection appears to be offline.}}, NSErrorFailingURLStringKey=https://gsp64-ssl.ls.apple.com/a/v2/use, NSErrorFailingURLKey=https://gsp64-ssl.ls.apple.com/a/v2/use, _kCFStreamErrorDomainKey=12, _kCFStreamErrorCodeKey=8, NSLocalizedDescription=The Internet connection appears to be offline.}",E3,"<*> <*>, <*>, <*>, [LogMessageLogging]: [<*>] - Request to send LogMessages of count (<*>) failed with Error: Error Domain=<*> Code=-<*> <*> UserInfo={NSUnderlyingError=<*> {Error Domain=<*> Code=<*> <*> UserInfo={NSErrorFailingURLStringKey=<*>, NSErrorFailingURLKey=<*>, _kCFStreamErrorCodeKey=<*>, _kCFStreamErrorDomainKey=<*>, NSLocalizedDescription=<*>}}, NSErrorFailingURLStringKey=<*>, NSErrorFailingURLKey=<*>, _kCFStreamErrorDomainKey=<*>, _kCFStreamErrorCodeKey=<*>, NSLocalizedDescription=<*>}",1,"<date> <ip> . <num> , <num> , <num> , [logmessagelogging]: [ <id> ] - request to send logmessages of count ( <num> ) failed with error: error domain=nsurlerrordomain code= <num> ""the internet connection appears to be offline."" userinfo={nsunderlyingerror= <hex> {error domain=kcferrordomaincfnetwork code= <num> ""the internet connection appears to be offline."" userinfo={nserrorfailingurlstringkey= <url> nserrorfailingurlkey= <url> _kcfstreamerrorcodekey= <num> , _kcfstreamerrordomainkey= <num> , nslocalizeddescription=the internet connection appears to be offline.}}, nserrorfailingurlstringkey= <url> nserrorfailingurlkey= <url> _kcfstreamerrordomainkey= <num> , _kcfstreamerrorcodekey= <num> , nslocalizeddescription=the internet connection appears to be offline.}",1,Mac_C0000387,5,5,"<date> <ip>. <num>, <num>, <id>, [logmessagelogging]: [<id>]-request to send logmessages of count (<num>) failed with error: error domain = nsurlerrordomain code = <num> "" the internet connection appears to be offline. "" userinfo = {nsunderlyingerror = <hex> {error domain = kcferrordomaincfnetwork code = <num> "" the internet connection appears to be offline. "" userinfo = {nserrorfailingurlstringkey = <url> nserrorfailingurlkey = <url> _kcfstreamerrorcodekey = <num>, _kcfstreamerrordomainkey = <num>, nslocalizeddescription = the internet connection appears to be offline.}}, nserrorfailingurlstringkey = <url> nserrorfailingurlkey = <url> _kcfstreamerrordomainkey = <num>, _kcfstreamerrorcodekey = <num>, nslocalizeddescription = the internet connection appears to be offline.}",2,2,complex_sample
9184,vm_compressor_fastwake_warmup completed - took 8801 msecs,E327,vm_compressor_fastwake_warmup completed - took <*> msecs,6,vm_compressor_fastwake_warmup completed - took <num> msecs,6,Mac_C0000388,6,6,vm_compressor_fastwake_warmup completed-took <num> msecs,1,1,frequency_representative
9185,(DiskStore.Normal:2382) 20cb1bc 1.008692,E582,(DiskStore.Normal:<*>) <*> <*>,6,( <id> ) 20cb1bc <num>,6,Mac_C0000389,6,6,(<id>) 20 cb 1 bc <num>,1,1,frequency_representative
9201,"DB Error: 1 ""no such table: tb_c2cMsg_2909288299""",E555,"DB Error: <*> ""no such table: <*>""",24,"db error: <num> ""no such table: <id> """,5,Mac_C0000390,5,24,"db error: <num> "" no such table: <id> """,1,1,frequency_representative
9202,"DB Query: select * from tb_c2cMsg_2909288299 where flag = 1 and type != 109 and bubbleid > 0 order by time desc, msgRelatedFlag asc, msgId desc limit 1",E106,"DB Query: select * from <*> where flag = <*> and type != <*> and bubbleid > <*> order by time desc, msgRelatedFlag asc, msgId desc limit <*>",24,"db query: select * from <id> where flag = <num> and type != <num> and bubbleid > <num> order by time desc, msgrelatedflag asc, msgid desc limit <num>",5,Mac_C0000391,5,24,"db query: select * from <id> where flag = <num> and type! = <num> and bubbleid > <num> order by time desc, msgrelatedflag asc, msgid desc limit <num>",1,1,frequency_representative
9203,DB Path: /Users/xpc/Library/Containers/com.tencent.qq/Data/Documents/contents/916639562/QQ.db,E625,DB Path: <*>,24,db path: <path>,1,Mac_C0000392,1,24,db path: <path>,1,1,frequency_representative
9230,"<WORKFLOW>: sdk send an request to server[http://monitor.uu.qq.com/analytics/rqdsync] with 510 and data[208] for com.Tencent.JietuFramework, com.Tencent.JietuFramework[2.2.7(8565)]",E293,<WORKFLOW>: sdk send an request to server[<*>] with <*> and data[<*>] for <*>[<*>],10,"<workflow>: sdk send an request to server[ <url> with <num> and data[ <num> ] for com.tencent.jietuframework, com.tencent.jietuframework[ <num> . <num> ( <num> )]",2,Mac_C0000393,2,10,"<workflow>: sdk send an request to server [<url> with <num> and data [<num>] for com. tencent. jietuframework, com. tencent. jietuframework [<num>. <num> (<num>)]",1,1,frequency_representative
9231,Internal name did not resolve to internal address!,E356,Internal name did not resolve to internal address!,12,internal name did not resolve to internal address!,1,Mac_C0000394,1,12,internal name did not resolve to internal address!,1,1,frequency_representative
9232,"<WORKFLOW>: sdk send an request to server[http://monitor.uu.qq.com/analytics/rqdsync] with 520 and data[422] for 537050516, com.tencent.qq[5.5.1(25889)]",E293,<WORKFLOW>: sdk send an request to server[<*>] with <*> and data[<*>] for <*>[<*>],9,"<workflow>: sdk send an request to server[ <url> with <num> and data[ <num> ] for <num> , com.tencent.qq[ <num> . <num> ( <num> )]",2,Mac_C0000395,2,9,"<workflow>: sdk send an request to server [<url> with <num> and data [<num>] for <num>, com. tencent. qq [<num>. <num> (<num>)]",1,1,frequency_representative
9237,Endpoint has been activated through legacy launch(3) APIs. Please switch to XPC or bootstrap_check_in(): com.apple.quicklook,E125,Endpoint has been activated through legacy launch(<*>) APIs. Please switch to XPC or bootstrap_check_in(): <*>,23,endpoint has been activated through legacy launch( <num> ) apis. please switch to xpc or bootstrap_check_in(): com.apple.quicklook,1,Mac_C0000396,1,23,endpoint has been activated through legacy launch (<num>) apis. please switch to xpc or bootstrap_check_in (): com. apple. quicklook,1,1,frequency_representative
9247,-[ISGenerateImageOp generateImageWithCompletion:] Failed to composit image for descriptor <ISBindingImageDescriptor: 0x7f9950712080>.,E147,-[ISGenerateImageOp generateImageWithCompletion:] Failed to composit image for descriptor <*>.,679,-[isgenerateimageop generateimagewithcompletion:] failed to composit image for descriptor <isbindingimagedescriptor: <hex> >.,181,Mac_C0000397,181,679,- [isgenerateimageop generateimagewithcompletion:] failed to composit image for descriptor < isbindingimagedescriptor: <hex> >.,1,1,frequency_representative
9239,Error returned from iconservicesagent: (null),E414,Error returned from iconservicesagent: (<*>),679,error returned from iconservicesagent: (null),1,Mac_C0000398,1,679,error returned from iconservicesagent: (null),1,1,frequency_representative
9246,Invalid Connection ID 0,E578,Invalid Connection ID <*>,15,invalid connection id <num>,1,Mac_C0000399,1,15,invalid connection id <num>,1,1,frequency_representative
9270,"In -[NSApplication(NSQuietSafeQuit) _updateCanQuitQuietlyAndSafely], _LSSetApplicationInformationItem(NSCanQuitQuietlyAndSafely) returned error -50",E39,"In -[NSApplication(NSQuietSafeQuit) _updateCanQuitQuietlyAndSafely], _LSSetApplicationInformationItem(NSCanQuitQuietlyAndSafely) returned error <*>",15,"in -[nsapplication(nsquietsafequit) _updatecanquitquietlyandsafely], _lssetapplicationinformationitem(nscanquitquietlyandsafely) returned error <num>",1,Mac_C0000400,1,15,"in-[nsapplication (nsquietsafequit) _updatecanquitquietlyandsafely], _lssetapplicationinformationitem (nscanquitquietlyandsafely) returned error <num>",1,1,frequency_representative
9291,2017-07-01 19:46:26.100 GoogleSoftwareUpdateAgent[31702/0x7000002a0000] [lvl=2] -[KSAgentApp(KeystoneThread) runKeystonesInThreadWithArg:] Starting engine thread,E82,<*> <*> GoogleSoftwareUpdateAgent[<*>] [lvl=<*>] -[KSAgentApp(KeystoneThread) runKeystonesInThreadWithArg:] Starting engine thread,19,<date> <ip> . <num> googlesoftwareupdateagent[ <num> / <hex> ] [lvl= <num> ] -[ksagentapp(keystonethread) runkeystonesinthreadwitharg:] starting engine thread,19,Mac_C0000401,19,19,<date> <ip>. <num> googlesoftwareupdateagent [<num>/<hex>] [lvl = <num>]-[ksagentapp (keystonethread) runkeystonesinthreadwitharg:] starting engine thread,1,1,frequency_representative
9292,2017-07-01 19:46:26.130 GoogleSoftwareUpdateAgent[31702/0x7000002a0000] [lvl=2] -[KSAgentApp(KeystoneThread) runKeystonesInThreadWithArg:] No functional system update engine detected. Only user tickets will be processed.,E26,<*> <*> GoogleSoftwareUpdateAgent[<*>] [lvl=<*>] -[KSAgentApp(KeystoneThread) runKeystonesInThreadWithArg:] No functional system update engine detected. Only user tickets will be processed.,19,<date> <ip> . <num> googlesoftwareupdateagent[ <num> / <hex> ] [lvl= <num> ] -[ksagentapp(keystonethread) runkeystonesinthreadwitharg:] no functional system update engine detected. only user tickets will be processed.,19,Mac_C0000402,19,19,<date> <ip>. <num> googlesoftwareupdateagent [<num>/<hex>] [lvl = <num>]-[ksagentapp (keystonethread) runkeystonesinthreadwitharg:] no functional system update engine detected. only user tickets will be processed.,1,1,frequency_representative
9293,2017-07-01 19:46:26.133 GoogleSoftwareUpdateAgent[31702/0x7000002a0000] [lvl=2] -[KSAgentApp(KeystoneThread) runKeystonesInThreadWithArg:] Checking with local engine: <KSUpdateEngine:0x100259c60,E48,<*> <*> GoogleSoftwareUpdateAgent[<*>] [lvl=<*>] -[KSAgentApp(KeystoneThread) runKeystonesInThreadWithArg:] Checking with local engine: <KSUpdateEngine:<*>,19,<date> <ip> . <num> googlesoftwareupdateagent[ <num> / <hex> ] [lvl= <num> ] -[ksagentapp(keystonethread) runkeystonesinthreadwitharg:] checking with local engine: <ksupdateengine: <hex>,19,Mac_C0000403,19,19,<date> <ip>. <num> googlesoftwareupdateagent [<num>/<hex>] [lvl = <num>]-[ksagentapp (keystonethread) runkeystonesinthreadwitharg:] checking with local engine: < ksupdateengine: <hex>,1,1,frequency_representative
9294,2017-07-01 19:46:26.133 GoogleSoftwareUpdateAgent[31702/0x7000002a0000] [lvl=2] -[KSAgentApp performSelfUpdateWithEngine:] Checking for self update with Engine: <KSUpdateEngine:0x100259c60,E60,<*> <*> GoogleSoftwareUpdateAgent[<*>] [lvl=<*>] -[KSAgentApp performSelfUpdateWithEngine:] Checking for self update with Engine: <KSUpdateEngine:<*>,19,<date> <ip> . <num> googlesoftwareupdateagent[ <num> / <hex> ] [lvl= <num> ] -[ksagentapp performselfupdatewithengine:] checking for self update with engine: <ksupdateengine: <hex>,19,Mac_C0000404,19,19,<date> <ip>. <num> googlesoftwareupdateagent [<num>/<hex>] [lvl = <num>]-[ksagentapp performselfupdatewithengine:] checking for self update with engine: < ksupdateengine: <hex>,1,1,frequency_representative
9295,"2017-07-01 19:46:26.134 GoogleSoftwareUpdateAgent[31702/0x7000002a0000] [lvl=2] -[KSAgentApp performSelfUpdateWithEngine:] This process may be killed if self-update is necessary. In such cases, sub-processes may still be running to complete the self-update.",E22,"<*> <*> GoogleSoftwareUpdateAgent[<*>] [lvl=<*>] -[KSAgentApp performSelfUpdateWithEngine:] This process may be killed if self-update is necessary. In such cases, sub-processes may still be running to complete the self-update.",19,"<date> <ip> . <num> googlesoftwareupdateagent[ <num> / <hex> ] [lvl= <num> ] -[ksagentapp performselfupdatewithengine:] this process may be killed if self-update is necessary. in such cases, sub-processes may still be running to complete the self-update.",19,Mac_C0000405,19,19,"<date> <ip>. <num> googlesoftwareupdateagent [<num>/<hex>] [lvl = <num>]-[ksagentapp performselfupdatewithengine:] this process may be killed if self-update is necessary. in such cases, sub-processes may still be running to complete the self-update.",1,1,frequency_representative
9296,"2017-07-01 19:46:26.134 GoogleSoftwareUpdateAgent[31702/0x7000002a0000] [lvl=2] -[KSAgentApp updateProductWithProductID:usingEngine:] Checking for updates for ""com.google.Keystone"" using engine <KSUpdateEngine:0x100259c60",E44,<*> <*> GoogleSoftwareUpdateAgent[<*>] [lvl=<*>] -[KSAgentApp updateProductWithProductID:usingEngine:] Checking for updates for <*> using engine <KSUpdateEngine:<*>,19,"<date> <ip> . <num> googlesoftwareupdateagent[ <num> / <hex> ] [lvl= <num> ] -[ksagentapp updateproductwithproductid:usingengine:] checking for updates for ""com.google.keystone"" using engine <ksupdateengine: <hex>",19,Mac_C0000406,19,19,"<date> <ip>. <num> googlesoftwareupdateagent [<num>/<hex>] [lvl = <num>]-[ksagentapp updateproductwithproductid: usingengine:] checking for updates for "" com. google. keystone "" using engine < ksupdateengine: <hex>",1,1,frequency_representative
9297,"2017-07-01 19:46:26.135 GoogleSoftwareUpdateAgent[31702/0x7000002a0000] [lvl=2] -[KSUpdateEngine updateProductID:] KSUpdateEngine updating product ID: ""com.google.Keystone""",E100,"<*> <*> GoogleSoftwareUpdateAgent[<*>] [lvl=<*>] -[KSUpdateEngine updateProductID:] KSUpdateEngine updating product ID: ""<*>""",19,"<date> <ip> . <num> googlesoftwareupdateagent[ <num> / <hex> ] [lvl= <num> ] -[ksupdateengine updateproductid:] ksupdateengine updating product id: ""com.google.keystone""",19,Mac_C0000407,19,19,"<date> <ip>. <num> googlesoftwareupdateagent [<num>/<hex>] [lvl = <num>]-[ksupdateengine updateproductid:] ksupdateengine updating product id: "" com. google. keystone """,1,1,frequency_representative
9298,2017-07-01 19:46:26.138 GoogleSoftwareUpdateAgent[31702/0x7000002a0000] [lvl=2] -[KSCheckAction performAction] KSCheckAction checking 1 ticket(s).,E117,<*> <*> GoogleSoftwareUpdateAgent[<*>] [lvl=<*>] -[KSCheckAction performAction] KSCheckAction checking <*> ticket(s).,38,<date> <ip> . <num> googlesoftwareupdateagent[ <num> / <hex> ] [lvl= <num> ] -[kscheckaction performaction] kscheckaction checking <num> ticket(s).,38,Mac_C0000408,38,38,<date> <ip>. <num> googlesoftwareupdateagent [<num>/<hex>] [lvl = <num>]-[kscheckaction performaction] kscheckaction checking <num> ticket (s).,1,1,frequency_representative
9299,2017-07-01 19:46:26.147 GoogleSoftwareUpdateAgent[31702/0x7000002a0000] [lvl=2] -[KSUpdateCheckAction performAction] KSUpdateCheckAction starting update check for ticket(s): {(,E62,<*> <*> GoogleSoftwareUpdateAgent[<*>] [lvl=<*>] -[KSUpdateCheckAction performAction] KSUpdateCheckAction starting update check for ticket(s): {(,38,<date> <ip> . <num> googlesoftwareupdateagent[ <num> / <hex> ] [lvl= <num> ] -[ksupdatecheckaction performaction] ksupdatecheckaction starting update check for ticket(s): {(,38,Mac_C0000409,38,38,<date> <ip>. <num> googlesoftwareupdateagent [<num>/<hex>] [lvl = <num>]-[ksupdatecheckaction performaction] ksupdatecheckaction starting update check for ticket (s): {(,1,1,frequency_representative
9300,"2017-07-01 19:46:26.157 GoogleSoftwareUpdateAgent[31702/0x7000002a0000] [lvl=2] +[KSCodeSigningVerification verifyBundle:applicationId:error:] KSCodeSigningVerification verifying code signing for '/Users/xpc/Library/Google/GoogleSoftwareUpdate/GoogleSoftwareUpdate.bundle/Contents/MacOS/GoogleSoftwareUpdateDaemon' with the requirement 'anchor apple generic and certificate 1[field.1.2.840.113635.100.6.2.6] exists and certificate leaf[field.1.2.840.113635.100.6.1.13] exists and certificate leaf[subject.OU]=""EQHXZ8M8AV"" and (identifier=""com.google.Keystone"")'",E9,<*> <*> GoogleSoftwareUpdateAgent[<*>] [lvl=<*>] +[KSCodeSigningVerification verifyBundle:applicationId:error:] KSCodeSigningVerification verifying code signing for <*> with the requirement 'anchor apple generic and certificate <*>[field.<*>] exists and certificate leaf[field.<*>] exists and certificate leaf[subject.OU]=<*> and (identifier=<*>)',19,"<date> <ip> . <num> googlesoftwareupdateagent[ <num> / <hex> ] [lvl= <num> ] +[kscodesigningverification verifybundle:applicationid:error:] kscodesigningverification verifying code signing for ' <path> ' with the requirement 'anchor apple generic and certificate <num> [ <id> . <ip> ] exists and certificate leaf[ <id> . <ip> ] exists and certificate leaf[subject.ou]="" <id> "" and (identifier=""com.google.keystone"")'",19,Mac_C0000410,19,19,"<date> <ip>. <num> googlesoftwareupdateagent [<num>/<hex>] [lvl = <num>] + [kscodesigningverification verifybundle: applicationid: error:] kscodesigningverification verifying code signing for ' <path> ' with the requirement ' anchor apple generic and certificate <num> [<id>. <ip>] exists and certificate leaf [<id>. <ip>] exists and certificate leaf [subject. ou] = "" <id> "" and (identifier = "" com. google. keystone "") '",1,1,frequency_representative
9301,2017-07-01 19:46:26.197 GoogleSoftwareUpdateAgent[31702/0x7000002a0000] [lvl=2] -[KSUpdateCheckAction performAction] KSUpdateCheckAction running KSServerUpdateRequest: <KSOmahaServerUpdateRequest:0x100285b40,E36,<*> <*> GoogleSoftwareUpdateAgent[<*>] [lvl=<*>] -[KSUpdateCheckAction performAction] KSUpdateCheckAction running KSServerUpdateRequest: <KSOmahaServerUpdateRequest:<*>,38,<date> <ip> . <num> googlesoftwareupdateagent[ <num> / <hex> ] [lvl= <num> ] -[ksupdatecheckaction performaction] ksupdatecheckaction running ksserverupdaterequest: <ksomahaserverupdaterequest: <hex>,38,Mac_C0000411,38,38,<date> <ip>. <num> googlesoftwareupdateagent [<num>/<hex>] [lvl = <num>]-[ksupdatecheckaction performaction] ksupdatecheckaction running ksserverupdaterequest: < ksomahaserverupdaterequest: <hex>,1,1,frequency_representative
9302,2017-07-01 19:46:26.199 GoogleSoftwareUpdateAgent[31702/0x7000002a0000] [lvl=2] -[KSOutOfProcessFetcher(PrivateMethods) launchedHelperTaskForToolPath:error:] KSOutOfProcessFetcher launched '/Users/xpc/Library/Google/GoogleSoftwareUpdate/GoogleSoftwareUpdate.bundle/Contents/MacOS/ksfetch' with process id: 31703,E29,<*> <*> GoogleSoftwareUpdateAgent[<*>] [lvl=<*>] -[KSOutOfProcessFetcher(PrivateMethods) launchedHelperTaskForToolPath:error:] KSOutOfProcessFetcher launched <*> with process id: <*>,40,<date> <ip> . <num> googlesoftwareupdateagent[ <num> / <hex> ] [lvl= <num> ] -[ksoutofprocessfetcher(privatemethods) launchedhelpertaskfortoolpath:error:] ksoutofprocessfetcher launched ' <path> ' with process id: <num>,40,Mac_C0000412,40,40,<date> <ip>. <num> googlesoftwareupdateagent [<num>/<hex>] [lvl = <num>]-[ksoutofprocessfetcher (privatemethods) launchedhelpertaskfortoolpath: error:] ksoutofprocessfetcher launched ' <path> ' with process id: <num>,1,1,frequency_representative
9303,"2017-07-01 19:46:26.199 GoogleSoftwareUpdateAgent[31702/0x7000002a0000] [lvl=2] -[KSOutOfProcessFetcher beginFetchWithDelegate:] KSOutOfProcessFetcher fetching from URL: ""https://tools.google.com/service/update2?cup2hreq=7ed1399595b56e324615361837224a93db626bdd31f06e242c428da89571db92&cup2key=7:3617493766""",E67,"<*> <*> GoogleSoftwareUpdateAgent[<*>] [lvl=<*>] -[KSOutOfProcessFetcher beginFetchWithDelegate:] KSOutOfProcessFetcher fetching from URL: ""<*>""",40,"<date> <ip> . <num> googlesoftwareupdateagent[ <num> / <hex> ] [lvl= <num> ] -[ksoutofprocessfetcher beginfetchwithdelegate:] ksoutofprocessfetcher fetching from url: "" <url>",40,Mac_C0000413,40,40,"<date> <ip>. <num> googlesoftwareupdateagent [<num>/<hex>] [lvl = <num>]-[ksoutofprocessfetcher beginfetchwithdelegate:] ksoutofprocessfetcher fetching from url: "" <url>",1,1,frequency_representative
9304,2017-07-01 19:46:26.221 ksfetch[31703/0x7fff79824000] [lvl=2] KSHelperReceiveAllData() KSHelperTool read 1926 bytes from stdin.,E208,<*> <*> ksfetch[<*>] [lvl=<*>] KSHelperReceiveAllData() KSHelperTool read <*> bytes from stdin.,40,<date> <ip> . <num> ksfetch[ <num> / <hex> ] [lvl= <num> ] kshelperreceivealldata() kshelpertool read <num> bytes from stdin.,40,Mac_C0000414,40,40,<date> <ip>. <num> ksfetch [<num>/<hex>] [lvl = <num>] kshelperreceivealldata () kshelpertool read <num> bytes from stdin.,1,1,frequency_representative
9305,2017-07-01 19:46:26.223 ksfetch[31703/0x7fff79824000] [lvl=2] main() Fetcher received a request: <NSMutableURLRequest: 0x100700070> { URL: https://tools.google.com/service/update2?cup2hreq=7ed1399595b56e324615361837224a93db626bdd31f06e242c428da89571db92&cup2key=7:3617493766 },E196,<*> <*> ksfetch[<*>] [lvl=<*>] main() Fetcher received a request: <NSMutableURLRequest: <*> { URL: <*> },40,<date> <ip> . <num> ksfetch[ <num> / <hex> ] [lvl= <num> ] main() fetcher received a request: <nsmutableurlrequest: <hex> > { url: <url> },40,Mac_C0000415,40,40,<date> <ip>. <num> ksfetch [<num>/<hex>] [lvl = <num>] main () fetcher received a request: < nsmutableurlrequest: <hex> > {url: <url>},1,1,frequency_representative
9306,2017-07-01 19:46:26.223 ksfetch[31703/0x7fff79824000] [lvl=2] main() Fetcher received a download path: /tmp/KSOutOfProcessFetcher.57Yna6TQu8/download,E320,<*> <*> ksfetch[<*>] [lvl=<*>] main() Fetcher received a download path: <*>,40,<date> <ip> . <num> ksfetch[ <num> / <hex> ] [lvl= <num> ] main() fetcher received a download path: <path>,40,Mac_C0000416,40,40,<date> <ip>. <num> ksfetch [<num>/<hex>] [lvl = <num>] main () fetcher received a download path: <path>,1,1,frequency_representative
9307,2017-07-01 19:46:26.223 ksfetch[31703/0x7fff79824000] [lvl=2] main() ksfetch fetching URL (<NSMutableURLRequest: 0x100700070> { URL: https://tools.google.com/service/update2?cup2hreq=7ed1399595b56e324615361837224a93db626bdd31f06e242c428da89571db92&cup2key=7:3617493766 }) to folder:/tmp/KSOutOfProcessFetcher.57Yna6TQu8/download,E173,<*> <*> ksfetch[<*>] [lvl=<*>] main() ksfetch fetching URL (<NSMutableURLRequest: <*> { URL: <*> }) to folder:<*>,40,<date> <ip> . <num> ksfetch[ <num> / <hex> ] [lvl= <num> ] main() ksfetch fetching url (<nsmutableurlrequest: <hex> > { url: <url> }) to folder: <path>,40,Mac_C0000417,40,40,<date> <ip>. <num> ksfetch [<num>/<hex>] [lvl = <num>] main () ksfetch fetching url (< nsmutableurlrequest: <hex> > {url: <url>}) to folder: <path>,1,1,frequency_representative
9308,2017-07-01 19:46:26.223 ksfetch[31703/0x7fff79824000] [lvl=2] main() Setting up download file handles...,E309,<*> <*> ksfetch[<*>] [lvl=<*>] main() Setting up download file handles...,40,<date> <ip> . <num> ksfetch[ <num> / <hex> ] [lvl= <num> ] main() setting up download file handles...,40,Mac_C0000418,40,40,<date> <ip>. <num> ksfetch [<num>/<hex>] [lvl = <num>] main () setting up download file handles...,1,1,frequency_representative
9309,2017-07-01 19:46:26.419 ksfetch[31703/0x7fff79824000] [lvl=2] -[FetchDelegate fetcher:finishedWithData:] Fetcher downloaded successfully data of length: 0,E105,<*> <*> ksfetch[<*>] [lvl=<*>] -[FetchDelegate fetcher:finishedWithData:] Fetcher downloaded successfully data of length: <*>,36,<date> <ip> . <num> ksfetch[ <num> / <hex> ] [lvl= <num> ] -[fetchdelegate fetcher:finishedwithdata:] fetcher downloaded successfully data of length: <num>,36,Mac_C0000419,36,36,<date> <ip>. <num> ksfetch [<num>/<hex>] [lvl = <num>]-[fetchdelegate fetcher: finishedwithdata:] fetcher downloaded successfully data of length: <num>,1,1,frequency_representative
9310,2017-07-01 19:46:26.419 ksfetch[31703/0x7fff79824000] [lvl=2] main() ksfetch done fetching.,E378,<*> <*> ksfetch[<*>] [lvl=<*>] main() ksfetch done fetching.,40,<date> <ip> . <num> ksfetch[ <num> / <hex> ] [lvl= <num> ] main() ksfetch done fetching.,40,Mac_C0000420,80,80,<date> <ip>. <num> ksfetch [<num>/<hex>] [lvl = <num>] main () <*> <*> <*>.,2,1,frequency_representative
9311,2017-07-01 19:46:26.420 ksfetch[31703/0x7fff79824000] [lvl=2] main() Fetcher is exiting.,E407,<*> <*> ksfetch[<*>] [lvl=<*>] main() Fetcher is exiting.,40,<date> <ip> . <num> ksfetch[ <num> / <hex> ] [lvl= <num> ] main() fetcher is exiting.,40,Mac_C0000420,80,80,<date> <ip>. <num> ksfetch [<num>/<hex>] [lvl = <num>] main () <*> <*> <*>.,2,2,complex_sample
9312,2017-07-01 19:46:26.423 GoogleSoftwareUpdateAgent[31702/0x7000002a0000] [lvl=2] -[KSOutOfProcessFetcher(PrivateMethods) helperErrorAvailable:] KSOutOfProcessFetcher helper tool raw STDERR:,E43,<*> <*> GoogleSoftwareUpdateAgent[<*>] [lvl=<*>] -[KSOutOfProcessFetcher(PrivateMethods) helperErrorAvailable:] KSOutOfProcessFetcher helper tool raw STDERR:,35,<date> <ip> . <num> googlesoftwareupdateagent[ <num> / <hex> ] [lvl= <num> ] -[ksoutofprocessfetcher(privatemethods) helpererroravailable:] ksoutofprocessfetcher helper tool raw stderr:,35,Mac_C0000421,35,35,<date> <ip>. <num> googlesoftwareupdateagent [<num>/<hex>] [lvl = <num>]-[ksoutofprocessfetcher (privatemethods) helpererroravailable:] ksoutofprocessfetcher helper tool raw stderr:,1,1,frequency_representative
9313,"2017-07-01 19:46:26.423 GoogleSoftwareUpdateAgent[31702/0x7000002a0000] [lvl=2] -[KSOutOfProcessFetcher(PrivateMethods) helperDidTerminate:] KSOutOfProcessFetcher fetch ended for URL: ""https://tools.google.com/service/update2?cup2hreq=7ed1399595b56e324615361837224a93db626bdd31f06e242c428da89571db92&cup2key=7:3617493766""",E46,"<*> <*> GoogleSoftwareUpdateAgent[<*>] [lvl=<*>] -[KSOutOfProcessFetcher(PrivateMethods) helperDidTerminate:] KSOutOfProcessFetcher fetch ended for URL: ""<*>""",40,"<date> <ip> . <num> googlesoftwareupdateagent[ <num> / <hex> ] [lvl= <num> ] -[ksoutofprocessfetcher(privatemethods) helperdidterminate:] ksoutofprocessfetcher fetch ended for url: "" <url>",40,Mac_C0000422,40,40,"<date> <ip>. <num> googlesoftwareupdateagent [<num>/<hex>] [lvl = <num>]-[ksoutofprocessfetcher (privatemethods) helperdidterminate:] ksoutofprocessfetcher fetch ended for url: "" <url>",1,1,frequency_representative
9314,2017-07-01 19:46:26.424 GoogleSoftwareUpdateAgent[31702/0x7000002a0000] [lvl=2] -[KSUpdateCheckAction(KSServerUpdateRequestDelegate) serverRequest:fetchedWithResponse:] KSUpdateCheckAction received KSServerUpdateResponse: <KSOmahaServerUpdateResponse:0x10064b9d0,E18,<*> <*> GoogleSoftwareUpdateAgent[<*>] [lvl=<*>] -[KSUpdateCheckAction(KSServerUpdateRequestDelegate) serverRequest:fetchedWithResponse:] KSUpdateCheckAction received KSServerUpdateResponse: <KSOmahaServerUpdateResponse:<*>,36,<date> <ip> . <num> googlesoftwareupdateagent[ <num> / <hex> ] [lvl= <num> ] -[ksupdatecheckaction(ksserverupdaterequestdelegate) serverrequest:fetchedwithresponse:] ksupdatecheckaction received ksserverupdateresponse: <ksomahaserverupdateresponse: <hex>,36,Mac_C0000423,36,36,<date> <ip>. <num> googlesoftwareupdateagent [<num>/<hex>] [lvl = <num>]-[ksupdatecheckaction (ksserverupdaterequestdelegate) serverrequest: fetchedwithresponse:] ksupdatecheckaction received ksserverupdateresponse: < ksomahaserverupdateresponse: <hex>,1,1,frequency_representative
9315,2017-07-01 19:46:26.425 GoogleSoftwareUpdateAgent[31702/0x7000002a0000] [lvl=2] -[KSOmahaServer updateInfosForUpdateResponse:updateRequest:infoStore:upToDateTickets:updatedTickets:events:errors:] Response passed CUP validation.,E24,<*> <*> GoogleSoftwareUpdateAgent[<*>] [lvl=<*>] -[KSOmahaServer updateInfosForUpdateResponse:updateRequest:infoStore:upToDateTickets:updatedTickets:events:errors:] Response passed CUP validation.,36,<date> <ip> . <num> googlesoftwareupdateagent[ <num> / <hex> ] [lvl= <num> ] -[ksomahaserver updateinfosforupdateresponse:updaterequest:infostore:uptodatetickets:updatedtickets:events:errors:] response passed cup validation.,36,Mac_C0000424,36,36,<date> <ip>. <num> googlesoftwareupdateagent [<num>/<hex>] [lvl = <num>]-[ksomahaserver updateinfosforupdateresponse: updaterequest: infostore: uptodatetickets: updatedtickets: events: errors:] response passed cup validation.,1,1,frequency_representative
9316,2017-07-01 19:46:26.456 GoogleSoftwareUpdateAgent[31702/0x7000002a0000] [lvl=2] -[KSUpdateCheckAction(PrivateMethods) finishAction] KSUpdateCheckAction found updates: {( )},E65,<*> <*> GoogleSoftwareUpdateAgent[<*>] [lvl=<*>] -[KSUpdateCheckAction(PrivateMethods) finishAction] KSUpdateCheckAction found updates: {( )},38,<date> <ip> . <num> googlesoftwareupdateagent[ <num> / <hex> ] [lvl= <num> ] -[ksupdatecheckaction(privatemethods) finishaction] ksupdatecheckaction found updates: {( )},38,Mac_C0000425,38,38,<date> <ip>. <num> googlesoftwareupdateagent [<num>/<hex>] [lvl = <num>]-[ksupdatecheckaction (privatemethods) finishaction] ksupdatecheckaction found updates: {()},1,1,frequency_representative
9317,2017-07-01 19:46:26.462 GoogleSoftwareUpdateAgent[31702/0x7000002a0000] [lvl=2] -[KSPrefetchAction performAction] KSPrefetchAction no updates to prefetch.,E97,<*> <*> GoogleSoftwareUpdateAgent[<*>] [lvl=<*>] -[KSPrefetchAction performAction] KSPrefetchAction no updates to prefetch.,38,<date> <ip> . <num> googlesoftwareupdateagent[ <num> / <hex> ] [lvl= <num> ] -[ksprefetchaction performaction] ksprefetchaction no updates to prefetch.,38,Mac_C0000426,38,38,<date> <ip>. <num> googlesoftwareupdateagent [<num>/<hex>] [lvl = <num>]-[ksprefetchaction performaction] ksprefetchaction no updates to prefetch.,1,1,frequency_representative
9318,2017-07-01 19:46:26.462 GoogleSoftwareUpdateAgent[31702/0x7000002a0000] [lvl=2] -[KSMultiUpdateAction performAction] KSSilentUpdateAction had no updates to apply.,E87,<*> <*> GoogleSoftwareUpdateAgent[<*>] [lvl=<*>] -[KSMultiUpdateAction performAction] KSSilentUpdateAction had no updates to apply.,38,<date> <ip> . <num> googlesoftwareupdateagent[ <num> / <hex> ] [lvl= <num> ] -[ksmultiupdateaction performaction] kssilentupdateaction had no updates to apply.,38,Mac_C0000427,38,38,<date> <ip>. <num> googlesoftwareupdateagent [<num>/<hex>] [lvl = <num>]-[ksmultiupdateaction performaction] kssilentupdateaction had no updates to apply.,1,1,frequency_representative
9319,2017-07-01 19:46:26.463 GoogleSoftwareUpdateAgent[31702/0x7000002a0000] [lvl=2] -[KSAgentApp(KeystoneDelegate) updateEngineFinishedWithErrors:] Keystone finished: errors=0,E68,<*> <*> GoogleSoftwareUpdateAgent[<*>] [lvl=<*>] -[KSAgentApp(KeystoneDelegate) updateEngineFinishedWithErrors:] Keystone finished: errors=<*>,38,<date> <ip> . <num> googlesoftwareupdateagent[ <num> / <hex> ] [lvl= <num> ] -[ksagentapp(keystonedelegate) updateenginefinishedwitherrors:] keystone finished: errors= <num>,38,Mac_C0000428,38,38,<date> <ip>. <num> googlesoftwareupdateagent [<num>/<hex>] [lvl = <num>]-[ksagentapp (keystonedelegate) updateenginefinishedwitherrors:] keystone finished: errors = <num>,1,1,frequency_representative
9320,2017-07-01 19:46:26.463 GoogleSoftwareUpdateAgent[31702/0x7000002a0000] [lvl=2] -[KSUpdateEngine(PrivateMethods) updateFinish] KSUpdateEngine update processing complete.,E73,<*> <*> GoogleSoftwareUpdateAgent[<*>] [lvl=<*>] -[KSUpdateEngine(PrivateMethods) updateFinish] KSUpdateEngine update processing complete.,38,<date> <ip> . <num> googlesoftwareupdateagent[ <num> / <hex> ] [lvl= <num> ] -[ksupdateengine(privatemethods) updatefinish] ksupdateengine update processing complete.,38,Mac_C0000429,38,38,<date> <ip>. <num> googlesoftwareupdateagent [<num>/<hex>] [lvl = <num>]-[ksupdateengine (privatemethods) updatefinish] ksupdateengine update processing complete.,1,1,frequency_representative
9321,"2017-07-01 19:46:26.464 GoogleSoftwareUpdateAgent[31702/0x7000002a0000] [lvl=2] -[KSAgentApp updateProductWithProductID:usingEngine:] Done checking for updates for '""com.google.Keystone""' using engine <KSUpdateEngine:0x100259c60",E41,<*> <*> GoogleSoftwareUpdateAgent[<*>] [lvl=<*>] -[KSAgentApp updateProductWithProductID:usingEngine:] Done checking for updates for <*> using engine <KSUpdateEngine:<*>,19,"<date> <ip> . <num> googlesoftwareupdateagent[ <num> / <hex> ] [lvl= <num> ] -[ksagentapp updateproductwithproductid:usingengine:] done checking for updates for '""com.google.keystone""' using engine <ksupdateengine: <hex>",19,Mac_C0000430,19,19,"<date> <ip>. <num> googlesoftwareupdateagent [<num>/<hex>] [lvl = <num>]-[ksagentapp updateproductwithproductid: usingengine:] done checking for updates for ' "" com. google. keystone "" ' using engine < ksupdateengine: <hex>",1,1,frequency_representative
9322,2017-07-01 19:46:26.464 GoogleSoftwareUpdateAgent[31702/0x7000002a0000] [lvl=2] -[KSAgentApp performSelfUpdateWithEngine:] Finished self update check.,E104,<*> <*> GoogleSoftwareUpdateAgent[<*>] [lvl=<*>] -[KSAgentApp performSelfUpdateWithEngine:] Finished self update check.,19,<date> <ip> . <num> googlesoftwareupdateagent[ <num> / <hex> ] [lvl= <num> ] -[ksagentapp performselfupdatewithengine:] finished self update check.,19,Mac_C0000431,19,19,<date> <ip>. <num> googlesoftwareupdateagent [<num>/<hex>] [lvl = <num>]-[ksagentapp performselfupdatewithengine:] finished self update check.,1,1,frequency_representative
9323,2017-07-01 19:46:26.464 GoogleSoftwareUpdateAgent[31702/0x7000002a0000] [lvl=2] -[KSAgentApp(KeystoneThread) runKeystonesInThreadWithArg:] About to run checks for any other apps.,E59,<*> <*> GoogleSoftwareUpdateAgent[<*>] [lvl=<*>] -[KSAgentApp(KeystoneThread) runKeystonesInThreadWithArg:] About to run checks for any other apps.,19,<date> <ip> . <num> googlesoftwareupdateagent[ <num> / <hex> ] [lvl= <num> ] -[ksagentapp(keystonethread) runkeystonesinthreadwitharg:] about to run checks for any other apps.,19,Mac_C0000432,19,19,<date> <ip>. <num> googlesoftwareupdateagent [<num>/<hex>] [lvl = <num>]-[ksagentapp (keystonethread) runkeystonesinthreadwitharg:] about to run checks for any other apps.,1,1,frequency_representative
9324,"2017-07-01 19:46:26.464 GoogleSoftwareUpdateAgent[31702/0x7000002a0000] [lvl=2] -[KSAgentApp updateProductWithProductID:usingEngine:] Checking for updates for ""All Products"" using engine <KSUpdateEngine:0x100259c60",E44,<*> <*> GoogleSoftwareUpdateAgent[<*>] [lvl=<*>] -[KSAgentApp updateProductWithProductID:usingEngine:] Checking for updates for <*> using engine <KSUpdateEngine:<*>,19,"<date> <ip> . <num> googlesoftwareupdateagent[ <num> / <hex> ] [lvl= <num> ] -[ksagentapp updateproductwithproductid:usingengine:] checking for updates for ""all products"" using engine <ksupdateengine: <hex>",19,Mac_C0000433,19,19,"<date> <ip>. <num> googlesoftwareupdateagent [<num>/<hex>] [lvl = <num>]-[ksagentapp updateproductwithproductid: usingengine:] checking for updates for "" all products "" using engine < ksupdateengine: <hex>",1,1,frequency_representative
9325,"2017-07-01 19:46:26.465 GoogleSoftwareUpdateAgent[31702/0x7000002a0000] [lvl=2] -[KSUpdateEngine updateAllExceptProduct:] KSUpdateEngine updating all installed products, except:'com.google.Keystone'.",E51,"<*> <*> GoogleSoftwareUpdateAgent[<*>] [lvl=<*>] -[KSUpdateEngine updateAllExceptProduct:] KSUpdateEngine updating all installed products, except:'<*>'.",19,"<date> <ip> . <num> googlesoftwareupdateagent[ <num> / <hex> ] [lvl= <num> ] -[ksupdateengine updateallexceptproduct:] ksupdateengine updating all installed products, except:'com.google.keystone'.",19,Mac_C0000434,19,19,"<date> <ip>. <num> googlesoftwareupdateagent [<num>/<hex>] [lvl = <num>]-[ksupdateengine updateallexceptproduct:] ksupdateengine updating all installed products, except: ' com. google. keystone '.",1,1,frequency_representative
9328,"2017-07-01 19:46:26.498 GoogleSoftwareUpdateAgent[31702/0x7000002a0000] [lvl=2] +[KSCodeSigningVerification verifyBundle:applicationId:error:] KSCodeSigningVerification verifying code signing for '/Applications/Google Chrome.app' with the requirement 'anchor apple generic and certificate 1[field.1.2.840.113635.100.6.2.6] exists and certificate leaf[field.1.2.840.113635.100.6.1.13] exists and certificate leaf[subject.OU]=""EQHXZ8M8AV"" and (identifier=""com.google.Chrome"")'",E9,<*> <*> GoogleSoftwareUpdateAgent[<*>] [lvl=<*>] +[KSCodeSigningVerification verifyBundle:applicationId:error:] KSCodeSigningVerification verifying code signing for <*> with the requirement 'anchor apple generic and certificate <*>[field.<*>] exists and certificate leaf[field.<*>] exists and certificate leaf[subject.OU]=<*> and (identifier=<*>)',19,"<date> <ip> . <num> googlesoftwareupdateagent[ <num> / <hex> ] [lvl= <num> ] +[kscodesigningverification verifybundle:applicationid:error:] kscodesigningverification verifying code signing for '/applications/google chrome.app' with the requirement 'anchor apple generic and certificate <num> [ <id> . <ip> ] exists and certificate leaf[ <id> . <ip> ] exists and certificate leaf[subject.ou]="" <id> "" and (identifier=""com.google.chrome"")'",19,Mac_C0000435,19,19,"<date> <ip>. <num> googlesoftwareupdateagent [<num>/<hex>] [lvl = <num>] + [kscodesigningverification verifybundle: applicationid: error:] kscodesigningverification verifying code signing for '/applications/google chrome. app ' with the requirement ' anchor apple generic and certificate <num> [<id>. <ip>] exists and certificate leaf [<id>. <ip>] exists and certificate leaf [subject. ou] = "" <id> "" and (identifier = "" com. google. chrome "") '",1,1,frequency_representative
9349,"2017-07-01 19:46:27.469 GoogleSoftwareUpdateAgent[31702/0x7000002a0000] [lvl=2] -[KSAgentApp updateProductWithProductID:usingEngine:] Done checking for updates for '""All Products""' using engine <KSUpdateEngine:0x100259c60",E41,<*> <*> GoogleSoftwareUpdateAgent[<*>] [lvl=<*>] -[KSAgentApp updateProductWithProductID:usingEngine:] Done checking for updates for <*> using engine <KSUpdateEngine:<*>,19,"<date> <ip> . <num> googlesoftwareupdateagent[ <num> / <hex> ] [lvl= <num> ] -[ksagentapp updateproductwithproductid:usingengine:] done checking for updates for '""all products""' using engine <ksupdateengine: <hex>",19,Mac_C0000436,19,19,"<date> <ip>. <num> googlesoftwareupdateagent [<num>/<hex>] [lvl = <num>]-[ksagentapp updateproductwithproductid: usingengine:] done checking for updates for ' "" all products "" ' using engine < ksupdateengine: <hex>",1,1,frequency_representative
9350,2017-07-01 19:46:27.594 GoogleSoftwareUpdateAgent[31702/0x7000002a0000] [lvl=2] -[KSAgentUploader fetcher:finishedWithData:] Successfully uploaded stats to <NSMutableURLRequest: 0x10055b380> { URL: https://tools.google.com/service/update2 },E47,<*> <*> GoogleSoftwareUpdateAgent[<*>] [lvl=<*>] -[KSAgentUploader fetcher:finishedWithData:] Successfully uploaded stats to <NSMutableURLRequest: <*> { URL: <*> },18,<date> <ip> . <num> googlesoftwareupdateagent[ <num> / <hex> ] [lvl= <num> ] -[ksagentuploader fetcher:finishedwithdata:] successfully uploaded stats to <nsmutableurlrequest: <hex> > { url: <url> },18,Mac_C0000437,18,18,<date> <ip>. <num> googlesoftwareupdateagent [<num>/<hex>] [lvl = <num>]-[ksagentuploader fetcher: finishedwithdata:] successfully uploaded stats to < nsmutableurlrequest: <hex> > {url: <url>},1,1,frequency_representative
9351,"2017-07-01 19:46:27.598 GoogleSoftwareUpdateAgent[31702/0x7000002a0000] [lvl=2] -[KSAgentApp uploadStats:] Successfully uploaded stats <KSStatsCollection:0x1007026d0 path=""/Users/xpc/Library/Google/GoogleSoftwareUpdate/Stats/Keystone.stats"", count=5, stats={",E55,"<*> <*> GoogleSoftwareUpdateAgent[<*>] [lvl=<*>] -[KSAgentApp uploadStats:] Successfully uploaded stats <KSStatsCollection:<*> path=""<*>"", count=<*>, stats={",18,"<date> <ip> . <num> googlesoftwareupdateagent[ <num> / <hex> ] [lvl= <num> ] -[ksagentapp uploadstats:] successfully uploaded stats <ksstatscollection: <hex> path="" <path> "", count= <num> , stats={",18,Mac_C0000438,18,18,"<date> <ip>. <num> googlesoftwareupdateagent [<num>/<hex>] [lvl = <num>]-[ksagentapp uploadstats:] successfully uploaded stats < ksstatscollection: <hex> path = "" <path> "", count = <num>, stats = {",1,1,frequency_representative
9352,2017-07-01 19:46:28.599 GoogleSoftwareUpdateAgent[31702/0x7000002a0000] [lvl=2] -[KSAgentApp(KeystoneThread) runKeystonesInThreadWithArg:] Finished with engine thread,E77,<*> <*> GoogleSoftwareUpdateAgent[<*>] [lvl=<*>] -[KSAgentApp(KeystoneThread) runKeystonesInThreadWithArg:] Finished with engine thread,19,<date> <ip> . <num> googlesoftwareupdateagent[ <num> / <hex> ] [lvl= <num> ] -[ksagentapp(keystonethread) runkeystonesinthreadwitharg:] finished with engine thread,19,Mac_C0000439,19,19,<date> <ip>. <num> googlesoftwareupdateagent [<num>/<hex>] [lvl = <num>]-[ksagentapp (keystonethread) runkeystonesinthreadwitharg:] finished with engine thread,1,1,frequency_representative
9353,2017-07-01 19:46:28.609 GoogleSoftwareUpdateAgent[31702/0x7fff79824000] [lvl=2] -[KSAgentApp checkForUpdates] Finished update check.,E163,<*> <*> GoogleSoftwareUpdateAgent[<*>] [lvl=<*>] -[KSAgentApp checkForUpdates] Finished update check.,19,<date> <ip> . <num> googlesoftwareupdateagent[ <num> / <hex> ] [lvl= <num> ] -[ksagentapp checkforupdates] finished update check.,19,Mac_C0000440,19,19,<date> <ip>. <num> googlesoftwareupdateagent [<num>/<hex>] [lvl = <num>]-[ksagentapp checkforupdates] finished update check.,1,1,frequency_representative
9460,Error -60005 creating authorization,E519,Error <*> creating authorization,15,error <num> creating authorization,1,Mac_C0000441,1,15,error <num> creating authorization,1,1,frequency_representative
9506,Actually performing action comment for 22589429328,E443,Actually performing action comment for <*>,1,actually performing action comment for <num>,1,Mac_C0000442,1,1,actually performing action comment for <num>,1,1,frequency_representative
9507,Performing context menu action,E505,Performing context menu action,3,performing context menu action,1,Mac_C0000443,1,3,performing context menu action,1,1,frequency_representative
9534,-[SFLListManager(ServiceReplyProtocol) notifyChanges:toListWithIdentifier:] Notified of item changes to list with identifier com.apple.LSSharedFileList.RecentApplications,E75,-[SFLListManager(ServiceReplyProtocol) notifyChanges:toListWithIdentifier:] Notified of item changes to list with identifier <*>,15,-[sfllistmanager(servicereplyprotocol) notifychanges:tolistwithidentifier:] notified of item changes to list with identifier com.apple.lssharedfilelist.recentapplications,1,Mac_C0000444,1,15,- [sfllistmanager (servicereplyprotocol) notifychanges: tolistwithidentifier:] notified of item changes to list with identifier com. apple. lssharedfilelist. recentapplications,1,1,frequency_representative
9547,Triggering diganostics messages cleanup,E422,Triggering diganostics messages cleanup,7,triggering diganostics messages cleanup,1,Mac_C0000445,1,7,triggering diganostics messages cleanup,1,1,frequency_representative
9548,Could not find access page in directory /Applications/PyCharm CE.app/Contents/Resources/PY.help,E449,Could not find access page in directory <*>,4,could not find access page in directory /applications/pycharm ce.app/contents/resources/py.help,1,Mac_C0000446,1,4,could not find access page in directory/applications/pycharm ce. app/contents/resources/py. help,1,1,frequency_representative
9549,Removed expired problem report: file:///Library/Logs/DiagnosticReports/vmware-vmx_2017-06-01-182021_authorMacBook-Pro.wakeups_resource.diag,E503,Removed expired problem report: <*>,12,removed expired problem report: file:// <path>,12,Mac_C0000447,12,12,removed expired problem report: file:// <path>,1,1,frequency_representative
9551,Cleaning up expired diagnostic messages database at path: /var/log/DiagnosticMessages/2017.06.02.asl,E316,Cleaning up expired diagnostic messages database at path: <*>,7,cleaning up expired diagnostic messages database at path: <path>,7,Mac_C0000448,7,7,cleaning up expired diagnostic messages database at path: <path>,1,1,frequency_representative
9605,Service exited with abnormal code: 1,E474,Service exited with abnormal code: <*>,13,service exited with abnormal code: <num>,1,Mac_C0000449,1,13,service exited with abnormal code: <num>,1,1,frequency_representative
9613,Could not signal service com.apple.WebKit.WebContent: 113: Could not find specified service,E313,Could not signal service <*>: <*>: Could not find specified service,4,could not signal service com.apple.webkit.webcontent: <num> : could not find specified service,1,Mac_C0000450,1,4,could not signal service com. apple. webkit. webcontent: <num>: could not find specified service,1,1,frequency_representative
9707,[20:23:28.917] fragManifold_PushBytes signalled err=-16046 (kFigManifoldError_UnexpectedInitData) (Second 'ftyp' atom encountered) at /Library/Caches/com.apple.xbs/Sources/CoreMedia/CoreMedia-1731.15.207/Prototypes/FormatHandlers/Movie/FigMovieFragmentManifold.c line 1680,E190,[<*>] fragManifold_PushBytes signalled err=<*> (<*>) (Second 'ftyp' atom encountered) at <*> line <*>,19,[ <ip> . <num> ] fragmanifold_pushbytes signalled err= <num> (kfigmanifolderror_unexpectedinitdata) (second 'ftyp' atom encountered) at <path> <id> <path> line <num>,19,Mac_C0000451,19,19,[<ip>. <num>] fragmanifold_pushbytes signalled err = <num> (kfigmanifolderror_unexpectedinitdata) (second ' ftyp ' atom encountered) at <path> <id> <path> line <num>,1,1,frequency_representative
9875,jemmytest,E619,jemmytest,526,jemmytest,1,Mac_C0000452,1,526,jemmytest,1,1,frequency_representative
9883,WARNING: Type1 font data isn't in the correct format required by the Adobe Type 1 Font Format specification.,E141,WARNING: <*> font data isn't in the correct format required by the Adobe Type <*> Font Format specification.,70,warning: type1 font data isn't in the correct format required by the adobe type <num> font format specification.,1,Mac_C0000453,1,70,warning: type 1 font data isn ' t in the correct format required by the adobe type <num> font format specification.,1,1,frequency_representative
9884,"Page bounds {{0, 0}, {400, 400}}",E583,"Page bounds {{<*>, <*>}, {<*>, <*>}}",49,"page bounds {{ <num> , <num> }, { <num> , <num> }}",1,Mac_C0000454,1,49,"page bounds {{<num>, <num>}, {<num>, <num>}}",1,1,frequency_representative
9899,Sandbox: com.apple.Addres(646) deny(1) mach-lookup com.apple.cdp.daemon,E365,Sandbox: com.apple.Addres(<*>) deny(<*>) mach-lookup <*>,12,sandbox: com.apple.addres( <num> ) deny( <num> ) mach-lookup com.apple.cdp.daemon,1,Mac_C0000455,1,12,sandbox: com. apple. addres (<num>) deny (<num>) mach-lookup com. apple. cdp. daemon,1,1,frequency_representative
9932,[21:08:39.395] CMSampleBufferCallForEachSample signalled err=1 (err) ([aborting loop early due to error from callback]) at /Library/Caches/com.apple.xbs/Sources/CoreMedia_frameworks/CoreMedia-1731.15.207/Sources/Core/FigSampleBuffer/FigSampleBuffer.c line 3678,E109,[<*>] CMSampleBufferCallForEachSample signalled err=<*> (<*>) ([aborting loop early due to error from callback]) at <*> line <*>,3,[ <ip> . <num> ] cmsamplebuffercallforeachsample signalled err= <num> (err) ([aborting loop early due to error from callback]) at <path> <id> <path> line <num>,3,Mac_C0000456,3,3,[<ip>. <num>] cmsamplebuffercallforeachsample signalled err = <num> (err) ([aborting loop early due to error from callback]) at <path> <id> <path> line <num>,1,1,frequency_representative
10146,"com.apple.ical.sync.x-coredata://DB05755C-483D-44B7-B93B-ED06E57FF420/CalDAVPrincipal/p16: scheduler_evaluate_activity told me to run this job; however, but the start time isn't for 1080 seconds. Ignoring.",E113,"<*>: scheduler_evaluate_activity told me to run this job; however, but the start time isn't for <*> seconds. Ignoring.",26,"com.apple.ical.sync.x-coredata:// <uuid> <path> scheduler_evaluate_activity told me to run this job; however, but the start time isn't for <num> seconds. ignoring.",19,Mac_C0000457,19,26,"com. apple. ical. sync. x-coredata:// <uuid> <path> scheduler_evaluate_activity told me to run this job; however, but the start time isn ' t for <num> seconds. ignoring.",1,1,frequency_representative
10250,handle_will_sleep_auth_and_shield_windows: Deferring.,E303,handle_will_sleep_auth_and_shield_windows: Deferring.,83,handle_will_sleep_auth_and_shield_windows: deferring.,1,Mac_C0000458,1,83,handle_will_sleep_auth_and_shield_windows: deferring.,1,1,frequency_representative
10494,2017-07-01 10:26:58.484440 PM [AirPlayUIAgent] BecomingInactive: NSWorkspaceWillSleepNotification,E220,<*> <*> PM [AirPlayUIAgent] BecomingInactive: NSWorkspaceWillSleepNotification,29,<date> <ip> . <num> pm [airplayuiagent] becominginactive: nsworkspacewillsleepnotification,29,Mac_C0000459,29,29,<date> <ip>. <num> pm [airplayuiagent] becominginactive: nsworkspacewillsleepnotification,1,1,frequency_representative
10542,Central manager is not powered on,E494,Central manager is not powered on,35,central manager is not powered on,1,Mac_C0000460,1,35,central manager is not powered on,1,1,frequency_representative
10617,"[CardDAVPlugin-ERROR] -getPrincipalInfo:[_controller principalPropertiesAtURL:https://xpcben%40gmail.com@www.googleapis.com/carddav/v1/principals/xpcben%40gmail.com/] Error Domain=CoreDAVErrorDomain Code=1 ""(null)""",E202,"[CardDAVPlugin-ERROR] -getPrincipalInfo:[_controller <*> Error Domain=<*> Code=<*> ""(<*>)""",5,"[carddavplugin-error] -getprincipalinfo:[_controller principalpropertiesaturl: <url> error domain=coredaverrordomain code= <num> ""(null)""",1,Mac_C0000461,4,9,"[carddavplugin-error]-getprincipalinfo: [_controller <*>: <url> error domain = coredaverrordomain code = <num> "" (null) """,2,1,frequency_representative
61506,"[CardDAVPlugin-ERROR] -getPrincipalInfo:[_controller supportsRequestCompressionAtURL:https://xpcben%40gmail.com@www.googleapis.com/carddav/v1/principals/xpcben%40gmail.com/] Error Domain=CoreDAVErrorDomain Code=1 ""(null)""",E202,"[CardDAVPlugin-ERROR] -getPrincipalInfo:[_controller <*> Error Domain=<*> Code=<*> ""(<*>)""",4,"[carddavplugin-error] -getprincipalinfo:[_controller supportsrequestcompressionaturl: <url> error domain=coredaverrordomain code= <num> ""(null)""",3,Mac_C0000461,4,9,"[carddavplugin-error]-getprincipalinfo: [_controller <*>: <url> error domain = coredaverrordomain code = <num> "" (null) """,2,2,complex_sample
10618,"[CardDAVPlugin-ERROR] Exception caught while running sync with server: Error Domain=CoreDAVErrorDomain Code=1 ""(null)""",E145,"[CardDAVPlugin-ERROR] Exception caught while running sync with server: Error Domain=<*> Code=<*> ""(<*>)""",11,"[carddavplugin-error] exception caught while running sync with server: error domain=coredaverrordomain code= <num> ""(null)""",1,Mac_C0000462,1,11,"[carddavplugin-error] exception caught while running sync with server: error domain = coredaverrordomain code = <num> "" (null) """,1,1,frequency_representative
10621,"[Accounts] Current connection, <NSXPCConnection: 0x7fda74911a50> connection from pid 356, doesn't have account access.",E135,"[Accounts] Current connection, <NSXPCConnection: <*> connection from pid <*>, doesn't have account access.",106,"[accounts] current connection, <nsxpcconnection: <hex> > connection from pid <num> , doesn't have account access.",9,Mac_C0000463,9,106,"[accounts] current connection, < nsxpcconnection: <hex> > connection from pid <num>, doesn ' t have account access.",1,1,frequency_representative
10620,"[Accounts] Failed to update account with identifier 76FE6715-3D27-4F21-AA35-C88C1EA820E8, error: Error Domain=ABAddressBookErrorDomain Code=1002 ""(null)""",E201,"[Accounts] Failed to update account with identifier <*> error: Error Domain=<*> Code=<*> ""(<*>)""",106,"[accounts] failed to update account with identifier <uuid> , error: error domain=abaddressbookerrordomain code= <num> ""(null)""",3,Mac_C0000464,3,106,"[accounts] failed to update account with identifier <uuid>, error: error domain = abaddressbookerrordomain code = <num> "" (null) """,1,1,frequency_representative
10658,"PBRequester failed with Error Error Domain=NSURLErrorDomain Code=-1001 ""The request timed out."" UserInfo={NSUnderlyingError=0x7fe135139110 {Error Domain=kCFErrorDomainCFNetwork Code=-1001 ""The request timed out."" UserInfo={NSErrorFailingURLStringKey=https://gsp-ssl.ls.apple.com/dispatcher.arpc, NSErrorFailingURLKey=https://gsp-ssl.ls.apple.com/dispatcher.arpc, _kCFStreamErrorCodeKey=-2102, _kCFStreamErrorDomainKey=4, NSLocalizedDescription=The request timed out.}}, NSErrorFailingURLStringKey=https://gsp-ssl.ls.apple.com/dispatcher.arpc, NSErrorFailingURLKey=https://gsp-ssl.ls.apple.com/dispatcher.arpc, _kCFStreamErrorDomainKey=4, _kCFStreamErrorCodeKey=-2102, NSLocalizedDescription=The request timed out.}",E15,"PBRequester failed with Error Error Domain=<*> Code=<*> <*>"" <*> {Error Domain=<*> Code=<*> <*>"" <*> <*> _kCFStreamErrorCodeKey=<*>, _kCFStreamErrorDomainKey=<*>, NSLocalizedDescription=<*>}}, <*> <*> _kCFStreamErrorDomainKey=<*>, _kCFStreamErrorCodeKey=<*>, NSLocalizedDescription=<*>}",30,"pbrequester failed with error error domain=nsurlerrordomain code= <num> ""the request timed out."" userinfo={nsunderlyingerror= <hex> {error domain=kcferrordomaincfnetwork code= <num> ""the request timed out."" userinfo={nserrorfailingurlstringkey= <url> nserrorfailingurlkey= <url> _kcfstreamerrorcodekey= <num> , _kcfstreamerrordomainkey= <num> , nslocalizeddescription=the request timed out.}}, nserrorfailingurlstringkey= <url> nserrorfailingurlkey= <url> _kcfstreamerrordomainkey= <num> , _kcfstreamerrorcodekey= <num> , nslocalizeddescription=the request timed out.}",30,Mac_C0000465,30,30,"pbrequester failed with error error domain = nsurlerrordomain code = <num> "" the request timed out. "" userinfo = {nsunderlyingerror = <hex> {error domain = kcferrordomaincfnetwork code = <num> "" the request timed out. "" userinfo = {nserrorfailingurlstringkey = <url> nserrorfailingurlkey = <url> _kcfstreamerrorcodekey = <num>, _kcfstreamerrordomainkey = <num>, nslocalizeddescription = the request timed out.}}, nserrorfailingurlstringkey = <url> nserrorfailingurlkey = <url> _kcfstreamerrordomainkey = <num>, _kcfstreamerrorcodekey = <num>, nslocalizeddescription = the request timed out.}",1,1,frequency_representative
11047,-[NETClientConnection evaluateCrazyIvan46] CI46 - Perform CrazyIvan46! QQ.10018 tc19504 119.81.102.227:80,E468,-[NETClientConnection <*>] <*> - Perform <*>! <*> <*> <*>,1,-[netclientconnection <id> ] ci46 - perform <id> ! <id> tc19504 <ip>,1,Mac_C0000466,1,1,- [netclientconnection <id>] ci 46-perform <id>! <id> tc 19504 <ip>,1,1,frequency_representative
11052,__42-[NETClientConnection evaluateCrazyIvan46]_block_invoke CI46 - Hit by torpedo! QQ.10018 tc19504 119.81.102.227:80,E224,<*>[NETClientConnection evaluateCrazyIvan46]_block_invoke <*> - Hit by torpedo! <*> <*> <*>,1,__42-[netclientconnection <id> ]_block_invoke ci46 - hit by torpedo! <id> tc19504 <ip>,1,Mac_C0000467,1,1,__ 42-[netclientconnection <id>] _block_invoke ci 46-hit by torpedo! <id> tc 19504 <ip>,1,1,frequency_representative
11054,-[NETClientConnection evaluateCrazyIvan46] CI46 - Perform CrazyIvan46! QQ.10018 tc19508 123.151.137.107:80,E468,-[NETClientConnection <*>] <*> - Perform <*>! <*> <*> <*>,1,-[netclientconnection <id> ] ci46 - perform <id> ! <id> tc19508 <ip>,1,Mac_C0000468,1,1,- [netclientconnection <id>] ci 46-perform <id>! <id> tc 19508 <ip>,1,1,frequency_representative
11055,__42-[NETClientConnection evaluateCrazyIvan46]_block_invoke CI46 - Hit by torpedo! QQ.10018 tc19508 123.151.137.107:80,E224,<*>[NETClientConnection evaluateCrazyIvan46]_block_invoke <*> - Hit by torpedo! <*> <*> <*>,1,__42-[netclientconnection <id> ]_block_invoke ci46 - hit by torpedo! <id> tc19508 <ip>,1,Mac_C0000469,1,1,__ 42-[netclientconnection <id>] _block_invoke ci 46-hit by torpedo! <id> tc 19508 <ip>,1,1,frequency_representative
11114,vm_compressor_record_warmup (564226 - 575469),E475,vm_compressor_record_warmup (<*> - <*>),5,vm_compressor_record_warmup ( <num> - <num> ),5,Mac_C0000470,5,5,vm_compressor_record_warmup (<num>-<num>),1,1,frequency_representative
11152,"hibernate_machine_init: state 2, image pages 407718, sum was a4007df9, imageSize 0x29726000, image1Size 0x2000a000, conflictCount 4968, nextFree 3bc7",E130,"hibernate_machine_init: state <*>, image pages <*>, sum was <*>, imageSize <*>, image1Size <*>, conflictCount <*>, nextFree <*>",1,"hibernate_machine_init: state <num> , image pages <num> , sum was <id> , imagesize <hex> , <id> <hex> , conflictcount <num> , nextfree 3bc7",1,Mac_C0000471,1,1,"hibernate_machine_init: state <num>, image pages <num>, sum was <id>, imagesize <hex>, <id> <hex>, conflictcount <num>, nextfree 3 bc 7",1,1,frequency_representative
11175,tcp_connection_destination_perform_socket_connect 7 connectx to 2603:1036:101:4a::2.443@0 failed: [50] Network is down,E155,tcp_connection_destination_perform_socket_connect <*> connectx to <*> failed: [<*>] Network is down,7,tcp_connection_destination_perform_socket_connect <num> connectx to <ip> :: <num> @ <num> failed: [ <num> ] network is down,7,Mac_C0000472,7,7,tcp_connection_destination_perform_socket_connect <num> connectx to <ip>:: <num> @ <num> failed: [<num>] network is down,1,1,frequency_representative
11226,Failed to start scanning,E559,Failed to start scanning,8,failed to start scanning,1,Mac_C0000473,1,8,failed to start scanning,1,1,frequency_representative
11229,"02:32:18.012 : SDWormholeServer::failedToStartScanningWithError Error Domain=NSMachErrorDomain Code=8 ""(os/kern) no access"" UserInfo={NSLocalizedDescription=wirelessproxd can't start scanning at this time.}",E66,"<*> : SDWormholeServer::failedToStartScanningWithError Error Domain=<*> Code=<*> ""(os/kern) no access"" UserInfo={NSLocalizedDescription=<*>}",6,"<ip> . <num> : sdwormholeserver::failedtostartscanningwitherror error domain=nsmacherrordomain code= <num> ""(os/kern) no access"" userinfo={nslocalizeddescription=wirelessproxd can't start scanning at this time.}",6,Mac_C0000474,6,6,"<ip>. <num>: sdwormholeserver:: failedtostartscanningwitherror error domain = nsmacherrordomain code = <num> "" (os/kern) no access "" userinfo = {nslocalizeddescription = wirelessproxd can ' t start scanning at this time.}",1,1,frequency_representative
11308,"hibernate_machine_init: state 2, image pages 406624, sum was ba425d68, imageSize 0x29285000, image1Size 0x1fb4f000, conflictCount 5106, nextFree 4810",E130,"hibernate_machine_init: state <*>, image pages <*>, sum was <*>, imageSize <*>, image1Size <*>, conflictCount <*>, nextFree <*>",21,"hibernate_machine_init: state <num> , image pages <num> , sum was <id> , imagesize <hex> , <id> <hex> , conflictcount <num> , nextfree <num>",21,Mac_C0000475,22,22,"hibernate_machine_init: state <num>, image pages <num>, sum was <id>, imagesize <hex>, <id> <hex>, conflictcount <num>, nextfree <num>",2,1,frequency_representative
97860,"hibernate_machine_init: state 2, image pages 468091, sum was 34915202, imageSize 0x2e17f000, image1Size 0x24a6b000, conflictCount 8252, nextFree 7745",E130,"hibernate_machine_init: state <*>, image pages <*>, sum was <*>, imageSize <*>, image1Size <*>, conflictCount <*>, nextFree <*>",1,"hibernate_machine_init: state <num> , image pages <num> , sum was <num> , imagesize <hex> , <id> <hex> , conflictcount <num> , nextfree <num>",1,Mac_C0000475,22,22,"hibernate_machine_init: state <num>, image pages <num>, sum was <id>, imagesize <hex>, <id> <hex>, conflictcount <num>, nextfree <num>",2,2,complex_sample
11452,"hibernate_machine_init: state 2, image pages 410156, sum was 93f5747b, imageSize 0x2971c000, image1Size 0x1ffcc000, conflictCount 4910, nextFree 3b26",E130,"hibernate_machine_init: state <*>, image pages <*>, sum was <*>, imageSize <*>, image1Size <*>, conflictCount <*>, nextFree <*>",1,"hibernate_machine_init: state <num> , image pages <num> , sum was <id> , imagesize <hex> , <id> <hex> , conflictcount <num> , nextfree 3b26",1,Mac_C0000476,1,1,"hibernate_machine_init: state <num>, image pages <num>, sum was <id>, imagesize <hex>, <id> <hex>, conflictcount <num>, nextfree 3 b 26",1,1,frequency_representative
11543,***** Received request to scan at 30ms/60ms *****,E447,***** Received request to scan at <*> *****,14,***** received request to scan at 30ms/60ms *****,1,Mac_C0000477,1,14,* * * * * received request to scan at 30 ms/60 ms * * * * *,1,1,frequency_representative
11549,-[NETClientConnection evaluateCrazyIvan46] CI46 - Perform CrazyIvan46! QQ.10018 tc19516 123.151.137.104:80,E468,-[NETClientConnection <*>] <*> - Perform <*>! <*> <*> <*>,1,-[netclientconnection <id> ] ci46 - perform <id> ! <id> tc19516 <ip>,1,Mac_C0000478,1,1,- [netclientconnection <id>] ci 46-perform <id>! <id> tc 19516 <ip>,1,1,frequency_representative
11550,[com.apple.calendar.store.log.caldav.queue] [WARNING: CalDAVAccountRefreshQueueableOperation :: after refresh failed],E237,[<*>] [WARNING: CalDAVAccountRefreshQueueableOperation :: <*> refresh failed],9,[com.apple.calendar.store.log.caldav.queue] [warning: caldavaccountrefreshqueueableoperation :: after refresh failed],1,Mac_C0000479,2,12,[com. apple. calendar. store. log. caldav. queue] [warning: caldavaccountrefreshqueueableoperation:: <*> refresh failed],2,1,frequency_representative
34062,[com.apple.calendar.store.log.caldav.queue] [WARNING: CalDAVAccountRefreshQueueableOperation :: inbox refresh failed],E237,[<*>] [WARNING: CalDAVAccountRefreshQueueableOperation :: <*> refresh failed],3,[com.apple.calendar.store.log.caldav.queue] [warning: caldavaccountrefreshqueueableoperation :: inbox refresh failed],1,Mac_C0000479,2,12,[com. apple. calendar. store. log. caldav. queue] [warning: caldavaccountrefreshqueueableoperation:: <*> refresh failed],2,2,complex_sample
11552,-[NETClientConnection evaluateCrazyIvan46] CI46 - Perform CrazyIvan46! QQ.10018 tc19520 119.81.102.227:80,E468,-[NETClientConnection <*>] <*> - Perform <*>! <*> <*> <*>,1,-[netclientconnection <id> ] ci46 - perform <id> ! <id> tc19520 <ip>,1,Mac_C0000480,1,1,- [netclientconnection <id>] ci 46-perform <id>! <id> tc 19520 <ip>,1,1,frequency_representative
11560,__42-[NETClientConnection evaluateCrazyIvan46]_block_invoke CI46 - Hit by torpedo! QQ.10018 tc19520 119.81.102.227:80,E224,<*>[NETClientConnection evaluateCrazyIvan46]_block_invoke <*> - Hit by torpedo! <*> <*> <*>,1,__42-[netclientconnection <id> ]_block_invoke ci46 - hit by torpedo! <id> tc19520 <ip>,1,Mac_C0000481,1,1,__ 42-[netclientconnection <id>] _block_invoke ci 46-hit by torpedo! <id> tc 19520 <ip>,1,1,frequency_representative
11562,-[NETClientConnection evaluateCrazyIvan46] CI46 - Perform CrazyIvan46! QQ.10018 tc19525 123.151.137.104:80,E468,-[NETClientConnection <*>] <*> - Perform <*>! <*> <*> <*>,1,-[netclientconnection <id> ] ci46 - perform <id> ! <id> tc19525 <ip>,1,Mac_C0000482,1,1,- [netclientconnection <id>] ci 46-perform <id>! <id> tc 19525 <ip>,1,1,frequency_representative
11563,__42-[NETClientConnection evaluateCrazyIvan46]_block_invoke CI46 - Hit by torpedo! QQ.10018 tc19525 123.151.137.104:80,E224,<*>[NETClientConnection evaluateCrazyIvan46]_block_invoke <*> - Hit by torpedo! <*> <*> <*>,1,__42-[netclientconnection <id> ]_block_invoke ci46 - hit by torpedo! <id> tc19525 <ip>,1,Mac_C0000483,1,1,__ 42-[netclientconnection <id>] _block_invoke ci 46-hit by torpedo! <id> tc 19525 <ip>,1,1,frequency_representative
11572,-[WebSocketNetWork webSocketDidOpen:],E421,-[WebSocketNetWork webSocketDidOpen:],12,-[websocketnetwork websocketdidopen:],1,Mac_C0000484,1,12,- [websocketnetwork websocketdidopen:],1,1,frequency_representative
11573,-[WebSocketNetWork webSocket:didReceiveMessage:],E331,-[WebSocketNetWork webSocket:didReceiveMessage:],12,-[websocketnetwork websocket:didreceivemessage:],1,Mac_C0000485,1,12,- [websocketnetwork websocket: didreceivemessage:],1,1,frequency_representative
13884,ERROR | -[LWBuiltInScreenLockAuthLion closeAuthAndReset:] | Attempted to remove an observer when not observing,E168,ERROR | -[LWBuiltInScreenLockAuthLion <*> | Attempted to remove an observer when not observing,14,error | -[lwbuiltinscreenlockauthlion closeauthandreset:] | attempted to remove an observer when not observing,1,Mac_C0000486,2,17,error |-[lwbuiltinscreenlockauthlion <*>:] | attempted to <*> an observer when <*> observing,2,1,frequency_representative
11635,ERROR | -[LWBuiltInScreenLockAuthLion askForPasswordBuiltIn:] | Attempted to add an observer when already observing,E165,ERROR | -[LWBuiltInScreenLockAuthLion <*> | Attempted to add an observer when already observing,3,error | -[lwbuiltinscreenlockauthlion askforpasswordbuiltin:] | attempted to add an observer when already observing,1,Mac_C0000486,2,17,error |-[lwbuiltinscreenlockauthlion <*>:] | attempted to <*> an observer when <*> observing,2,2,complex_sample
11845,"blued: unable to relinquishBluetoothPagingLockAndReply Error Domain=com.apple.wifi.request.error Code=8 ""(null)""",E200,"blued: unable to relinquishBluetoothPagingLockAndReply Error Domain=<*> Code=<*> ""(<*>)""",14,"blued: unable to relinquishbluetoothpaginglockandreply error domain=com.apple.wifi.request.error code= <num> ""(null)""",1,Mac_C0000487,1,14,"blued: unable to relinquishbluetoothpaginglockandreply error domain = com. apple. wifi. request. error code = <num> "" (null) """,1,1,frequency_representative
12044,-[NETClientConnection evaluateCrazyIvan46] CI46 - Perform CrazyIvan46! QQ.10018 tc19603 119.81.102.227:80,E468,-[NETClientConnection <*>] <*> - Perform <*>! <*> <*> <*>,1,-[netclientconnection <id> ] ci46 - perform <id> ! <id> tc19603 <ip>,1,Mac_C0000488,1,1,- [netclientconnection <id>] ci 46-perform <id>! <id> tc 19603 <ip>,1,1,frequency_representative
12045,tcp_connection_destination_perform_socket_connect 37696 connectx to 123.125.50.30:585@0 failed: [51] Network is unreachable,E132,tcp_connection_destination_perform_socket_connect <*> connectx to <*> failed: [<*>] Network is unreachable,14,tcp_connection_destination_perform_socket_connect <num> connectx to <ip> @ <num> failed: [ <num> ] network is unreachable,14,Mac_C0000489,14,14,tcp_connection_destination_perform_socket_connect <num> connectx to <ip> @ <num> failed: [<num>] network is unreachable,1,1,frequency_representative
12056,__42-[NETClientConnection evaluateCrazyIvan46]_block_invoke CI46 - Hit by torpedo! QQ.10018 tc19603 119.81.102.227:80,E224,<*>[NETClientConnection evaluateCrazyIvan46]_block_invoke <*> - Hit by torpedo! <*> <*> <*>,1,__42-[netclientconnection <id> ]_block_invoke ci46 - hit by torpedo! <id> tc19603 <ip>,1,Mac_C0000490,1,1,__ 42-[netclientconnection <id>] _block_invoke ci 46-hit by torpedo! <id> tc 19603 <ip>,1,1,frequency_representative
12057,nw_path_query_lqm Tried to query LQM on path with no interfaces,E295,nw_path_query_lqm Tried to query LQM on path with no interfaces,9,nw_path_query_lqm tried to query lqm on path with no interfaces,1,Mac_C0000491,1,9,nw_path_query_lqm tried to query lqm on path with no interfaces,1,1,frequency_representative
12229,sigio_handler: sigio_handler_active != 0,E423,sigio_handler: sigio_handler_active != <*>,206,sigio_handler: sigio_handler_active != <num>,2,Mac_C0000492,2,206,sigio_handler: sigio_handler_active! = <num>,1,1,frequency_representative
12491,-[NETClientConnection evaluateCrazyIvan46] CI46 - Perform CrazyIvan46! QQ.10018 tc19634 119.81.102.227:80,E468,-[NETClientConnection <*>] <*> - Perform <*>! <*> <*> <*>,1,-[netclientconnection <id> ] ci46 - perform <id> ! <id> tc19634 <ip>,1,Mac_C0000493,1,1,- [netclientconnection <id>] ci 46-perform <id>! <id> tc 19634 <ip>,1,1,frequency_representative
12492,__42-[NETClientConnection evaluateCrazyIvan46]_block_invoke CI46 - Hit by torpedo! QQ.10018 tc19634 119.81.102.227:80,E224,<*>[NETClientConnection evaluateCrazyIvan46]_block_invoke <*> - Hit by torpedo! <*> <*> <*>,1,__42-[netclientconnection <id> ]_block_invoke ci46 - hit by torpedo! <id> tc19634 <ip>,1,Mac_C0000494,1,1,__ 42-[netclientconnection <id>] _block_invoke ci 46-hit by torpedo! <id> tc 19634 <ip>,1,1,frequency_representative
12627,-[NETClientConnection evaluateCrazyIvan46] CI46 - Perform CrazyIvan46! QQ.10018 tc19645 119.81.102.227:80,E468,-[NETClientConnection <*>] <*> - Perform <*>! <*> <*> <*>,1,-[netclientconnection <id> ] ci46 - perform <id> ! <id> tc19645 <ip>,1,Mac_C0000495,1,1,- [netclientconnection <id>] ci 46-perform <id>! <id> tc 19645 <ip>,1,1,frequency_representative
12628,__42-[NETClientConnection evaluateCrazyIvan46]_block_invoke CI46 - Hit by torpedo! QQ.10018 tc19645 119.81.102.227:80,E224,<*>[NETClientConnection evaluateCrazyIvan46]_block_invoke <*> - Hit by torpedo! <*> <*> <*>,1,__42-[netclientconnection <id> ]_block_invoke ci46 - hit by torpedo! <id> tc19645 <ip>,1,Mac_C0000496,1,1,__ 42-[netclientconnection <id>] _block_invoke ci 46-hit by torpedo! <id> tc 19645 <ip>,1,1,frequency_representative
12939,-[NETClientConnection evaluateCrazyIvan46] CI46 - Perform CrazyIvan46! QQ.10018 tc19672 119.81.102.227:80,E468,-[NETClientConnection <*>] <*> - Perform <*>! <*> <*> <*>,1,-[netclientconnection <id> ] ci46 - perform <id> ! <id> tc19672 <ip>,1,Mac_C0000497,1,1,- [netclientconnection <id>] ci 46-perform <id>! <id> tc 19672 <ip>,1,1,frequency_representative
12940,__42-[NETClientConnection evaluateCrazyIvan46]_block_invoke CI46 - Hit by torpedo! QQ.10018 tc19672 119.81.102.227:80,E224,<*>[NETClientConnection evaluateCrazyIvan46]_block_invoke <*> - Hit by torpedo! <*> <*> <*>,1,__42-[netclientconnection <id> ]_block_invoke ci46 - hit by torpedo! <id> tc19672 <ip>,1,Mac_C0000498,1,1,__ 42-[netclientconnection <id>] _block_invoke ci 46-hit by torpedo! <id> tc 19672 <ip>,1,1,frequency_representative
13078,-[NETClientConnection evaluateCrazyIvan46] CI46 - Perform CrazyIvan46! QQ.10018 tc19680 119.81.102.227:80,E468,-[NETClientConnection <*>] <*> - Perform <*>! <*> <*> <*>,1,-[netclientconnection <id> ] ci46 - perform <id> ! <id> tc19680 <ip>,1,Mac_C0000499,1,1,- [netclientconnection <id>] ci 46-perform <id>! <id> tc 19680 <ip>,1,1,frequency_representative
13079,__42-[NETClientConnection evaluateCrazyIvan46]_block_invoke CI46 - Hit by torpedo! QQ.10018 tc19680 119.81.102.227:80,E224,<*>[NETClientConnection evaluateCrazyIvan46]_block_invoke <*> - Hit by torpedo! <*> <*> <*>,1,__42-[netclientconnection <id> ]_block_invoke ci46 - hit by torpedo! <id> tc19680 <ip>,1,Mac_C0000500,1,1,__ 42-[netclientconnection <id>] _block_invoke ci 46-hit by torpedo! <id> tc 19680 <ip>,1,1,frequency_representative
13204,-[NETClientConnection evaluateCrazyIvan46] CI46 - Perform CrazyIvan46! QQ.10018 tc19688 119.81.102.227:80,E468,-[NETClientConnection <*>] <*> - Perform <*>! <*> <*> <*>,1,-[netclientconnection <id> ] ci46 - perform <id> ! <id> tc19688 <ip>,1,Mac_C0000501,1,1,- [netclientconnection <id>] ci 46-perform <id>! <id> tc 19688 <ip>,1,1,frequency_representative
13205,__42-[NETClientConnection evaluateCrazyIvan46]_block_invoke CI46 - Hit by torpedo! QQ.10018 tc19688 119.81.102.227:80,E224,<*>[NETClientConnection evaluateCrazyIvan46]_block_invoke <*> - Hit by torpedo! <*> <*> <*>,1,__42-[netclientconnection <id> ]_block_invoke ci46 - hit by torpedo! <id> tc19688 <ip>,1,Mac_C0000502,1,1,__ 42-[netclientconnection <id>] _block_invoke ci 46-hit by torpedo! <id> tc 19688 <ip>,1,1,frequency_representative
13555,-[NETClientConnection evaluateCrazyIvan46] CI46 - Perform CrazyIvan46! QQ.10018 tc19719 119.81.102.227:80,E468,-[NETClientConnection <*>] <*> - Perform <*>! <*> <*> <*>,1,-[netclientconnection <id> ] ci46 - perform <id> ! <id> tc19719 <ip>,1,Mac_C0000503,1,1,- [netclientconnection <id>] ci 46-perform <id>! <id> tc 19719 <ip>,1,1,frequency_representative
13556,__42-[NETClientConnection evaluateCrazyIvan46]_block_invoke CI46 - Hit by torpedo! QQ.10018 tc19719 119.81.102.227:80,E224,<*>[NETClientConnection evaluateCrazyIvan46]_block_invoke <*> - Hit by torpedo! <*> <*> <*>,1,__42-[netclientconnection <id> ]_block_invoke ci46 - hit by torpedo! <id> tc19719 <ip>,1,Mac_C0000504,1,1,__ 42-[netclientconnection <id>] _block_invoke ci 46-hit by torpedo! <id> tc 19719 <ip>,1,1,frequency_representative
13597,-[NETClientConnection evaluateCrazyIvan46] CI46 - Perform CrazyIvan46! NeteaseMusic.17988 tc8227 103.251.128.144:80,E468,-[NETClientConnection <*>] <*> - Perform <*>! <*> <*> <*>,1,-[netclientconnection <id> ] ci46 - perform <id> ! <id> tc8227 <ip>,1,Mac_C0000505,1,1,- [netclientconnection <id>] ci 46-perform <id>! <id> tc 8227 <ip>,1,1,frequency_representative
13600,-[NETClientConnection evaluateCrazyIvan46] CI46 - Perform CrazyIvan46! QQ.10018 tc19729 119.81.102.227:80,E468,-[NETClientConnection <*>] <*> - Perform <*>! <*> <*> <*>,1,-[netclientconnection <id> ] ci46 - perform <id> ! <id> tc19729 <ip>,1,Mac_C0000506,1,1,- [netclientconnection <id>] ci 46-perform <id>! <id> tc 19729 <ip>,1,1,frequency_representative
13604,__42-[NETClientConnection evaluateCrazyIvan46]_block_invoke CI46 - Hit by torpedo! NeteaseMusic.17988 tc8227 103.251.128.144:80,E224,<*>[NETClientConnection evaluateCrazyIvan46]_block_invoke <*> - Hit by torpedo! <*> <*> <*>,1,__42-[netclientconnection <id> ]_block_invoke ci46 - hit by torpedo! <id> tc8227 <ip>,1,Mac_C0000507,1,1,__ 42-[netclientconnection <id>] _block_invoke ci 46-hit by torpedo! <id> tc 8227 <ip>,1,1,frequency_representative
13605,__42-[NETClientConnection evaluateCrazyIvan46]_block_invoke CI46 - Hit by torpedo! QQ.10018 tc19729 119.81.102.227:80,E224,<*>[NETClientConnection evaluateCrazyIvan46]_block_invoke <*> - Hit by torpedo! <*> <*> <*>,1,__42-[netclientconnection <id> ]_block_invoke ci46 - hit by torpedo! <id> tc19729 <ip>,1,Mac_C0000508,1,1,__ 42-[netclientconnection <id>] _block_invoke ci 46-hit by torpedo! <id> tc 19729 <ip>,1,1,frequency_representative
13608,-[NETClientConnection evaluateCrazyIvan46] CI46 - Perform CrazyIvan46! QQ.10018 tc19732 123.151.137.101:80,E468,-[NETClientConnection <*>] <*> - Perform <*>! <*> <*> <*>,1,-[netclientconnection <id> ] ci46 - perform <id> ! <id> tc19732 <ip>,1,Mac_C0000509,1,1,- [netclientconnection <id>] ci 46-perform <id>! <id> tc 19732 <ip>,1,1,frequency_representative
13609,__42-[NETClientConnection evaluateCrazyIvan46]_block_invoke CI46 - Hit by torpedo! QQ.10018 tc19732 123.151.137.101:80,E224,<*>[NETClientConnection evaluateCrazyIvan46]_block_invoke <*> - Hit by torpedo! <*> <*> <*>,1,__42-[netclientconnection <id> ]_block_invoke ci46 - hit by torpedo! <id> tc19732 <ip>,1,Mac_C0000510,1,1,__ 42-[netclientconnection <id>] _block_invoke ci 46-hit by torpedo! <id> tc 19732 <ip>,1,1,frequency_representative
13770,com.apple.WebKit(9854) deny file-read-data /private/etc/hosts,E431,com.apple.WebKit(<*>) deny file-read-data <*>,14,com.apple.webkit( <num> ) deny file-read-data /private/etc/hosts,1,Mac_C0000511,1,14,com. apple. webkit (<num>) deny file-read-data/private/etc/hosts,1,1,frequency_representative
13814,Extension remained dirty for too long after trying to exit. Killing.,E270,Extension remained dirty for too long after trying to exit. Killing.,2,extension remained dirty for too long after trying to exit. killing.,1,Mac_C0000512,1,2,extension remained dirty for too long after trying to exit. killing.,1,1,frequency_representative
13817,"2017-07-02 14:03:09.378, 30311, 33443f20, [NetworkDefaults]: Error updating network defaults: Error Domain=NSURLErrorDomain Code=-1001 ""The request timed out."" UserInfo={NSUnderlyingError=0x7fe13356d730 {Error Domain=kCFErrorDomainCFNetwork Code=-1001 ""(null)"" UserInfo={_kCFStreamErrorCodeKey=-2102, _kCFStreamErrorDomainKey=4}}, NSErrorFailingURLStringKey=https://configuration.apple.com/configurations/pep/config/geo/networkDefaults-osx-10.11.plist, NSErrorFailingURLKey=https://configuration.apple.com/configurations/pep/config/geo/networkDefaults-osx-10.11.plist, _kCFStreamErrorDomainKey=4, _kCFStreamErrorCodeKey=-2102, NSLocalizedDescription=The request timed out.}",E8,"<*> <*>, <*>, <*>, [NetworkDefaults]: Error updating network defaults: Error Domain=<*> Code=-<*> <*>"" UserInfo={NSUnderlyingError=<*> {Error Domain=<*> Code=<*> ""(<*>)"" UserInfo={_kCFStreamErrorCodeKey=-<*>, _kCFStreamErrorDomainKey=<*>}}, NSErrorFailingURLStringKey=<*>, NSErrorFailingURLKey=<*>, _kCFStreamErrorDomainKey=<*>, _kCFStreamErrorCodeKey=-<*>, NSLocalizedDescription=<*>}",1,"<date> <ip> . <num> , <num> , <id> , [networkdefaults]: error updating network defaults: error domain=nsurlerrordomain code= <num> ""the request timed out."" userinfo={nsunderlyingerror= <hex> {error domain=kcferrordomaincfnetwork code= <num> ""(null)"" userinfo={_kcfstreamerrorcodekey= <num> , _kcfstreamerrordomainkey= <num> }}, nserrorfailingurlstringkey= <url> nserrorfailingurlkey= <url> _kcfstreamerrordomainkey= <num> , _kcfstreamerrorcodekey= <num> , nslocalizeddescription=the request timed out.}",1,Mac_C0000513,1,1,"<date> <ip>. <num>, <num>, <id>, [networkdefaults]: error updating network defaults: error domain = nsurlerrordomain code = <num> "" the request timed out. "" userinfo = {nsunderlyingerror = <hex> {error domain = kcferrordomaincfnetwork code = <num> "" (null) "" userinfo = {_kcfstreamerrorcodekey = <num>, _kcfstreamerrordomainkey = <num>}}, nserrorfailingurlstringkey = <url> nserrorfailingurlkey = <url> _kcfstreamerrordomainkey = <num>, _kcfstreamerrorcodekey = <num>, nslocalizeddescription = the request timed out.}",1,1,frequency_representative
13842,XPC Activity invoked with state=2,E501,XPC Activity invoked with state=<*>,5,xpc activity invoked with state= <num>,1,Mac_C0000514,1,5,xpc activity invoked with state = <num>,1,1,frequency_representative
13844,Running daily periodic task.,E522,Running daily periodic task.,7,running daily periodic task.,1,Mac_C0000515,1,7,running daily periodic task.,1,1,frequency_representative
13847,Running weekly periodic task.,E517,Running weekly periodic task.,1,running weekly periodic task.,1,Mac_C0000516,1,1,running weekly periodic task.,1,1,frequency_representative
13849,Killing auth hosts,E594,Killing auth hosts,28,killing auth hosts,1,Mac_C0000517,1,28,killing auth hosts,1,1,frequency_representative
13850,Session 101321 destroyed,E597,Session <*> destroyed,28,session <num> destroyed,28,Mac_C0000518,28,28,session <num> destroyed,1,1,frequency_representative
13853,hfs: mounted Recovery HD on device disk0s3,E480,hfs: mounted Recovery HD on device <*>,5,hfs: mounted recovery hd on device disk0s3,1,Mac_C0000519,1,5,hfs: mounted recovery hd on device disk 0 s 3,1,1,frequency_representative
13854,(Volume.Normal:2464) volume:0x7fe11f037000 ********** Bootstrapped Creating a default store:0 SpotLoc:(null) SpotVerLoc:(null) occlude:0 /Volumes/Recovery HD,E114,(Volume.Normal:<*>) volume:<*> ********** Bootstrapped Creating a default store:<*> SpotLoc:<*> SpotVerLoc:<*> occlude:<*> <*>,5,( <id> ) volume: <hex> ********** bootstrapped creating a default store: <num> spotloc:(null) spotverloc:(null) <id> /volumes/recovery hd,5,Mac_C0000520,5,5,(<id>) volume: <hex> * * * * * * * * * * bootstrapped creating a default store: <num> spotloc: (null) spotverloc: (null) <id>/volumes/recovery hd,1,1,frequency_representative
13855,(ImportBailout.Error:1331) Asked to exit for Diskarb,E432,(ImportBailout.Error:<*>) Asked to exit for <*>,65,( <id> ) asked to exit for diskarb,1,Mac_C0000521,1,65,(<id>) asked to exit for diskarb,1,1,frequency_representative
13868,Logging disabled completely for device:1: /Volumes/Recovery HD,E433,Logging disabled completely for device:<*>: <*> <*>,5,logging disabled completely for <id> : /volumes/recovery hd,1,Mac_C0000522,1,5,logging disabled completely for <id>:/volumes/recovery hd,1,1,frequency_representative
13869,hfs: unmount initiated on Recovery HD on device disk0s3,E382,hfs: unmount initiated on Recovery HD on device <*>,5,hfs: unmount initiated on recovery hd on device disk0s3,1,Mac_C0000523,1,5,hfs: unmount initiated on recovery hd on device disk 0 s 3,1,1,frequency_representative
13870,Finder(4133) System Policy: deny file-write-create /Volumes/Recovery HD/.Trashes/501,E372,Finder(<*>) System Policy: deny file-write-create <*>,4,finder( <num> ) system policy: deny file-write-create /volumes/recovery hd/.trashes/ <num>,2,Mac_C0000524,2,4,finder (<num>) system policy: deny file-write-create/volumes/recovery hd /. trashes/<num>,1,1,frequency_representative
13872,"-[NETAWDManager reportStats:metricID:] AWDServerConnection newMetricContainerWithIdentifier failed for metric 2686985, server 0x7faf937117d0, not reporting:",E53,"-[NETAWDManager reportStats:metricID:] AWDServerConnection newMetricContainerWithIdentifier failed for metric <*>, server <*>, not reporting:",4,"-[netawdmanager reportstats:metricid:] awdserverconnection newmetriccontainerwithidentifier failed for metric <num> , server <hex> , not reporting:",1,Mac_C0000525,1,4,"- [netawdmanager reportstats: metricid:] awdserverconnection newmetriccontainerwithidentifier failed for metric <num>, server <hex>, not reporting:",1,1,frequency_representative
13877,moduleFromLegacyDefaults: <ScreenSaverDefaults: 0x7ffcb0730c10>,E335,moduleFromLegacyDefaults: <ScreenSaverDefaults: <*>,1,modulefromlegacydefaults: <screensaverdefaults: <hex> >,1,Mac_C0000526,1,1,modulefromlegacydefaults: < screensaverdefaults: <hex> >,1,1,frequency_representative
13878,Attempted search for modules of unknown type (4),E385,Attempted search for modules of unknown type (<*>),1,attempted search for modules of unknown type ( <num> ),1,Mac_C0000527,1,1,attempted search for modules of unknown type (<num>),1,1,frequency_representative
13879,"Application App:""loginwindow"" asn:0x0-1001 pid:94 refs=8 @ 0x7fac18f024b0 tried to be brought forward, but isn't in fPermittedFrontApps ( ( ""LSApplication:0x0-0x1b37b36 pid=32360 ""ScreenSaverEngine"""")), so denying. : LASSession.cp #1531 SetFrontApplication() q=LSSession 100007/0x186a7 queue",E30,"Application App:<*> asn:<*> pid:<*> refs=<*> @ <*> tried to be brought forward, but isn't in fPermittedFrontApps ( ( ""<*>"")), so denying. : LASSession.cp <*> SetFrontApplication() q=LSSession <*> queue",2,"application app:""loginwindow"" asn: <hex> <num> <id> refs= <num> @ <hex> tried to be brought forward, but isn't in fpermittedfrontapps ( ( ""lsapplication: <hex> - <hex> pid= <num> ""screensaverengine"""")), so denying. : lassession.cp # <num> setfrontapplication() q=lssession <num> / <hex> queue",2,Mac_C0000528,2,2,"application app: "" loginwindow "" asn: <hex> <num> <id> refs = <num> @ <hex> tried to be brought forward, but isn ' t in fpermittedfrontapps (("" lsapplication: <hex>-<hex> pid = <num> "" screensaverengine "" "")), so denying.: lassession. cp # <num> setfrontapplication () q = lssession <num>/<hex> queue",1,1,frequency_representative
13880,"[cps/setfront] Failed setting the front application to loginwindow, psn 0x0-0x1001, securitySessionID=0x186a7, err=-13066",E137,"[cps/setfront] Failed setting the front application to loginwindow, psn <*>, securitySessionID=<*>, err=<*>",2,"[cps/setfront] failed setting the front application to loginwindow, psn <hex> - <hex> , securitysessionid= <hex> , err= <num>",1,Mac_C0000529,1,2,"[cps/setfront] failed setting the front application to loginwindow, psn <hex>-<hex>, securitysessionid = <hex>, err = <num>",1,1,frequency_representative
93560,SecTaskLoadEntitlements failed error=22,E435,SecTaskLoadEntitlements failed error=<*>,10,sectaskloadentitlements failed error= <num>,2,Mac_C0000530,2,10,sectaskloadentitlements failed error = <num>,1,1,frequency_representative
13949,"[14:44:29.030] <<< FigDiskCacheRepository >>> fdcr_GetFileStats: stat failed for /private/var/folders/nt/fvzdv1fn7n1d5bpgqb_wcfxh0000gn/T/com.apple.Safari/WebKit/MediaCache/CachedMedia-ldejo7, err = 2",E228,"[<*>] <<< FigDiskCacheRepository >>> fdcr_GetFileStats: stat failed for <*>, err = <*>",29,"[ <ip> . <num> ] <<< figdiskcacherepository >>> fdcr_getfilestats: stat failed for <path> , err = <num>",29,Mac_C0000531,29,29,"[<ip>. <num>] < < <figdiskcacherepository> > > fdcr_getfilestats: stat failed for <path>, err = <num>",1,1,frequency_representative
13972,[14:44:30.117] FigAgglomeratorSetObjectForKey signalled err=-16020 (kFigStringConformerError_ParamErr) (NULL key) at /Library/Caches/com.apple.xbs/Sources/CoreMedia/CoreMedia-1731.15.207/Prototypes/LegibleOutput/FigAgglomerator.c line 92,E277,[<*>] FigAgglomeratorSetObjectForKey signalled err=<*> (<*>) (<*> key) at <*> line <*>,1048,[ <ip> . <num> ] figagglomeratorsetobjectforkey signalled err= <num> (kfigstringconformererror_paramerr) (null key) at <path> <id> <path> line <num>,1048,Mac_C0000532,1104,1124,[<ip>. <num>] <*> signalled err = <num> (<*>) (<*> <*>) at <path> <id> <path> line <num>,3,1,frequency_representative
56756,[23:50:57.517] FigFormatReaderCreateForStreamReturningMatchingContainerLabelType signalled err=-12847 (kFigFormatReaderError_FileNotRecognized) (Unrecognized content) at /Library/Caches/com.apple.xbs/Sources/CoreMedia/CoreMedia-1731.15.207/Prototypes/FormatHandlers/FigFormatReader_Common.c line 2158,E84,[<*>] FigFormatReaderCreateForStreamReturningMatchingContainerLabelType signalled err=<*> (<*>) (Unrecognized content) at <*> line <*>,11,[ <ip> . <num> ] figformatreadercreateforstreamreturningmatchingcontainerlabeltype signalled err= <num> (kfigformatreadererror_filenotrecognized) (unrecognized content) at <path> <id> <path> line <num>,5,Mac_C0000532,1104,1124,[<ip>. <num>] <*> signalled err = <num> (<*>) (<*> <*>) at <path> <id> <path> line <num>,3,2,complex_sample
86738,[11:30:33.238] FigFileForkOpenMainByCFURL signalled err=35 (errno) (open failed) at /Library/Caches/com.apple.xbs/Sources/CoreMedia_frameworks/CoreMedia-1731.15.207/Sources/Platform/Darwin/DarwinFile.c line 456,E255,[<*>] FigFileForkOpenMainByCFURL signalled err=<*> (<*>) (open failed) at <*> line <*>,26,[ <ip> . <num> ] figfileforkopenmainbycfurl signalled err= <num> (errno) (open failed) at <path> <id> <path> line <num>,12,Mac_C0000532,1104,1124,[<ip>. <num>] <*> signalled err = <num> (<*>) (<*> <*>) at <path> <id> <path> line <num>,3,3,diverse_sample
80711,[23:38:31.299] <<<< Boss >>>> figPlaybackBossPrerollCompleted: unexpected preroll-complete notification,E144,[<*>] <<<< Boss >>>> figPlaybackBossPrerollCompleted: unexpected preroll-complete notification,1052,[ <ip> . <num> ] <<<< boss >>>> figplaybackbossprerollcompleted: unexpected preroll-complete notification,1051,Mac_C0000533,1051,1052,[<ip>. <num>] < < < <boss> > > > figplaybackbossprerollcompleted: unexpected preroll-complete notification,1,1,frequency_representative
13978,[14:45:06.492] itemasync_SetProperty signalled err=-12785 (kFigBaseObjectError_Invalidated) (invalidated) at /Library/Caches/com.apple.xbs/Sources/CoreMedia/CoreMedia-1731.15.207/Prototypes/Player/FigPlayer_Async.c line 2306,E281,[<*>] itemasync_SetProperty signalled err=<*> (<*>) (invalidated) at <*> line <*>,175,[ <ip> . <num> ] itemasync_setproperty signalled err= <num> (kfigbaseobjecterror_invalidated) (invalidated) at <path> <id> <path> line <num>,175,Mac_C0000534,286,286,[<ip>. <num>] <*> signalled err = <num> (kfigbaseobjecterror_invalidated) (invalidated) at <path> <id> <path> line <num>,2,1,frequency_representative
14548,[17:13:42.741] itemasync_CopyProperty signalled err=-12785 (kFigBaseObjectError_Invalidated) (invalidated) at /Library/Caches/com.apple.xbs/Sources/CoreMedia/CoreMedia-1731.15.207/Prototypes/Player/FigPlayer_Async.c line 2092,E351,[<*>] itemasync_CopyProperty signalled err=<*> (<*>) at <*> line <*>,111,[ <ip> . <num> ] itemasync_copyproperty signalled err= <num> (kfigbaseobjecterror_invalidated) (invalidated) at <path> <id> <path> line <num>,111,Mac_C0000534,286,286,[<ip>. <num>] <*> signalled err = <num> (kfigbaseobjecterror_invalidated) (invalidated) at <path> <id> <path> line <num>,2,2,complex_sample
14116,handle_will_sleep_auth_and_shield_windows: NULL shield_window (lock state: 1),E203,handle_will_sleep_auth_and_shield_windows: NULL shield_window (lock state: <*>),5,handle_will_sleep_auth_and_shield_windows: null shield_window (lock state: <num> ),1,Mac_C0000535,1,5,handle_will_sleep_auth_and_shield_windows: null shield_window (lock state: <num>),1,1,frequency_representative
14284,32: Could not write data to client PID[30311](com.apple.geod) because of error - aborting connection,E229,<*>: Could not write data to client PID[<*>](<*>) because of error - aborting connection,1,<num> : could not write data to client pid[ <num> ](com.apple.geod) because of error - aborting connection,1,Mac_C0000536,1,1,<num>: could not write data to client pid [<num>] (com. apple. geod) because of error-aborting connection,1,1,frequency_representative
14285,"32: DNSServiceCreateConnection: 0 registered records, 1 kDNSServiceFlagsShareConnection operation PID[30311](com.apple.geod)",E118,"<*>: DNSServiceCreateConnection: <*> registered records, <*> kDNSServiceFlagsShareConnection operation PID[<*>](<*>)",1,"<num> : dnsservicecreateconnection: <num> registered records, <num> kdnsserviceflagsshareconnection operation pid[ <num> ](com.apple.geod)",1,Mac_C0000537,1,1,"<num>: dnsservicecreateconnection: <num> registered records, <num> kdnsserviceflagsshareconnection operation pid [<num>] (com. apple. geod)",1,1,frequency_representative
14286,-> DNSServiceGetAddrInfo 0x4000D000 0 v4v6 e5153.e9.akamaiedge.net. PID[30311](),E440,-> DNSServiceGetAddrInfo <*> v4v6 <*>. PID[<*>](),3,-> dnsservicegetaddrinfo <hex> <num> v4v6 <id> . pid[ <num> ](),3,Mac_C0000538,3,3,- > dnsservicegetaddrinfo <hex> <num> v 4 v 6 <id>. pid [<num>] (),1,1,frequency_representative
14426,"GVA warning: addNewReferenceEntry_MMCO mmcoFunc1 not found requested 5, curr = 8",E219,GVA warning: addNewReferenceEntry_MMCO mmcoFunc1 not found requested <*> curr = <*>,5,"gva warning: addnewreferenceentry_mmco <id> not found requested <num> , curr = <num>",5,Mac_C0000539,5,5,"gva warning: addnewreferenceentry_mmco <id> not found requested <num>, curr = <num>",1,1,frequency_representative
14428,GVA warning: addNewReferenceEntry_MMCO force release -4,E326,GVA warning: addNewReferenceEntry_MMCO force release <*>,2,gva warning: addnewreferenceentry_mmco force release <num>,2,Mac_C0000540,2,2,gva warning: addnewreferenceentry_mmco force release <num>,1,1,frequency_representative
14438,Sandbox: com.apple.WebKit(9854) deny(1) file-read-data /private/etc/hosts,E342,Sandbox: com.apple.WebKit(<*>) deny(<*>) file-read-data <*>,38,sandbox: com.apple.webkit( <num> ) deny( <num> ) file-read-data /private/etc/hosts,1,Mac_C0000541,1,38,sandbox: com. apple. webkit (<num>) deny (<num>) file-read-data/private/etc/hosts,1,1,frequency_representative
14527,"NSURLSession/NSURLConnection HTTP load failed (kCFStreamErrorDomainSSL, -9802)",E212,"NSURLSession/NSURLConnection HTTP load failed (kCFStreamErrorDomainSSL, <*>)",22,"nsurlsession/nsurlconnection http load failed (kcfstreamerrordomainssl, <num> )",4,Mac_C0000542,4,22,"nsurlsession/nsurlconnection http load failed (kcfstreamerrordomainssl, <num>)",1,1,frequency_representative
14532,"<<<< FigByteStream >>>> FigByteStreamStatsLogOneRead: ByteStream read of 8 bytes @ 7431 took 1.376340 secs. to complete, 1 reads >= 1 sec.",E94,"<<<< FigByteStream >>>> FigByteStreamStatsLogOneRead: ByteStream read of <*> bytes @ <*> took <*> secs. to complete, <*> reads >= <*> sec.",61,"<<<< figbytestream >>>> figbytestreamstatslogoneread: bytestream read of <num> bytes @ <num> took <num> secs. to complete, <num> reads >= <num> sec.",61,Mac_C0000543,61,61,"< < < <figbytestream> > > > figbytestreamstatslogoneread: bytestream read of <num> bytes @ <num> took <num> secs. to complete, <num> reads > = <num> sec.",1,1,frequency_representative
14537,[17:13:22.455] <<<< IQ-CA >>>> piqca_setUsePreQueue: (0x7f9241370200) rejecting report of layer being serviced - IQ has not yet begun to update,E111,[<*>] <<<< IQ-CA >>>> piqca_setUsePreQueue: <*> rejecting report of layer being serviced - IQ has not yet begun to update,167,[ <ip> . <num> ] <<<< iq-ca >>>> piqca_setuseprequeue: ( <hex> ) rejecting report of layer being serviced - iq has not yet begun to update,167,Mac_C0000544,167,167,[<ip>. <num>] < < < < iq-ca > > > > piqca_setuseprequeue: (<hex>) rejecting report of layer being serviced-iq has not yet begun to update,1,1,frequency_representative
14553,Failed to connect (colorGridView) outlet from (NSApplication) to (NSColorPickerGridView): missing setter or instance variable,E268,Failed to connect <*> outlet from <*> to <*>: missing setter or instance variable,16,failed to connect (colorgridview) outlet from (nsapplication) to (nscolorpickergridview): missing setter or instance variable,1,Mac_C0000545,8,39,failed to connect (<*>) outlet from (<*>) to (<*>): missing setter or instance variable,3,1,frequency_representative
60591,Failed to connect (loadingViewContainer) outlet from (MMFilePreviewPanelWindowController) to (NSView): missing setter or instance variable,E268,Failed to connect <*> outlet from <*> to <*>: missing setter or instance variable,1,failed to connect (loadingviewcontainer) outlet from (mmfilepreviewpanelwindowcontroller) to (nsview): missing setter or instance variable,1,Mac_C0000545,8,39,failed to connect (<*>) outlet from (<*>) to (<*>): missing setter or instance variable,3,2,complex_sample
80159,Failed to connect (titleField) outlet from (MMSessionPickerChoosenRowView) to (NSTextField): missing setter or instance variable,E268,Failed to connect <*> outlet from <*> to <*>: missing setter or instance variable,1,failed to connect (titlefield) outlet from (mmsessionpickerchoosenrowview) to (nstextfield): missing setter or instance variable,1,Mac_C0000545,8,39,failed to connect (<*>) outlet from (<*>) to (<*>): missing setter or instance variable,3,3,diverse_sample
14741,com.apple.WebKit(32544) deny ipc-posix-sem SandboxingDetectionTest,E369,<*>(<*>) deny ipc-posix-sem SandboxingDetectionTest,3,com.apple.webkit( <num> ) deny ipc-posix-sem sandboxingdetectiontest,2,Mac_C0000546,2,3,com. apple. webkit (<num>) deny ipc-posix-sem sandboxingdetectiontest,1,1,frequency_representative
14629,[17:27:52.418] vtDecompressionDuctCreate signalled err=-12913 (err) (Could not select and open decoder instance) at /Library/Caches/com.apple.xbs/Sources/CoreMedia_frameworks/CoreMedia-1731.15.207/Sources/VideoToolbox/VTDecompressionSession.c line 1296,E133,[<*>] vtDecompressionDuctCreate signalled err=<*> (err) (Could not select and open decoder instance) at <*> line <*>,4,[ <ip> . <num> ] vtdecompressionductcreate signalled err= <num> (err) (could not select and open decoder instance) at <path> <id> <path> line <num>,4,Mac_C0000547,4,4,[<ip>. <num>] vtdecompressionductcreate signalled err = <num> (err) (could not select and open decoder instance) at <path> <id> <path> line <num>,1,1,frequency_representative
14757,Sandbox: com.apple.WebKit(32544) deny(1) ipc-posix-sem SandboxingDetectionTest,E214,Sandbox: com.apple.WebKit(<*>) deny(<*>) ipc-posix-sem SandboxingDetectionTest,1,sandbox: com.apple.webkit( <num> ) deny( <num> ) ipc-posix-sem sandboxingdetectiontest,1,Mac_C0000548,1,1,sandbox: com. apple. webkit (<num>) deny (<num>) ipc-posix-sem sandboxingdetectiontest,1,1,frequency_representative
14889,-[NETClientConnection evaluateCrazyIvan46] CI46 - Perform CrazyIvan46! QQ.10018 tc19739 14.17.41.154:80,E468,-[NETClientConnection <*>] <*> - Perform <*>! <*> <*> <*>,1,-[netclientconnection <id> ] ci46 - perform <id> ! <id> tc19739 <ip>,1,Mac_C0000549,1,1,- [netclientconnection <id>] ci 46-perform <id>! <id> tc 19739 <ip>,1,1,frequency_representative
14897,__42-[NETClientConnection evaluateCrazyIvan46]_block_invoke CI46 - Hit by torpedo! QQ.10018 tc19739 14.17.41.154:80,E224,<*>[NETClientConnection evaluateCrazyIvan46]_block_invoke <*> - Hit by torpedo! <*> <*> <*>,1,__42-[netclientconnection <id> ]_block_invoke ci46 - hit by torpedo! <id> tc19739 <ip>,1,Mac_C0000550,1,1,__ 42-[netclientconnection <id>] _block_invoke ci 46-hit by torpedo! <id> tc 19739 <ip>,1,1,frequency_representative
14901,"[18:08:56.174] <<<< CRABS >>>> crabsFlumeConnectionToHostLost: [0x7f9245213640] Byte flume reports connection to host lost. No error specified, using kCFURLErrorCannotConnectToHost.",E40,"[<*>] <<<< CRABS >>>> crabsFlumeConnectionToHostLost: [<*>] Byte flume reports connection to host lost. No error specified, using kCFURLErrorCannotConnectToHost.",10,"[ <ip> . <num> ] <<<< crabs >>>> crabsflumeconnectiontohostlost: [ <hex> ] byte flume reports connection to host lost. no error specified, using kcfurlerrorcannotconnecttohost.",10,Mac_C0000551,10,10,"[<ip>. <num>] < < < <crabs> > > > crabsflumeconnectiontohostlost: [<hex>] byte flume reports connection to host lost. no error specified, using kcfurlerrorcannotconnecttohost.",1,1,frequency_representative
15203,-[NETClientConnection evaluateCrazyIvan46] CI46 - Perform CrazyIvan46! QQ.10018 tc19954 119.81.102.227:80,E468,-[NETClientConnection <*>] <*> - Perform <*>! <*> <*> <*>,1,-[netclientconnection <id> ] ci46 - perform <id> ! <id> tc19954 <ip>,1,Mac_C0000552,1,1,- [netclientconnection <id>] ci 46-perform <id>! <id> tc 19954 <ip>,1,1,frequency_representative
15211,__42-[NETClientConnection evaluateCrazyIvan46]_block_invoke CI46 - Hit by torpedo! QQ.10018 tc19954 119.81.102.227:80,E224,<*>[NETClientConnection evaluateCrazyIvan46]_block_invoke <*> - Hit by torpedo! <*> <*> <*>,1,__42-[netclientconnection <id> ]_block_invoke ci46 - hit by torpedo! <id> tc19954 <ip>,1,Mac_C0000553,1,1,__ 42-[netclientconnection <id>] _block_invoke ci 46-hit by torpedo! <id> tc 19954 <ip>,1,1,frequency_representative
15282,SysAdmChk: Throttling activity execution. memFlags:0x0 thermalLevel:0x1,E258,SysAdmChk: Throttling activity execution. memFlags:<*> thermalLevel:<*>,22,sysadmchk: throttling activity execution. memflags: <hex> thermallevel: <hex>,1,Mac_C0000554,1,22,sysadmchk: throttling activity execution. memflags: <hex> thermallevel: <hex>,1,1,frequency_representative
16726,"[CardDAVPlugin-ERROR] -_handleAddsOrModifies:https://xpc_ben%40163.com@contacts.163.com/carddav/558548ec28fbd965ade28995b355b70d/contacts/ Error Domain=NSURLErrorDomain Code=-1001 ""The request timed out."" UserInfo={NSUnderlyingError=0x7fe7011c7570 {Error Domain=kCFErrorDomainCFNetwork Code=-1001 ""The request timed out."" UserInfo={NSErrorFailingURLStringKey=https://xpc_ben%40163.com@contacts.163.com/carddav/558548ec28fbd965ade28995b355b70d/contacts/, NSErrorFailingURLKey=https://xpc_ben%40163.com@contacts.163.com/carddav/558548ec28fbd965ade28995b355b70d/contacts/, _kCFStreamErrorCodeKey=-2102, _kCFStreamErrorDomainKey=4, NSLocalizedDescription=The request timed out.}}, NSErrorFailingURLStringKey=https://xpc_ben%40163.com@contacts.163.com/carddav/558548ec28fbd965ade28995b355b70d/contacts/, NSErrorFailingURLKey=https://xpc_ben%40163.com@contacts.163.com/carddav/558548ec28fbd965ade28995b355b70d/contacts/, _kCFStreamErrorDomainKey=4, _kCFStreamErrorCodeKey=-2102, NSLocalizedDescription=The request timed out.}",E6,"[CardDAVPlugin-ERROR] -_handleAddsOrModifies:<*> Error Domain=<*> Code=<*> <*> UserInfo={NSUnderlyingError=<*> {Error Domain=<*> Code=<*> <*> UserInfo={NSErrorFailingURLStringKey=<*>, NSErrorFailingURLKey=<*>, _kCFStreamErrorCodeKey=<*>, _kCFStreamErrorDomainKey=<*>, NSLocalizedDescription=<*>}}, NSErrorFailingURLStringKey=<*>, NSErrorFailingURLKey=<*>, _kCFStreamErrorDomainKey=<*>, _kCFStreamErrorCodeKey=<*>, NSLocalizedDescription=<*>}",2,"[carddavplugin-error] -_handleaddsormodifies: <url> error domain=nsurlerrordomain code= <num> ""the request timed out."" userinfo={nsunderlyingerror= <hex> {error domain=kcferrordomaincfnetwork code= <num> ""the request timed out."" userinfo={nserrorfailingurlstringkey= <url> nserrorfailingurlkey= <url> _kcfstreamerrorcodekey= <num> , _kcfstreamerrordomainkey= <num> , nslocalizeddescription=the request timed out.}}, nserrorfailingurlstringkey= <url> nserrorfailingurlkey= <url> _kcfstreamerrordomainkey= <num> , _kcfstreamerrorcodekey= <num> , nslocalizeddescription=the request timed out.}",2,Mac_C0000555,2,2,"[carddavplugin-error]-_handleaddsormodifies: <url> error domain = nsurlerrordomain code = <num> "" the request timed out. "" userinfo = {nsunderlyingerror = <hex> {error domain = kcferrordomaincfnetwork code = <num> "" the request timed out. "" userinfo = {nserrorfailingurlstringkey = <url> nserrorfailingurlkey = <url> _kcfstreamerrorcodekey = <num>, _kcfstreamerrordomainkey = <num>, nslocalizeddescription = the request timed out.}}, nserrorfailingurlstringkey = <url> nserrorfailingurlkey = <url> _kcfstreamerrordomainkey = <num>, _kcfstreamerrorcodekey = <num>, nslocalizeddescription = the request timed out.}",1,1,frequency_representative
18557,"[CardDAVPlugin-ERROR] -getPrincipalInfo:[_controller principalPropertiesAtURL:https://xpcben%40gmail.com@www.googleapis.com/carddav/v1/principals/xpcben%40gmail.com/] Error Domain=NSURLErrorDomain Code=-1005 ""The network connection was lost."" UserInfo={NSUnderlyingError=0x7fdb40f77050 {Error Domain=kCFErrorDomainCFNetwork Code=-1005 ""The network connection was lost."" UserInfo={NSErrorFailingURLStringKey=https://xpcben%40gmail.com@www.googleapis.com/carddav/v1/principals/xpcben%40gmail.com/, NSErrorFailingURLKey=https://xpcben%40gmail.com@www.googleapis.com/carddav/v1/principals/xpcben%40gmail.com/, _kCFStreamErrorCodeKey=-4, _kCFStreamErrorDomainKey=4, NSLocalizedDescription=The network connection was lost.}}, NSErrorFailingURLStringKey=https://xpcben%40gmail.com@www.googleapis.com/carddav/v1/principals/xpcben%40gmail.com/, NSErrorFailingURLKey=https://xpcben%40gmail.com@www.googleapis.com/carddav/v1/principals/xpcben%40gmail.com/, _kCFStreamErrorDomainKey=4, _kCFStreamErrorCodeKey=-4, NSLocalizedDescription=The network connection was lost.}",E5,"[CardDAVPlugin-ERROR] -getPrincipalInfo:[_controller <*>] Error Domain=<*> Code=<*> <*> UserInfo={NSUnderlyingError=<*> {Error Domain=<*> Code=-<*> <*> UserInfo={NSErrorFailingURLStringKey=<*>, NSErrorFailingURLKey=<*>, _kCFStreamErrorCodeKey=<*>, _kCFStreamErrorDomainKey=<*>, NSLocalizedDescription=<*>}}, NSErrorFailingURLStringKey=<*>, NSErrorFailingURLKey=<*>, _kCFStreamErrorDomainKey=<*>, _kCFStreamErrorCodeKey=<*>, NSLocalizedDescription=<*>}",2,"[carddavplugin-error] -getprincipalinfo:[_controller principalpropertiesaturl: <url> error domain=nsurlerrordomain code= <num> ""the network connection was lost."" userinfo={nsunderlyingerror= <hex> {error domain=kcferrordomaincfnetwork code= <num> ""the network connection was lost."" userinfo={nserrorfailingurlstringkey= <url> nserrorfailingurlkey= <url> _kcfstreamerrorcodekey= <num> , _kcfstreamerrordomainkey= <num> , nslocalizeddescription=the network connection was lost.}}, nserrorfailingurlstringkey= <url> nserrorfailingurlkey= <url> _kcfstreamerrordomainkey= <num> , _kcfstreamerrorcodekey= <num> , nslocalizeddescription=the network connection was lost.}",2,Mac_C0000556,3,3,"[carddavplugin-error]-getprincipalinfo: [_controller <*>: <url> error domain = nsurlerrordomain code = <num> "" the network connection was lost. "" userinfo = {nsunderlyingerror = <hex> {error domain = kcferrordomaincfnetwork code = <num> "" the network connection was lost. "" userinfo = {nserrorfailingurlstringkey = <url> nserrorfailingurlkey = <url> _kcfstreamerrorcodekey = <num>, _kcfstreamerrordomainkey = <num>, nslocalizeddescription = the network connection was lost.}}, nserrorfailingurlstringkey = <url> nserrorfailingurlkey = <url> _kcfstreamerrordomainkey = <num>, _kcfstreamerrorcodekey = <num>, nslocalizeddescription = the network connection was lost.}",2,1,frequency_representative
16837,"[CardDAVPlugin-ERROR] -getPrincipalInfo:[_controller supportsRequestCompressionAtURL:https://xpcben%40gmail.com@www.googleapis.com/carddav/v1/principals/xpcben%40gmail.com/] Error Domain=NSURLErrorDomain Code=-1005 ""The network connection was lost."" UserInfo={NSUnderlyingError=0x7f9fb4903390 {Error Domain=kCFErrorDomainCFNetwork Code=-1005 ""The network connection was lost."" UserInfo={NSErrorFailingURLStringKey=https://xpcben%40gmail.com@www.googleapis.com/carddav/v1/principals/xpcben%40gmail.com/, NSErrorFailingURLKey=https://xpcben%40gmail.com@www.googleapis.com/carddav/v1/principals/xpcben%40gmail.com/, _kCFStreamErrorCodeKey=-4, _kCFStreamErrorDomainKey=4, NSLocalizedDescription=The network connection was lost.}}, NSErrorFailingURLStringKey=https://xpcben%40gmail.com@www.googleapis.com/carddav/v1/principals/xpcben%40gmail.com/, NSErrorFailingURLKey=https://xpcben%40gmail.com@www.googleapis.com/carddav/v1/principals/xpcben%40gmail.com/, _kCFStreamErrorDomainKey=4, _kCFStreamErrorCodeKey=-4, NSLocalizedDescription=The network connection was lost.}",E5,"[CardDAVPlugin-ERROR] -getPrincipalInfo:[_controller <*>] Error Domain=<*> Code=<*> <*> UserInfo={NSUnderlyingError=<*> {Error Domain=<*> Code=-<*> <*> UserInfo={NSErrorFailingURLStringKey=<*>, NSErrorFailingURLKey=<*>, _kCFStreamErrorCodeKey=<*>, _kCFStreamErrorDomainKey=<*>, NSLocalizedDescription=<*>}}, NSErrorFailingURLStringKey=<*>, NSErrorFailingURLKey=<*>, _kCFStreamErrorDomainKey=<*>, _kCFStreamErrorCodeKey=<*>, NSLocalizedDescription=<*>}",1,"[carddavplugin-error] -getprincipalinfo:[_controller supportsrequestcompressionaturl: <url> error domain=nsurlerrordomain code= <num> ""the network connection was lost."" userinfo={nsunderlyingerror= <hex> {error domain=kcferrordomaincfnetwork code= <num> ""the network connection was lost."" userinfo={nserrorfailingurlstringkey= <url> nserrorfailingurlkey= <url> _kcfstreamerrorcodekey= <num> , _kcfstreamerrordomainkey= <num> , nslocalizeddescription=the network connection was lost.}}, nserrorfailingurlstringkey= <url> nserrorfailingurlkey= <url> _kcfstreamerrordomainkey= <num> , _kcfstreamerrorcodekey= <num> , nslocalizeddescription=the network connection was lost.}",1,Mac_C0000556,3,3,"[carddavplugin-error]-getprincipalinfo: [_controller <*>: <url> error domain = nsurlerrordomain code = <num> "" the network connection was lost. "" userinfo = {nsunderlyingerror = <hex> {error domain = kcferrordomaincfnetwork code = <num> "" the network connection was lost. "" userinfo = {nserrorfailingurlstringkey = <url> nserrorfailingurlkey = <url> _kcfstreamerrorcodekey = <num>, _kcfstreamerrordomainkey = <num>, nslocalizeddescription = the network connection was lost.}}, nserrorfailingurlstringkey = <url> nserrorfailingurlkey = <url> _kcfstreamerrordomainkey = <num>, _kcfstreamerrorcodekey = <num>, nslocalizeddescription = the network connection was lost.}",2,2,complex_sample
16862,[CardDAVPlugin-ERROR] -getHomeInfo:[_controller containersAtURLs:{(,E232,[CardDAVPlugin-ERROR] -getHomeInfo:[_controller containersAtURLs:{(,23,[carddavplugin-error] -gethomeinfo:[_controller containersaturls:{(,1,Mac_C0000557,1,23,[carddavplugin-error]-gethomeinfo: [_controller containersaturls: {(,1,1,frequency_representative
16883,DEAD_PROCESS: 28128 ttys000,E608,DEAD_PROCESS: <*> <*>,2,dead_process: <num> ttys000,2,Mac_C0000558,2,2,dead_process: <num> ttys 000,1,1,frequency_representative
17052,Connecting to Dropbox on 'com.getdropbox.dropbox.garcon.cafe_501',E546,Connecting to Dropbox on '<*>',5,connecting to dropbox on ' <id> ',1,Mac_C0000559,1,5,connecting to dropbox on ' <id> ',1,1,frequency_representative
17053,Connected to Dropbox on 'com.getdropbox.dropbox.garcon.cafe_501'.,E540,Connected to Dropbox on <*>.,5,connected to dropbox on ' <id> '.,1,Mac_C0000560,1,5,connected to dropbox on ' <id> '.,1,1,frequency_representative
17054,Garcon is ready (1 alive).,E561,Garcon is ready (<*> alive).,5,garcon is ready ( <num> alive).,1,Mac_C0000561,1,5,garcon is ready (<num> alive).,1,1,frequency_representative
17055,Invalidating watch set.,E557,Invalidating watch set.,5,invalidating watch set.,1,Mac_C0000562,1,5,invalidating watch set.,1,1,frequency_representative
17056,Watch set is now: {(,E595,Watch set is now: {(,5,watch set is now: {(,1,Mac_C0000563,1,5,watch set is now: {(,1,1,frequency_representative
17060,Garcon destroyed (0 alive).,E545,Garcon destroyed (<*> alive).,5,garcon destroyed ( <num> alive).,1,Mac_C0000564,1,5,garcon destroyed (<num> alive).,1,1,frequency_representative
17064,client 32767 plug-in com.getdropbox.dropbox.garcon election := 1,E549,client <*> plug-in <*> election := <*>,5,client <num> plug-in com.getdropbox.dropbox.garcon election := <num>,5,Mac_C0000565,5,5,client <num> plug-in com. getdropbox. dropbox. garcon election: = <num>,1,1,frequency_representative
17066,"[QL] After retry, preview was from a different type for <QLPreview 0x7fbd57d7c1b0 131963 file:///Users/xpc/Desktop/%E6%96%87%E6%A1%A36.docx>",E280,"[QL] After retry, preview was from a different type for <QLPreview <*>",1,"[ql] after retry, preview was from a different type for <qlpreview <hex> <num> file:// <path> >",1,Mac_C0000566,1,1,"[ql] after retry, preview was from a different type for < qlpreview <hex> <num> file:// <path> >",1,1,frequency_representative
57210,[00:17:47.822] (Fig) signalled err=-12935,E573,[<*>] (Fig) signalled err=<*>,29,[ <ip> . <num> ] (fig) signalled err= <num>,28,Mac_C0000567,28,29,[<ip>. <num>] (fig) signalled err = <num>,1,1,frequency_representative
57443,_CGXRemoveWindowFromWindowMovementGroup: window 0x5bd0 is not attached to window 0x7046,E217,_CGXRemoveWindowFromWindowMovementGroup: window <*> is not attached to window <*>,12,_cgxremovewindowfromwindowmovementgroup: window <hex> is not attached to window <hex>,6,Mac_C0000568,6,12,_cgxremovewindowfromwindowmovementgroup: window <hex> is not attached to window <hex>,1,1,frequency_representative
17394,<<<< MediaValidator >>>> mv_ValidateRFC4281CodecId: Unrecognized codec 1.(null). Failed codec specific check.,E121,<<<< MediaValidator >>>> mv_ValidateRFC4281CodecId: Unrecognized codec <*>. Failed codec specific check.,20,<<<< mediavalidator >>>> <id> : unrecognized codec <num> .(null). failed codec specific check.,1,Mac_C0000569,1,20,< < < <mediavalidator> > > > <id>: unrecognized codec <num>. (null). failed codec specific check.,1,1,frequency_representative
17395,<<<< MediaValidator >>>> mv_LookupCodecSupport: Unrecognized codec 1,E253,<<<< MediaValidator >>>> mv_LookupCodecSupport: Unrecognized codec <*>,20,<<<< mediavalidator >>>> mv_lookupcodecsupport: unrecognized codec <num>,1,Mac_C0000570,1,20,< < < <mediavalidator> > > > mv_lookupcodecsupport: unrecognized codec <num>,1,1,frequency_representative
35758,[23:31:13.976] mv_LowLevelCheckIfVideoPlayableUsingDecoder signalled err=-12956 (kFigMediaValidatorError_VideoCodecNotSupported) (video codec 1) at line 1921,E54,[<*>] mv_LowLevelCheckIfVideoPlayableUsingDecoder signalled err=<*> (kFigMediaValidatorError_VideoCodecNotSupported) (video codec <*>) at line <*>,20,[ <ip> . <num> ] mv_lowlevelcheckifvideoplayableusingdecoder signalled err= <num> (kfigmediavalidatorerror_videocodecnotsupported) (video codec <num> ) at line <num>,15,Mac_C0000571,15,20,[<ip>. <num>] mv_lowlevelcheckifvideoplayableusingdecoder signalled err = <num> (kfigmediavalidatorerror_videocodecnotsupported) (video codec <num>) at line <num>,1,1,frequency_representative
32431,payload Data 07 00,E616,payload Data <*> <*>,8,payload data <num> <num>,2,Mac_C0000572,2,8,payload data <num> <num>,1,1,frequency_representative
17646,[EAPOLControl.c:180] EAPOLControlAuthInfoIsValid(): Ignoring SaveCredentialsOnSuccessfulAuthentication since no credentials were specified,E49,[EAPOLControl.c:<*>] EAPOLControlAuthInfoIsValid(): Ignoring SaveCredentialsOnSuccessfulAuthentication since no credentials were specified,5,[ <id> ] eapolcontrolauthinfoisvalid(): ignoring savecredentialsonsuccessfulauthentication since no credentials were specified,1,Mac_C0000573,1,5,[<id>] eapolcontrolauthinfoisvalid (): ignoring savecredentialsonsuccessfulauthentication since no credentials were specified,1,1,frequency_representative
17654,en0 START uid 501 gid 20,E617,<*> START uid <*> gid <*>,5,en0 start uid <num> gid <num>,1,Mac_C0000574,1,5,en 0 start uid <num> gid <num>,1,1,frequency_representative
17657,en0: 802.1X User Mode,E620,<*>: <*> User Mode,5,en0: <num> .1x user mode,1,Mac_C0000575,1,5,en 0: <num>. 1 x user mode,1,1,frequency_representative
40131,network changed: v4(en0-:10.105.162.105) v6(en0-:2607:f140:6000:8:c6b3:1ff:fecd:467f) DNS- Proxy-,E523,network changed: <*> DNS- Proxy-,23,network changed: v4(en0-: <ip> ) v6(en0-: <ip> ) dns- proxy-,13,Mac_C0000576,13,23,network changed: v 4 (en 0 -: <ip>) v 6 (en 0 -: <ip>) dns-proxy -,1,1,frequency_representative
17849,en0 EAP-PEAP: successfully authenticated,E445,<*> EAP-PEAP: successfully authenticated,11,en0 eap-peap: successfully authenticated,1,Mac_C0000577,1,11,en 0 eap-peap: successfully authenticated,1,1,frequency_representative
17850,AirPort: RSN handshake complete on en0,E472,AirPort: RSN handshake complete on <*>,11,airport: rsn handshake complete on en0,1,Mac_C0000578,1,11,airport: rsn handshake complete on en 0,1,1,frequency_representative
17868,-[NETClientConnection evaluateCrazyIvan46] CI46 - Perform CrazyIvan46! NeteaseMusic.17988 tc8689 103.251.128.144:80,E468,-[NETClientConnection <*>] <*> - Perform <*>! <*> <*> <*>,1,-[netclientconnection <id> ] ci46 - perform <id> ! <id> tc8689 <ip>,1,Mac_C0000579,1,1,- [netclientconnection <id>] ci 46-perform <id>! <id> tc 8689 <ip>,1,1,frequency_representative
17870,-[NETClientConnection evaluateCrazyIvan46] CI46 - Perform CrazyIvan46! QQ.10018 tc20195 184.105.67.74:443,E468,-[NETClientConnection <*>] <*> - Perform <*>! <*> <*> <*>,1,-[netclientconnection <id> ] ci46 - perform <id> ! <id> tc20195 <ip>,1,Mac_C0000580,1,1,- [netclientconnection <id>] ci 46-perform <id>! <id> tc 20195 <ip>,1,1,frequency_representative
17877,__42-[NETClientConnection evaluateCrazyIvan46]_block_invoke CI46 - Hit by torpedo! NeteaseMusic.17988 tc8689 103.251.128.144:80,E224,<*>[NETClientConnection evaluateCrazyIvan46]_block_invoke <*> - Hit by torpedo! <*> <*> <*>,1,__42-[netclientconnection <id> ]_block_invoke ci46 - hit by torpedo! <id> tc8689 <ip>,1,Mac_C0000581,1,1,__ 42-[netclientconnection <id>] _block_invoke ci 46-hit by torpedo! <id> tc 8689 <ip>,1,1,frequency_representative
17879,__42-[NETClientConnection evaluateCrazyIvan46]_block_invoke CI46 - Hit by torpedo! QQ.10018 tc20195 184.105.67.74:443,E224,<*>[NETClientConnection evaluateCrazyIvan46]_block_invoke <*> - Hit by torpedo! <*> <*> <*>,1,__42-[netclientconnection <id> ]_block_invoke ci46 - hit by torpedo! <id> tc20195 <ip>,1,Mac_C0000582,1,1,__ 42-[netclientconnection <id>] _block_invoke ci 46-hit by torpedo! <id> tc 20195 <ip>,1,1,frequency_representative
18039,"CoreText: *** Unmapped ""\u1000\u1064\u102C"" <CTFont: 0x7fef88f59990>{name = HelveticaNeue-Bold, size = 16.000000, matrix = 0x0, descriptor = <CTFontDescriptor: 0x7fef8dbb8c50>{attributes = <CFBasicHash 0x7fef88fbf4a0 [0x7fff7abc1440]>{type = mutable dict, count = 1,",E57,"CoreText: *** Unmapped <*> <CTFont: <*>{name = <*>, size = <*>, matrix = <*>, descriptor = <CTFontDescriptor: <*>{attributes = <CFBasicHash <*> [<*>]>{type = <*>, count = <*>,",3,"coretext: *** unmapped ""\u1000\u1064\u102c"" <ctfont: <hex> >{name = helveticaneue-bold, size = <num> , matrix = <hex> , descriptor = <ctfontdescriptor: <hex> >{attributes = <cfbasichash <hex> [ <hex> ]>{type = mutable dict, count = <num> ,",3,Mac_C0000583,3,3,"coretext: * * * unmapped "" \ u 1000 \ u 1064 \ u 102 c "" < ctfont: <hex> > {name = helveticaneue-bold, size = <num>, matrix = <hex>, descriptor = < ctfontdescriptor: <hex> > {attributes = < cfbasichash <hex> [<hex>] > {type = mutable dict, count = <num>,",1,1,frequency_representative
18265,wake time set -5.383818 s,E613,wake time set <*> s,58,wake time set <num> s,58,Mac_C0000584,58,58,wake time set <num> s,1,1,frequency_representative
26129,"[CardDAVPlugin-ERROR] -getPrincipalInfo:[_controller supportsRequestCompressionAtURL:https://xpc_ben%40163.com@contacts.163.com/principals/users/558548ec28fbd965ade28995b355b70d/] Error Domain=NSURLErrorDomain Code=-1001 ""The request timed out."" UserInfo={NSUnderlyingError=0x7fde7be06b10 {Error Domain=kCFErrorDomainCFNetwork Code=-1001 ""The request timed out."" UserInfo={NSErrorFailingURLStringKey=https://xpc_ben%40163.com@contacts.163.com/principals/users/558548ec28fbd965ade28995b355b70d/, NSErrorFailingURLKey=https://xpc_ben%40163.com@contacts.163.com/principals/users/558548ec28fbd965ade28995b355b70d/, _kCFStreamErrorCodeKey=-2102, _kCFStreamErrorDomainKey=4, NSLocalizedDescription=The request timed out.}}, NSErrorFailingURLStringKey=https://xpc_ben%40163.com@contacts.163.com/principals/users/558548ec28fbd965ade28995b355b70d/, NSErrorFailingURLKey=https://xpc_ben%40163.com@contacts.163.com/principals/users/558548ec28fbd965ade28995b355b70d/, _kCFStreamErrorDomainKey=4, _kCFStreamErrorCodeKey=-2102, NSLocalizedDescription=The request timed out.}",E5,"[CardDAVPlugin-ERROR] -getPrincipalInfo:[_controller <*>] Error Domain=<*> Code=<*> <*> UserInfo={NSUnderlyingError=<*> {Error Domain=<*> Code=-<*> <*> UserInfo={NSErrorFailingURLStringKey=<*>, NSErrorFailingURLKey=<*>, _kCFStreamErrorCodeKey=<*>, _kCFStreamErrorDomainKey=<*>, NSLocalizedDescription=<*>}}, NSErrorFailingURLStringKey=<*>, NSErrorFailingURLKey=<*>, _kCFStreamErrorDomainKey=<*>, _kCFStreamErrorCodeKey=<*>, NSLocalizedDescription=<*>}",27,"[carddavplugin-error] -getprincipalinfo:[_controller supportsrequestcompressionaturl: <url> error domain=nsurlerrordomain code= <num> ""the request timed out."" userinfo={nsunderlyingerror= <hex> {error domain=kcferrordomaincfnetwork code= <num> ""the request timed out."" userinfo={nserrorfailingurlstringkey= <url> nserrorfailingurlkey= <url> _kcfstreamerrorcodekey= <num> , _kcfstreamerrordomainkey= <num> , nslocalizeddescription=the request timed out.}}, nserrorfailingurlstringkey= <url> nserrorfailingurlkey= <url> _kcfstreamerrordomainkey= <num> , _kcfstreamerrorcodekey= <num> , nslocalizeddescription=the request timed out.}",27,Mac_C0000585,32,32,"[carddavplugin-error]-getprincipalinfo: [_controller <*>: <url> error domain = nsurlerrordomain code = <num> "" the request timed out. "" userinfo = {nsunderlyingerror = <hex> {error domain = kcferrordomaincfnetwork code = <num> "" the request timed out. "" userinfo = {nserrorfailingurlstringkey = <url> nserrorfailingurlkey = <url> _kcfstreamerrorcodekey = <num>, _kcfstreamerrordomainkey = <num>, nslocalizeddescription = the request timed out.}}, nserrorfailingurlstringkey = <url> nserrorfailingurlkey = <url> _kcfstreamerrordomainkey = <num>, _kcfstreamerrorcodekey = <num>, nslocalizeddescription = the request timed out.}",2,1,frequency_representative
18600,"[CardDAVPlugin-ERROR] -getPrincipalInfo:[_controller principalPropertiesAtURL:https://xpc_ben%40163.com@contacts.163.com/principals/users/558548ec28fbd965ade28995b355b70d/] Error Domain=NSURLErrorDomain Code=-1001 ""The request timed out."" UserInfo={NSUnderlyingError=0x7fdb40c864c0 {Error Domain=kCFErrorDomainCFNetwork Code=-1001 ""The request timed out."" UserInfo={NSErrorFailingURLStringKey=https://xpc_ben%40163.com@contacts.163.com/principals/users/558548ec28fbd965ade28995b355b70d/, NSErrorFailingURLKey=https://xpc_ben%40163.com@contacts.163.com/principals/users/558548ec28fbd965ade28995b355b70d/, _kCFStreamErrorCodeKey=-2102, _kCFStreamErrorDomainKey=4, NSLocalizedDescription=The request timed out.}}, NSErrorFailingURLStringKey=https://xpc_ben%40163.com@contacts.163.com/principals/users/558548ec28fbd965ade28995b355b70d/, NSErrorFailingURLKey=https://xpc_ben%40163.com@contacts.163.com/principals/users/558548ec28fbd965ade28995b355b70d/, _kCFStreamErrorDomainKey=4, _kCFStreamErrorCodeKey=-2102, NSLocalizedDescription=The request timed out.}",E5,"[CardDAVPlugin-ERROR] -getPrincipalInfo:[_controller <*>] Error Domain=<*> Code=<*> <*> UserInfo={NSUnderlyingError=<*> {Error Domain=<*> Code=-<*> <*> UserInfo={NSErrorFailingURLStringKey=<*>, NSErrorFailingURLKey=<*>, _kCFStreamErrorCodeKey=<*>, _kCFStreamErrorDomainKey=<*>, NSLocalizedDescription=<*>}}, NSErrorFailingURLStringKey=<*>, NSErrorFailingURLKey=<*>, _kCFStreamErrorDomainKey=<*>, _kCFStreamErrorCodeKey=<*>, NSLocalizedDescription=<*>}",5,"[carddavplugin-error] -getprincipalinfo:[_controller principalpropertiesaturl: <url> error domain=nsurlerrordomain code= <num> ""the request timed out."" userinfo={nsunderlyingerror= <hex> {error domain=kcferrordomaincfnetwork code= <num> ""the request timed out."" userinfo={nserrorfailingurlstringkey= <url> nserrorfailingurlkey= <url> _kcfstreamerrorcodekey= <num> , _kcfstreamerrordomainkey= <num> , nslocalizeddescription=the request timed out.}}, nserrorfailingurlstringkey= <url> nserrorfailingurlkey= <url> _kcfstreamerrordomainkey= <num> , _kcfstreamerrorcodekey= <num> , nslocalizeddescription=the request timed out.}",5,Mac_C0000585,32,32,"[carddavplugin-error]-getprincipalinfo: [_controller <*>: <url> error domain = nsurlerrordomain code = <num> "" the request timed out. "" userinfo = {nsunderlyingerror = <hex> {error domain = kcferrordomaincfnetwork code = <num> "" the request timed out. "" userinfo = {nserrorfailingurlstringkey = <url> nserrorfailingurlkey = <url> _kcfstreamerrorcodekey = <num>, _kcfstreamerrordomainkey = <num>, nslocalizeddescription = the request timed out.}}, nserrorfailingurlstringkey = <url> nserrorfailingurlkey = <url> _kcfstreamerrordomainkey = <num>, _kcfstreamerrorcodekey = <num>, nslocalizeddescription = the request timed out.}",2,2,complex_sample
18607,"newHeight=5421.000000,oldHeight=5421.000000",E565,"newHeight=<*>,oldHeight=<*>",2,"newheight= <num> ,oldheight= <num>",2,Mac_C0000586,2,2,"newheight = <num>, oldheight = <num>",1,1,frequency_representative
18722,ARPT: 671762.928825: ARPT: Wake Reason: Wake on TCP Timeout,E402,ARPT: <*>: ARPT: Wake Reason: Wake on TCP Timeout,148,arpt: <num> : arpt: wake reason: wake on tcp timeout,148,Mac_C0000587,148,148,arpt: <num>: arpt: wake reason: wake on tcp timeout,1,1,frequency_representative
18830,Configuration Notice:,E567,Configuration Notice:,216,configuration notice:,1,Mac_C0000588,1,216,configuration notice:,1,1,frequency_representative
19261,"com.apple.ical.sync.x-coredata://DB05755C-483D-44B7-B93B-ED06E57FF420/ExchangePrincipal/p13: scheduler returned false; however, this job is 1 seconds overdue. Running anyway.",E240,"<*>: scheduler returned <*>; however, this job is <*> seconds overdue. Running anyway.",32,"com.apple.ical.sync.x-coredata:// <uuid> <path> scheduler returned false; however, this job is <num> seconds overdue. running anyway.",4,Mac_C0000589,4,32,"com. apple. ical. sync. x-coredata:// <uuid> <path> scheduler returned false; however, this job is <num> seconds overdue. running anyway.",1,1,frequency_representative
19469,"mDNSOffloadUserClient: GetKeepaliveData: tcp.info sysctl failed, err=2. a8e6e2c.49827 -> 11f90c8b.5223",E222,"mDNSOffloadUserClient: GetKeepaliveData: tcp.info sysctl failed, err=<*>. <*> -> <*>",2,"mdnsoffloaduserclient: getkeepalivedata: tcp.info sysctl failed, err= <num> . <id> -> <id>",2,Mac_C0000590,2,2,"mdnsoffloaduserclient: getkeepalivedata: tcp. info sysctl failed, err = <num>. <id>-> <id>",1,1,frequency_representative
19470,ARPT: 672076.252792: wl0: wl_update_tcpkeep_seq: mDNSOffloadUserClient::GetKeepaliveData failed,E610,ARPT: <*>: <*>: <*> failed,2,arpt: <num> : wl0: wl_update_tcpkeep_seq: mdnsoffloaduserclient::getkeepalivedata failed,2,Mac_C0000591,2,2,arpt: <num>: wl 0: wl_update_tcpkeep_seq: mdnsoffloaduserclient:: getkeepalivedata failed,1,1,frequency_representative
19496,"hibernate_machine_init: state 2, image pages 395471, sum was 882162ae, imageSize 0x28139000, image1Size 0x1ea0c000, conflictCount 4790, nextFree 3b04",E130,"hibernate_machine_init: state <*>, image pages <*>, sum was <*>, imageSize <*>, image1Size <*>, conflictCount <*>, nextFree <*>",1,"hibernate_machine_init: state <num> , image pages <num> , sum was <id> , imagesize <hex> , <id> <hex> , conflictcount <num> , nextfree 3b04",1,Mac_C0000592,1,1,"hibernate_machine_init: state <num>, image pages <num>, sum was <id>, imagesize <hex>, <id> <hex>, conflictcount <num>, nextfree 3 b 04",1,1,frequency_representative
19502,Wake reason: ARPT (Network),E614,Wake reason: <*>,34,wake reason: arpt (network),1,Mac_C0000593,1,34,wake reason: arpt (network),1,1,frequency_representative
22922,"hibernate_machine_init: state 2, image pages 400553, sum was c93364f1, imageSize 0x29298000, image1Size 0x1fb72000, conflictCount 4898, nextFree 3bcb",E130,"hibernate_machine_init: state <*>, image pages <*>, sum was <*>, imageSize <*>, image1Size <*>, conflictCount <*>, nextFree <*>",1,"hibernate_machine_init: state <num> , image pages <num> , sum was <id> , imagesize <hex> , <id> <hex> , conflictcount <num> , nextfree 3bcb",1,Mac_C0000594,1,1,"hibernate_machine_init: state <num>, image pages <num>, sum was <id>, imagesize <hex>, <id> <hex>, conflictcount <num>, nextfree 3 bcb",1,1,frequency_representative
23842,process com.apple.WebKit[32778] caught causing excessive wakeups. Observed wakeups rate (per sec): 206; Maximum permitted wakeups rate (per sec): 150; Observation period: 300 seconds; Task lifetime number of wakeups: 72427,E27,process <*> caught causing excessive wakeups. Observed wakeups rate (per sec): <*>; Maximum permitted wakeups rate (per sec): <*>; Observation period: <*> seconds; Task lifetime number of wakeups: <*>,1,process com.apple.webkit[ <num> ] caught causing excessive wakeups. observed wakeups rate (per sec): <num> ; maximum permitted wakeups rate (per sec): <num> ; observation period: <num> seconds; task lifetime number of wakeups: <num>,1,Mac_C0000595,1,1,process com. apple. webkit [<num>] caught causing excessive wakeups. observed wakeups rate (per sec): <num>; maximum permitted wakeups rate (per sec): <num>; observation period: <num> seconds; task lifetime number of wakeups: <num>,1,1,frequency_representative
23843,Endpoint has been activated through legacy launch(3) APIs. Please switch to XPC or bootstrap_check_in(): com.apple.ReportCrash,E125,Endpoint has been activated through legacy launch(<*>) APIs. Please switch to XPC or bootstrap_check_in(): <*>,4,endpoint has been activated through legacy launch( <num> ) apis. please switch to xpc or bootstrap_check_in(): com.apple.reportcrash,1,Mac_C0000596,1,4,endpoint has been activated through legacy launch (<num>) apis. please switch to xpc or bootstrap_check_in (): com. apple. reportcrash,1,1,frequency_representative
23844,Invoking spindump for pid=32778 wakeups_rate=206 duration=219 because of excessive wakeups,E207,Invoking spindump for pid=<*> wakeups_rate=<*> duration=<*> because of excessive wakeups,4,invoking spindump for pid= <num> wakeups_rate= <num> duration= <num> because of excessive wakeups,4,Mac_C0000597,4,4,invoking spindump for pid = <num> wakeups_rate = <num> duration = <num> because of excessive wakeups,1,1,frequency_representative
23846,Saved wakeups_resource.diag report for com.apple.WebKit.WebContent version 11603 (11603.2.5) to /Library/Logs/DiagnosticReports/com.apple.WebKit.WebContent_2017-07-03-113350_authorMacBook-Pro.wakeups_resource.diag,E344,Saved wakeups_resource.diag report for <*> version <*> (<*>) to <*>,1,saved wakeups_resource.diag report for com.apple.webkit.webcontent version <num> ( <num> . <num> ) to <path> <id>,1,Mac_C0000598,1,1,saved wakeups_resource. diag report for com. apple. webkit. webcontent version <num> (<num>. <num>) to <path> <id>,1,1,frequency_representative
24811,AppleCameraGetProperties: SetPropertyNotificationPort status=0xffffffff,E264,AppleCameraGetProperties: SetPropertyNotificationPort status=<*>,4,applecameragetproperties: setpropertynotificationport status= <hex>,1,Mac_C0000599,1,4,applecameragetproperties: setpropertynotificationport status = <hex>,1,1,frequency_representative
25031,-[NETClientConnection evaluateCrazyIvan46] CI46 - Perform CrazyIvan46! QQ.10018 tc20666 184.173.21.66:443,E468,-[NETClientConnection <*>] <*> - Perform <*>! <*> <*> <*>,1,-[netclientconnection <id> ] ci46 - perform <id> ! <id> tc20666 <ip>,1,Mac_C0000600,1,1,- [netclientconnection <id>] ci 46-perform <id>! <id> tc 20666 <ip>,1,1,frequency_representative
25032,"PBRequester failed with Error Error Domain=NSURLErrorDomain Code=-1005 ""The network connection was lost."" UserInfo={NSUnderlyingError=0x7fb7ed57f6a0 {Error Domain=kCFErrorDomainCFNetwork Code=-1005 ""The network connection was lost."" UserInfo={NSErrorFailingURLStringKey=https://gs-loc.apple.com/clls/wloc, NSErrorFailingURLKey=https://gs-loc.apple.com/clls/wloc, _kCFStreamErrorCodeKey=57, _kCFStreamErrorDomainKey=1, NSLocalizedDescription=The network connection was lost.}}, NSErrorFailingURLStringKey=https://gs-loc.apple.com/clls/wloc, NSErrorFailingURLKey=https://gs-loc.apple.com/clls/wloc, _kCFStreamErrorDomainKey=1, _kCFStreamErrorCodeKey=57, NSLocalizedDescription=The network connection was lost.}",E15,"PBRequester failed with Error Error Domain=<*> Code=<*> <*>"" <*> {Error Domain=<*> Code=<*> <*>"" <*> <*> _kCFStreamErrorCodeKey=<*>, _kCFStreamErrorDomainKey=<*>, NSLocalizedDescription=<*>}}, <*> <*> _kCFStreamErrorDomainKey=<*>, _kCFStreamErrorCodeKey=<*>, NSLocalizedDescription=<*>}",3,"pbrequester failed with error error domain=nsurlerrordomain code= <num> ""the network connection was lost."" userinfo={nsunderlyingerror= <hex> {error domain=kcferrordomaincfnetwork code= <num> ""the network connection was lost."" userinfo={nserrorfailingurlstringkey= <url> nserrorfailingurlkey= <url> _kcfstreamerrorcodekey= <num> , _kcfstreamerrordomainkey= <num> , nslocalizeddescription=the network connection was lost.}}, nserrorfailingurlstringkey= <url> nserrorfailingurlkey= <url> _kcfstreamerrordomainkey= <num> , _kcfstreamerrorcodekey= <num> , nslocalizeddescription=the network connection was lost.}",3,Mac_C0000601,3,3,"pbrequester failed with error error domain = nsurlerrordomain code = <num> "" the network connection was lost. "" userinfo = {nsunderlyingerror = <hex> {error domain = kcferrordomaincfnetwork code = <num> "" the network connection was lost. "" userinfo = {nserrorfailingurlstringkey = <url> nserrorfailingurlkey = <url> _kcfstreamerrorcodekey = <num>, _kcfstreamerrordomainkey = <num>, nslocalizeddescription = the network connection was lost.}}, nserrorfailingurlstringkey = <url> nserrorfailingurlkey = <url> _kcfstreamerrordomainkey = <num>, _kcfstreamerrorcodekey = <num>, nslocalizeddescription = the network connection was lost.}",1,1,frequency_representative
25035,"failed to copy buffer for AID: 0x5f9f63, PID: 10018",E488,failed to copy buffer for AID: <*> PID: <*>,3,"failed to copy buffer for aid: <hex> , pid: <num>",3,Mac_C0000602,3,3,"failed to copy buffer for aid: <hex>, pid: <num>",1,1,frequency_representative
25045,__42-[NETClientConnection evaluateCrazyIvan46]_block_invoke CI46 - Hit by torpedo! QQ.10018 tc20666 184.173.21.66:443,E224,<*>[NETClientConnection evaluateCrazyIvan46]_block_invoke <*> - Hit by torpedo! <*> <*> <*>,1,__42-[netclientconnection <id> ]_block_invoke ci46 - hit by torpedo! <id> tc20666 <ip>,1,Mac_C0000603,1,1,__ 42-[netclientconnection <id>] _block_invoke ci 46-hit by torpedo! <id> tc 20666 <ip>,1,1,frequency_representative
25055,-[NETClientConnection evaluateCrazyIvan46] CI46 - Perform CrazyIvan46! QQ.10018 tc20691 119.81.102.227:80,E468,-[NETClientConnection <*>] <*> - Perform <*>! <*> <*> <*>,1,-[netclientconnection <id> ] ci46 - perform <id> ! <id> tc20691 <ip>,1,Mac_C0000604,1,1,- [netclientconnection <id>] ci 46-perform <id>! <id> tc 20691 <ip>,1,1,frequency_representative
25056,__42-[NETClientConnection evaluateCrazyIvan46]_block_invoke CI46 - Hit by torpedo! QQ.10018 tc20691 119.81.102.227:80,E224,<*>[NETClientConnection evaluateCrazyIvan46]_block_invoke <*> - Hit by torpedo! <*> <*> <*>,1,__42-[netclientconnection <id> ]_block_invoke ci46 - hit by torpedo! <id> tc20691 <ip>,1,Mac_C0000605,1,1,__ 42-[netclientconnection <id>] _block_invoke ci 46-hit by torpedo! <id> tc 20691 <ip>,1,1,frequency_representative
25058,-[NETClientConnection evaluateCrazyIvan46] CI46 - Perform CrazyIvan46! QQ.10018 tc20692 123.151.137.101:80,E468,-[NETClientConnection <*>] <*> - Perform <*>! <*> <*> <*>,1,-[netclientconnection <id> ] ci46 - perform <id> ! <id> tc20692 <ip>,1,Mac_C0000606,1,1,- [netclientconnection <id>] ci 46-perform <id>! <id> tc 20692 <ip>,1,1,frequency_representative
25059,__42-[NETClientConnection evaluateCrazyIvan46]_block_invoke CI46 - Hit by torpedo! QQ.10018 tc20692 123.151.137.101:80,E224,<*>[NETClientConnection evaluateCrazyIvan46]_block_invoke <*> - Hit by torpedo! <*> <*> <*>,1,__42-[netclientconnection <id> ]_block_invoke ci46 - hit by torpedo! <id> tc20692 <ip>,1,Mac_C0000607,1,1,__ 42-[netclientconnection <id>] _block_invoke ci 46-hit by torpedo! <id> tc 20692 <ip>,1,1,frequency_representative
25061,-[NETClientConnection evaluateCrazyIvan46] CI46 - Perform CrazyIvan46! QQ.10018 tc20693 203.205.147.208:8080,E468,-[NETClientConnection <*>] <*> - Perform <*>! <*> <*> <*>,1,-[netclientconnection <id> ] ci46 - perform <id> ! <id> tc20693 <ip>,1,Mac_C0000608,1,1,- [netclientconnection <id>] ci 46-perform <id>! <id> tc 20693 <ip>,1,1,frequency_representative
25062,__42-[NETClientConnection evaluateCrazyIvan46]_block_invoke CI46 - Hit by torpedo! QQ.10018 tc20693 203.205.147.208:8080,E224,<*>[NETClientConnection evaluateCrazyIvan46]_block_invoke <*> - Hit by torpedo! <*> <*> <*>,1,__42-[netclientconnection <id> ]_block_invoke ci46 - hit by torpedo! <id> tc20693 <ip>,1,Mac_C0000609,1,1,__ 42-[netclientconnection <id>] _block_invoke ci 46-hit by torpedo! <id> tc 20693 <ip>,1,1,frequency_representative
25064,-[NETClientConnection evaluateCrazyIvan46] CI46 - Perform CrazyIvan46! QQ.10018 tc20694 14.17.42.31:80,E468,-[NETClientConnection <*>] <*> - Perform <*>! <*> <*> <*>,1,-[netclientconnection <id> ] ci46 - perform <id> ! <id> tc20694 <ip>,1,Mac_C0000610,1,1,- [netclientconnection <id>] ci 46-perform <id>! <id> tc 20694 <ip>,1,1,frequency_representative
25065,__42-[NETClientConnection evaluateCrazyIvan46]_block_invoke CI46 - Hit by torpedo! QQ.10018 tc20694 14.17.42.31:80,E224,<*>[NETClientConnection evaluateCrazyIvan46]_block_invoke <*> - Hit by torpedo! <*> <*> <*>,1,__42-[netclientconnection <id> ]_block_invoke ci46 - hit by torpedo! <id> tc20694 <ip>,1,Mac_C0000611,1,1,__ 42-[netclientconnection <id>] _block_invoke ci 46-hit by torpedo! <id> tc 20694 <ip>,1,1,frequency_representative
25067,-[NETClientConnection evaluateCrazyIvan46] CI46 - Perform CrazyIvan46! QQ.10018 tc20695 125.39.247.164:14000,E468,-[NETClientConnection <*>] <*> - Perform <*>! <*> <*> <*>,1,-[netclientconnection <id> ] ci46 - perform <id> ! <id> tc20695 <ip>,1,Mac_C0000612,1,1,- [netclientconnection <id>] ci 46-perform <id>! <id> tc 20695 <ip>,1,1,frequency_representative
25068,__42-[NETClientConnection evaluateCrazyIvan46]_block_invoke CI46 - Hit by torpedo! QQ.10018 tc20695 125.39.247.164:14000,E224,<*>[NETClientConnection evaluateCrazyIvan46]_block_invoke <*> - Hit by torpedo! <*> <*> <*>,1,__42-[netclientconnection <id> ]_block_invoke ci46 - hit by torpedo! <id> tc20695 <ip>,1,Mac_C0000613,1,1,__ 42-[netclientconnection <id>] _block_invoke ci 46-hit by torpedo! <id> tc 20695 <ip>,1,1,frequency_representative
25070,-[NETClientConnection evaluateCrazyIvan46] CI46 - Perform CrazyIvan46! QQ.10018 tc20696 183.192.200.44:443,E468,-[NETClientConnection <*>] <*> - Perform <*>! <*> <*> <*>,1,-[netclientconnection <id> ] ci46 - perform <id> ! <id> tc20696 <ip>,1,Mac_C0000614,1,1,- [netclientconnection <id>] ci 46-perform <id>! <id> tc 20696 <ip>,1,1,frequency_representative
25071,__42-[NETClientConnection evaluateCrazyIvan46]_block_invoke CI46 - Hit by torpedo! QQ.10018 tc20696 183.192.200.44:443,E224,<*>[NETClientConnection evaluateCrazyIvan46]_block_invoke <*> - Hit by torpedo! <*> <*> <*>,1,__42-[netclientconnection <id> ]_block_invoke ci46 - hit by torpedo! <id> tc20696 <ip>,1,Mac_C0000615,1,1,__ 42-[netclientconnection <id>] _block_invoke ci 46-hit by torpedo! <id> tc 20696 <ip>,1,1,frequency_representative
25075,-[NETClientConnection evaluateCrazyIvan46] CI46 - Perform CrazyIvan46! QQ.10018 tc20700 123.151.139.59:80,E468,-[NETClientConnection <*>] <*> - Perform <*>! <*> <*> <*>,1,-[netclientconnection <id> ] ci46 - perform <id> ! <id> tc20700 <ip>,1,Mac_C0000616,1,1,- [netclientconnection <id>] ci 46-perform <id>! <id> tc 20700 <ip>,1,1,frequency_representative
25076,__42-[NETClientConnection evaluateCrazyIvan46]_block_invoke CI46 - Hit by torpedo! QQ.10018 tc20700 123.151.139.59:80,E224,<*>[NETClientConnection evaluateCrazyIvan46]_block_invoke <*> - Hit by torpedo! <*> <*> <*>,1,__42-[netclientconnection <id> ]_block_invoke ci46 - hit by torpedo! <id> tc20700 <ip>,1,Mac_C0000617,1,1,__ 42-[netclientconnection <id>] _block_invoke ci 46-hit by torpedo! <id> tc 20700 <ip>,1,1,frequency_representative
25078,-[NETClientConnection evaluateCrazyIvan46] CI46 - Perform CrazyIvan46! QQ.10018 tc20701 203.205.147.247:80,E468,-[NETClientConnection <*>] <*> - Perform <*>! <*> <*> <*>,1,-[netclientconnection <id> ] ci46 - perform <id> ! <id> tc20701 <ip>,1,Mac_C0000618,1,1,- [netclientconnection <id>] ci 46-perform <id>! <id> tc 20701 <ip>,1,1,frequency_representative
25079,__42-[NETClientConnection evaluateCrazyIvan46]_block_invoke CI46 - Hit by torpedo! QQ.10018 tc20701 203.205.147.247:80,E224,<*>[NETClientConnection evaluateCrazyIvan46]_block_invoke <*> - Hit by torpedo! <*> <*> <*>,1,__42-[netclientconnection <id> ]_block_invoke ci46 - hit by torpedo! <id> tc20701 <ip>,1,Mac_C0000619,1,1,__ 42-[netclientconnection <id>] _block_invoke ci 46-hit by torpedo! <id> tc 20701 <ip>,1,1,frequency_representative
25081,-[NETClientConnection evaluateCrazyIvan46] CI46 - Perform CrazyIvan46! QQ.10018 tc20702 183.36.108.143:80,E468,-[NETClientConnection <*>] <*> - Perform <*>! <*> <*> <*>,1,-[netclientconnection <id> ] ci46 - perform <id> ! <id> tc20702 <ip>,1,Mac_C0000620,1,1,- [netclientconnection <id>] ci 46-perform <id>! <id> tc 20702 <ip>,1,1,frequency_representative
25082,__42-[NETClientConnection evaluateCrazyIvan46]_block_invoke CI46 - Hit by torpedo! QQ.10018 tc20702 183.36.108.143:80,E224,<*>[NETClientConnection evaluateCrazyIvan46]_block_invoke <*> - Hit by torpedo! <*> <*> <*>,1,__42-[netclientconnection <id> ]_block_invoke ci46 - hit by torpedo! <id> tc20702 <ip>,1,Mac_C0000621,1,1,__ 42-[netclientconnection <id>] _block_invoke ci 46-hit by torpedo! <id> tc 20702 <ip>,1,1,frequency_representative
25084,-[NETClientConnection evaluateCrazyIvan46] CI46 - Perform CrazyIvan46! QQ.10018 tc20703 125.39.247.148:80,E468,-[NETClientConnection <*>] <*> - Perform <*>! <*> <*> <*>,1,-[netclientconnection <id> ] ci46 - perform <id> ! <id> tc20703 <ip>,1,Mac_C0000622,1,1,- [netclientconnection <id>] ci 46-perform <id>! <id> tc 20703 <ip>,1,1,frequency_representative
25085,__42-[NETClientConnection evaluateCrazyIvan46]_block_invoke CI46 - Hit by torpedo! QQ.10018 tc20703 125.39.247.148:80,E224,<*>[NETClientConnection evaluateCrazyIvan46]_block_invoke <*> - Hit by torpedo! <*> <*> <*>,1,__42-[netclientconnection <id> ]_block_invoke ci46 - hit by torpedo! <id> tc20703 <ip>,1,Mac_C0000623,1,1,__ 42-[netclientconnection <id>] _block_invoke ci 46-hit by torpedo! <id> tc 20703 <ip>,1,1,frequency_representative
25087,-[NETClientConnection evaluateCrazyIvan46] CI46 - Perform CrazyIvan46! QQ.10018 tc20704 117.135.169.110:80,E468,-[NETClientConnection <*>] <*> - Perform <*>! <*> <*> <*>,1,-[netclientconnection <id> ] ci46 - perform <id> ! <id> tc20704 <ip>,1,Mac_C0000624,1,1,- [netclientconnection <id>] ci 46-perform <id>! <id> tc 20704 <ip>,1,1,frequency_representative
25088,__42-[NETClientConnection evaluateCrazyIvan46]_block_invoke CI46 - Hit by torpedo! QQ.10018 tc20704 117.135.169.110:80,E224,<*>[NETClientConnection evaluateCrazyIvan46]_block_invoke <*> - Hit by torpedo! <*> <*> <*>,1,__42-[netclientconnection <id> ]_block_invoke ci46 - hit by torpedo! <id> tc20704 <ip>,1,Mac_C0000625,1,1,__ 42-[netclientconnection <id>] _block_invoke ci 46-hit by torpedo! <id> tc 20704 <ip>,1,1,frequency_representative
25091,en0 STOP,E626,<*> STOP,5,en0 stop,1,Mac_C0000626,1,5,en 0 stop,1,1,frequency_representative
25162,-[NETClientConnection evaluateCrazyIvan46] CI46 - Perform CrazyIvan46! NeteaseMusic.17988 tc8860 103.251.128.144:80,E468,-[NETClientConnection <*>] <*> - Perform <*>! <*> <*> <*>,1,-[netclientconnection <id> ] ci46 - perform <id> ! <id> tc8860 <ip>,1,Mac_C0000627,1,1,- [netclientconnection <id>] ci 46-perform <id>! <id> tc 8860 <ip>,1,1,frequency_representative
25163,-[NETClientConnection evaluateCrazyIvan46] CI46 - Perform CrazyIvan46! QQ.10018 tc20714 184.105.67.74:443,E468,-[NETClientConnection <*>] <*> - Perform <*>! <*> <*> <*>,1,-[netclientconnection <id> ] ci46 - perform <id> ! <id> tc20714 <ip>,1,Mac_C0000628,1,1,- [netclientconnection <id>] ci 46-perform <id>! <id> tc 20714 <ip>,1,1,frequency_representative
25169,__42-[NETClientConnection evaluateCrazyIvan46]_block_invoke CI46 - Hit by torpedo! NeteaseMusic.17988 tc8860 103.251.128.144:80,E224,<*>[NETClientConnection evaluateCrazyIvan46]_block_invoke <*> - Hit by torpedo! <*> <*> <*>,1,__42-[netclientconnection <id> ]_block_invoke ci46 - hit by torpedo! <id> tc8860 <ip>,1,Mac_C0000629,1,1,__ 42-[netclientconnection <id>] _block_invoke ci 46-hit by torpedo! <id> tc 8860 <ip>,1,1,frequency_representative
25170,__42-[NETClientConnection evaluateCrazyIvan46]_block_invoke CI46 - Hit by torpedo! QQ.10018 tc20714 184.105.67.74:443,E224,<*>[NETClientConnection evaluateCrazyIvan46]_block_invoke <*> - Hit by torpedo! <*> <*> <*>,1,__42-[netclientconnection <id> ]_block_invoke ci46 - hit by torpedo! <id> tc20714 <ip>,1,Mac_C0000630,1,1,__ 42-[netclientconnection <id>] _block_invoke ci 46-hit by torpedo! <id> tc 20714 <ip>,1,1,frequency_representative
39978,Service only ran for 0 seconds. Pushing respawn out by 10 seconds.,E305,Service only ran for <*> seconds. Pushing respawn out by <*> seconds.,27,service only ran for <num> seconds. pushing respawn out by <num> seconds.,5,Mac_C0000631,5,27,service only ran for <num> seconds. pushing respawn out by <num> seconds.,1,1,frequency_representative
25330,"ARPT: 681211.037893: wl0: Beacon Loss Event, last RSSI[-86]",E451,"ARPT: <*>: <*>: Beacon Loss Event, last RSSI[<*>]",9,"arpt: <num> : wl0: beacon loss event, last rssi[ <num> ]",9,Mac_C0000632,9,9,"arpt: <num>: wl 0: beacon loss event, last rssi [<num>]",1,1,frequency_representative
25382,setsockopt - IP_ADD_MEMBERSHIP error -1 errno 49 (Can't assign requested address) group 224.0.0.251 on 10.105.160.237,E189,setsockopt - IP_ADD_MEMBERSHIP error <*> errno <*> (Can't assign requested address) group <*> on <*>,4,setsockopt - ip_add_membership error <num> errno <num> (can't assign requested address) group <ip> on <ip>,4,Mac_C0000633,4,4,setsockopt-ip_add_membership error <num> errno <num> (can ' t assign requested address) group <ip> on <ip>,1,1,frequency_representative
25428,en0: DAD complete for 2607:f140:6000:8:c6b3:1ff:fecd:467f - duplicate found.,E466,<*>: DAD complete for <*> - duplicate found.,21,en0: dad complete for <ip> - duplicate found.,1,Mac_C0000634,1,21,en 0: dad complete for <ip>-duplicate found.,1,1,frequency_representative
25429,en0: manual intervention required!,E497,<*>: manual intervention required!,24,en0: manual intervention required!,1,Mac_C0000635,1,24,en 0: manual intervention required!,1,1,frequency_representative
25609,[13:08:23.601] <<<< FigPlayerSurrogate >>>> surrogatePlayer_respondToLoadingOfItemAssetTypeInternal: Avoiding unexpected additional FigPlayerAddToPlayQueue!,E42,[<*>] <<<< FigPlayerSurrogate >>>> surrogatePlayer_respondToLoadingOfItemAssetTypeInternal: Avoiding unexpected additional FigPlayerAddToPlayQueue!,4,[ <ip> . <num> ] <<<< figplayersurrogate >>>> surrogateplayer_respondtoloadingofitemassettypeinternal: avoiding unexpected additional figplayeraddtoplayqueue!,4,Mac_C0000636,4,4,[<ip>. <num>] < < < <figplayersurrogate> > > > surrogateplayer_respondtoloadingofitemassettypeinternal: avoiding unexpected additional figplayeraddtoplayqueue!,1,1,frequency_representative
87489,tcp_connection_destination_perform_socket_connect 25133 connectx to 123.151.10.184:80@0 failed: [49] Can't assign requested address,E112,tcp_connection_destination_perform_socket_connect <*> connectx to <*> failed: [<*>] Can't assign requested address,22,tcp_connection_destination_perform_socket_connect <num> connectx to <ip> @ <num> failed: [ <num> ] can't assign requested address,21,Mac_C0000637,21,22,tcp_connection_destination_perform_socket_connect <num> connectx to <ip> @ <num> failed: [<num>] can ' t assign requested address,1,1,frequency_representative
26029,-[NETClientConnection evaluateCrazyIvan46] CI46 - Perform CrazyIvan46! QQ.10018 tc20757 183.36.108.241:80,E468,-[NETClientConnection <*>] <*> - Perform <*>! <*> <*> <*>,1,-[netclientconnection <id> ] ci46 - perform <id> ! <id> tc20757 <ip>,1,Mac_C0000638,1,1,- [netclientconnection <id>] ci 46-perform <id>! <id> tc 20757 <ip>,1,1,frequency_representative
26030,__42-[NETClientConnection evaluateCrazyIvan46]_block_invoke CI46 - Hit by torpedo! QQ.10018 tc20757 183.36.108.241:80,E224,<*>[NETClientConnection evaluateCrazyIvan46]_block_invoke <*> - Hit by torpedo! <*> <*> <*>,1,__42-[netclientconnection <id> ]_block_invoke ci46 - hit by torpedo! <id> tc20757 <ip>,1,Mac_C0000639,1,1,__ 42-[netclientconnection <id>] _block_invoke ci 46-hit by torpedo! <id> tc 20757 <ip>,1,1,frequency_representative
26070,-[NETClientConnection evaluateCrazyIvan46] CI46 - Perform CrazyIvan46! NeteaseMusic.17988 tc8887 103.251.128.144:80,E468,-[NETClientConnection <*>] <*> - Perform <*>! <*> <*> <*>,1,-[netclientconnection <id> ] ci46 - perform <id> ! <id> tc8887 <ip>,1,Mac_C0000640,1,1,- [netclientconnection <id>] ci 46-perform <id>! <id> tc 8887 <ip>,1,1,frequency_representative
26079,__42-[NETClientConnection evaluateCrazyIvan46]_block_invoke CI46 - Hit by torpedo! NeteaseMusic.17988 tc8887 103.251.128.144:80,E224,<*>[NETClientConnection evaluateCrazyIvan46]_block_invoke <*> - Hit by torpedo! <*> <*> <*>,1,__42-[netclientconnection <id> ]_block_invoke ci46 - hit by torpedo! <id> tc8887 <ip>,1,Mac_C0000641,1,1,__ 42-[netclientconnection <id>] _block_invoke ci 46-hit by torpedo! <id> tc 8887 <ip>,1,1,frequency_representative
26183,-[NETClientConnection evaluateCrazyIvan46] CI46 - Perform CrazyIvan46! QQ.10018 tc20794 125.39.213.49:443,E468,-[NETClientConnection <*>] <*> - Perform <*>! <*> <*> <*>,1,-[netclientconnection <id> ] ci46 - perform <id> ! <id> tc20794 <ip>,1,Mac_C0000642,1,1,- [netclientconnection <id>] ci 46-perform <id>! <id> tc 20794 <ip>,1,1,frequency_representative
26184,__42-[NETClientConnection evaluateCrazyIvan46]_block_invoke CI46 - Hit by torpedo! QQ.10018 tc20794 125.39.213.49:443,E224,<*>[NETClientConnection evaluateCrazyIvan46]_block_invoke <*> - Hit by torpedo! <*> <*> <*>,1,__42-[netclientconnection <id> ]_block_invoke ci46 - hit by torpedo! <id> tc20794 <ip>,1,Mac_C0000643,1,1,__ 42-[netclientconnection <id>] _block_invoke ci 46-hit by torpedo! <id> tc 20794 <ip>,1,1,frequency_representative
26186,-[NETClientConnection evaluateCrazyIvan46] CI46 - Perform CrazyIvan46! QQ.10018 tc20795 14.17.42.14:14000,E468,-[NETClientConnection <*>] <*> - Perform <*>! <*> <*> <*>,1,-[netclientconnection <id> ] ci46 - perform <id> ! <id> tc20795 <ip>,1,Mac_C0000644,1,1,- [netclientconnection <id>] ci 46-perform <id>! <id> tc 20795 <ip>,1,1,frequency_representative
26187,__42-[NETClientConnection evaluateCrazyIvan46]_block_invoke CI46 - Hit by torpedo! QQ.10018 tc20795 14.17.42.14:14000,E224,<*>[NETClientConnection evaluateCrazyIvan46]_block_invoke <*> - Hit by torpedo! <*> <*> <*>,1,__42-[netclientconnection <id> ]_block_invoke ci46 - hit by torpedo! <id> tc20795 <ip>,1,Mac_C0000645,1,1,__ 42-[netclientconnection <id>] _block_invoke ci 46-hit by torpedo! <id> tc 20795 <ip>,1,1,frequency_representative
26189,-[NETClientConnection evaluateCrazyIvan46] CI46 - Perform CrazyIvan46! QQ.10018 tc20796 183.3.235.162:443,E468,-[NETClientConnection <*>] <*> - Perform <*>! <*> <*> <*>,1,-[netclientconnection <id> ] ci46 - perform <id> ! <id> tc20796 <ip>,1,Mac_C0000646,1,1,- [netclientconnection <id>] ci 46-perform <id>! <id> tc 20796 <ip>,1,1,frequency_representative
26190,__42-[NETClientConnection evaluateCrazyIvan46]_block_invoke CI46 - Hit by torpedo! QQ.10018 tc20796 183.3.235.162:443,E224,<*>[NETClientConnection evaluateCrazyIvan46]_block_invoke <*> - Hit by torpedo! <*> <*> <*>,1,__42-[netclientconnection <id> ]_block_invoke ci46 - hit by torpedo! <id> tc20796 <ip>,1,Mac_C0000647,1,1,__ 42-[netclientconnection <id>] _block_invoke ci 46-hit by torpedo! <id> tc 20796 <ip>,1,1,frequency_representative
26192,-[NETClientConnection evaluateCrazyIvan46] CI46 - Perform CrazyIvan46! QQ.10018 tc20797 14.17.42.37:8080,E468,-[NETClientConnection <*>] <*> - Perform <*>! <*> <*> <*>,1,-[netclientconnection <id> ] ci46 - perform <id> ! <id> tc20797 <ip>,1,Mac_C0000648,1,1,- [netclientconnection <id>] ci 46-perform <id>! <id> tc 20797 <ip>,1,1,frequency_representative
26193,__42-[NETClientConnection evaluateCrazyIvan46]_block_invoke CI46 - Hit by torpedo! QQ.10018 tc20797 14.17.42.37:8080,E224,<*>[NETClientConnection evaluateCrazyIvan46]_block_invoke <*> - Hit by torpedo! <*> <*> <*>,1,__42-[netclientconnection <id> ]_block_invoke ci46 - hit by torpedo! <id> tc20797 <ip>,1,Mac_C0000649,1,1,__ 42-[netclientconnection <id>] _block_invoke ci 46-hit by torpedo! <id> tc 20797 <ip>,1,1,frequency_representative
26195,-[NETClientConnection evaluateCrazyIvan46] CI46 - Perform CrazyIvan46! QQ.10018 tc20798 123.151.10.190:443,E468,-[NETClientConnection <*>] <*> - Perform <*>! <*> <*> <*>,1,-[netclientconnection <id> ] ci46 - perform <id> ! <id> tc20798 <ip>,1,Mac_C0000650,1,1,- [netclientconnection <id>] ci 46-perform <id>! <id> tc 20798 <ip>,1,1,frequency_representative
26196,__42-[NETClientConnection evaluateCrazyIvan46]_block_invoke CI46 - Hit by torpedo! QQ.10018 tc20798 123.151.10.190:443,E224,<*>[NETClientConnection evaluateCrazyIvan46]_block_invoke <*> - Hit by torpedo! <*> <*> <*>,1,__42-[netclientconnection <id> ]_block_invoke ci46 - hit by torpedo! <id> tc20798 <ip>,1,Mac_C0000651,1,1,__ 42-[netclientconnection <id>] _block_invoke ci 46-hit by torpedo! <id> tc 20798 <ip>,1,1,frequency_representative
26198,-[NETClientConnection evaluateCrazyIvan46] CI46 - Perform CrazyIvan46! QQ.10018 tc20799 120.198.199.172:14000,E468,-[NETClientConnection <*>] <*> - Perform <*>! <*> <*> <*>,1,-[netclientconnection <id> ] ci46 - perform <id> ! <id> tc20799 <ip>,1,Mac_C0000652,1,1,- [netclientconnection <id>] ci 46-perform <id>! <id> tc 20799 <ip>,1,1,frequency_representative
26199,__42-[NETClientConnection evaluateCrazyIvan46]_block_invoke CI46 - Hit by torpedo! QQ.10018 tc20799 120.198.199.172:14000,E224,<*>[NETClientConnection evaluateCrazyIvan46]_block_invoke <*> - Hit by torpedo! <*> <*> <*>,1,__42-[netclientconnection <id> ]_block_invoke ci46 - hit by torpedo! <id> tc20799 <ip>,1,Mac_C0000653,1,1,__ 42-[netclientconnection <id>] _block_invoke ci 46-hit by torpedo! <id> tc 20799 <ip>,1,1,frequency_representative
26450,"2017-07-03 13:51:04.114, 30311, 3513df90, [CountryConfiguration]: Could not determine current country code: Error Domain=NSURLErrorDomain Code=-1009 ""The Internet connection appears to be offline."" UserInfo={NSUnderlyingError=0x7fe13500a0f0 {Error Domain=kCFErrorDomainCFNetwork Code=-1009 ""The Internet connection appears to be offline."" UserInfo={NSErrorFailingURLStringKey=https://gspe1-ssl.ls.apple.com/pep/gcc, NSErrorFailingURLKey=https://gspe1-ssl.ls.apple.com/pep/gcc, _kCFStreamErrorCodeKey=8, _kCFStreamErrorDomainKey=12, NSLocalizedDescription=The Internet connection appears to be offline.}}, NSErrorFailingURLStringKey=https://gspe1-ssl.ls.apple.com/pep/gcc, NSErrorFailingURLKey=https://gspe1-ssl.ls.apple.com/pep/gcc, _kCFStreamErrorDomainKey=12, _kCFStreamErrorCodeKey=8, NSLocalizedDescription=The Internet connection appears to be offline.}",E4,"<*> <*>, <*>, <*>, [CountryConfiguration]: Could not determine current country code: Error Domain=<*> Code=<*> <*> UserInfo={NSUnderlyingError=<*> {Error Domain=<*> Code=<*> <*> UserInfo={NSErrorFailingURLStringKey=<*>, NSErrorFailingURLKey=<*>, _kCFStreamErrorCodeKey=<*>, _kCFStreamErrorDomainKey=<*>, NSLocalizedDescription=<*>}}, NSErrorFailingURLStringKey=<*>, NSErrorFailingURLKey=<*>, _kCFStreamErrorDomainKey=<*>, _kCFStreamErrorCodeKey=<*>, NSLocalizedDescription=<*>}",10,"<date> <ip> . <num> , <num> , <id> , [countryconfiguration]: could not determine current country code: error domain=nsurlerrordomain code= <num> ""the internet connection appears to be offline."" userinfo={nsunderlyingerror= <hex> {error domain=kcferrordomaincfnetwork code= <num> ""the internet connection appears to be offline."" userinfo={nserrorfailingurlstringkey= <url> nserrorfailingurlkey= <url> _kcfstreamerrorcodekey= <num> , _kcfstreamerrordomainkey= <num> , nslocalizeddescription=the internet connection appears to be offline.}}, nserrorfailingurlstringkey= <url> nserrorfailingurlkey= <url> _kcfstreamerrordomainkey= <num> , _kcfstreamerrorcodekey= <num> , nslocalizeddescription=the internet connection appears to be offline.}",10,Mac_C0000654,15,15,"<date> <ip>. <num>, <num>, <num>, [countryconfiguration]: could not determine current country code: error domain = nsurlerrordomain code = <num> "" the internet connection appears to be offline. "" userinfo = {nsunderlyingerror = <hex> {error domain = kcferrordomaincfnetwork code = <num> "" the internet connection appears to be offline. "" userinfo = {nserrorfailingurlstringkey = <url> nserrorfailingurlkey = <url> _kcfstreamerrorcodekey = <num>, _kcfstreamerrordomainkey = <num>, nslocalizeddescription = the internet connection appears to be offline.}}, nserrorfailingurlstringkey = <url> nserrorfailingurlkey = <url> _kcfstreamerrordomainkey = <num>, _kcfstreamerrorcodekey = <num>, nslocalizeddescription = the internet connection appears to be offline.}",2,1,frequency_representative
26216,"2017-07-03 13:50:10.146, 30311, 33703470, [CountryConfiguration]: Could not determine current country code: Error Domain=NSURLErrorDomain Code=-1009 ""The Internet connection appears to be offline."" UserInfo={NSUnderlyingError=0x7fe133409430 {Error Domain=kCFErrorDomainCFNetwork Code=-1009 ""The Internet connection appears to be offline."" UserInfo={NSErrorFailingURLStringKey=https://gspe1-ssl.ls.apple.com/pep/gcc, NSErrorFailingURLKey=https://gspe1-ssl.ls.apple.com/pep/gcc, _kCFStreamErrorCodeKey=8, _kCFStreamErrorDomainKey=12, NSLocalizedDescription=The Internet connection appears to be offline.}}, NSErrorFailingURLStringKey=https://gspe1-ssl.ls.apple.com/pep/gcc, NSErrorFailingURLKey=https://gspe1-ssl.ls.apple.com/pep/gcc, _kCFStreamErrorDomainKey=12, _kCFStreamErrorCodeKey=8, NSLocalizedDescription=The Internet connection appears to be offline.}",E4,"<*> <*>, <*>, <*>, [CountryConfiguration]: Could not determine current country code: Error Domain=<*> Code=<*> <*> UserInfo={NSUnderlyingError=<*> {Error Domain=<*> Code=<*> <*> UserInfo={NSErrorFailingURLStringKey=<*>, NSErrorFailingURLKey=<*>, _kCFStreamErrorCodeKey=<*>, _kCFStreamErrorDomainKey=<*>, NSLocalizedDescription=<*>}}, NSErrorFailingURLStringKey=<*>, NSErrorFailingURLKey=<*>, _kCFStreamErrorDomainKey=<*>, _kCFStreamErrorCodeKey=<*>, NSLocalizedDescription=<*>}",5,"<date> <ip> . <num> , <num> , <num> , [countryconfiguration]: could not determine current country code: error domain=nsurlerrordomain code= <num> ""the internet connection appears to be offline."" userinfo={nsunderlyingerror= <hex> {error domain=kcferrordomaincfnetwork code= <num> ""the internet connection appears to be offline."" userinfo={nserrorfailingurlstringkey= <url> nserrorfailingurlkey= <url> _kcfstreamerrorcodekey= <num> , _kcfstreamerrordomainkey= <num> , nslocalizeddescription=the internet connection appears to be offline.}}, nserrorfailingurlstringkey= <url> nserrorfailingurlkey= <url> _kcfstreamerrordomainkey= <num> , _kcfstreamerrorcodekey= <num> , nslocalizeddescription=the internet connection appears to be offline.}",5,Mac_C0000654,15,15,"<date> <ip>. <num>, <num>, <num>, [countryconfiguration]: could not determine current country code: error domain = nsurlerrordomain code = <num> "" the internet connection appears to be offline. "" userinfo = {nsunderlyingerror = <hex> {error domain = kcferrordomaincfnetwork code = <num> "" the internet connection appears to be offline. "" userinfo = {nserrorfailingurlstringkey = <url> nserrorfailingurlkey = <url> _kcfstreamerrorcodekey = <num>, _kcfstreamerrordomainkey = <num>, nslocalizeddescription = the internet connection appears to be offline.}}, nserrorfailingurlstringkey = <url> nserrorfailingurlkey = <url> _kcfstreamerrordomainkey = <num>, _kcfstreamerrorcodekey = <num>, nslocalizeddescription = the internet connection appears to be offline.}",2,2,complex_sample
26325,en0: DAD complete for fe80:4::c6b3:1ff:fecd:467f - duplicate found.,E466,<*>: DAD complete for <*> - duplicate found.,3,en0: dad complete for fe80: <num> :: <ip> - duplicate found.,1,Mac_C0000655,1,3,en 0: dad complete for fe 80: <num>:: <ip>-duplicate found.,1,1,frequency_representative
26326,"en0: possible hardware address duplication detected, disabling IPv6 for interface.",E206,"<*>: possible hardware address duplication detected, disabling IPv6 for interface.",2,"en0: possible hardware address duplication detected, disabling ipv6 for interface.",1,Mac_C0000656,1,2,"en 0: possible hardware address duplication detected, disabling ipv 6 for interface.",1,1,frequency_representative
26448,[com.apple.calendar.store.log.subscription] [Failed to refresh <CalManagedSubscriptionInfo: 0x7fa11d721890> (entity: SubscriptionInfo; id: 0x401eeb <x-coredata://DB05755C-483D-44B7-B93B-ED06E57FF420/SubscriptionInfo/p1> ; data: {,E160,[<*>] [Failed to refresh <CalManagedSubscriptionInfo: <*> (entity: SubscriptionInfo; id: <*> ; data: {,13,[com.apple.calendar.store.log.subscription] [failed to refresh <calmanagedsubscriptioninfo: <hex> > (entity: subscriptioninfo; id: <hex> <x-coredata:// <uuid> <path> > ; data: {,13,Mac_C0000657,13,13,[com. apple. calendar. store. log. subscription] [failed to refresh < calmanagedsubscriptioninfo: <hex> > (entity: subscriptioninfo; id: <hex> < x-coredata:// <uuid> <path> >; data: {,1,1,frequency_representative
26501,-[NETClientConnection evaluateCrazyIvan46] CI46 - Perform CrazyIvan46! NeteaseMusic.17988 tc8908 103.251.128.144:80,E468,-[NETClientConnection <*>] <*> - Perform <*>! <*> <*> <*>,1,-[netclientconnection <id> ] ci46 - perform <id> ! <id> tc8908 <ip>,1,Mac_C0000658,1,1,- [netclientconnection <id>] ci 46-perform <id>! <id> tc 8908 <ip>,1,1,frequency_representative
26505,__42-[NETClientConnection evaluateCrazyIvan46]_block_invoke CI46 - Hit by torpedo! NeteaseMusic.17988 tc8908 103.251.128.144:80,E224,<*>[NETClientConnection evaluateCrazyIvan46]_block_invoke <*> - Hit by torpedo! <*> <*> <*>,1,__42-[netclientconnection <id> ]_block_invoke ci46 - hit by torpedo! <id> tc8908 <ip>,1,Mac_C0000659,1,1,__ 42-[netclientconnection <id>] _block_invoke ci 46-hit by torpedo! <id> tc 8908 <ip>,1,1,frequency_representative
26605,-[NETClientConnection evaluateCrazyIvan46] CI46 - Perform CrazyIvan46! QQ.10018 tc20859 119.81.102.227:80,E468,-[NETClientConnection <*>] <*> - Perform <*>! <*> <*> <*>,1,-[netclientconnection <id> ] ci46 - perform <id> ! <id> tc20859 <ip>,1,Mac_C0000660,1,1,- [netclientconnection <id>] ci 46-perform <id>! <id> tc 20859 <ip>,1,1,frequency_representative
26606,__42-[NETClientConnection evaluateCrazyIvan46]_block_invoke CI46 - Hit by torpedo! QQ.10018 tc20859 119.81.102.227:80,E224,<*>[NETClientConnection evaluateCrazyIvan46]_block_invoke <*> - Hit by torpedo! <*> <*> <*>,1,__42-[netclientconnection <id> ]_block_invoke ci46 - hit by torpedo! <id> tc20859 <ip>,1,Mac_C0000661,1,1,__ 42-[netclientconnection <id>] _block_invoke ci 46-hit by torpedo! <id> tc 20859 <ip>,1,1,frequency_representative
27696,-[NETClientConnection evaluateCrazyIvan46] CI46 - Perform CrazyIvan46! QQ.10018 tc20924 119.81.102.227:80,E468,-[NETClientConnection <*>] <*> - Perform <*>! <*> <*> <*>,1,-[netclientconnection <id> ] ci46 - perform <id> ! <id> tc20924 <ip>,1,Mac_C0000662,1,1,- [netclientconnection <id>] ci 46-perform <id>! <id> tc 20924 <ip>,1,1,frequency_representative
27697,__42-[NETClientConnection evaluateCrazyIvan46]_block_invoke CI46 - Hit by torpedo! QQ.10018 tc20924 119.81.102.227:80,E224,<*>[NETClientConnection evaluateCrazyIvan46]_block_invoke <*> - Hit by torpedo! <*> <*> <*>,1,__42-[netclientconnection <id> ]_block_invoke ci46 - hit by torpedo! <id> tc20924 <ip>,1,Mac_C0000663,1,1,__ 42-[netclientconnection <id>] _block_invoke ci 46-hit by torpedo! <id> tc 20924 <ip>,1,1,frequency_representative
74725,tcp_connection_destination_perform_socket_connect 24075 connectx to 203.205.147.247:80@0 failed: [65] No route to host,E154,tcp_connection_destination_perform_socket_connect <*> connectx to <*> failed: [<*>] No route to host,59,tcp_connection_destination_perform_socket_connect <num> connectx to <ip> @ <num> failed: [ <num> ] no route to host,55,Mac_C0000664,55,59,tcp_connection_destination_perform_socket_connect <num> connectx to <ip> @ <num> failed: [<num>] no route to host,1,1,frequency_representative
79776,[com.apple.calendar.store.log.caldav.queue] [Coalescing failed operation [<CalDAVAccountRefreshQueueableOperation: 0x7fa11d279e00; Sequence: 0>]],E159,[<*>] [Coalescing failed operation [<CalDAVAccountRefreshQueueableOperation: <*> Sequence: <*>]],16,[com.apple.calendar.store.log.caldav.queue] [coalescing failed operation [<caldavaccountrefreshqueueableoperation: <hex> ; sequence: <num> >]],9,Mac_C0000665,9,16,[com. apple. calendar. store. log. caldav. queue] [coalescing failed operation [< caldavaccountrefreshqueueableoperation: <hex>; sequence: <num> >]],1,1,frequency_representative
28458,-[NETClientConnection evaluateCrazyIvan46] CI46 - Perform CrazyIvan46! NeteaseMusic.17988 tc8953 103.251.128.144:80,E468,-[NETClientConnection <*>] <*> - Perform <*>! <*> <*> <*>,1,-[netclientconnection <id> ] ci46 - perform <id> ! <id> tc8953 <ip>,1,Mac_C0000666,1,1,- [netclientconnection <id>] ci 46-perform <id>! <id> tc 8953 <ip>,1,1,frequency_representative
28474,__42-[NETClientConnection evaluateCrazyIvan46]_block_invoke CI46 - Hit by torpedo! NeteaseMusic.17988 tc8953 103.251.128.144:80,E224,<*>[NETClientConnection evaluateCrazyIvan46]_block_invoke <*> - Hit by torpedo! <*> <*> <*>,1,__42-[netclientconnection <id> ]_block_invoke ci46 - hit by torpedo! <id> tc8953 <ip>,1,Mac_C0000667,1,1,__ 42-[netclientconnection <id>] _block_invoke ci 46-hit by torpedo! <id> tc 8953 <ip>,1,1,frequency_representative
29108,"[CardDAVPlugin-ERROR] -getPrincipalInfo:[_controller supportsRequestCompressionAtURL:https://xpcben%40gmail.com@www.googleapis.com/carddav/v1/principals/xpcben%40gmail.com/] Error Domain=NSURLErrorDomain Code=-1009 ""The Internet connection appears to be offline."" UserInfo={NSUnderlyingError=0x7f94cbf03ea0 {Error Domain=kCFErrorDomainCFNetwork Code=-1009 ""The Internet connection appears to be offline."" UserInfo={NSErrorFailingURLStringKey=https://xpcben%40gmail.com@www.googleapis.com/carddav/v1/principals/xpcben%40gmail.com/, NSErrorFailingURLKey=https://xpcben%40gmail.com@www.googleapis.com/carddav/v1/principals/xpcben%40gmail.com/, _kCFStreamErrorCodeKey=8, _kCFStreamErrorDomainKey=12, NSLocalizedDescription=The Internet connection appears to be offline.}}, NSErrorFailingURLStringKey=https://xpcben%40gmail.com@www.googleapis.com/carddav/v1/principals/xpcben%40gmail.com/, NSErrorFailingURLKey=https://xpcben%40gmail.com@www.googleapis.com/carddav/v1/principals/xpcben%40gmail.com/, _kCFStreamErrorDomainKey=12, _kCFStreamErrorCodeKey=8, NSLocalizedDescription=The Internet connection appears to be offline.}",E5,"[CardDAVPlugin-ERROR] -getPrincipalInfo:[_controller <*>] Error Domain=<*> Code=<*> <*> UserInfo={NSUnderlyingError=<*> {Error Domain=<*> Code=-<*> <*> UserInfo={NSErrorFailingURLStringKey=<*>, NSErrorFailingURLKey=<*>, _kCFStreamErrorCodeKey=<*>, _kCFStreamErrorDomainKey=<*>, NSLocalizedDescription=<*>}}, NSErrorFailingURLStringKey=<*>, NSErrorFailingURLKey=<*>, _kCFStreamErrorDomainKey=<*>, _kCFStreamErrorCodeKey=<*>, NSLocalizedDescription=<*>}",21,"[carddavplugin-error] -getprincipalinfo:[_controller supportsrequestcompressionaturl: <url> error domain=nsurlerrordomain code= <num> ""the internet connection appears to be offline."" userinfo={nsunderlyingerror= <hex> {error domain=kcferrordomaincfnetwork code= <num> ""the internet connection appears to be offline."" userinfo={nserrorfailingurlstringkey= <url> nserrorfailingurlkey= <url> _kcfstreamerrorcodekey= <num> , _kcfstreamerrordomainkey= <num> , nslocalizeddescription=the internet connection appears to be offline.}}, nserrorfailingurlstringkey= <url> nserrorfailingurlkey= <url> _kcfstreamerrordomainkey= <num> , _kcfstreamerrorcodekey= <num> , nslocalizeddescription=the internet connection appears to be offline.}",21,Mac_C0000668,29,29,"[carddavplugin-error]-getprincipalinfo: [_controller <*>: <url> error domain = nsurlerrordomain code = <num> "" the internet connection appears to be offline. "" userinfo = {nsunderlyingerror = <hex> {error domain = kcferrordomaincfnetwork code = <num> "" the internet connection appears to be offline. "" userinfo = {nserrorfailingurlstringkey = <url> nserrorfailingurlkey = <url> _kcfstreamerrorcodekey = <num>, _kcfstreamerrordomainkey = <num>, nslocalizeddescription = the internet connection appears to be offline.}}, nserrorfailingurlstringkey = <url> nserrorfailingurlkey = <url> _kcfstreamerrordomainkey = <num>, _kcfstreamerrorcodekey = <num>, nslocalizeddescription = the internet connection appears to be offline.}",2,1,frequency_representative
30062,"[CardDAVPlugin-ERROR] -getPrincipalInfo:[_controller principalPropertiesAtURL:https://xpcben%40gmail.com@www.googleapis.com/carddav/v1/principals/xpcben%40gmail.com/] Error Domain=NSURLErrorDomain Code=-1009 ""The Internet connection appears to be offline."" UserInfo={NSUnderlyingError=0x7fefa5808e20 {Error Domain=kCFErrorDomainCFNetwork Code=-1009 ""The Internet connection appears to be offline."" UserInfo={NSErrorFailingURLStringKey=https://xpcben%40gmail.com@www.googleapis.com/carddav/v1/principals/xpcben%40gmail.com/, NSErrorFailingURLKey=https://xpcben%40gmail.com@www.googleapis.com/carddav/v1/principals/xpcben%40gmail.com/, _kCFStreamErrorCodeKey=57, _kCFStreamErrorDomainKey=1, NSLocalizedDescription=The Internet connection appears to be offline.}}, NSErrorFailingURLStringKey=https://xpcben%40gmail.com@www.googleapis.com/carddav/v1/principals/xpcben%40gmail.com/, NSErrorFailingURLKey=https://xpcben%40gmail.com@www.googleapis.com/carddav/v1/principals/xpcben%40gmail.com/, _kCFStreamErrorDomainKey=1, _kCFStreamErrorCodeKey=57, NSLocalizedDescription=The Internet connection appears to be offline.}",E5,"[CardDAVPlugin-ERROR] -getPrincipalInfo:[_controller <*>] Error Domain=<*> Code=<*> <*> UserInfo={NSUnderlyingError=<*> {Error Domain=<*> Code=-<*> <*> UserInfo={NSErrorFailingURLStringKey=<*>, NSErrorFailingURLKey=<*>, _kCFStreamErrorCodeKey=<*>, _kCFStreamErrorDomainKey=<*>, NSLocalizedDescription=<*>}}, NSErrorFailingURLStringKey=<*>, NSErrorFailingURLKey=<*>, _kCFStreamErrorDomainKey=<*>, _kCFStreamErrorCodeKey=<*>, NSLocalizedDescription=<*>}",8,"[carddavplugin-error] -getprincipalinfo:[_controller principalpropertiesaturl: <url> error domain=nsurlerrordomain code= <num> ""the internet connection appears to be offline."" userinfo={nsunderlyingerror= <hex> {error domain=kcferrordomaincfnetwork code= <num> ""the internet connection appears to be offline."" userinfo={nserrorfailingurlstringkey= <url> nserrorfailingurlkey= <url> _kcfstreamerrorcodekey= <num> , _kcfstreamerrordomainkey= <num> , nslocalizeddescription=the internet connection appears to be offline.}}, nserrorfailingurlstringkey= <url> nserrorfailingurlkey= <url> _kcfstreamerrordomainkey= <num> , _kcfstreamerrorcodekey= <num> , nslocalizeddescription=the internet connection appears to be offline.}",8,Mac_C0000668,29,29,"[carddavplugin-error]-getprincipalinfo: [_controller <*>: <url> error domain = nsurlerrordomain code = <num> "" the internet connection appears to be offline. "" userinfo = {nsunderlyingerror = <hex> {error domain = kcferrordomaincfnetwork code = <num> "" the internet connection appears to be offline. "" userinfo = {nserrorfailingurlstringkey = <url> nserrorfailingurlkey = <url> _kcfstreamerrorcodekey = <num>, _kcfstreamerrordomainkey = <num>, nslocalizeddescription = the internet connection appears to be offline.}}, nserrorfailingurlstringkey = <url> nserrorfailingurlkey = <url> _kcfstreamerrordomainkey = <num>, _kcfstreamerrorcodekey = <num>, nslocalizeddescription = the internet connection appears to be offline.}",2,2,complex_sample
29224,-[NETClientConnection evaluateCrazyIvan46] CI46 - Perform CrazyIvan46! NeteaseMusic.17988 tc8967 103.251.128.144:80,E468,-[NETClientConnection <*>] <*> - Perform <*>! <*> <*> <*>,1,-[netclientconnection <id> ] ci46 - perform <id> ! <id> tc8967 <ip>,1,Mac_C0000669,1,1,- [netclientconnection <id>] ci 46-perform <id>! <id> tc 8967 <ip>,1,1,frequency_representative
29323,-[NETClientConnection evaluateCrazyIvan46] CI46 - Perform CrazyIvan46! QQ.10018 tc21070 112.90.78.169:8080,E468,-[NETClientConnection <*>] <*> - Perform <*>! <*> <*> <*>,1,-[netclientconnection <id> ] ci46 - perform <id> ! <id> tc21070 <ip>,1,Mac_C0000670,1,1,- [netclientconnection <id>] ci 46-perform <id>! <id> tc 21070 <ip>,1,1,frequency_representative
29324,__42-[NETClientConnection evaluateCrazyIvan46]_block_invoke CI46 - Hit by torpedo! QQ.10018 tc21070 112.90.78.169:8080,E224,<*>[NETClientConnection evaluateCrazyIvan46]_block_invoke <*> - Hit by torpedo! <*> <*> <*>,1,__42-[netclientconnection <id> ]_block_invoke ci46 - hit by torpedo! <id> tc21070 <ip>,1,Mac_C0000671,1,1,__ 42-[netclientconnection <id>] _block_invoke ci 46-hit by torpedo! <id> tc 21070 <ip>,1,1,frequency_representative
29327,-[NETClientConnection evaluateCrazyIvan46] CI46 - Perform CrazyIvan46! QQ.10018 tc21078 125.39.213.49:443,E468,-[NETClientConnection <*>] <*> - Perform <*>! <*> <*> <*>,1,-[netclientconnection <id> ] ci46 - perform <id> ! <id> tc21078 <ip>,1,Mac_C0000672,1,1,- [netclientconnection <id>] ci 46-perform <id>! <id> tc 21078 <ip>,1,1,frequency_representative
29328,__42-[NETClientConnection evaluateCrazyIvan46]_block_invoke CI46 - Hit by torpedo! QQ.10018 tc21078 125.39.213.49:443,E224,<*>[NETClientConnection evaluateCrazyIvan46]_block_invoke <*> - Hit by torpedo! <*> <*> <*>,1,__42-[netclientconnection <id> ]_block_invoke ci46 - hit by torpedo! <id> tc21078 <ip>,1,Mac_C0000673,1,1,__ 42-[netclientconnection <id>] _block_invoke ci 46-hit by torpedo! <id> tc 21078 <ip>,1,1,frequency_representative
29330,-[NETClientConnection evaluateCrazyIvan46] CI46 - Perform CrazyIvan46! QQ.10018 tc21079 14.17.42.14:14000,E468,-[NETClientConnection <*>] <*> - Perform <*>! <*> <*> <*>,1,-[netclientconnection <id> ] ci46 - perform <id> ! <id> tc21079 <ip>,1,Mac_C0000674,1,1,- [netclientconnection <id>] ci 46-perform <id>! <id> tc 21079 <ip>,1,1,frequency_representative
29331,__42-[NETClientConnection evaluateCrazyIvan46]_block_invoke CI46 - Hit by torpedo! QQ.10018 tc21079 14.17.42.14:14000,E224,<*>[NETClientConnection evaluateCrazyIvan46]_block_invoke <*> - Hit by torpedo! <*> <*> <*>,1,__42-[netclientconnection <id> ]_block_invoke ci46 - hit by torpedo! <id> tc21079 <ip>,1,Mac_C0000675,1,1,__ 42-[netclientconnection <id>] _block_invoke ci 46-hit by torpedo! <id> tc 21079 <ip>,1,1,frequency_representative
29333,-[NETClientConnection evaluateCrazyIvan46] CI46 - Perform CrazyIvan46! QQ.10018 tc21080 183.3.235.162:443,E468,-[NETClientConnection <*>] <*> - Perform <*>! <*> <*> <*>,1,-[netclientconnection <id> ] ci46 - perform <id> ! <id> tc21080 <ip>,1,Mac_C0000676,1,1,- [netclientconnection <id>] ci 46-perform <id>! <id> tc 21080 <ip>,1,1,frequency_representative
29334,__42-[NETClientConnection evaluateCrazyIvan46]_block_invoke CI46 - Hit by torpedo! QQ.10018 tc21080 183.3.235.162:443,E224,<*>[NETClientConnection evaluateCrazyIvan46]_block_invoke <*> - Hit by torpedo! <*> <*> <*>,1,__42-[netclientconnection <id> ]_block_invoke ci46 - hit by torpedo! <id> tc21080 <ip>,1,Mac_C0000677,1,1,__ 42-[netclientconnection <id>] _block_invoke ci 46-hit by torpedo! <id> tc 21080 <ip>,1,1,frequency_representative
29336,-[NETClientConnection evaluateCrazyIvan46] CI46 - Perform CrazyIvan46! QQ.10018 tc21081 14.17.42.37:8080,E468,-[NETClientConnection <*>] <*> - Perform <*>! <*> <*> <*>,1,-[netclientconnection <id> ] ci46 - perform <id> ! <id> tc21081 <ip>,1,Mac_C0000678,1,1,- [netclientconnection <id>] ci 46-perform <id>! <id> tc 21081 <ip>,1,1,frequency_representative
29337,__42-[NETClientConnection evaluateCrazyIvan46]_block_invoke CI46 - Hit by torpedo! QQ.10018 tc21081 14.17.42.37:8080,E224,<*>[NETClientConnection evaluateCrazyIvan46]_block_invoke <*> - Hit by torpedo! <*> <*> <*>,1,__42-[netclientconnection <id> ]_block_invoke ci46 - hit by torpedo! <id> tc21081 <ip>,1,Mac_C0000679,1,1,__ 42-[netclientconnection <id>] _block_invoke ci 46-hit by torpedo! <id> tc 21081 <ip>,1,1,frequency_representative
29339,-[NETClientConnection evaluateCrazyIvan46] CI46 - Perform CrazyIvan46! QQ.10018 tc21082 123.151.10.190:443,E468,-[NETClientConnection <*>] <*> - Perform <*>! <*> <*> <*>,1,-[netclientconnection <id> ] ci46 - perform <id> ! <id> tc21082 <ip>,1,Mac_C0000680,1,1,- [netclientconnection <id>] ci 46-perform <id>! <id> tc 21082 <ip>,1,1,frequency_representative
29340,__42-[NETClientConnection evaluateCrazyIvan46]_block_invoke CI46 - Hit by torpedo! QQ.10018 tc21082 123.151.10.190:443,E224,<*>[NETClientConnection evaluateCrazyIvan46]_block_invoke <*> - Hit by torpedo! <*> <*> <*>,1,__42-[netclientconnection <id> ]_block_invoke ci46 - hit by torpedo! <id> tc21082 <ip>,1,Mac_C0000681,1,1,__ 42-[netclientconnection <id>] _block_invoke ci 46-hit by torpedo! <id> tc 21082 <ip>,1,1,frequency_representative
29342,-[NETClientConnection evaluateCrazyIvan46] CI46 - Perform CrazyIvan46! QQ.10018 tc21083 120.198.199.172:14000,E468,-[NETClientConnection <*>] <*> - Perform <*>! <*> <*> <*>,1,-[netclientconnection <id> ] ci46 - perform <id> ! <id> tc21083 <ip>,1,Mac_C0000682,1,1,- [netclientconnection <id>] ci 46-perform <id>! <id> tc 21083 <ip>,1,1,frequency_representative
29343,__42-[NETClientConnection evaluateCrazyIvan46]_block_invoke CI46 - Hit by torpedo! QQ.10018 tc21083 120.198.199.172:14000,E224,<*>[NETClientConnection evaluateCrazyIvan46]_block_invoke <*> - Hit by torpedo! <*> <*> <*>,1,__42-[netclientconnection <id> ]_block_invoke ci46 - hit by torpedo! <id> tc21083 <ip>,1,Mac_C0000683,1,1,__ 42-[netclientconnection <id>] _block_invoke ci 46-hit by torpedo! <id> tc 21083 <ip>,1,1,frequency_representative
29478,-[NETClientConnection evaluateCrazyIvan46] CI46 - Perform CrazyIvan46! NeteaseMusic.17988 tc8977 103.251.128.144:80,E468,-[NETClientConnection <*>] <*> - Perform <*>! <*> <*> <*>,1,-[netclientconnection <id> ] ci46 - perform <id> ! <id> tc8977 <ip>,1,Mac_C0000684,1,1,- [netclientconnection <id>] ci 46-perform <id>! <id> tc 8977 <ip>,1,1,frequency_representative
29486,-[NETClientConnection evaluateCrazyIvan46] CI46 - Perform CrazyIvan46! QQ.10018 tc21095 112.90.140.220:14000,E468,-[NETClientConnection <*>] <*> - Perform <*>! <*> <*> <*>,1,-[netclientconnection <id> ] ci46 - perform <id> ! <id> tc21095 <ip>,1,Mac_C0000685,1,1,- [netclientconnection <id>] ci 46-perform <id>! <id> tc 21095 <ip>,1,1,frequency_representative
29496,"[CardDAVPlugin-ERROR] -getPrincipalInfo:[_controller supportsRequestCompressionAtURL:https://13957525385%40163.com@p28-contacts.icloud.com/874161398/principal/] Error Domain=NSURLErrorDomain Code=-1003 ""A server with the specified hostname could not be found."" UserInfo={NSUnderlyingError=0x7f9ddb9979b0 {Error Domain=kCFErrorDomainCFNetwork Code=-1003 ""A server with the specified hostname could not be found."" UserInfo={NSErrorFailingURLStringKey=https://13957525385%40163.com@p28-contacts.icloud.com/874161398/principal/, NSErrorFailingURLKey=https://13957525385%40163.com@p28-contacts.icloud.com/874161398/principal/, _kCFStreamErrorCodeKey=8, _kCFStreamErrorDomainKey=12, NSLocalizedDescription=A server with the specified hostname could not be found.}}, NSErrorFailingURLStringKey=https://13957525385%40163.com@p28-contacts.icloud.com/874161398/principal/, NSErrorFailingURLKey=https://13957525385%40163.com@p28-contacts.icloud.com/874161398/principal/, _kCFStreamErrorDomainKey=12, _kCFStreamErrorCodeKey=8, NSLocalizedDescription=A server with the specified hostname could not be found.}",E5,"[CardDAVPlugin-ERROR] -getPrincipalInfo:[_controller <*>] Error Domain=<*> Code=<*> <*> UserInfo={NSUnderlyingError=<*> {Error Domain=<*> Code=-<*> <*> UserInfo={NSErrorFailingURLStringKey=<*>, NSErrorFailingURLKey=<*>, _kCFStreamErrorCodeKey=<*>, _kCFStreamErrorDomainKey=<*>, NSLocalizedDescription=<*>}}, NSErrorFailingURLStringKey=<*>, NSErrorFailingURLKey=<*>, _kCFStreamErrorDomainKey=<*>, _kCFStreamErrorCodeKey=<*>, NSLocalizedDescription=<*>}",5,"[carddavplugin-error] -getprincipalinfo:[_controller supportsrequestcompressionaturl: <url> error domain=nsurlerrordomain code= <num> ""a server with the specified hostname could not be found."" userinfo={nsunderlyingerror= <hex> {error domain=kcferrordomaincfnetwork code= <num> ""a server with the specified hostname could not be found."" userinfo={nserrorfailingurlstringkey= <url> nserrorfailingurlkey= <url> _kcfstreamerrorcodekey= <num> , _kcfstreamerrordomainkey= <num> , nslocalizeddescription=a server with the specified hostname could not be found.}}, nserrorfailingurlstringkey= <url> nserrorfailingurlkey= <url> _kcfstreamerrordomainkey= <num> , _kcfstreamerrorcodekey= <num> , nslocalizeddescription=a server with the specified hostname could not be found.}",5,Mac_C0000686,5,5,"[carddavplugin-error]-getprincipalinfo: [_controller supportsrequestcompressionaturl: <url> error domain = nsurlerrordomain code = <num> "" a server with the specified hostname could not be found. "" userinfo = {nsunderlyingerror = <hex> {error domain = kcferrordomaincfnetwork code = <num> "" a server with the specified hostname could not be found. "" userinfo = {nserrorfailingurlstringkey = <url> nserrorfailingurlkey = <url> _kcfstreamerrorcodekey = <num>, _kcfstreamerrordomainkey = <num>, nslocalizeddescription = a server with the specified hostname could not be found.}}, nserrorfailingurlstringkey = <url> nserrorfailingurlkey = <url> _kcfstreamerrordomainkey = <num>, _kcfstreamerrorcodekey = <num>, nslocalizeddescription = a server with the specified hostname could not be found.}",1,1,frequency_representative
29500,network changed,E602,network changed,4,network changed,1,Mac_C0000687,1,4,network changed,1,1,frequency_representative
29505,"2017-07-03 16:25:51.742, 30311, 35422b00, [CountryConfiguration]: Could not determine current country code: Error Domain=NSURLErrorDomain Code=-1003 ""A server with the specified hostname could not be found."" UserInfo={NSUnderlyingError=0x7fe135304730 {Error Domain=kCFErrorDomainCFNetwork Code=-1003 ""A server with the specified hostname could not be found."" UserInfo={NSErrorFailingURLStringKey=https://gspe1-ssl.ls.apple.com/pep/gcc, NSErrorFailingURLKey=https://gspe1-ssl.ls.apple.com/pep/gcc, _kCFStreamErrorCodeKey=8, _kCFStreamErrorDomainKey=12, NSLocalizedDescription=A server with the specified hostname could not be found.}}, NSErrorFailingURLStringKey=https://gspe1-ssl.ls.apple.com/pep/gcc, NSErrorFailingURLKey=https://gspe1-ssl.ls.apple.com/pep/gcc, _kCFStreamErrorDomainKey=12, _kCFStreamErrorCodeKey=8, NSLocalizedDescription=A server with the specified hostname could not be found.}",E4,"<*> <*>, <*>, <*>, [CountryConfiguration]: Could not determine current country code: Error Domain=<*> Code=<*> <*> UserInfo={NSUnderlyingError=<*> {Error Domain=<*> Code=<*> <*> UserInfo={NSErrorFailingURLStringKey=<*>, NSErrorFailingURLKey=<*>, _kCFStreamErrorCodeKey=<*>, _kCFStreamErrorDomainKey=<*>, NSLocalizedDescription=<*>}}, NSErrorFailingURLStringKey=<*>, NSErrorFailingURLKey=<*>, _kCFStreamErrorDomainKey=<*>, _kCFStreamErrorCodeKey=<*>, NSLocalizedDescription=<*>}",1,"<date> <ip> . <num> , <num> , <id> , [countryconfiguration]: could not determine current country code: error domain=nsurlerrordomain code= <num> ""a server with the specified hostname could not be found."" userinfo={nsunderlyingerror= <hex> {error domain=kcferrordomaincfnetwork code= <num> ""a server with the specified hostname could not be found."" userinfo={nserrorfailingurlstringkey= <url> nserrorfailingurlkey= <url> _kcfstreamerrorcodekey= <num> , _kcfstreamerrordomainkey= <num> , nslocalizeddescription=a server with the specified hostname could not be found.}}, nserrorfailingurlstringkey= <url> nserrorfailingurlkey= <url> _kcfstreamerrordomainkey= <num> , _kcfstreamerrorcodekey= <num> , nslocalizeddescription=a server with the specified hostname could not be found.}",1,Mac_C0000688,1,1,"<date> <ip>. <num>, <num>, <id>, [countryconfiguration]: could not determine current country code: error domain = nsurlerrordomain code = <num> "" a server with the specified hostname could not be found. "" userinfo = {nsunderlyingerror = <hex> {error domain = kcferrordomaincfnetwork code = <num> "" a server with the specified hostname could not be found. "" userinfo = {nserrorfailingurlstringkey = <url> nserrorfailingurlkey = <url> _kcfstreamerrorcodekey = <num>, _kcfstreamerrordomainkey = <num>, nslocalizeddescription = a server with the specified hostname could not be found.}}, nserrorfailingurlstringkey = <url> nserrorfailingurlkey = <url> _kcfstreamerrordomainkey = <num>, _kcfstreamerrorcodekey = <num>, nslocalizeddescription = a server with the specified hostname could not be found.}",1,1,frequency_representative
29525,*** -[NSRecursiveLock unlock]: lock (<NSRecursiveLock: 0x7f9ddbc14740> '/private/var/folders/nt/fvzdv1fn7n1d5bpgqb_wcfxh0000gn/T/.AddressBookLocks/_Users_xpc_Library_Application Support_AddressBook_Sources_76FE6715-3D27-4F21-AA35-C88C1EA820E8_Metadata_.MetaData.lock_lock') unlocked when not locked,E298,*** -[NSRecursiveLock unlock]: lock <*> unlocked when not locked,3,*** -[nsrecursivelock unlock]: lock (<nsrecursivelock: <hex> > ' <path> <id> ') unlocked when not locked,3,Mac_C0000689,3,3,* * *-[nsrecursivelock unlock]: lock (< nsrecursivelock: <hex> > ' <path> <id> ') unlocked when not locked,1,1,frequency_representative
29526,*** Break on _NSLockError() to debug.,E452,*** Break on _NSLockError() to debug.,3,*** break on _nslockerror() to debug.,1,Mac_C0000690,1,3,* * * break on _nslockerror () to debug.,1,1,frequency_representative
29617,-[NETClientConnection evaluateCrazyIvan46] CI46 - Perform CrazyIvan46! QQ.10018 tc21098 120.198.203.168:443,E468,-[NETClientConnection <*>] <*> - Perform <*>! <*> <*> <*>,1,-[netclientconnection <id> ] ci46 - perform <id> ! <id> tc21098 <ip>,1,Mac_C0000691,1,1,- [netclientconnection <id>] ci 46-perform <id>! <id> tc 21098 <ip>,1,1,frequency_representative
29618,__42-[NETClientConnection evaluateCrazyIvan46]_block_invoke CI46 - Hit by torpedo! QQ.10018 tc21098 120.198.203.168:443,E224,<*>[NETClientConnection evaluateCrazyIvan46]_block_invoke <*> - Hit by torpedo! <*> <*> <*>,1,__42-[netclientconnection <id> ]_block_invoke ci46 - hit by torpedo! <id> tc21098 <ip>,1,Mac_C0000692,1,1,__ 42-[netclientconnection <id>] _block_invoke ci 46-hit by torpedo! <id> tc 21098 <ip>,1,1,frequency_representative
30472,-[NETClientConnection evaluateCrazyIvan46] CI46 - Perform CrazyIvan46! QQ.10018 tc21166 119.81.102.227:80,E468,-[NETClientConnection <*>] <*> - Perform <*>! <*> <*> <*>,1,-[netclientconnection <id> ] ci46 - perform <id> ! <id> tc21166 <ip>,1,Mac_C0000693,1,1,- [netclientconnection <id>] ci 46-perform <id>! <id> tc 21166 <ip>,1,1,frequency_representative
30473,__42-[NETClientConnection evaluateCrazyIvan46]_block_invoke CI46 - Hit by torpedo! QQ.10018 tc21166 119.81.102.227:80,E224,<*>[NETClientConnection evaluateCrazyIvan46]_block_invoke <*> - Hit by torpedo! <*> <*> <*>,1,__42-[netclientconnection <id> ]_block_invoke ci46 - hit by torpedo! <id> tc21166 <ip>,1,Mac_C0000694,1,1,__ 42-[netclientconnection <id>] _block_invoke ci 46-hit by torpedo! <id> tc 21166 <ip>,1,1,frequency_representative
30555,-[NETClientConnection evaluateCrazyIvan46] CI46 - Perform CrazyIvan46! NeteaseMusic.17988 tc9008 103.251.128.144:80,E468,-[NETClientConnection <*>] <*> - Perform <*>! <*> <*> <*>,1,-[netclientconnection <id> ] ci46 - perform <id> ! <id> tc9008 <ip>,1,Mac_C0000695,1,1,- [netclientconnection <id>] ci 46-perform <id>! <id> tc 9008 <ip>,1,1,frequency_representative
30564,__42-[NETClientConnection evaluateCrazyIvan46]_block_invoke CI46 - Hit by torpedo! NeteaseMusic.17988 tc9008 103.251.128.144:80,E224,<*>[NETClientConnection evaluateCrazyIvan46]_block_invoke <*> - Hit by torpedo! <*> <*> <*>,1,__42-[netclientconnection <id> ]_block_invoke ci46 - hit by torpedo! <id> tc9008 <ip>,1,Mac_C0000696,1,1,__ 42-[netclientconnection <id>] _block_invoke ci 46-hit by torpedo! <id> tc 9008 <ip>,1,1,frequency_representative
31204,"hibernate_machine_init: state 2, image pages 416893, sum was f53956d5, imageSize 0x2a0a8000, image1Size 0x209a8000, conflictCount 6105, nextFree 58eb",E130,"hibernate_machine_init: state <*>, image pages <*>, sum was <*>, imageSize <*>, image1Size <*>, conflictCount <*>, nextFree <*>",1,"hibernate_machine_init: state <num> , image pages <num> , sum was <id> , imagesize <hex> , <id> <hex> , conflictcount <num> , nextfree 58eb",1,Mac_C0000697,1,1,"hibernate_machine_init: state <num>, image pages <num>, sum was <id>, imagesize <hex>, <id> <hex>, conflictcount <num>, nextfree 58 eb",1,1,frequency_representative
31536,"hibernate_machine_init: state 2, image pages 415614, sum was fa5aad19, imageSize 0x2a110000, image1Size 0x20a03000, conflictCount 5902, nextFree 57c8",E130,"hibernate_machine_init: state <*>, image pages <*>, sum was <*>, imageSize <*>, image1Size <*>, conflictCount <*>, nextFree <*>",1,"hibernate_machine_init: state <num> , image pages <num> , sum was <id> , imagesize <hex> , <id> <hex> , conflictcount <num> , nextfree 57c8",1,Mac_C0000698,1,1,"hibernate_machine_init: state <num>, image pages <num>, sum was <id>, imagesize <hex>, <id> <hex>, conflictcount <num>, nextfree 57 c 8",1,1,frequency_representative
31813,-[NETClientConnection evaluateCrazyIvan46] CI46 - Perform CrazyIvan46! QQ.10018 tc21231 14.17.42.37:80,E468,-[NETClientConnection <*>] <*> - Perform <*>! <*> <*> <*>,1,-[netclientconnection <id> ] ci46 - perform <id> ! <id> tc21231 <ip>,1,Mac_C0000699,1,1,- [netclientconnection <id>] ci 46-perform <id>! <id> tc 21231 <ip>,1,1,frequency_representative
31814,__42-[NETClientConnection evaluateCrazyIvan46]_block_invoke CI46 - Hit by torpedo! QQ.10018 tc21231 14.17.42.37:80,E224,<*>[NETClientConnection evaluateCrazyIvan46]_block_invoke <*> - Hit by torpedo! <*> <*> <*>,1,__42-[netclientconnection <id> ]_block_invoke ci46 - hit by torpedo! <id> tc21231 <ip>,1,Mac_C0000700,1,1,__ 42-[netclientconnection <id>] _block_invoke ci 46-hit by torpedo! <id> tc 21231 <ip>,1,1,frequency_representative
31861,-[NETClientConnection evaluateCrazyIvan46] CI46 - Perform CrazyIvan46! NeteaseMusic.17988 tc9029 103.251.128.144:80,E468,-[NETClientConnection <*>] <*> - Perform <*>! <*> <*> <*>,1,-[netclientconnection <id> ] ci46 - perform <id> ! <id> tc9029 <ip>,1,Mac_C0000701,1,1,- [netclientconnection <id>] ci 46-perform <id>! <id> tc 9029 <ip>,1,1,frequency_representative
31862,-[NETClientConnection evaluateCrazyIvan46] CI46 - Perform CrazyIvan46! QQ.10018 tc21242 119.81.102.227:80,E468,-[NETClientConnection <*>] <*> - Perform <*>! <*> <*> <*>,1,-[netclientconnection <id> ] ci46 - perform <id> ! <id> tc21242 <ip>,1,Mac_C0000702,1,1,- [netclientconnection <id>] ci 46-perform <id>! <id> tc 21242 <ip>,1,1,frequency_representative
31868,__42-[NETClientConnection evaluateCrazyIvan46]_block_invoke CI46 - Hit by torpedo! NeteaseMusic.17988 tc9029 103.251.128.144:80,E224,<*>[NETClientConnection evaluateCrazyIvan46]_block_invoke <*> - Hit by torpedo! <*> <*> <*>,1,__42-[netclientconnection <id> ]_block_invoke ci46 - hit by torpedo! <id> tc9029 <ip>,1,Mac_C0000703,1,1,__ 42-[netclientconnection <id>] _block_invoke ci 46-hit by torpedo! <id> tc 9029 <ip>,1,1,frequency_representative
31869,__42-[NETClientConnection evaluateCrazyIvan46]_block_invoke CI46 - Hit by torpedo! QQ.10018 tc21242 119.81.102.227:80,E224,<*>[NETClientConnection evaluateCrazyIvan46]_block_invoke <*> - Hit by torpedo! <*> <*> <*>,1,__42-[netclientconnection <id> ]_block_invoke ci46 - hit by torpedo! <id> tc21242 <ip>,1,Mac_C0000704,1,1,__ 42-[netclientconnection <id>] _block_invoke ci 46-hit by torpedo! <id> tc 21242 <ip>,1,1,frequency_representative
31873,-[NETClientConnection evaluateCrazyIvan46] CI46 - Perform CrazyIvan46! QQ.10018 tc21245 123.151.137.101:80,E468,-[NETClientConnection <*>] <*> - Perform <*>! <*> <*> <*>,1,-[netclientconnection <id> ] ci46 - perform <id> ! <id> tc21245 <ip>,1,Mac_C0000705,1,1,- [netclientconnection <id>] ci 46-perform <id>! <id> tc 21245 <ip>,1,1,frequency_representative
31874,__42-[NETClientConnection evaluateCrazyIvan46]_block_invoke CI46 - Hit by torpedo! QQ.10018 tc21245 123.151.137.101:80,E224,<*>[NETClientConnection evaluateCrazyIvan46]_block_invoke <*> - Hit by torpedo! <*> <*> <*>,1,__42-[netclientconnection <id> ]_block_invoke ci46 - hit by torpedo! <id> tc21245 <ip>,1,Mac_C0000706,1,1,__ 42-[netclientconnection <id>] _block_invoke ci 46-hit by torpedo! <id> tc 21245 <ip>,1,1,frequency_representative
32272,"hibernate_machine_init: state 2, image pages 416383, sum was e5b69024, imageSize 0x2a2eb000, image1Size 0x20bcc000, conflictCount 5931, nextFree 57e9",E130,"hibernate_machine_init: state <*>, image pages <*>, sum was <*>, imageSize <*>, image1Size <*>, conflictCount <*>, nextFree <*>",1,"hibernate_machine_init: state <num> , image pages <num> , sum was <id> , imagesize <hex> , <id> <hex> , conflictcount <num> , nextfree 57e9",1,Mac_C0000707,1,1,"hibernate_machine_init: state <num>, image pages <num>, sum was <id>, imagesize <hex>, <id> <hex>, conflictcount <num>, nextfree 57 e 9",1,1,frequency_representative
32338,-[NETClientConnection evaluateCrazyIvan46] CI46 - Perform CrazyIvan46! QQ.10018 tc21259 180.97.10.110:80,E468,-[NETClientConnection <*>] <*> - Perform <*>! <*> <*> <*>,1,-[netclientconnection <id> ] ci46 - perform <id> ! <id> tc21259 <ip>,1,Mac_C0000708,1,1,- [netclientconnection <id>] ci 46-perform <id>! <id> tc 21259 <ip>,1,1,frequency_representative
32340,-[NETClientConnection evaluateCrazyIvan46] CI46 - Perform CrazyIvan46! QQ.10018 tc21253 119.81.102.227:80,E468,-[NETClientConnection <*>] <*> - Perform <*>! <*> <*> <*>,1,-[netclientconnection <id> ] ci46 - perform <id> ! <id> tc21253 <ip>,1,Mac_C0000709,1,1,- [netclientconnection <id>] ci 46-perform <id>! <id> tc 21253 <ip>,1,1,frequency_representative
32341,__42-[NETClientConnection evaluateCrazyIvan46]_block_invoke CI46 - Hit by torpedo! QQ.10018 tc21259 180.97.10.110:80,E224,<*>[NETClientConnection evaluateCrazyIvan46]_block_invoke <*> - Hit by torpedo! <*> <*> <*>,1,__42-[netclientconnection <id> ]_block_invoke ci46 - hit by torpedo! <id> tc21259 <ip>,1,Mac_C0000710,1,1,__ 42-[netclientconnection <id>] _block_invoke ci 46-hit by torpedo! <id> tc 21259 <ip>,1,1,frequency_representative
32342,__42-[NETClientConnection evaluateCrazyIvan46]_block_invoke CI46 - Hit by torpedo! QQ.10018 tc21253 119.81.102.227:80,E224,<*>[NETClientConnection evaluateCrazyIvan46]_block_invoke <*> - Hit by torpedo! <*> <*> <*>,1,__42-[netclientconnection <id> ]_block_invoke ci46 - hit by torpedo! <id> tc21253 <ip>,1,Mac_C0000711,1,1,__ 42-[netclientconnection <id>] _block_invoke ci 46-hit by torpedo! <id> tc 21253 <ip>,1,1,frequency_representative
32678,-[NETClientConnection evaluateCrazyIvan46] CI46 - Perform CrazyIvan46! QQ.10018 tc21274 119.81.102.227:80,E468,-[NETClientConnection <*>] <*> - Perform <*>! <*> <*> <*>,1,-[netclientconnection <id> ] ci46 - perform <id> ! <id> tc21274 <ip>,1,Mac_C0000712,1,1,- [netclientconnection <id>] ci 46-perform <id>! <id> tc 21274 <ip>,1,1,frequency_representative
32679,__42-[NETClientConnection evaluateCrazyIvan46]_block_invoke CI46 - Hit by torpedo! QQ.10018 tc21274 119.81.102.227:80,E224,<*>[NETClientConnection evaluateCrazyIvan46]_block_invoke <*> - Hit by torpedo! <*> <*> <*>,1,__42-[netclientconnection <id> ]_block_invoke ci46 - hit by torpedo! <id> tc21274 <ip>,1,Mac_C0000713,1,1,__ 42-[netclientconnection <id>] _block_invoke ci 46-hit by torpedo! <id> tc 21274 <ip>,1,1,frequency_representative
32859,-[NETClientConnection evaluateCrazyIvan46] CI46 - Perform CrazyIvan46! NeteaseMusic.17988 tc9050 103.251.128.144:80,E468,-[NETClientConnection <*>] <*> - Perform <*>! <*> <*> <*>,1,-[netclientconnection <id> ] ci46 - perform <id> ! <id> tc9050 <ip>,1,Mac_C0000714,1,1,- [netclientconnection <id>] ci 46-perform <id>! <id> tc 9050 <ip>,1,1,frequency_representative
32884,"CCFile::captureLog Received Capture notice id: 1499133527.571411, reason = BeaconLost",E318,"CCFile::captureLog Received Capture notice id: <*>, reason = <*>",2,"ccfile::capturelog received capture notice id: <num> , reason = beaconlost",1,Mac_C0000715,1,2,"ccfile:: capturelog received capture notice id: <num>, reason = beaconlost",1,1,frequency_representative
32910,"doSaveChannels@286: Will write to: /Library/Logs/CrashReporter/CoreCapture/IOReporters/[2017-07-03_18,58,47.571411] - BeaconLost.xml",E492,doSaveChannels@<*>: Will write to: <*> - <*>,1,"dosavechannels@ <num> : will write to: <path> [ <num> - <num> -03_18, <num> , <num> ] - beaconlost.xml",1,Mac_C0000716,1,1,"dosavechannels @ <num>: will write to: <path> [<num>-<num>-03 _ 18, <num>, <num>]-beaconlost. xml",1,1,frequency_representative
32973,"hibernate_machine_init: state 2, image pages 418479, sum was 24aacf01, imageSize 0x2a754000, image1Size 0x21011000, conflictCount 6082, nextFree 58d3",E130,"hibernate_machine_init: state <*>, image pages <*>, sum was <*>, imageSize <*>, image1Size <*>, conflictCount <*>, nextFree <*>",1,"hibernate_machine_init: state <num> , image pages <num> , sum was <id> , imagesize <hex> , <id> <hex> , conflictcount <num> , nextfree 58d3",1,Mac_C0000717,2,2,"hibernate_machine_init: state <num>, image pages <num>, sum was <id>, imagesize <hex>, <id> <hex>, conflictcount <num>, nextfree <*> <*> 3",2,1,frequency_representative
59013,"hibernate_machine_init: state 2, image pages 411092, sum was 2ea206c8, imageSize 0x284a3000, image1Size 0x1eba1000, conflictCount 4896, nextFree 47f3",E130,"hibernate_machine_init: state <*>, image pages <*>, sum was <*>, imageSize <*>, image1Size <*>, conflictCount <*>, nextFree <*>",1,"hibernate_machine_init: state <num> , image pages <num> , sum was <id> , imagesize <hex> , <id> <hex> , conflictcount <num> , nextfree 47f3",1,Mac_C0000717,2,2,"hibernate_machine_init: state <num>, image pages <num>, sum was <id>, imagesize <hex>, <id> <hex>, conflictcount <num>, nextfree <*> <*> 3",2,2,complex_sample
33535,-[NETClientConnection evaluateCrazyIvan46] CI46 - Perform CrazyIvan46! QQ.10018 tc21382 119.81.102.227:80,E468,-[NETClientConnection <*>] <*> - Perform <*>! <*> <*> <*>,1,-[netclientconnection <id> ] ci46 - perform <id> ! <id> tc21382 <ip>,1,Mac_C0000718,1,1,- [netclientconnection <id>] ci 46-perform <id>! <id> tc 21382 <ip>,1,1,frequency_representative
33536,__42-[NETClientConnection evaluateCrazyIvan46]_block_invoke CI46 - Hit by torpedo! QQ.10018 tc21382 119.81.102.227:80,E224,<*>[NETClientConnection evaluateCrazyIvan46]_block_invoke <*> - Hit by torpedo! <*> <*> <*>,1,__42-[netclientconnection <id> ]_block_invoke ci46 - hit by torpedo! <id> tc21382 <ip>,1,Mac_C0000719,1,1,__ 42-[netclientconnection <id>] _block_invoke ci 46-hit by torpedo! <id> tc 21382 <ip>,1,1,frequency_representative
33538,-[NETClientConnection evaluateCrazyIvan46] CI46 - Perform CrazyIvan46! QQ.10018 tc21391 123.151.10.164:80,E468,-[NETClientConnection <*>] <*> - Perform <*>! <*> <*> <*>,1,-[netclientconnection <id> ] ci46 - perform <id> ! <id> tc21391 <ip>,1,Mac_C0000720,1,1,- [netclientconnection <id>] ci 46-perform <id>! <id> tc 21391 <ip>,1,1,frequency_representative
33539,__42-[NETClientConnection evaluateCrazyIvan46]_block_invoke CI46 - Hit by torpedo! QQ.10018 tc21391 123.151.10.164:80,E224,<*>[NETClientConnection evaluateCrazyIvan46]_block_invoke <*> - Hit by torpedo! <*> <*> <*>,1,__42-[netclientconnection <id> ]_block_invoke ci46 - hit by torpedo! <id> tc21391 <ip>,1,Mac_C0000721,1,1,__ 42-[netclientconnection <id>] _block_invoke ci 46-hit by torpedo! <id> tc 21391 <ip>,1,1,frequency_representative
33541,-[NETClientConnection evaluateCrazyIvan46] CI46 - Perform CrazyIvan46! QQ.10018 tc21392 203.205.147.208:8080,E468,-[NETClientConnection <*>] <*> - Perform <*>! <*> <*> <*>,1,-[netclientconnection <id> ] ci46 - perform <id> ! <id> tc21392 <ip>,1,Mac_C0000722,1,1,- [netclientconnection <id>] ci 46-perform <id>! <id> tc 21392 <ip>,1,1,frequency_representative
33542,__42-[NETClientConnection evaluateCrazyIvan46]_block_invoke CI46 - Hit by torpedo! QQ.10018 tc21392 203.205.147.208:8080,E224,<*>[NETClientConnection evaluateCrazyIvan46]_block_invoke <*> - Hit by torpedo! <*> <*> <*>,1,__42-[netclientconnection <id> ]_block_invoke ci46 - hit by torpedo! <id> tc21392 <ip>,1,Mac_C0000723,1,1,__ 42-[netclientconnection <id>] _block_invoke ci 46-hit by torpedo! <id> tc 21392 <ip>,1,1,frequency_representative
33544,-[NETClientConnection evaluateCrazyIvan46] CI46 - Perform CrazyIvan46! QQ.10018 tc21393 14.17.42.13:80,E468,-[NETClientConnection <*>] <*> - Perform <*>! <*> <*> <*>,1,-[netclientconnection <id> ] ci46 - perform <id> ! <id> tc21393 <ip>,1,Mac_C0000724,1,1,- [netclientconnection <id>] ci 46-perform <id>! <id> tc 21393 <ip>,1,1,frequency_representative
33545,__42-[NETClientConnection evaluateCrazyIvan46]_block_invoke CI46 - Hit by torpedo! QQ.10018 tc21393 14.17.42.13:80,E224,<*>[NETClientConnection evaluateCrazyIvan46]_block_invoke <*> - Hit by torpedo! <*> <*> <*>,1,__42-[netclientconnection <id> ]_block_invoke ci46 - hit by torpedo! <id> tc21393 <ip>,1,Mac_C0000725,1,1,__ 42-[netclientconnection <id>] _block_invoke ci 46-hit by torpedo! <id> tc 21393 <ip>,1,1,frequency_representative
33547,-[NETClientConnection evaluateCrazyIvan46] CI46 - Perform CrazyIvan46! QQ.10018 tc21394 125.39.133.144:14000,E468,-[NETClientConnection <*>] <*> - Perform <*>! <*> <*> <*>,1,-[netclientconnection <id> ] ci46 - perform <id> ! <id> tc21394 <ip>,1,Mac_C0000726,1,1,- [netclientconnection <id>] ci 46-perform <id>! <id> tc 21394 <ip>,1,1,frequency_representative
33548,__42-[NETClientConnection evaluateCrazyIvan46]_block_invoke CI46 - Hit by torpedo! QQ.10018 tc21394 125.39.133.144:14000,E224,<*>[NETClientConnection evaluateCrazyIvan46]_block_invoke <*> - Hit by torpedo! <*> <*> <*>,1,__42-[netclientconnection <id> ]_block_invoke ci46 - hit by torpedo! <id> tc21394 <ip>,1,Mac_C0000727,1,1,__ 42-[netclientconnection <id>] _block_invoke ci 46-hit by torpedo! <id> tc 21394 <ip>,1,1,frequency_representative
33550,-[NETClientConnection evaluateCrazyIvan46] CI46 - Perform CrazyIvan46! QQ.10018 tc21395 117.144.244.33:443,E468,-[NETClientConnection <*>] <*> - Perform <*>! <*> <*> <*>,1,-[netclientconnection <id> ] ci46 - perform <id> ! <id> tc21395 <ip>,1,Mac_C0000728,1,1,- [netclientconnection <id>] ci 46-perform <id>! <id> tc 21395 <ip>,1,1,frequency_representative
33551,__42-[NETClientConnection evaluateCrazyIvan46]_block_invoke CI46 - Hit by torpedo! QQ.10018 tc21395 117.144.244.33:443,E224,<*>[NETClientConnection evaluateCrazyIvan46]_block_invoke <*> - Hit by torpedo! <*> <*> <*>,1,__42-[netclientconnection <id> ]_block_invoke ci46 - hit by torpedo! <id> tc21395 <ip>,1,Mac_C0000729,1,1,__ 42-[netclientconnection <id>] _block_invoke ci 46-hit by torpedo! <id> tc 21395 <ip>,1,1,frequency_representative
33611,"hibernate_machine_init: state 2, image pages 417569, sum was e5a2edc2, imageSize 0x2a38f000, image1Size 0x20c51000, conflictCount 6106, nextFree 58ec",E130,"hibernate_machine_init: state <*>, image pages <*>, sum was <*>, imageSize <*>, image1Size <*>, conflictCount <*>, nextFree <*>",1,"hibernate_machine_init: state <num> , image pages <num> , sum was <id> , imagesize <hex> , <id> <hex> , conflictcount <num> , nextfree 58ec",1,Mac_C0000730,1,1,"hibernate_machine_init: state <num>, image pages <num>, sum was <id>, imagesize <hex>, <id> <hex>, conflictcount <num>, nextfree 58 ec",1,1,frequency_representative
33731,-[NETClientConnection evaluateCrazyIvan46] CI46 - Perform CrazyIvan46! NeteaseMusic.17988 tc9084 103.251.128.144:80,E468,-[NETClientConnection <*>] <*> - Perform <*>! <*> <*> <*>,1,-[netclientconnection <id> ] ci46 - perform <id> ! <id> tc9084 <ip>,1,Mac_C0000731,1,1,- [netclientconnection <id>] ci 46-perform <id>! <id> tc 9084 <ip>,1,1,frequency_representative
33732,-[NETClientConnection evaluateCrazyIvan46] CI46 - Perform CrazyIvan46! QQ.10018 tc21406 123.151.10.164:80,E468,-[NETClientConnection <*>] <*> - Perform <*>! <*> <*> <*>,1,-[netclientconnection <id> ] ci46 - perform <id> ! <id> tc21406 <ip>,1,Mac_C0000732,1,1,- [netclientconnection <id>] ci 46-perform <id>! <id> tc 21406 <ip>,1,1,frequency_representative
33738,__42-[NETClientConnection evaluateCrazyIvan46]_block_invoke CI46 - Hit by torpedo! NeteaseMusic.17988 tc9084 103.251.128.144:80,E224,<*>[NETClientConnection evaluateCrazyIvan46]_block_invoke <*> - Hit by torpedo! <*> <*> <*>,1,__42-[netclientconnection <id> ]_block_invoke ci46 - hit by torpedo! <id> tc9084 <ip>,1,Mac_C0000733,1,1,__ 42-[netclientconnection <id>] _block_invoke ci 46-hit by torpedo! <id> tc 9084 <ip>,1,1,frequency_representative
33739,__42-[NETClientConnection evaluateCrazyIvan46]_block_invoke CI46 - Hit by torpedo! QQ.10018 tc21406 123.151.10.164:80,E224,<*>[NETClientConnection evaluateCrazyIvan46]_block_invoke <*> - Hit by torpedo! <*> <*> <*>,1,__42-[netclientconnection <id> ]_block_invoke ci46 - hit by torpedo! <id> tc21406 <ip>,1,Mac_C0000734,1,1,__ 42-[netclientconnection <id>] _block_invoke ci 46-hit by torpedo! <id> tc 21406 <ip>,1,1,frequency_representative
33742,-[NETClientConnection evaluateCrazyIvan46] CI46 - Perform CrazyIvan46! QQ.10018 tc21409 203.205.147.208:8080,E468,-[NETClientConnection <*>] <*> - Perform <*>! <*> <*> <*>,1,-[netclientconnection <id> ] ci46 - perform <id> ! <id> tc21409 <ip>,1,Mac_C0000735,1,1,- [netclientconnection <id>] ci 46-perform <id>! <id> tc 21409 <ip>,1,1,frequency_representative
33743,__42-[NETClientConnection evaluateCrazyIvan46]_block_invoke CI46 - Hit by torpedo! QQ.10018 tc21409 203.205.147.208:8080,E224,<*>[NETClientConnection evaluateCrazyIvan46]_block_invoke <*> - Hit by torpedo! <*> <*> <*>,1,__42-[netclientconnection <id> ]_block_invoke ci46 - hit by torpedo! <id> tc21409 <ip>,1,Mac_C0000736,1,1,__ 42-[netclientconnection <id>] _block_invoke ci 46-hit by torpedo! <id> tc 21409 <ip>,1,1,frequency_representative
33860,Surface testing disallowed updates for 10 sequential attempts...,E290,Surface testing disallowed updates for <*> sequential attempts...,29,surface testing disallowed updates for <num> sequential attempts...,1,Mac_C0000737,1,29,surface testing disallowed updates for <num> sequential attempts...,1,1,frequency_representative
33861,Surface test allowed updates after 11 attempts (44 ms),E370,Surface test allowed updates after <*> attempts (<*> ms),29,surface test allowed updates after <num> attempts ( <num> ms),6,Mac_C0000738,6,29,surface test allowed updates after <num> attempts (<num> ms),1,1,frequency_representative
33959,20:06:14.032 ERROR: >aq> 3177: AQBuffer * 0x7fd8935e9f70 has enqueue count of 1,E420,<*> ERROR: >aq> <*>: AQBuffer * <*> has enqueue count of <*>,18,<ip> . <num> error: >aq> <num> : aqbuffer * <hex> has enqueue count of <num>,18,Mac_C0000739,18,18,<ip>. <num> error: > aq > <num>: aqbuffer * <hex> has enqueue count of <num>,1,1,frequency_representative
33974,process QQ[10018] caught causing excessive wakeups. Observed wakeups rate (per sec): 1300; Maximum permitted wakeups rate (per sec): 150; Observation period: 300 seconds; Task lifetime number of wakeups: 284157487,E27,process <*> caught causing excessive wakeups. Observed wakeups rate (per sec): <*>; Maximum permitted wakeups rate (per sec): <*>; Observation period: <*> seconds; Task lifetime number of wakeups: <*>,2,process qq[ <num> ] caught causing excessive wakeups. observed wakeups rate (per sec): <num> ; maximum permitted wakeups rate (per sec): <num> ; observation period: <num> seconds; task lifetime number of wakeups: <num>,2,Mac_C0000740,2,2,process qq [<num>] caught causing excessive wakeups. observed wakeups rate (per sec): <num>; maximum permitted wakeups rate (per sec): <num>; observation period: <num> seconds; task lifetime number of wakeups: <num>,1,1,frequency_representative
33977,Saved wakeups_resource.diag report for QQ version 5.5.1 (25889) to /Library/Logs/DiagnosticReports/QQ_2017-07-03-200652_authorMacBook-Pro.wakeups_resource.diag,E344,Saved wakeups_resource.diag report for <*> version <*> (<*>) to <*>,2,saved wakeups_resource.diag report for qq version <num> . <num> ( <num> ) to <path>,2,Mac_C0000741,3,3,saved wakeups_resource. diag report for <*> version <num>. <num> (<num>) to <path>,2,1,frequency_representative
98956,Saved wakeups_resource.diag report for WeChat version 2.2.7 (8565) to /Library/Logs/DiagnosticReports/WeChat_2017-07-08-055654_authorMacBook-Pro.wakeups_resource.diag,E344,Saved wakeups_resource.diag report for <*> version <*> (<*>) to <*>,1,saved wakeups_resource.diag report for wechat version <num> . <num> ( <num> ) to <path>,1,Mac_C0000741,3,3,saved wakeups_resource. diag report for <*> version <num>. <num> (<num>) to <path>,2,2,complex_sample
33978,Removing excessive log: file:///Library/Logs/DiagnosticReports/QQ_2017-06-26-190846_authorMacBook-Pro.wakeups_resource.diag,E560,Removing excessive log: <*>,2,removing excessive log: file:// <path>,2,Mac_C0000742,2,2,removing excessive log: file:// <path>,1,1,frequency_representative
34066,"[com.apple.calendar.store.log.caldav.queue] [Account refresh failed with error: Error Domain=CoreDAVHTTPStatusErrorDomain Code=504 ""(null)"" UserInfo={AccountName=163, CalDAVErrFromRefresh=YES, CoreDAVHTTPHeaders=<CFBasicHash 0x7fa11d3a5d30 [0x7fff7abc1440]>{type = immutable dict, count = 5,",E28,"[<*>] [Account refresh failed with error: Error Domain=CoreDAVHTTPStatusErrorDomain <*> ""(<*>)"" UserInfo={AccountName=<*>, CalDAVErrFromRefresh=<*>, CoreDAVHTTPHeaders=<*>{type = <*>, count = <*>,",18,"[com.apple.calendar.store.log.caldav.queue] [account refresh failed with error: error domain=coredavhttpstatuserrordomain code= <num> ""(null)"" userinfo={accountname= <num> , caldaverrfromrefresh=yes, coredavhttpheaders=<cfbasichash <hex> [ <hex> ]>{type = immutable dict, count = <num> ,",18,Mac_C0000743,18,18,"[com. apple. calendar. store. log. caldav. queue] [account refresh failed with error: error domain = coredavhttpstatuserrordomain code = <num> "" (null) "" userinfo = {accountname = <num>, caldaverrfromrefresh = yes, coredavhttpheaders = < cfbasichash <hex> [<hex>] > {type = immutable dict, count = <num>,",1,1,frequency_representative
34453,Warning: I could not find the column named 'width'.,E400,Warning: I could not find the column named <*>'.,1,warning: i could not find the column named 'width'.,1,Mac_C0000744,2,2,warning: i could not find the column named ' <*> '.,2,1,frequency_representative
34454,Warning: I could not find the column named 'height'.,E400,Warning: I could not find the column named <*>'.,1,warning: i could not find the column named 'height'.,1,Mac_C0000744,2,2,warning: i could not find the column named ' <*> '.,2,2,complex_sample
34557,Sandbox: com.apple.WebKit(9854) Sandbox: deny(com1) .apple.WfileebK-read-data /private/etc/hosts,E389,Sandbox: com.apple.WebKit(<*>) Sandbox: deny(<*>) <*> <*>,1,sandbox: com.apple.webkit( <num> ) sandbox: deny(com1) .apple.wfileebk-read-data /private/etc/hosts,1,Mac_C0000745,1,1,sandbox: com. apple. webkit (<num>) sandbox: deny (com 1). apple. wfileebk-read-data/private/etc/hosts,1,1,frequency_representative
34558,it(9854) deny(1) file-read-data /private/etc/hosts,E537,it(<*>) deny(<*>) file-read-data <*>,1,it( <num> ) deny( <num> ) file-read-data /private/etc/hosts,1,Mac_C0000746,1,1,it (<num>) deny (<num>) file-read-data/private/etc/hosts,1,1,frequency_representative
34686,SSaandbox:ndb ox: ccomom.apple.a.WpebKplei.Wte(bKit(99858454) ) ddeennyy((11)) fifleile-re-raedad--ddaattaa /p/pririvavatte/ee/ettcc/h/hostosts,E244,SSaandbox:ndb ox: <*>(bKit(<*>) ) ddeennyy((<*>)) fifleile-re-raedad--ddaattaa <*>,1,ssaandbox:ndb ox: ccomom.apple.a.wpebkplei.wte(bkit( <num> ) ) ddeennyy(( <num> )) fifleile-re-raedad--ddaattaa <path>,1,Mac_C0000747,1,1,ssaandbox: ndb ox: ccomom. apple. a. wpebkplei. wte (bkit (<num>)) ddeennyy ((<num>)) fifleile-re-raedad-- ddaattaa <path>,1,1,frequency_representative
34902,-[NETClientConnection evaluateCrazyIvan46] CI46 - Perform CrazyIvan46! NeteaseMusic.17988 tc9210 103.251.128.144:80,E468,-[NETClientConnection <*>] <*> - Perform <*>! <*> <*> <*>,1,-[netclientconnection <id> ] ci46 - perform <id> ! <id> tc9210 <ip>,1,Mac_C0000748,1,1,- [netclientconnection <id>] ci 46-perform <id>! <id> tc 9210 <ip>,1,1,frequency_representative
34905,-[NETClientConnection evaluateCrazyIvan46] CI46 - Perform CrazyIvan46! QQ.10018 tc21519 184.105.67.74:443,E468,-[NETClientConnection <*>] <*> - Perform <*>! <*> <*> <*>,1,-[netclientconnection <id> ] ci46 - perform <id> ! <id> tc21519 <ip>,1,Mac_C0000749,1,1,- [netclientconnection <id>] ci 46-perform <id>! <id> tc 21519 <ip>,1,1,frequency_representative
34907,__42-[NETClientConnection evaluateCrazyIvan46]_block_invoke CI46 - Hit by torpedo! NeteaseMusic.17988 tc9210 103.251.128.144:80,E224,<*>[NETClientConnection evaluateCrazyIvan46]_block_invoke <*> - Hit by torpedo! <*> <*> <*>,1,__42-[netclientconnection <id> ]_block_invoke ci46 - hit by torpedo! <id> tc9210 <ip>,1,Mac_C0000750,1,1,__ 42-[netclientconnection <id>] _block_invoke ci 46-hit by torpedo! <id> tc 9210 <ip>,1,1,frequency_representative
34908,__42-[NETClientConnection evaluateCrazyIvan46]_block_invoke CI46 - Hit by torpedo! QQ.10018 tc21519 184.105.67.74:443,E224,<*>[NETClientConnection evaluateCrazyIvan46]_block_invoke <*> - Hit by torpedo! <*> <*> <*>,1,__42-[netclientconnection <id> ]_block_invoke ci46 - hit by torpedo! <id> tc21519 <ip>,1,Mac_C0000751,1,1,__ 42-[netclientconnection <id>] _block_invoke ci 46-hit by torpedo! <id> tc 21519 <ip>,1,1,frequency_representative
34911,-[NETClientConnection evaluateCrazyIvan46] CI46 - Perform CrazyIvan46! QQ.10018 tc21522 184.173.21.66:443,E468,-[NETClientConnection <*>] <*> - Perform <*>! <*> <*> <*>,1,-[netclientconnection <id> ] ci46 - perform <id> ! <id> tc21522 <ip>,1,Mac_C0000752,1,1,- [netclientconnection <id>] ci 46-perform <id>! <id> tc 21522 <ip>,1,1,frequency_representative
34912,__42-[NETClientConnection evaluateCrazyIvan46]_block_invoke CI46 - Hit by torpedo! QQ.10018 tc21522 184.173.21.66:443,E224,<*>[NETClientConnection evaluateCrazyIvan46]_block_invoke <*> - Hit by torpedo! <*> <*> <*>,1,__42-[netclientconnection <id> ]_block_invoke ci46 - hit by torpedo! <id> tc21522 <ip>,1,Mac_C0000753,1,1,__ 42-[netclientconnection <id>] _block_invoke ci 46-hit by torpedo! <id> tc 21522 <ip>,1,1,frequency_representative
35380,time set +0.410769 s,E622,time set <*> s,1,time set <num> s,1,Mac_C0000754,1,1,time set <num> s,1,1,frequency_representative
35617,-[NETClientConnection evaluateCrazyIvan46] CI46 - Perform CrazyIvan46! QQ.10018 tc21652 184.105.67.74:443,E468,-[NETClientConnection <*>] <*> - Perform <*>! <*> <*> <*>,1,-[netclientconnection <id> ] ci46 - perform <id> ! <id> tc21652 <ip>,1,Mac_C0000755,1,1,- [netclientconnection <id>] ci 46-perform <id>! <id> tc 21652 <ip>,1,1,frequency_representative
35624,-[NETClientConnection evaluateCrazyIvan46] CI46 - Perform CrazyIvan46! QQ.10018 tc21655 184.173.21.66:443,E468,-[NETClientConnection <*>] <*> - Perform <*>! <*> <*> <*>,1,-[netclientconnection <id> ] ci46 - perform <id> ! <id> tc21655 <ip>,1,Mac_C0000756,1,1,- [netclientconnection <id>] ci 46-perform <id>! <id> tc 21655 <ip>,1,1,frequency_representative
35636,__42-[NETClientConnection evaluateCrazyIvan46]_block_invoke CI46 - Hit by torpedo! QQ.10018 tc21655 184.173.21.66:443,E224,<*>[NETClientConnection evaluateCrazyIvan46]_block_invoke <*> - Hit by torpedo! <*> <*> <*>,1,__42-[netclientconnection <id> ]_block_invoke ci46 - hit by torpedo! <id> tc21655 <ip>,1,Mac_C0000757,1,1,__ 42-[netclientconnection <id>] _block_invoke ci 46-hit by torpedo! <id> tc 21655 <ip>,1,1,frequency_representative
35700,"[23:28:23.351] <<<< FigFile >>>> FigFileForkOpenMainByCFURL: opening url ""file:///private/var/folders/nt/fvzdv1fn7n1d5bpgqb_wcfxh0000gn/T/com.apple.Safari/WebKit/MediaCache/CachedMedia-ciUzTB"", path ""/private/var/folders/nt/fvzdv1fn7n1d5bpgqb_wcfxh0000gn/T/com.apple.Safari/WebKit/MediaCache/CachedMedia-ciUzTB"" options 0x00000480 failed errno 35 Resource temporarily unavailable",E80,"[<*>] <<<< FigFile >>>> FigFileForkOpenMainByCFURL: opening url ""<*>"", path <*> options <*> failed errno <*> Resource temporarily unavailable",25,"[ <ip> . <num> ] <<<< figfile >>>> figfileforkopenmainbycfurl: opening url ""file:// <path> "", path "" <path> "" options <hex> failed errno <num> resource temporarily unavailable",25,Mac_C0000758,25,25,"[<ip>. <num>] < < < <figfile> > > > figfileforkopenmainbycfurl: opening url "" file:// <path> "", path "" <path> "" options <hex> failed errno <num> resource temporarily unavailable",1,1,frequency_representative
35750,<<<< MediaValidator >>>> mv_ValidateRFC4281CodecId: Unrecognized codec mp3.(null). Failed codec specific check.,E121,<<<< MediaValidator >>>> mv_ValidateRFC4281CodecId: Unrecognized codec <*>. Failed codec specific check.,6,<<<< mediavalidator >>>> <id> : unrecognized codec mp3.(null). failed codec specific check.,1,Mac_C0000759,1,6,< < < <mediavalidator> > > > <id>: unrecognized codec mp 3. (null). failed codec specific check.,1,1,frequency_representative
35751,<<<< MediaValidator >>>> mv_LookupCodecSupport: Unrecognized codec mp3,E253,<<<< MediaValidator >>>> mv_LookupCodecSupport: Unrecognized codec <*>,6,<<<< mediavalidator >>>> mv_lookupcodecsupport: unrecognized codec mp3,1,Mac_C0000760,1,6,< < < <mediavalidator> > > > mv_lookupcodecsupport: unrecognized codec mp 3,1,1,frequency_representative
35752,[23:31:13.975] mv_LowLevelCheckIfVideoPlayableUsingDecoder signalled err=-12956 (kFigMediaValidatorError_VideoCodecNotSupported) (video codec mp3) at line 1921,E54,[<*>] mv_LowLevelCheckIfVideoPlayableUsingDecoder signalled err=<*> (kFigMediaValidatorError_VideoCodecNotSupported) (video codec <*>) at line <*>,6,[ <ip> . <num> ] mv_lowlevelcheckifvideoplayableusingdecoder signalled err= <num> (kfigmediavalidatorerror_videocodecnotsupported) (video codec mp3) at line <num>,4,Mac_C0000761,4,6,[<ip>. <num>] mv_lowlevelcheckifvideoplayableusingdecoder signalled err = <num> (kfigmediavalidatorerror_videocodecnotsupported) (video codec mp 3) at line <num>,1,1,frequency_representative
35821,Sandbox: com.apple.Sandbox: WebKit(co98m.ap54) plede.WebKny(1)i file-reat(d-data98 /priv54) ate/etc/hosts,E260,Sandbox: com.apple.Sandbox: WebKit(<*>) plede.WebKny(<*>)i file-reat(<*> <*>) <*>,1,sandbox: com.apple.sandbox: webkit( <id> ) plede.webkny( <num> )i file-reat( <id> /priv54) ate/etc/hosts,1,Mac_C0000762,1,1,sandbox: com. apple. sandbox: webkit (<id>) plede. webkny (<num>) i file-reat (<id>/priv 54) ate/etc/hosts,1,1,frequency_representative
35822,deny(1) file-read-data /private/etc/hosts,E572,deny(<*>) file-read-data <*>,1,deny( <num> ) file-read-data /private/etc/hosts,1,Mac_C0000763,1,1,deny (<num>) file-read-data/private/etc/hosts,1,1,frequency_representative
35957,MessageTracer: load_domain_prefix_whitelist:115: Opening whitelist file: /Library/Application Support/CrashReporter/SubmitDiagInfo.domains,E239,MessageTracer: load_domain_prefix_whitelist:<*>: Opening whitelist file: <*>,1,messagetracer: <id> : opening whitelist file: /library/application support/crashreporter/submitdiaginfo.domains,1,Mac_C0000764,1,1,messagetracer: <id>: opening whitelist file:/library/application support/crashreporter/submitdiaginfo. domains,1,1,frequency_representative
36096,"tcp_connection_get_statistics called with null connection, dumping backtrace:",E216,"tcp_connection_get_statistics called with <*> connection, dumping backtrace:",3,"tcp_connection_get_statistics called with null connection, dumping backtrace:",1,Mac_C0000765,1,3,"tcp_connection_get_statistics called with null connection, dumping backtrace:",1,1,frequency_representative
39378,-[NETClientConnection evaluateCrazyIvan46] CI46 - Perform CrazyIvan46! QQ.10018 tc21805 123.126.122.121:14000,E468,-[NETClientConnection <*>] <*> - Perform <*>! <*> <*> <*>,1,-[netclientconnection <id> ] ci46 - perform <id> ! <id> tc21805 <ip>,1,Mac_C0000766,1,1,- [netclientconnection <id>] ci 46-perform <id>! <id> tc 21805 <ip>,1,1,frequency_representative
39379,__42-[NETClientConnection evaluateCrazyIvan46]_block_invoke CI46 - Hit by torpedo! QQ.10018 tc21805 123.126.122.121:14000,E224,<*>[NETClientConnection evaluateCrazyIvan46]_block_invoke <*> - Hit by torpedo! <*> <*> <*>,1,__42-[netclientconnection <id> ]_block_invoke ci46 - hit by torpedo! <id> tc21805 <ip>,1,Mac_C0000767,1,1,__ 42-[netclientconnection <id>] _block_invoke ci 46-hit by torpedo! <id> tc 21805 <ip>,1,1,frequency_representative
39462,-[NETClientConnection evaluateCrazyIvan46] CI46 - Perform CrazyIvan46! NeteaseMusic.17988 tc9362 103.251.128.144:80,E468,-[NETClientConnection <*>] <*> - Perform <*>! <*> <*> <*>,1,-[netclientconnection <id> ] ci46 - perform <id> ! <id> tc9362 <ip>,1,Mac_C0000768,1,1,- [netclientconnection <id>] ci 46-perform <id>! <id> tc 9362 <ip>,1,1,frequency_representative
39464,-[NETClientConnection evaluateCrazyIvan46] CI46 - Perform CrazyIvan46! QQ.10018 tc21815 119.81.102.227:80,E468,-[NETClientConnection <*>] <*> - Perform <*>! <*> <*> <*>,1,-[netclientconnection <id> ] ci46 - perform <id> ! <id> tc21815 <ip>,1,Mac_C0000769,1,1,- [netclientconnection <id>] ci 46-perform <id>! <id> tc 21815 <ip>,1,1,frequency_representative
39478,__42-[NETClientConnection evaluateCrazyIvan46]_block_invoke CI46 - Hit by torpedo! NeteaseMusic.17988 tc9362 103.251.128.144:80,E224,<*>[NETClientConnection evaluateCrazyIvan46]_block_invoke <*> - Hit by torpedo! <*> <*> <*>,1,__42-[netclientconnection <id> ]_block_invoke ci46 - hit by torpedo! <id> tc9362 <ip>,1,Mac_C0000770,1,1,__ 42-[netclientconnection <id>] _block_invoke ci 46-hit by torpedo! <id> tc 9362 <ip>,1,1,frequency_representative
39480,__42-[NETClientConnection evaluateCrazyIvan46]_block_invoke CI46 - Hit by torpedo! QQ.10018 tc21815 119.81.102.227:80,E224,<*>[NETClientConnection evaluateCrazyIvan46]_block_invoke <*> - Hit by torpedo! <*> <*> <*>,1,__42-[netclientconnection <id> ]_block_invoke ci46 - hit by torpedo! <id> tc21815 <ip>,1,Mac_C0000771,1,1,__ 42-[netclientconnection <id>] _block_invoke ci 46-hit by torpedo! <id> tc 21815 <ip>,1,1,frequency_representative
39482,-[NETClientConnection evaluateCrazyIvan46] CI46 - Perform CrazyIvan46! QQ.10018 tc21818 123.151.137.101:80,E468,-[NETClientConnection <*>] <*> - Perform <*>! <*> <*> <*>,1,-[netclientconnection <id> ] ci46 - perform <id> ! <id> tc21818 <ip>,1,Mac_C0000772,1,1,- [netclientconnection <id>] ci 46-perform <id>! <id> tc 21818 <ip>,1,1,frequency_representative
39483,__42-[NETClientConnection evaluateCrazyIvan46]_block_invoke CI46 - Hit by torpedo! QQ.10018 tc21818 123.151.137.101:80,E224,<*>[NETClientConnection evaluateCrazyIvan46]_block_invoke <*> - Hit by torpedo! <*> <*> <*>,1,__42-[netclientconnection <id> ]_block_invoke ci46 - hit by torpedo! <id> tc21818 <ip>,1,Mac_C0000773,1,1,__ 42-[netclientconnection <id>] _block_invoke ci 46-hit by torpedo! <id> tc 21818 <ip>,1,1,frequency_representative
40928,network changed: Proxy,E568,network changed: Proxy,5,network changed: proxy,1,Mac_C0000774,1,5,network changed: proxy,1,1,frequency_representative
40958,tcp_connection_destination_perform_socket_connect 6 connectx to 2600:1406:34:288::1abd.80@0 failed: [65] No route to host,E154,tcp_connection_destination_perform_socket_connect <*> connectx to <*> failed: [<*>] No route to host,2,tcp_connection_destination_perform_socket_connect <num> connectx to <ip> ::1abd. <num> @ <num> failed: [ <num> ] no route to host,2,Mac_C0000775,4,4,tcp_connection_destination_perform_socket_connect <num> connectx to <ip>:: <*> <*>. <num> @ <num> failed: [<num>] no route to host,2,1,frequency_representative
40957,tcp_connection_destination_perform_socket_connect 42242 connectx to 2607:f8b0:400e:c04::6c.993@0 failed: [65] No route to host,E154,tcp_connection_destination_perform_socket_connect <*> connectx to <*> failed: [<*>] No route to host,1,tcp_connection_destination_perform_socket_connect <num> connectx to <ip> ::6c. <num> @ <num> failed: [ <num> ] no route to host,1,Mac_C0000775,4,4,tcp_connection_destination_perform_socket_connect <num> connectx to <ip>:: <*> <*>. <num> @ <num> failed: [<num>] no route to host,2,2,complex_sample
40983,tcp_connection_destination_perform_socket_connect 10 connectx to 2607:f8b0:4005:80a::200a.443@0 failed: [65] No route to host,E154,tcp_connection_destination_perform_socket_connect <*> connectx to <*> failed: [<*>] No route to host,2,tcp_connection_destination_perform_socket_connect <num> connectx to <ip> :: <id> @ <num> failed: [ <num> ] no route to host,2,Mac_C0000776,3,3,tcp_connection_destination_perform_socket_connect <num> connectx to <ip>:: <id> @ <num> failed: [<num>] no route to host,2,1,frequency_representative
43929,tcp_connection_destination_perform_socket_connect 9993 connectx to 2607:f8b0:4007:804::2001.443@0 failed: [65] No route to host,E154,tcp_connection_destination_perform_socket_connect <*> connectx to <*> failed: [<*>] No route to host,1,tcp_connection_destination_perform_socket_connect <num> connectx to <ip> :: <num> @ <num> failed: [ <num> ] no route to host,1,Mac_C0000776,3,3,tcp_connection_destination_perform_socket_connect <num> connectx to <ip>:: <id> @ <num> failed: [<num>] no route to host,2,2,complex_sample
43496,-[NETClientConnection evaluateCrazyIvan46] CI46 - Perform CrazyIvan46! QQ.10018 tc22030 123.151.10.175:80,E468,-[NETClientConnection <*>] <*> - Perform <*>! <*> <*> <*>,1,-[netclientconnection <id> ] ci46 - perform <id> ! <id> tc22030 <ip>,1,Mac_C0000777,1,1,- [netclientconnection <id>] ci 46-perform <id>! <id> tc 22030 <ip>,1,1,frequency_representative
43497,__42-[NETClientConnection evaluateCrazyIvan46]_block_invoke CI46 - Hit by torpedo! QQ.10018 tc22030 123.151.10.175:80,E224,<*>[NETClientConnection evaluateCrazyIvan46]_block_invoke <*> - Hit by torpedo! <*> <*> <*>,1,__42-[netclientconnection <id> ]_block_invoke ci46 - hit by torpedo! <id> tc22030 <ip>,1,Mac_C0000778,1,1,__ 42-[netclientconnection <id>] _block_invoke ci 46-hit by torpedo! <id> tc 22030 <ip>,1,1,frequency_representative
43682,-[NETClientConnection evaluateCrazyIvan46] CI46 - Perform CrazyIvan46! QQ.10018 tc22034 119.81.102.227:80,E468,-[NETClientConnection <*>] <*> - Perform <*>! <*> <*> <*>,1,-[netclientconnection <id> ] ci46 - perform <id> ! <id> tc22034 <ip>,1,Mac_C0000779,1,1,- [netclientconnection <id>] ci 46-perform <id>! <id> tc 22034 <ip>,1,1,frequency_representative
43683,__42-[NETClientConnection evaluateCrazyIvan46]_block_invoke CI46 - Hit by torpedo! QQ.10018 tc22034 119.81.102.227:80,E224,<*>[NETClientConnection evaluateCrazyIvan46]_block_invoke <*> - Hit by torpedo! <*> <*> <*>,1,__42-[netclientconnection <id> ]_block_invoke ci46 - hit by torpedo! <id> tc22034 <ip>,1,Mac_C0000780,1,1,__ 42-[netclientconnection <id>] _block_invoke ci 46-hit by torpedo! <id> tc 22034 <ip>,1,1,frequency_representative
43867,-[NETClientConnection evaluateCrazyIvan46] CI46 - Perform CrazyIvan46! QQ.10018 tc22042 119.81.102.227:80,E468,-[NETClientConnection <*>] <*> - Perform <*>! <*> <*> <*>,1,-[netclientconnection <id> ] ci46 - perform <id> ! <id> tc22042 <ip>,1,Mac_C0000781,1,1,- [netclientconnection <id>] ci 46-perform <id>! <id> tc 22042 <ip>,1,1,frequency_representative
43868,__42-[NETClientConnection evaluateCrazyIvan46]_block_invoke CI46 - Hit by torpedo! QQ.10018 tc22042 119.81.102.227:80,E224,<*>[NETClientConnection evaluateCrazyIvan46]_block_invoke <*> - Hit by torpedo! <*> <*> <*>,1,__42-[netclientconnection <id> ]_block_invoke ci46 - hit by torpedo! <id> tc22042 <ip>,1,Mac_C0000782,1,1,__ 42-[netclientconnection <id>] _block_invoke ci 46-hit by torpedo! <id> tc 22042 <ip>,1,1,frequency_representative
46016,ImageIO: CGImageDestinationFinalize image destination does not have enough images,E192,ImageIO: CGImageDestinationFinalize image destination does not have enough images,5,imageio: cgimagedestinationfinalize image destination does not have enough images,1,Mac_C0000783,1,5,imageio: cgimagedestinationfinalize image destination does not have enough images,1,1,frequency_representative
46113,extension com.apple.ncplugin.WorldClock -> (null),E615,extension <*> -> <*>,5,extension com.apple.ncplugin.worldclock -> (null),1,Mac_C0000784,2,10,extension com. apple. ncplugin. <*>-> (null),2,1,frequency_representative
46114,extension com.apple.ncplugin.FindMyFriends -> (null),E615,extension <*> -> <*>,5,extension com.apple.ncplugin.findmyfriends -> (null),1,Mac_C0000784,2,10,extension com. apple. ncplugin. <*>-> (null),2,2,complex_sample
46115,extension com.apple.ncplugin.weather -> com.apple.weather,E615,extension <*> -> <*>,5,extension com.apple.ncplugin.weather -> com.apple.weather,1,Mac_C0000785,1,5,extension com. apple. ncplugin. weather-> com. apple. weather,1,1,frequency_representative
46232,-[NETClientConnection evaluateCrazyIvan46] CI46 - Perform CrazyIvan46! QQ.10018 tc22136 123.151.10.187:80,E468,-[NETClientConnection <*>] <*> - Perform <*>! <*> <*> <*>,1,-[netclientconnection <id> ] ci46 - perform <id> ! <id> tc22136 <ip>,1,Mac_C0000786,1,1,- [netclientconnection <id>] ci 46-perform <id>! <id> tc 22136 <ip>,1,1,frequency_representative
46240,__42-[NETClientConnection evaluateCrazyIvan46]_block_invoke CI46 - Hit by torpedo! QQ.10018 tc22136 123.151.10.187:80,E224,<*>[NETClientConnection evaluateCrazyIvan46]_block_invoke <*> - Hit by torpedo! <*> <*> <*>,1,__42-[netclientconnection <id> ]_block_invoke ci46 - hit by torpedo! <id> tc22136 <ip>,1,Mac_C0000787,1,1,__ 42-[netclientconnection <id>] _block_invoke ci 46-hit by torpedo! <id> tc 22136 <ip>,1,1,frequency_representative
47767,"[15:45:00.788] <<<< FigFile >>>> FigFileForkOpenMainByCFURL: opening url ""file:///var/folders/nt/fvzdv1fn7n1d5bpgqb_wcfxh0000gn/T//MediaCache/CachedMedia-uoHrGI"", path ""/var/folders/nt/fvzdv1fn7n1d5bpgqb_wcfxh0000gn/T//MediaCache/CachedMedia-uoHrGI"" options 0x00000480 failed errno 35 Resource temporarily unavailable",E80,"[<*>] <<<< FigFile >>>> FigFileForkOpenMainByCFURL: opening url ""<*>"", path <*> options <*> failed errno <*> Resource temporarily unavailable",1,"[ <ip> . <num> ] <<<< figfile >>>> figfileforkopenmainbycfurl: opening url ""file:// <path> <path> "", path "" <path> <path> "" options <hex> failed errno <num> resource temporarily unavailable",1,Mac_C0000788,1,1,"[<ip>. <num>] < < < <figfile> > > > figfileforkopenmainbycfurl: opening url "" file:// <path> <path> "", path "" <path> <path> "" options <hex> failed errno <num> resource temporarily unavailable",1,1,frequency_representative
47769,[15:45:00.924] HTTPRequest figHTTPRequestCreateErrorComment: encountered an error: HTTP 403: Forbidden,E169,[<*>] HTTPRequest figHTTPRequestCreateErrorComment: encountered an error: HTTP <*>: Forbidden,1,[ <ip> . <num> ] httprequest fighttprequestcreateerrorcomment: encountered an error: http <num> : forbidden,1,Mac_C0000789,1,1,[<ip>. <num>] httprequest fighttprequestcreateerrorcomment: encountered an error: http <num>: forbidden,1,1,frequency_representative
47770,"[15:45:00.925] HTTPRequest figHttpRequestDidReceiveResponseCallback: received http response 403 (error -12660) for https://r2---sn-n4v7sn7l.c.docs.google.com/videoplayback?id=2e514773f43464a1&itag=22&source=picasa&requiressl=yes&ttl=transient&mm=30&mn=sn-n4v7sn7l&ms=nxu&mv=m&pl=32&ei=bRpcWciBEceg_APrnY7IBg&driveid=1gnwLnyKP9R-fC9jxSRZZwrozP28F1J5SDg&mime=video/mp4&lmt=1491688542449626&mt=1499208228&ip=2607:f140:6000:8:51cf:994c:36cb:1c56&ipbits=0&expire=1499222701&cp=QVJOQUNfUVdOQlhNOnlwZFotQjE0cHB4&sparams=ip,ipbits,expire,id,itag,source,requiressl,ttl,mm,mn,ms,mv,pl,ei,driveid,mime,lmt,cp&signature=4A681A1F0098A72657CBEA27CB92E1FA4E53698F.6756F013E02C3C0B007A44B04BBEB1013346BB50&key=ck2&app=explorer&cpn=Vt8eqXHZv-rwrYSf&c=WEB&cver=1.20170627",E146,[<*>] HTTPRequest figHttpRequestDidReceiveResponseCallback: received http response <*> (error <*>) for <*>,2,[ <ip> . <num> ] httprequest fighttprequestdidreceiveresponsecallback: received http response <num> (error <num> ) for <url>,2,Mac_C0000790,2,2,[<ip>. <num>] httprequest fighttprequestdidreceiveresponsecallback: received http response <num> (error <num>) for <url>,1,1,frequency_representative
47771,"[15:45:00.925] HTTPRequest figHTTPDumpFinalURLAndRemoteAddress: address 2607:f8b0:401d::8 final url https://r2---sn-n4v7sn7l.c.docs.google.com/videoplayback?id=2e514773f43464a1&itag=22&source=picasa&requiressl=yes&ttl=transient&mm=30&mn=sn-n4v7sn7l&ms=nxu&mv=m&pl=32&ei=bRpcWciBEceg_APrnY7IBg&driveid=1gnwLnyKP9R-fC9jxSRZZwrozP28F1J5SDg&mime=video/mp4&lmt=1491688542449626&mt=1499208228&ip=2607:f140:6000:8:51cf:994c:36cb:1c56&ipbits=0&expire=1499222701&cp=QVJOQUNfUVdOQlhNOnlwZFotQjE0cHB4&sparams=ip,ipbits,expire,id,itag,source,requiressl,ttl,mm,mn,ms,mv,pl,ei,driveid,mime,lmt,cp&signature=4A681A1F0098A72657CBEA27CB92E1FA4E53698F.6756F013E02C3C0B007A44B04BBEB1013346BB50&key=ck2&app=explorer&cpn=Vt8eqXHZv-rwrYSf&c=WEB&cver=1.20170627",E243,[<*>] HTTPRequest figHTTPDumpFinalURLAndRemoteAddress: address <*> final url <*>,1,[ <ip> . <num> ] httprequest fighttpdumpfinalurlandremoteaddress: address <ip> :: <num> final url <url>,1,Mac_C0000791,1,1,[<ip>. <num>] httprequest fighttpdumpfinalurlandremoteaddress: address <ip>:: <num> final url <url>,1,1,frequency_representative
47772,[15:45:00.958] clientHandledCustomURLCancel signalled err=-12663 (kFigHTTPError_ParamErr) (No matching request found) at /Library/Caches/com.apple.xbs/Sources/CoreMedia/CoreMedia-1731.15.207/Prototypes/FigHTTP/FigClientHandledCustomURLProvider.c line 380,E185,[<*>] clientHandledCustomURLCancel signalled err=<*> (<*>) (No matching request found) at <*> line <*>,1,[ <ip> . <num> ] clienthandledcustomurlcancel signalled err= <num> (kfighttperror_paramerr) (no matching request found) at <path> <id> <path> line <num>,1,Mac_C0000792,2,2,[<ip>. <num>] <*> signalled err = <num> (<*>) (<*> <*> <*> found) at <path> <id> <path> line <num>,2,1,frequency_representative
57884,[00:31:36.951] figHttpRequestDidReceiveResponseCallback signalled err=-12938 (kFigHTTPError_FileNotFound) (404 File Not Found) at /Library/Caches/com.apple.xbs/Sources/CoreMedia/CoreMedia-1731.15.207/Prototypes/FigHTTP/FigHTTPRequestCFURLConnection.c line 2115,E177,[<*>] figHttpRequestDidReceiveResponseCallback signalled err=<*> (<*>) (<*> File Not Found) at <*> line <*>,1,[ <ip> . <num> ] fighttprequestdidreceiveresponsecallback signalled err= <num> (kfighttperror_filenotfound) ( <num> file not found) at <path> <id> <path> line <num>,1,Mac_C0000792,2,2,[<ip>. <num>] <*> signalled err = <num> (<*>) (<*> <*> <*> found) at <path> <id> <path> line <num>,2,2,complex_sample
47773,*** -[AVAssetResourceLoadingRequest finishLoading] was sent to an instance of AVAssetResourceLoadingRequest that was already finished. Ignoring.,E96,*** -[AVAssetResourceLoadingRequest finishLoading] was sent to an instance of <*> that was already finished. Ignoring.,1,*** -[avassetresourceloadingrequest finishloading] was sent to an instance of avassetresourceloadingrequest that was already finished. ignoring.,1,Mac_C0000793,1,1,* * *-[avassetresourceloadingrequest finishloading] was sent to an instance of avassetresourceloadingrequest that was already finished. ignoring.,1,1,frequency_representative
47836,16:08:13.351 ERROR: 177: timed out after 15.000s (0 0); mMajorChangePending=0,E366,<*> ERROR: <*>: timed out after <*> (<*> <*>); mMajorChangePending=<*>,85,<ip> . <num> error: <num> : timed out after <num> .000s ( <num> <num> ); mmajorchangepending= <num>,85,Mac_C0000794,87,87,<ip>. <num> error: <num>: timed out after <num>. <*> s (<num> <num>); mmajorchangepending = <num>,2,1,frequency_representative
99630,07:27:17.927 ERROR: 177: timed out after 0.012s (27042 27042); mMajorChangePending=0,E366,<*> ERROR: <*>: timed out after <*> (<*> <*>); mMajorChangePending=<*>,2,<ip> . <num> error: <num> : timed out after <num> .012s ( <num> <num> ); mmajorchangepending= <num>,2,Mac_C0000794,87,87,<ip>. <num> error: <num>: timed out after <num>. <*> s (<num> <num>); mmajorchangepending = <num>,2,2,complex_sample
50916,-[NETClientConnection evaluateCrazyIvan46] CI46 - Perform CrazyIvan46! QQ.10018 tc22486 123.151.137.101:80,E468,-[NETClientConnection <*>] <*> - Perform <*>! <*> <*> <*>,1,-[netclientconnection <id> ] ci46 - perform <id> ! <id> tc22486 <ip>,1,Mac_C0000795,1,1,- [netclientconnection <id>] ci 46-perform <id>! <id> tc 22486 <ip>,1,1,frequency_representative
50918,__42-[NETClientConnection evaluateCrazyIvan46]_block_invoke CI46 - Hit by torpedo! QQ.10018 tc22486 123.151.137.101:80,E224,<*>[NETClientConnection evaluateCrazyIvan46]_block_invoke <*> - Hit by torpedo! <*> <*> <*>,1,__42-[netclientconnection <id> ]_block_invoke ci46 - hit by torpedo! <id> tc22486 <ip>,1,Mac_C0000796,1,1,__ 42-[netclientconnection <id>] _block_invoke ci 46-hit by torpedo! <id> tc 22486 <ip>,1,1,frequency_representative
50919,-[NETClientConnection evaluateCrazyIvan46] CI46 - Perform CrazyIvan46! QQ.10018 tc22491 203.205.142.158:8080,E468,-[NETClientConnection <*>] <*> - Perform <*>! <*> <*> <*>,1,-[netclientconnection <id> ] ci46 - perform <id> ! <id> tc22491 <ip>,1,Mac_C0000797,1,1,- [netclientconnection <id>] ci 46-perform <id>! <id> tc 22491 <ip>,1,1,frequency_representative
50920,__42-[NETClientConnection evaluateCrazyIvan46]_block_invoke CI46 - Hit by torpedo! QQ.10018 tc22491 203.205.142.158:8080,E224,<*>[NETClientConnection evaluateCrazyIvan46]_block_invoke <*> - Hit by torpedo! <*> <*> <*>,1,__42-[netclientconnection <id> ]_block_invoke ci46 - hit by torpedo! <id> tc22491 <ip>,1,Mac_C0000798,1,1,__ 42-[netclientconnection <id>] _block_invoke ci 46-hit by torpedo! <id> tc 22491 <ip>,1,1,frequency_representative
50923,-[NETClientConnection evaluateCrazyIvan46] CI46 - Perform CrazyIvan46! QQ.10018 tc22492 14.215.138.110:80,E468,-[NETClientConnection <*>] <*> - Perform <*>! <*> <*> <*>,1,-[netclientconnection <id> ] ci46 - perform <id> ! <id> tc22492 <ip>,1,Mac_C0000799,1,1,- [netclientconnection <id>] ci 46-perform <id>! <id> tc 22492 <ip>,1,1,frequency_representative
50924,__42-[NETClientConnection evaluateCrazyIvan46]_block_invoke CI46 - Hit by torpedo! QQ.10018 tc22492 14.215.138.110:80,E224,<*>[NETClientConnection evaluateCrazyIvan46]_block_invoke <*> - Hit by torpedo! <*> <*> <*>,1,__42-[netclientconnection <id> ]_block_invoke ci46 - hit by torpedo! <id> tc22492 <ip>,1,Mac_C0000800,1,1,__ 42-[netclientconnection <id>] _block_invoke ci 46-hit by torpedo! <id> tc 22492 <ip>,1,1,frequency_representative
50926,-[NETClientConnection evaluateCrazyIvan46] CI46 - Perform CrazyIvan46! QQ.10018 tc22493 125.39.240.34:14000,E468,-[NETClientConnection <*>] <*> - Perform <*>! <*> <*> <*>,1,-[netclientconnection <id> ] ci46 - perform <id> ! <id> tc22493 <ip>,1,Mac_C0000801,1,1,- [netclientconnection <id>] ci 46-perform <id>! <id> tc 22493 <ip>,1,1,frequency_representative
50927,__42-[NETClientConnection evaluateCrazyIvan46]_block_invoke CI46 - Hit by torpedo! QQ.10018 tc22493 125.39.240.34:14000,E224,<*>[NETClientConnection evaluateCrazyIvan46]_block_invoke <*> - Hit by torpedo! <*> <*> <*>,1,__42-[netclientconnection <id> ]_block_invoke ci46 - hit by torpedo! <id> tc22493 <ip>,1,Mac_C0000802,1,1,__ 42-[netclientconnection <id>] _block_invoke ci 46-hit by torpedo! <id> tc 22493 <ip>,1,1,frequency_representative
50929,-[NETClientConnection evaluateCrazyIvan46] CI46 - Perform CrazyIvan46! QQ.10018 tc22494 183.192.200.44:443,E468,-[NETClientConnection <*>] <*> - Perform <*>! <*> <*> <*>,1,-[netclientconnection <id> ] ci46 - perform <id> ! <id> tc22494 <ip>,1,Mac_C0000803,1,1,- [netclientconnection <id>] ci 46-perform <id>! <id> tc 22494 <ip>,1,1,frequency_representative
50930,__42-[NETClientConnection evaluateCrazyIvan46]_block_invoke CI46 - Hit by torpedo! QQ.10018 tc22494 183.192.200.44:443,E224,<*>[NETClientConnection evaluateCrazyIvan46]_block_invoke <*> - Hit by torpedo! <*> <*> <*>,1,__42-[netclientconnection <id> ]_block_invoke ci46 - hit by torpedo! <id> tc22494 <ip>,1,Mac_C0000804,1,1,__ 42-[netclientconnection <id>] _block_invoke ci 46-hit by torpedo! <id> tc 22494 <ip>,1,1,frequency_representative
50938,-[NETClientConnection evaluateCrazyIvan46] CI46 - Perform CrazyIvan46! QQ.10018 tc22499 119.81.102.227:80,E468,-[NETClientConnection <*>] <*> - Perform <*>! <*> <*> <*>,1,-[netclientconnection <id> ] ci46 - perform <id> ! <id> tc22499 <ip>,1,Mac_C0000805,1,1,- [netclientconnection <id>] ci 46-perform <id>! <id> tc 22499 <ip>,1,1,frequency_representative
50939,__42-[NETClientConnection evaluateCrazyIvan46]_block_invoke CI46 - Hit by torpedo! QQ.10018 tc22499 119.81.102.227:80,E224,<*>[NETClientConnection evaluateCrazyIvan46]_block_invoke <*> - Hit by torpedo! <*> <*> <*>,1,__42-[netclientconnection <id> ]_block_invoke ci46 - hit by torpedo! <id> tc22499 <ip>,1,Mac_C0000806,1,1,__ 42-[netclientconnection <id>] _block_invoke ci 46-hit by torpedo! <id> tc 22499 <ip>,1,1,frequency_representative
50941,-[NETClientConnection evaluateCrazyIvan46] CI46 - Perform CrazyIvan46! QQ.10018 tc22500 123.151.137.101:80,E468,-[NETClientConnection <*>] <*> - Perform <*>! <*> <*> <*>,1,-[netclientconnection <id> ] ci46 - perform <id> ! <id> tc22500 <ip>,1,Mac_C0000807,1,1,- [netclientconnection <id>] ci 46-perform <id>! <id> tc 22500 <ip>,1,1,frequency_representative
50942,__42-[NETClientConnection evaluateCrazyIvan46]_block_invoke CI46 - Hit by torpedo! QQ.10018 tc22500 123.151.137.101:80,E224,<*>[NETClientConnection evaluateCrazyIvan46]_block_invoke <*> - Hit by torpedo! <*> <*> <*>,1,__42-[netclientconnection <id> ]_block_invoke ci46 - hit by torpedo! <id> tc22500 <ip>,1,Mac_C0000808,1,1,__ 42-[netclientconnection <id>] _block_invoke ci 46-hit by torpedo! <id> tc 22500 <ip>,1,1,frequency_representative
50944,-[NETClientConnection evaluateCrazyIvan46] CI46 - Perform CrazyIvan46! QQ.10018 tc22501 203.205.142.158:8080,E468,-[NETClientConnection <*>] <*> - Perform <*>! <*> <*> <*>,1,-[netclientconnection <id> ] ci46 - perform <id> ! <id> tc22501 <ip>,1,Mac_C0000809,1,1,- [netclientconnection <id>] ci 46-perform <id>! <id> tc 22501 <ip>,1,1,frequency_representative
50945,__42-[NETClientConnection evaluateCrazyIvan46]_block_invoke CI46 - Hit by torpedo! QQ.10018 tc22501 203.205.142.158:8080,E224,<*>[NETClientConnection evaluateCrazyIvan46]_block_invoke <*> - Hit by torpedo! <*> <*> <*>,1,__42-[netclientconnection <id> ]_block_invoke ci46 - hit by torpedo! <id> tc22501 <ip>,1,Mac_C0000810,1,1,__ 42-[netclientconnection <id>] _block_invoke ci 46-hit by torpedo! <id> tc 22501 <ip>,1,1,frequency_representative
50947,-[NETClientConnection evaluateCrazyIvan46] CI46 - Perform CrazyIvan46! QQ.10018 tc22502 14.215.138.110:80,E468,-[NETClientConnection <*>] <*> - Perform <*>! <*> <*> <*>,1,-[netclientconnection <id> ] ci46 - perform <id> ! <id> tc22502 <ip>,1,Mac_C0000811,1,1,- [netclientconnection <id>] ci 46-perform <id>! <id> tc 22502 <ip>,1,1,frequency_representative
50948,__42-[NETClientConnection evaluateCrazyIvan46]_block_invoke CI46 - Hit by torpedo! QQ.10018 tc22502 14.215.138.110:80,E224,<*>[NETClientConnection evaluateCrazyIvan46]_block_invoke <*> - Hit by torpedo! <*> <*> <*>,1,__42-[netclientconnection <id> ]_block_invoke ci46 - hit by torpedo! <id> tc22502 <ip>,1,Mac_C0000812,1,1,__ 42-[netclientconnection <id>] _block_invoke ci 46-hit by torpedo! <id> tc 22502 <ip>,1,1,frequency_representative
50950,-[NETClientConnection evaluateCrazyIvan46] CI46 - Perform CrazyIvan46! QQ.10018 tc22503 125.39.240.34:14000,E468,-[NETClientConnection <*>] <*> - Perform <*>! <*> <*> <*>,1,-[netclientconnection <id> ] ci46 - perform <id> ! <id> tc22503 <ip>,1,Mac_C0000813,1,1,- [netclientconnection <id>] ci 46-perform <id>! <id> tc 22503 <ip>,1,1,frequency_representative
50951,__42-[NETClientConnection evaluateCrazyIvan46]_block_invoke CI46 - Hit by torpedo! QQ.10018 tc22503 125.39.240.34:14000,E224,<*>[NETClientConnection evaluateCrazyIvan46]_block_invoke <*> - Hit by torpedo! <*> <*> <*>,1,__42-[netclientconnection <id> ]_block_invoke ci46 - hit by torpedo! <id> tc22503 <ip>,1,Mac_C0000814,1,1,__ 42-[netclientconnection <id>] _block_invoke ci 46-hit by torpedo! <id> tc 22503 <ip>,1,1,frequency_representative
50953,-[NETClientConnection evaluateCrazyIvan46] CI46 - Perform CrazyIvan46! QQ.10018 tc22504 183.192.200.44:443,E468,-[NETClientConnection <*>] <*> - Perform <*>! <*> <*> <*>,1,-[netclientconnection <id> ] ci46 - perform <id> ! <id> tc22504 <ip>,1,Mac_C0000815,1,1,- [netclientconnection <id>] ci 46-perform <id>! <id> tc 22504 <ip>,1,1,frequency_representative
50954,__42-[NETClientConnection evaluateCrazyIvan46]_block_invoke CI46 - Hit by torpedo! QQ.10018 tc22504 183.192.200.44:443,E224,<*>[NETClientConnection evaluateCrazyIvan46]_block_invoke <*> - Hit by torpedo! <*> <*> <*>,1,__42-[netclientconnection <id> ]_block_invoke ci46 - hit by torpedo! <id> tc22504 <ip>,1,Mac_C0000816,1,1,__ 42-[netclientconnection <id>] _block_invoke ci 46-hit by torpedo! <id> tc 22504 <ip>,1,1,frequency_representative
51190,Sandbox: Finder(4133) System Policy: deny(1) file-write-create /Volumes/Recovery HD/.Trashes/501,E308,Sandbox: Finder(<*>) System Policy: deny(<*>) file-write-create <*>,1,sandbox: finder( <num> ) system policy: deny( <num> ) file-write-create /volumes/recovery hd/.trashes/ <num>,1,Mac_C0000817,1,1,sandbox: finder (<num>) system policy: deny (<num>) file-write-create/volumes/recovery hd /. trashes/<num>,1,1,frequency_representative
52205,"PM response took 107 ms (28576, com.apple.WebKit)",E581,"PM response took <*> ms (<*>, <*>)",23,"pm response took <num> ms ( <num> , com.apple.webkit)",21,Mac_C0000818,22,24,"pm response took <num> ms (<num>, com. apple. <*>)",2,1,frequency_representative
52209,"PM response took 108 ms (17436, com.apple.appkit)",E581,"PM response took <*> ms (<*>, <*>)",1,"pm response took <num> ms ( <num> , com.apple.appkit)",1,Mac_C0000818,22,24,"pm response took <num> ms (<num>, com. apple. <*>)",2,2,complex_sample
52345,"notify name ""CKStatusReport"" has been registered 20 times - this may be a leak",E324,notify name <*> has been registered <*> times - this may be a leak,6,"notify name ""ckstatusreport"" has been registered <num> times - this may be a leak",6,Mac_C0000819,6,6,"notify name "" ckstatusreport "" has been registered <num> times-this may be a leak",1,1,frequency_representative
52360,#3f4ddf17 [I:AssetCacheLocatorService.queue] found no caching servers,E282,#<*> [I:AssetCacheLocatorService.queue] found no caching servers,1,# <id> [i:assetcachelocatorservice.queue] found no caching servers,1,Mac_C0000820,1,1,# <id> [i: assetcachelocatorservice. queue] found no caching servers,1,1,frequency_representative
52362,LaunchServices: Could not store lsd-identifiers file at /private/var/db/lsd/com.apple.lsdschemes.plist,E321,LaunchServices: Could not store lsd-identifiers file at <*>,12,launchservices: could not store lsd-identifiers file at <path>,1,Mac_C0000821,1,12,launchservices: could not store lsd-identifiers file at <path>,1,1,frequency_representative
53619,Cocoa scripting error for '0x00000000': four character codes must be four characters long.,E213,Cocoa scripting error for '<*>': four character codes must be four characters long.,3930,cocoa scripting error for ' <hex> ': four character codes must be four characters long.,3905,Mac_C0000822,3905,3930,cocoa scripting error for ' <hex> ': four character codes must be four characters long.,1,1,frequency_representative
56433,.sdef warning for argument 'FileType' of command 'save' in suite 'Standard Suite': 'saveable file format' is not a valid type name.,E259,.sdef warning for argument <*> of command <*> in suite <*>: <*> is not a valid type name.,1,.sdef warning for argument 'filetype' of command 'save' in suite 'standard suite': 'saveable file format' is not a valid type name.,1,Mac_C0000823,1,1,. sdef warning for argument ' filetype ' of command ' save ' in suite ' standard suite ': ' saveable file format ' is not a valid type name.,1,1,frequency_representative
56486,.sdef warning for argument '' of command 'space 1' in suite 'Text Suite': '4047' is not a valid type name.,E259,.sdef warning for argument <*> of command <*> in suite <*>: <*> is not a valid type name.,3,.sdef warning for argument '' of command 'space <num> ' in suite 'text suite': ' <num> ' is not a valid type name.,3,Mac_C0000824,27,27,. sdef warning for argument ' ' of command ' <*> <*> <*> <*> <*> <*> <*> suite ': ' <num> ' is not a valid type name.,3,1,frequency_representative
56465,.sdef warning for argument '' of command 'automatic length' in suite 'Drawing Suite': '4027' is not a valid type name.,E259,.sdef warning for argument <*> of command <*> in suite <*>: <*> is not a valid type name.,1,.sdef warning for argument '' of command 'automatic length' in suite 'drawing suite': ' <num> ' is not a valid type name.,1,Mac_C0000824,27,27,. sdef warning for argument ' ' of command ' <*> <*> <*> <*> <*> <*> <*> suite ': ' <num> ' is not a valid type name.,3,2,complex_sample
56443,.sdef warning for argument '' of command 'clear' in suite 'Microsoft Word Suite': '4012' is not a valid type name.,E259,.sdef warning for argument <*> of command <*> in suite <*>: <*> is not a valid type name.,1,.sdef warning for argument '' of command 'clear' in suite 'microsoft word suite': ' <num> ' is not a valid type name.,1,Mac_C0000824,27,27,. sdef warning for argument ' ' of command ' <*> <*> <*> <*> <*> <*> <*> suite ': ' <num> ' is not a valid type name.,3,3,diverse_sample
56435,.sdef warning for attribute 'automationSecurity' of class 'application' in suite 'Microsoft Word Suite': 'mAuS' is not a valid type name.,E269,.sdef warning for attribute <*> of class <*> in suite <*>: <*> is not a valid type name.,1,.sdef warning for attribute 'automationsecurity' of class 'application' in suite 'microsoft word suite': 'maus' is not a valid type name.,1,Mac_C0000825,17,17,. sdef warning for <*> ' <*> <*> <*> <*> <*> <*> ' in suite ' microsoft word suite ': ' <*> ' is not a valid type name.,3,1,frequency_representative
56444,.sdef warning for argument '' of command 'clear formatting' in suite 'Microsoft Word Suite': '4011' is not a valid type name.,E259,.sdef warning for argument <*> of command <*> in suite <*>: <*> is not a valid type name.,1,.sdef warning for argument '' of command 'clear formatting' in suite 'microsoft word suite': ' <num> ' is not a valid type name.,1,Mac_C0000825,17,17,. sdef warning for <*> ' <*> <*> <*> <*> <*> <*> ' in suite ' microsoft word suite ': ' <*> ' is not a valid type name.,3,2,complex_sample
56436,.sdef warning for attribute 'cells' of class 'revision' in suite 'Microsoft Word Suite': 'null' is not a valid type name.,E269,.sdef warning for attribute <*> of class <*> in suite <*>: <*> is not a valid type name.,1,.sdef warning for attribute 'cells' of class 'revision' in suite 'microsoft word suite': 'null' is not a valid type name.,1,Mac_C0000825,17,17,. sdef warning for <*> ' <*> <*> <*> <*> <*> <*> ' in suite ' microsoft word suite ': ' <*> ' is not a valid type name.,3,3,diverse_sample
56440,.sdef warning for argument '' of command 'can continue previous list' in suite 'Microsoft Word Suite': '4023' is not a valid type name.,E259,.sdef warning for argument <*> of command <*> in suite <*>: <*> is not a valid type name.,1,.sdef warning for argument '' of command 'can continue previous list' in suite 'microsoft word suite': ' <num> ' is not a valid type name.,1,Mac_C0000826,2,2,. sdef warning for argument ' ' of command ' <*> <*> <*> <*> ' in suite ' microsoft word suite ': ' <num> ' is not a valid type name.,2,1,frequency_representative
56445,.sdef warning for argument '' of command 'convert numbers to text' in suite 'Microsoft Word Suite': '4009' is not a valid type name.,E259,.sdef warning for argument <*> of command <*> in suite <*>: <*> is not a valid type name.,1,.sdef warning for argument '' of command 'convert numbers to text' in suite 'microsoft word suite': ' <num> ' is not a valid type name.,1,Mac_C0000826,2,2,. sdef warning for argument ' ' of command ' <*> <*> <*> <*> ' in suite ' microsoft word suite ': ' <num> ' is not a valid type name.,2,2,complex_sample
56447,.sdef warning for argument '' of command 'count numbered items' in suite 'Microsoft Word Suite': '4010' is not a valid type name.,E259,.sdef warning for argument <*> of command <*> in suite <*>: <*> is not a valid type name.,1,.sdef warning for argument '' of command 'count numbered items' in suite 'microsoft word suite': ' <num> ' is not a valid type name.,1,Mac_C0000827,4,4,. sdef warning for argument ' ' of command ' <*> <*> <*> ' in suite ' microsoft word suite ': ' <num> ' is not a valid type name.,2,1,frequency_representative
56456,.sdef warning for argument '' of command 'reset continuation separator' in suite 'Microsoft Word Suite': '4014' is not a valid type name.,E259,.sdef warning for argument <*> of command <*> in suite <*>: <*> is not a valid type name.,1,.sdef warning for argument '' of command 'reset continuation separator' in suite 'microsoft word suite': ' <num> ' is not a valid type name.,1,Mac_C0000827,4,4,. sdef warning for argument ' ' of command ' <*> <*> <*> ' in suite ' microsoft word suite ': ' <num> ' is not a valid type name.,2,2,complex_sample
56458,.sdef warning for argument 'textEncoding' of command 'save as' in suite 'Microsoft Word Suite': 'unsigned integer' is not a valid type name.,E259,.sdef warning for argument <*> of command <*> in suite <*>: <*> is not a valid type name.,1,.sdef warning for argument 'textencoding' of command 'save as' in suite 'microsoft word suite': 'unsigned integer' is not a valid type name.,1,Mac_C0000828,1,1,. sdef warning for argument ' textencoding ' of command ' save as ' in suite ' microsoft word suite ': ' unsigned integer ' is not a valid type name.,1,1,frequency_representative
56464,.sdef warning for attribute 'transparencyColor' of class 'picture format' in suite 'Drawing Suite': 'cRGBColor' is not a valid type name.,E269,.sdef warning for attribute <*> of class <*> in suite <*>: <*> is not a valid type name.,1,.sdef warning for attribute 'transparencycolor' of class 'picture format' in suite 'drawing suite': 'crgbcolor' is not a valid type name.,1,Mac_C0000829,1,1,. sdef warning for attribute ' transparencycolor ' of class ' picture format ' in suite ' drawing suite ': ' crgbcolor ' is not a valid type name.,1,1,frequency_representative
56468,.sdef warning for argument '' of command 'one color gradient' in suite 'Drawing Suite': '4031' is not a valid type name.,E259,.sdef warning for argument <*> of command <*> in suite <*>: <*> is not a valid type name.,1,.sdef warning for argument '' of command 'one color gradient' in suite 'drawing suite': ' <num> ' is not a valid type name.,1,Mac_C0000830,6,6,. sdef warning for argument ' ' of command ' <*> <*> <*> ' in suite ' <*> suite ': ' <num> ' is not a valid type name.,3,1,frequency_representative
56476,.sdef warning for argument '' of command 'two color gradient' in suite 'Drawing Suite': '4036' is not a valid type name.,E259,.sdef warning for argument <*> of command <*> in suite <*>: <*> is not a valid type name.,1,.sdef warning for argument '' of command 'two color gradient' in suite 'drawing suite': ' <num> ' is not a valid type name.,1,Mac_C0000830,6,6,. sdef warning for argument ' ' of command ' <*> <*> <*> ' in suite ' <*> suite ': ' <num> ' is not a valid type name.,3,2,complex_sample
56494,.sdef warning for argument '' of command 'set left indent' in suite 'Table Suite': '4058' is not a valid type name.,E259,.sdef warning for argument <*> of command <*> in suite <*>: <*> is not a valid type name.,1,.sdef warning for argument '' of command 'set left indent' in suite 'table suite': ' <num> ' is not a valid type name.,1,Mac_C0000830,6,6,. sdef warning for argument ' ' of command ' <*> <*> <*> ' in suite ' <*> suite ': ' <num> ' is not a valid type name.,3,3,diverse_sample
56469,.sdef warning for argument '' of command 'patterned' in suite 'Drawing Suite': '4032' is not a valid type name.,E259,.sdef warning for argument <*> of command <*> in suite <*>: <*> is not a valid type name.,1,.sdef warning for argument '' of command 'patterned' in suite 'drawing suite': ' <num> ' is not a valid type name.,1,Mac_C0000831,3,3,. sdef warning for argument ' ' of command ' <*> ' in suite ' <*> suite ': ' <num> ' is not a valid type name.,2,1,frequency_representative
56475,.sdef warning for argument '' of command 'solid' in suite 'Drawing Suite': '4035' is not a valid type name.,E259,.sdef warning for argument <*> of command <*> in suite <*>: <*> is not a valid type name.,1,.sdef warning for argument '' of command 'solid' in suite 'drawing suite': ' <num> ' is not a valid type name.,1,Mac_C0000831,3,3,. sdef warning for argument ' ' of command ' <*> ' in suite ' <*> suite ': ' <num> ' is not a valid type name.,2,2,complex_sample
56482,.sdef warning for argument '' of command 'indent first line char width' in suite 'Text Suite': '4051' is not a valid type name.,E259,.sdef warning for argument <*> of command <*> in suite <*>: <*> is not a valid type name.,1,.sdef warning for argument '' of command 'indent first line char width' in suite 'text suite': ' <num> ' is not a valid type name.,1,Mac_C0000832,1,1,. sdef warning for argument ' ' of command ' indent first line char width ' in suite ' text suite ': ' <num> ' is not a valid type name.,1,1,frequency_representative
56483,.sdef warning for argument '' of command 'open or close up' in suite 'Text Suite': '4043' is not a valid type name.,E259,.sdef warning for argument <*> of command <*> in suite <*>: <*> is not a valid type name.,1,.sdef warning for argument '' of command 'open or close up' in suite 'text suite': ' <num> ' is not a valid type name.,1,Mac_C0000833,4,4,. sdef warning for argument ' ' of command ' <*> <*> <*> <*> ' in suite ' <*> suite ': ' <num> ' is not a valid type name.,2,1,frequency_representative
56495,.sdef warning for argument '' of command 'set table item height' in suite 'Table Suite': '4057' is not a valid type name.,E259,.sdef warning for argument <*> of command <*> in suite <*>: <*> is not a valid type name.,1,.sdef warning for argument '' of command 'set table item height' in suite 'table suite': ' <num> ' is not a valid type name.,1,Mac_C0000833,4,4,. sdef warning for argument ' ' of command ' <*> <*> <*> <*> ' in suite ' <*> suite ': ' <num> ' is not a valid type name.,2,2,complex_sample
56726,Using your own bundle identifier as an NSUserDefaults suite name does not make sense and will not work. Break on _NSUserDefaults_Log_Nonsensical_Suites to find this,E37,Using your own bundle identifier as an NSUserDefaults suite name does not make sense and will not work. Break on _NSUserDefaults_Log_Nonsensical_Suites to find this,3,using your own bundle identifier as an nsuserdefaults suite name does not make sense and will not work. break on _nsuserdefaults_log_nonsensical_suites to find this,1,Mac_C0000834,1,3,using your own bundle identifier as an nsuserdefaults suite name does not make sense and will not work. break on _nsuserdefaults_log_nonsensical_suites to find this,1,1,frequency_representative
56746,[23:50:57.514] FigAtomStreamAdvanceToNextAtomWithType signalled err=-12894 (kFigAtomStream_BadLengthInAtom) (Atom had a bogus length) at /Library/Caches/com.apple.xbs/Sources/CoreMedia_frameworks/CoreMedia-1731.15.207/Sources/Utilities/FigAtomStream.c line 703,E156,[<*>] FigAtomStreamAdvanceToNextAtomWithType signalled err=<*> (<*>) (Atom had a bogus length) at <*> line <*>,9,[ <ip> . <num> ] figatomstreamadvancetonextatomwithtype signalled err= <num> (kfigatomstream_badlengthinatom) (atom had a bogus length) at <path> <id> <path> line <num>,3,Mac_C0000835,3,9,[<ip>. <num>] figatomstreamadvancetonextatomwithtype signalled err = <num> (kfigatomstream_badlengthinatom) (atom had a bogus length) at <path> <id> <path> line <num>,1,1,frequency_representative
56752,"[23:50:57.517] <<< FFR_Common >>> FigFormatReaderCreateForStreamReturningMatchingContainerLabelType: *** Could not find format reader for URL ""file:///Users/xpc/Desktop/%5BKamigami%5D%20Sword%20Art%20Online%20%5BBDrip%201920x1080%20x264%20FLAC%20MKV%20Sub(Chs,Jap)%5D/%5BKamigami%5D%20Sword%20Art%20Online%20-%2003%20%5BBDrip%201920x1080%20x264%20FLAC%5D.mkv"" path ""/Users/xpc/Desktop/[Kamigami] Sword Art Online [BDrip 1920x1080 x264 FLAC MKV Sub(Chs,Jap)]/[Kamigami] Sword Art Online - 03 [BDrip 1920x1080 x264 FLAC].mkv"" extension ""mkv"" FileType '' MIMETYPE ""(null)"" SuggFileName ""(null)"" SuggNameExtension ""(null)""",E19,"[<*>] <<< FFR_Common >>> FigFormatReaderCreateForStreamReturningMatchingContainerLabelType: *** Could not find format reader for URL <*> path <*> extension <*> FileType '' MIMETYPE ""(<*>)"" SuggFileName ""(<*>)"" SuggNameExtension ""(<*>)""",12,"[ <ip> . <num> ] <<< ffr_common >>> figformatreadercreateforstreamreturningmatchingcontainerlabeltype: *** could not find format reader for url ""file:// <path> (chs,jap)%5d/% <id> %5d%20sword%20art% <id> % <num> -% <num> % <num> %5bbdrip% <id> %20x264%20flac%5d.mkv"" path "" <path> [kamigami] sword art online [bdrip <id> x264 flac mkv sub(chs,jap)]/[kamigami] sword art online - <num> [bdrip <id> x264 flac].mkv"" extension ""mkv"" filetype '' mimetype ""(null)"" suggfilename ""(null)"" suggnameextension ""(null)""",12,Mac_C0000836,12,12,"[<ip>. <num>] < < <ffr_common> > > figformatreadercreateforstreamreturningmatchingcontainerlabeltype: * * * could not find format reader for url "" file:// <path> (chs, jap) % 5 d/% <id> % 5 d % 20 sword % 20 art % <id> % <num>-% <num> % <num> % 5 bbdrip % <id> % 20 x 264 % 20 flac % 5 d. mkv "" path "" <path> [kamigami] sword art online [bdrip <id> x 264 flac mkv sub (chs, jap)]/[kamigami] sword art online-<num> [bdrip <id> x 264 flac]. mkv "" extension "" mkv "" filetype ' ' mimetype "" (null) "" suggfilename "" (null) "" suggnameextension "" (null) """,1,1,frequency_representative
56778,Got xpc error message in libspindump client connection: Connection invalid,E234,Got xpc error message in libspindump client connection: Connection invalid,1,got xpc error message in libspindump client connection: connection invalid,1,Mac_C0000837,1,1,got xpc error message in libspindump client connection: connection invalid,1,1,frequency_representative
56780,Service exited due to signal: Segmentation fault: 11,E359,Service exited due to signal: Segmentation fault: <*>,1,service exited due to signal: segmentation fault: <num>,1,Mac_C0000838,1,1,service exited due to signal: segmentation fault: <num>,1,1,frequency_representative
56786,"BUG in libdispatch client: kevent[EVFILT_MEMORYSTATUS] add: ""Operation not supported"" - 0x2d",E170,"BUG in libdispatch client: kevent[EVFILT_MEMORYSTATUS] add: ""Operation not supported"" - <*>",2,"bug in libdispatch client: kevent[evfilt_memorystatus] add: ""operation not supported"" - <hex>",1,Mac_C0000839,1,2,"bug in libdispatch client: kevent [evfilt_memorystatus] add: "" operation not supported ""-<hex>",1,1,frequency_representative
56787,objc[35391]: Class TSUDateFormatter_FormatterCache is implemented in both /Library/QuickLook/iWork.qlgenerator/Contents/MacOS/iWork and /System/Library/PrivateFrameworks/OfficeImport.framework/Versions/A/OfficeImport. One of the two will be used. Which one is undefined.,E176,objc[<*>]: Class <*> is implemented in both <*> and <*>. One of the two will be used. Which one is undefined.,2,objc[ <num> ]: class tsudateformatter_formattercache is implemented in both <path> and <path> one of the two will be used. which one is undefined.,2,Mac_C0000840,38,38,objc [<num>]: class <*> is implemented in both <path> and <path> one of the two will be used. which one is undefined.,3,1,frequency_representative
56794,objc[35391]: Class TSUFormatUtilities_LocaleSpecificStorage is implemented in both /Library/QuickLook/iWork.qlgenerator/Contents/MacOS/iWork and /System/Library/PrivateFrameworks/OfficeImport.framework/Versions/A/OfficeImport. One of the two will be used. Which one is undefined.,E176,objc[<*>]: Class <*> is implemented in both <*> and <*>. One of the two will be used. Which one is undefined.,2,objc[ <num> ]: class tsuformatutilities_localespecificstorage is implemented in both <path> and <path> one of the two will be used. which one is undefined.,2,Mac_C0000840,38,38,objc [<num>]: class <*> is implemented in both <path> and <path> one of the two will be used. which one is undefined.,3,2,complex_sample
56789,objc[35391]: Class TSULocale is implemented in both /Library/QuickLook/iWork.qlgenerator/Contents/MacOS/iWork and /System/Library/PrivateFrameworks/OfficeImport.framework/Versions/A/OfficeImport. One of the two will be used. Which one is undefined.,E176,objc[<*>]: Class <*> is implemented in both <*> and <*>. One of the two will be used. Which one is undefined.,2,objc[ <num> ]: class tsulocale is implemented in both <path> and <path> one of the two will be used. which one is undefined.,2,Mac_C0000840,38,38,objc [<num>]: class <*> is implemented in both <path> and <path> one of the two will be used. which one is undefined.,3,3,diverse_sample
56851,Saved crash report for Finder[4133] version 10.11.4 (10.11.4) to /Users/xpc/Library/Logs/DiagnosticReports/Finder_2017-07-04-235059_authorMacBook-Pro.crash,E406,Saved crash report for Finder[<*>] version <*> (<*>) to <*>,1,saved crash report for finder[ <num> ] version <num> . <num> ( <num> . <num> ) to <path>,1,Mac_C0000841,1,1,saved crash report for finder [<num>] version <num>. <num> (<num>. <num>) to <path>,1,1,frequency_representative
56989,"[QL] No sandbox token for request <QLThumbnailRequest SleepWakeStacks.bin>, it will probably fail",E334,"[QL] No sandbox token for request <*>, it will probably fail",1,"[ql] no sandbox token for request <qlthumbnailrequest sleepwakestacks.bin>, it will probably fail",1,Mac_C0000842,1,1,"[ql] no sandbox token for request < qlthumbnailrequest sleepwakestacks. bin >, it will probably fail",1,1,frequency_representative
56990,"[QL] No sandbox token for thumbnail request file:///private/var/log/SleepWakeStacks.bin, it will probably fail",E283,"[QL] No sandbox token for thumbnail request <*>, it will probably fail",5,"[ql] no sandbox token for thumbnail request file:// <path> , it will probably fail",5,Mac_C0000843,5,5,"[ql] no sandbox token for thumbnail request file:// <path>, it will probably fail",1,1,frequency_representative
57009,QLStephen: Could not determine attribtues of file file:///private/var/vm/sleepimage,E361,QLStephen: Could not determine attribtues of file <*>,3,qlstephen: could not determine attribtues of file file:// <path>,2,Mac_C0000844,2,3,qlstephen: could not determine attribtues of file file:// <path>,1,1,frequency_representative
57008,"[QL] No sandbox token for request <QLPreviewRequest file:///private/var/vm/sleepimage>, it will probably fail",E334,"[QL] No sandbox token for request <*>, it will probably fail",1,"[ql] no sandbox token for request <qlpreviewrequest file:// <path> >, it will probably fail",1,Mac_C0000845,1,1,"[ql] no sandbox token for request < qlpreviewrequest file:// <path> >, it will probably fail",1,1,frequency_representative
94111,"[QL] No sandbox token for request <QLThumbnailRequest vmware-usbarb-486.log>, it will probably fail",E334,"[QL] No sandbox token for request <*>, it will probably fail",3,"[ql] no sandbox token for request <qlthumbnailrequest <id> >, it will probably fail",3,Mac_C0000846,4,4,"[ql] no sandbox token for request < qlthumbnailrequest <*> >, it will probably fail",2,1,frequency_representative
57010,"[QL] No sandbox token for request <QLThumbnailRequest sleepimage>, it will probably fail",E334,"[QL] No sandbox token for request <*>, it will probably fail",1,"[ql] no sandbox token for request <qlthumbnailrequest sleepimage>, it will probably fail",1,Mac_C0000846,4,4,"[ql] no sandbox token for request < qlthumbnailrequest <*> >, it will probably fail",2,2,complex_sample
57012,QuickLookUIHelpe(35508) deny file-read-data /private/var/vm/sleepimage,E429,QuickLookUIHelpe(<*>) deny file-read-data <*>,1,quicklookuihelpe( <num> ) deny file-read-data <path>,1,Mac_C0000847,1,1,quicklookuihelpe (<num>) deny file-read-data <path>,1,1,frequency_representative
57030,00:03:06.244 : Hash <011bcf00 00000000 0000> exists in contacts,E564,<*> : Hash <*> exists in contacts,6,<ip> . <num> : hash < <id> <num> <num> > exists in contacts,6,Mac_C0000848,6,6,<ip>. <num>: hash < <id> <num> <num> > exists in contacts,1,1,frequency_representative
57032,00:03:06.378 : AirDrop server enabled on port 8770,E513,<*> : AirDrop server enabled on port <*>,1,<ip> . <num> : airdrop server enabled on port <num>,1,Mac_C0000849,1,1,<ip>. <num>: airdrop server enabled on port <num>,1,1,frequency_representative
57033,"ARPT: 716860.355117: AWDL Sync Enabled 1, data path state[1]",E418,"ARPT: <*>: AWDL Sync Enabled <*>, data path state[<*>]",2,"arpt: <num> : awdl sync enabled <num> , data path state[ <num> ]",2,Mac_C0000850,2,2,"arpt: <num>: awdl sync enabled <num>, data path state [<num>]",1,1,frequency_representative
57034,00:03:06.390 : Bonjour advertise 7207214ed3e7 started,E536,<*> : Bonjour advertise <*> started,1,<ip> . <num> : bonjour advertise <hex> started,1,Mac_C0000851,1,1,<ip>. <num>: bonjour advertise <hex> started,1,1,frequency_representative
57035,"IO80211AWDLMulticastPeer::transmitSuccess(): Alert. Expecting to receive tx status for sequence 9659, got 19443",E122,"IO80211AWDLMulticastPeer::transmitSuccess(): Alert. Expecting to receive tx status for sequence <*>, got <*>",1,"<id> (): alert. expecting to receive tx status for sequence <num> , got <num>",1,Mac_C0000852,1,1,"<id> (): alert. expecting to receive tx status for sequence <num>, got <num>",1,1,frequency_representative
57072,00:04:54.147 : AirDrop server idle timeout,E587,<*> : <*> server idle timeout,1,<ip> . <num> : airdrop server idle timeout,1,Mac_C0000853,1,1,<ip>. <num>: airdrop server idle timeout,1,1,frequency_representative
57073,00:04:54.147 : AirDrop server disabled,E551,<*> : AirDrop server disabled,1,<ip> . <num> : airdrop server disabled,1,Mac_C0000854,1,1,<ip>. <num>: airdrop server disabled,1,1,frequency_representative
57078,00:04:54.559 : Terminate AirDrop P2P link,E532,<*> : Terminate AirDrop P2P link,1,<ip> . <num> : terminate airdrop p2p link,1,Mac_C0000855,1,1,<ip>. <num>: terminate airdrop p 2 p link,1,1,frequency_representative
57080,IO80211AWDLPeerManager::monitorAWDLState Disabling AWDL due to no services and no active sockets,E140,IO80211AWDLPeerManager::monitorAWDLState Disabling AWDL due to no services and no active sockets,1,<id> disabling awdl due to no services and no active sockets,1,Mac_C0000856,1,1,<id> disabling awdl due to no services and no active sockets,1,1,frequency_representative
57208,"[00:17:47.821] HTTPRequest figHttpRequestDidFailCallback: Network error: domain=kCFErrorDomainCFNetwork, code=-1009, Error Domain=kCFErrorDomainCFNetwork Code=-1009 ""?????????????"" UserInfo={NSErrorFailingURLStringKey=http://183.91.33.51/gslb.miaopai.com/stream/5wPghFxoaDQBdZdgIHMvgaFw2huL8GeX.mp4?yx=&refer=weibo_app&Expires=1499242621&ssig=aibi0PZbJO&KID=unistore,video, NSErrorFailingURLKey=http://183.91.33.51/gslb.miaopai.com/stream/5wPghFxoaDQBdZdgIHMvgaFw2huL8GeX.mp4?yx=&refer=weibo_app&Expires=1499242621&ssig=aibi0PZbJO&KID=unistore,video, _kCFStreamErrorCodeKey=57, _kCFStreamErrorDomainKey=1, NSLocalizedDescription=?????????????} for http://183.91.33.51/gslb.miaopai.com/stream/5wPghFxoaDQBdZdgIHMvgaFw2huL8GeX.mp4?yx=&refer=weibo_app&Expires=1499242621&ssig=aibi0PZbJO&KID=unistore,video",E13,"[<*>] HTTPRequest figHttpRequestDidFailCallback: Network error: domain=<*>, code=<*>, Error Domain=<*> Code=<*> <*> UserInfo={NSErrorFailingURLStringKey=<*>, NSErrorFailingURLKey=<*>, _kCFStreamErrorCodeKey=<*>, _kCFStreamErrorDomainKey=<*>, NSLocalizedDescription=<*>} for <*>",4,"[ <ip> . <num> ] httprequest fighttprequestdidfailcallback: network error: domain=kcferrordomaincfnetwork, code= <num> , error domain=kcferrordomaincfnetwork code= <num> ""?????????????"" userinfo={nserrorfailingurlstringkey= <url> nserrorfailingurlkey= <url> _kcfstreamerrorcodekey= <num> , _kcfstreamerrordomainkey= <num> , nslocalizeddescription=?????????????} for <url>",4,Mac_C0000857,4,4,"[<ip>. <num>] httprequest fighttprequestdidfailcallback: network error: domain = kcferrordomaincfnetwork, code = <num>, error domain = kcferrordomaincfnetwork code = <num> ""????????????? "" userinfo = {nserrorfailingurlstringkey = <url> nserrorfailingurlkey = <url> _kcfstreamerrorcodekey = <num>, _kcfstreamerrordomainkey = <num>, nslocalizeddescription =?????????????} for <url>",1,1,frequency_representative
57209,"[00:17:47.821] <<< CFByteFlume >>> FigCFHTTPReadResponse: [0x7f9e9b634e00] New network problem detected, error = Error Domain=kCFErrorDomainCFNetwork Code=-1009 ""?????????????"" UserInfo={NSErrorFailingURLStringKey=http://183.91.33.51/gslb.miaopai.com/stream/5wPghFxoaDQBdZdgIHMvgaFw2huL8GeX.mp4?yx=&refer=weibo_app&Expires=1499242621&ssig=aibi0PZbJO&KID=unistore,video, NSErrorFailingURLKey=http://183.91.33.51/gslb.miaopai.com/stream/5wPghFxoaDQBdZdgIHMvgaFw2huL8GeX.mp4?yx=&refer=weibo_app&Expires=1499242621&ssig=aibi0PZbJO&KID=unistore,video, _kCFStreamErrorCodeKey=57, _kCFStreamErrorDomainKey=1, NSLocalizedDescription=?????????????}",E12,"[<*>] <<< CFByteFlume >>> FigCFHTTPReadResponse: [<*>] New network problem detected, error = Error Domain=<*> Code=<*> <*> UserInfo={NSErrorFailingURLStringKey=<*>, NSErrorFailingURLKey=<*>, _kCFStreamErrorCodeKey=<*>, _kCFStreamErrorDomainKey=<*>, NSLocalizedDescription=<*>}",4,"[ <ip> . <num> ] <<< cfbyteflume >>> figcfhttpreadresponse: [ <hex> ] new network problem detected, error = error domain=kcferrordomaincfnetwork code= <num> ""?????????????"" userinfo={nserrorfailingurlstringkey= <url> nserrorfailingurlkey= <url> _kcfstreamerrorcodekey= <num> , _kcfstreamerrordomainkey= <num> , nslocalizeddescription=?????????????}",4,Mac_C0000858,4,4,"[<ip>. <num>] < < <cfbyteflume> > > figcfhttpreadresponse: [<hex>] new network problem detected, error = error domain = kcferrordomaincfnetwork code = <num> ""????????????? "" userinfo = {nserrorfailingurlstringkey = <url> nserrorfailingurlkey = <url> _kcfstreamerrorcodekey = <num>, _kcfstreamerrordomainkey = <num>, nslocalizeddescription =?????????????}",1,1,frequency_representative
57236,[00:17:48.298] <<<< CRABS >>>> crabsDoJump: [0x7f9e9b5cfe30] thread 0x700000841000 crabsMoveFirehose failed for block 122,E230,[<*>] <<<< CRABS >>>> crabsDoJump: [<*>] thread <*> crabsMoveFirehose failed for block <*>,2,[ <ip> . <num> ] <<<< crabs >>>> crabsdojump: [ <hex> ] thread <hex> crabsmovefirehose failed for block <num>,2,Mac_C0000859,2,2,[<ip>. <num>] < < < <crabs> > > > crabsdojump: [<hex>] thread <hex> crabsmovefirehose failed for block <num>,1,1,frequency_representative
57348,-[NETClientConnection evaluateCrazyIvan46] CI46 - Perform CrazyIvan46! NeteaseMusic.17988 tc9983 103.251.128.144:80,E468,-[NETClientConnection <*>] <*> - Perform <*>! <*> <*> <*>,1,-[netclientconnection <id> ] ci46 - perform <id> ! <id> tc9983 <ip>,1,Mac_C0000860,1,1,- [netclientconnection <id>] ci 46-perform <id>! <id> tc 9983 <ip>,1,1,frequency_representative
57350,-[NETClientConnection evaluateCrazyIvan46] CI46 - Perform CrazyIvan46! QQ.10018 tc22672 184.105.67.74:8080,E468,-[NETClientConnection <*>] <*> - Perform <*>! <*> <*> <*>,1,-[netclientconnection <id> ] ci46 - perform <id> ! <id> tc22672 <ip>,1,Mac_C0000861,1,1,- [netclientconnection <id>] ci 46-perform <id>! <id> tc 22672 <ip>,1,1,frequency_representative
57352,-[NETClientConnection evaluateCrazyIvan46] CI46 - Perform CrazyIvan46! com.apple.WebKi.35435 tc17 183.91.33.51:80,E468,-[NETClientConnection <*>] <*> - Perform <*>! <*> <*> <*>,1,-[netclientconnection <id> ] ci46 - perform <id> ! com. <id> tc17 <ip>,1,Mac_C0000862,1,1,- [netclientconnection <id>] ci 46-perform <id>! com. <id> tc 17 <ip>,1,1,frequency_representative
57354,__42-[NETClientConnection evaluateCrazyIvan46]_block_invoke CI46 - Hit by torpedo! NeteaseMusic.17988 tc9983 103.251.128.144:80,E224,<*>[NETClientConnection evaluateCrazyIvan46]_block_invoke <*> - Hit by torpedo! <*> <*> <*>,1,__42-[netclientconnection <id> ]_block_invoke ci46 - hit by torpedo! <id> tc9983 <ip>,1,Mac_C0000863,1,1,__ 42-[netclientconnection <id>] _block_invoke ci 46-hit by torpedo! <id> tc 9983 <ip>,1,1,frequency_representative
57356,__42-[NETClientConnection evaluateCrazyIvan46]_block_invoke CI46 - Hit by torpedo! QQ.10018 tc22672 184.105.67.74:8080,E224,<*>[NETClientConnection evaluateCrazyIvan46]_block_invoke <*> - Hit by torpedo! <*> <*> <*>,1,__42-[netclientconnection <id> ]_block_invoke ci46 - hit by torpedo! <id> tc22672 <ip>,1,Mac_C0000864,1,1,__ 42-[netclientconnection <id>] _block_invoke ci 46-hit by torpedo! <id> tc 22672 <ip>,1,1,frequency_representative
57357,__42-[NETClientConnection evaluateCrazyIvan46]_block_invoke CI46 - Hit by torpedo! com.apple.WebKi.35435 tc17 183.91.33.51:80,E224,<*>[NETClientConnection evaluateCrazyIvan46]_block_invoke <*> - Hit by torpedo! <*> <*> <*>,1,__42-[netclientconnection <id> ]_block_invoke ci46 - hit by torpedo! com. <id> tc17 <ip>,1,Mac_C0000865,1,1,__ 42-[netclientconnection <id>] _block_invoke ci 46-hit by torpedo! com. <id> tc 17 <ip>,1,1,frequency_representative
57360,[00:18:01.904] <<< CFByteFlume >>> fbf_TCPConnEventHandler: [0x7f9e9b634e00] tcp_connection failed during reconnection attempt: error = 50,E108,[<*>] <<< CFByteFlume >>> fbf_TCPConnEventHandler: [<*>] tcp_connection failed during reconnection attempt: error = <*>,1,[ <ip> . <num> ] <<< cfbyteflume >>> fbf_tcpconneventhandler: [ <hex> ] tcp_connection failed during reconnection attempt: error = <num>,1,Mac_C0000866,1,1,[<ip>. <num>] < < <cfbyteflume> > > fbf_tcpconneventhandler: [<hex>] tcp_connection failed during reconnection attempt: error = <num>,1,1,frequency_representative
57361,-[NETClientConnection evaluateCrazyIvan46] CI46 - Perform CrazyIvan46! QQ.10018 tc22675 161.202.224.155:8080,E468,-[NETClientConnection <*>] <*> - Perform <*>! <*> <*> <*>,1,-[netclientconnection <id> ] ci46 - perform <id> ! <id> tc22675 <ip>,1,Mac_C0000867,1,1,- [netclientconnection <id>] ci 46-perform <id>! <id> tc 22675 <ip>,1,1,frequency_representative
57362,__42-[NETClientConnection evaluateCrazyIvan46]_block_invoke CI46 - Hit by torpedo! QQ.10018 tc22675 161.202.224.155:8080,E224,<*>[NETClientConnection evaluateCrazyIvan46]_block_invoke <*> - Hit by torpedo! <*> <*> <*>,1,__42-[netclientconnection <id> ]_block_invoke ci46 - hit by torpedo! <id> tc22675 <ip>,1,Mac_C0000868,1,1,__ 42-[netclientconnection <id>] _block_invoke ci 46-hit by torpedo! <id> tc 22675 <ip>,1,1,frequency_representative
57396,[00:18:32.204] <<< CFByteFlume >>> fbf_TCPConnEventHandler: [0x7f9e9b634e00] tcp_connection succeeded in reconnection attempt. Network problem appears to be resolved.,E58,[<*>] <<< CFByteFlume >>> fbf_TCPConnEventHandler: <*> tcp_connection succeeded in reconnection attempt. Network problem appears to be resolved.,4,[ <ip> . <num> ] <<< cfbyteflume >>> fbf_tcpconneventhandler: [ <hex> ] tcp_connection succeeded in reconnection attempt. network problem appears to be resolved.,4,Mac_C0000869,4,4,[<ip>. <num>] < < <cfbyteflume> > > fbf_tcpconneventhandler: [<hex>] tcp_connection succeeded in reconnection attempt. network problem appears to be resolved.,1,1,frequency_representative
57402,[00:19:32.211] <<< CFByteFlume >>> fbf_ResumeRetryAttempt: [0x7f9e9b634e00] Reconnection attempt already in progress. Leave it alone. (Unexpected race condition?),E70,[<*>] <<< CFByteFlume >>> fbf_ResumeRetryAttempt: <*> Reconnection attempt already in progress. Leave it alone. (Unexpected race condition?),2,[ <ip> . <num> ] <<< cfbyteflume >>> fbf_resumeretryattempt: [ <hex> ] reconnection attempt already in progress. leave it alone. (unexpected race condition?),2,Mac_C0000870,2,2,[<ip>. <num>] < < <cfbyteflume> > > fbf_resumeretryattempt: [<hex>] reconnection attempt already in progress. leave it alone. (unexpected race condition?),1,1,frequency_representative
57407,SIO_CRABS siocrabsFinishUnlocked: abandoned stream; cancelling remaining requests,E181,SIO_CRABS siocrabsFinishUnlocked: abandoned stream; cancelling remaining requests,2,sio_crabs siocrabsfinishunlocked: abandoned stream; cancelling remaining requests,1,Mac_C0000871,1,2,sio_crabs siocrabsfinishunlocked: abandoned stream; cancelling remaining requests,1,1,frequency_representative
57424,[00:20:11.786] <<<< CRABS >>>> crabsWaitForLoad: [0x7f9e9b5cfe30] Wait time out - -1001 (msRequestTimeout -1),E252,[<*>] <<<< CRABS >>>> crabsWaitForLoad: <*> Wait time out - <*> (msRequestTimeout <*>),8,[ <ip> . <num> ] <<<< crabs >>>> crabswaitforload: [ <hex> ] wait time out - <num> (msrequesttimeout <num> ),8,Mac_C0000872,8,8,[<ip>. <num>] < < < <crabs> > > > crabswaitforload: [<hex>] wait time out-<num> (msrequesttimeout <num>),1,1,frequency_representative
57468,"Google Chrome[35628] triggered unnest of range 0x7fff93c00000->0x7fff93e00000 of DYLD shared region in VM map 0x77c91145437b816b. While not abnormal for debuggers, this increases system memory footprint until the target exits.",E34,"Google Chrome[<*>] triggered unnest of range <*>-<*> of DYLD shared region in VM map <*>. While not abnormal for debuggers, this increases system memory footprint until the target exits.",1,"google chrome[ <num> ] triggered unnest of range <hex> -> <hex> of dyld shared region in vm map <hex> . while not abnormal for debuggers, this increases system memory footprint until the target exits.",1,Mac_C0000873,1,1,"google chrome [<num>] triggered unnest of range <hex>-> <hex> of dyld shared region in vm map <hex>. while not abnormal for debuggers, this increases system memory footprint until the target exits.",1,1,frequency_representative
57469,2017-07-05 00:21:00.223 ksinstall[35632/0xa4388000] [lvl=2] -[KeystoneInstallTool main] Google Software Update installer started.,E166,<*> <*> ksinstall[<*>] [lvl=<*>] -[KeystoneInstallTool main] Google Software Update installer started.,1,<date> <ip> . <num> ksinstall[ <num> / <hex> ] [lvl= <num> ] -[keystoneinstalltool main] google software update installer started.,1,Mac_C0000874,1,1,<date> <ip>. <num> ksinstall [<num>/<hex>] [lvl = <num>]-[keystoneinstalltool main] google software update installer started.,1,1,frequency_representative
57470,2017-07-05 00:21:00.251 ksinstall[35632/0xa4388000] [lvl=2] -[KeystoneInstallTool main] Google Software Update installer starting Installation.,E115,<*> <*> ksinstall[<*>] [lvl=<*>] -[KeystoneInstallTool main] Google Software Update installer starting Installation.,1,<date> <ip> . <num> ksinstall[ <num> / <hex> ] [lvl= <num> ] -[keystoneinstalltool main] google software update installer starting installation.,1,Mac_C0000875,1,1,<date> <ip>. <num> ksinstall [<num>/<hex>] [lvl = <num>]-[keystoneinstalltool main] google software update installer starting installation.,1,1,frequency_representative
57471,2017-07-05 00:21:00.253 ksinstall[35632/0xa4388000] [lvl=2] -[KeystoneInstallBackend install] Google Software Update attempting to install.,E131,<*> <*> ksinstall[<*>] [lvl=<*>] -[KeystoneInstallBackend install] Google Software Update attempting to install.,1,<date> <ip> . <num> ksinstall[ <num> / <hex> ] [lvl= <num> ] -[keystoneinstallbackend install] google software update attempting to install.,1,Mac_C0000876,1,1,<date> <ip>. <num> ksinstall [<num>/<hex>] [lvl = <num>]-[keystoneinstallbackend install] google software update attempting to install.,1,1,frequency_representative
57472,"Google Chrome He[35634] triggered unnest of range 0x7fff93c00000->0x7fff93e00000 of DYLD shared region in VM map 0x77c91145437b854b. While not abnormal for debuggers, this increases system memory footprint until the target exits.",E35,"Google Chrome <*> triggered unnest of range <*>-<*> of DYLD shared region in VM map <*>. While not abnormal for debuggers, this increases system memory footprint until the target exits.",149,"google chrome he[ <num> ] triggered unnest of range <hex> -> <hex> of dyld shared region in vm map <hex> . while not abnormal for debuggers, this increases system memory footprint until the target exits.",149,Mac_C0000877,149,149,"google chrome he [<num>] triggered unnest of range <hex>-> <hex> of dyld shared region in vm map <hex>. while not abnormal for debuggers, this increases system memory footprint until the target exits.",1,1,frequency_representative
57473,NSWindow warning: adding an unknown subview: <FullSizeContentView: 0x7f8ee9f37410>. Break on NSLog to debug.,E151,NSWindow warning: adding an unknown subview: <FullSizeContentView: <*>. Break on NSLog to debug.,1,nswindow warning: adding an unknown subview: <fullsizecontentview: <hex> >. break on nslog to debug.,1,Mac_C0000878,1,1,nswindow warning: adding an unknown subview: < fullsizecontentview: <hex> >. break on nslog to debug.,1,1,frequency_representative
57474,Call stack:,E618,Call stack:,1,call stack:,1,Mac_C0000879,1,1,call stack:,1,1,frequency_representative
57475,2017-07-05 00:21:00.548 ksinstall[35632/0xa4388000] [lvl=2] -[KeystoneInstallBackend shouldInstallWithVersion:error:] Google Software Update found version that is the same or newer: 1.2.8.57.,E50,<*> <*> ksinstall[<*>] [lvl=<*>] -[KeystoneInstallBackend shouldInstallWithVersion:error:] Google Software Update found version that is the same or newer: <*>.,1,<date> <ip> . <num> ksinstall[ <num> / <hex> ] [lvl= <num> ] -[keystoneinstallbackend shouldinstallwithversion:error:] google software update found version that is the same or newer: <ip> .,1,Mac_C0000880,1,1,<date> <ip>. <num> ksinstall [<num>/<hex>] [lvl = <num>]-[keystoneinstallbackend shouldinstallwithversion: error:] google software update found version that is the same or newer: <ip>.,1,1,frequency_representative
57477,Using ticket store: <KSPersistentTicketStore:0x102806df0 store=<KSKeyedPersistentStore:0x102a007d0,E197,Using ticket store: <KSPersistentTicketStore:<*> store=<KSKeyedPersistentStore:<*>,3,using ticket store: <kspersistentticketstore: <hex> store=<kskeyedpersistentstore: <hex>,3,Mac_C0000881,3,3,using ticket store: < kspersistentticketstore: <hex> store = < kskeyedpersistentstore: <hex>,1,1,frequency_representative
57478,Creating a new ticket...,E558,Creating a new ticket...,1,creating a new ticket...,1,Mac_C0000882,1,1,creating a new ticket...,1,1,frequency_representative
57479,Created ticket <KSTicket:0x102913040,E543,Created ticket <KSTicket:<*>,1,created ticket <ksticket: <hex>,1,Mac_C0000883,1,1,created ticket < ksticket: <hex>,1,1,frequency_representative
57482,KSKeyedPersistentStore store directory does not exist. [com.google.UpdateEngine.CommonErrorDomain:501 - '/Library/Google/GoogleSoftwareUpdate/TicketStore' - 'KSKeyedPersistentStore.m:372'],E274,KSKeyedPersistentStore store directory does not exist. [<*> - <*> - '<*>'],1,kskeyedpersistentstore store directory does not exist. [ <id> - ' <path> ' - ' <id> '],1,Mac_C0000884,1,1,kskeyedpersistentstore store directory does not exist. [<id>-' <path> '-' <id> '],1,1,frequency_representative
57483,KSPersistentTicketStore failed to load tickets. (productID: com.google.Chrome) [com.google.UpdateEngine.CoreErrorDomain:1051 - '/Library/Google/GoogleSoftwareUpdate/TicketStore/Keystone.ticketstore'] (KSKeyedPersistentStore store directory does not exist. - '/Library/Google/GoogleSoftwareUpdate/TicketStore' [com.google.UpdateEngine.CommonErrorDomain:501]),E72,KSPersistentTicketStore failed to load tickets. (productID: <*>) [<*> - '<*>'] (KSKeyedPersistentStore store directory does not exist. - <*> [<*>]),1,kspersistentticketstore failed to load tickets. (productid: com.google.chrome) [com.google.updateengine. <id> - ' <path> '] (kskeyedpersistentstore store directory does not exist. - ' <path> ' [ <id> ]),1,Mac_C0000885,1,1,kspersistentticketstore failed to load tickets. (productid: com. google. chrome) [com. google. updateengine. <id>-' <path> '] (kskeyedpersistentstore store directory does not exist.-' <path> ' [<id>]),1,1,frequency_representative
57484,ksadmin cannot access the ticket store:<KSUpdateError:0x100615b50,E322,ksadmin cannot access the ticket store:<KSUpdateError:<*>,1,ksadmin cannot access the ticket store:<ksupdateerror: <hex>,1,Mac_C0000886,1,1,ksadmin cannot access the ticket store: < ksupdateerror: <hex>,1,1,frequency_representative
57485,Errors logged by ksadmin: KSKeyedPersistentStore store directory does not exist. [com.google.UpdateEngine.CommonErrorDomain:501 - '/Library/Google/GoogleSoftwareUpdate/TicketStore' - 'KSKeyedPersistentStore.m:372'],E167,Errors logged by ksadmin: KSKeyedPersistentStore store directory does not exist. [<*> - <*> - '<*>'],1,errors logged by ksadmin: kskeyedpersistentstore store directory does not exist. [ <id> - ' <path> ' - ' <id> '],1,Mac_C0000887,1,1,errors logged by ksadmin: kskeyedpersistentstore store directory does not exist. [<id>-' <path> '-' <id> '],1,1,frequency_representative
57490,[ChromeExistion Version:1.0.2],E535,[ChromeExistion Version:<*>],41,[chromeexistion <id> ],1,Mac_C0000888,1,41,[chromeexistion <id>],1,1,frequency_representative
57491,ChromeExistion main linkUrl = (null),E502,ChromeExistion main linkUrl = (<*>),41,chromeexistion main linkurl = (null),1,Mac_C0000889,1,41,chromeexistion main linkurl = (null),1,1,frequency_representative
57492,ChromeExistion main isUndetectWithCommand = 1,E383,ChromeExistion main isUndetectWithCommand = <*>,41,chromeexistion main isundetectwithcommand = <num>,1,Mac_C0000890,1,41,chromeexistion main isundetectwithcommand = <num>,1,1,frequency_representative
57493,ChromeExistion main isBrowserDetect = 1,E444,ChromeExistion main isBrowserDetect = <*>,41,chromeexistion main isbrowserdetect = <num>,1,Mac_C0000891,1,41,chromeexistion main isbrowserdetect = <num>,1,1,frequency_representative
57494,the url = https://www.google.com/_/chrome/newtab?rlz=1C5CHFA_enHK732HK732&espv=2&ie=UTF-8,E624,the url = <*>,41,the url = <url>,24,Mac_C0000892,24,41,the url = <url>,1,1,frequency_representative
57495,after trim url = https://www.google.com/_/chrome/newtab?rlz=1C5CHFA_enHK732HK732&espv=2&ie=UTF-8,E605,after trim url = <*>,41,after trim url = <url>,24,Mac_C0000893,24,41,after trim url = <url>,1,1,frequency_representative
57496,url host = www.google.com,E623,url host = <*>,21,url host = www.google.com,1,Mac_C0000894,5,37,url host = <*>. <*>. com,3,1,frequency_representative
72301,url host = baike.baidu.com,E623,url host = <*>,7,url host = baike.baidu.com,1,Mac_C0000894,5,37,url host = <*>. <*>. com,3,2,complex_sample
72282,url host = www.baidu.com,E623,url host = <*>,6,url host = www.baidu.com,1,Mac_C0000894,5,37,url host = <*>. <*>. com,3,3,diverse_sample
57497,ChromeExistion main isUndetectWebsite = 0,E425,ChromeExistion main isUndetectWebsite = <*>,41,chromeexistion main isundetectwebsite = <num>,1,Mac_C0000895,1,41,chromeexistion main isundetectwebsite = <num>,1,1,frequency_representative
57498,"ChromeExistion main strSendMsg = {""websitekey"":false,""commandkey"":true,""browserkey"":true}",E199,"ChromeExistion main strSendMsg = {""websitekey"":<*>,""commandkey"":<*>,""browserkey"":<*>}",41,"chromeexistion main strsendmsg = {""websitekey"":false,""commandkey"":true,""browserkey"":true}",1,Mac_C0000896,1,41,"chromeexistion main strsendmsg = {"" websitekey "": false, "" commandkey "": true, "" browserkey "": true}",1,1,frequency_representative
57499,Caching encoded userInfo to use until we are marked dirty again (UAUserActivity.m #1567),E291,Caching encoded userInfo to use until we are marked dirty again (<*> <*>),1,caching encoded userinfo to use until we are marked dirty again (uauseractivity.m # <num> ),1,Mac_C0000897,1,1,caching encoded userinfo to use until we are marked dirty again (uauseractivity. m # <num>),1,1,frequency_representative
57500,Returning cached encoded userInfo (UAUserActivity.m #1508),E458,Returning cached encoded userInfo (<*> <*>),1,returning cached encoded userinfo (uauseractivity.m # <num> ),1,Mac_C0000898,1,1,returning cached encoded userinfo (uauseractivity. m # <num>),1,1,frequency_representative
57507,url host = (null),E623,url host = <*>,1,url host = (null),1,Mac_C0000899,1,1,url host = (null),1,1,frequency_representative
57626,[00:28:57.385] <<< CFByteFlume >>> FigCFHTTPCopyBandwidthInfo: [0x7fbc7841ab60] dead connection? returning 0.0 for bandwidth and clearing history,E99,[<*>] <<< CFByteFlume >>> FigCFHTTPCopyBandwidthInfo: <*> dead connection? returning <*> for bandwidth and clearing history,3,[ <ip> . <num> ] <<< cfbyteflume >>> figcfhttpcopybandwidthinfo: [ <hex> ] dead connection? returning <num> for bandwidth and clearing history,3,Mac_C0000900,3,3,[<ip>. <num>] < < <cfbyteflume> > > figcfhttpcopybandwidthinfo: [<hex>] dead connection? returning <num> for bandwidth and clearing history,1,1,frequency_representative
57686,"[00:29:25.873] <<< FFR_Common >>> FigFormatReaderCreateForStreamReturningMatchingContainerLabelType: *** Could not create format reader for URL http://183.91.33.51/gslb.miaopai.com/stream/5wPghFxoaDQBdZdgIHMvgaFw2huL8GeX.mp4?yx=&refer=weibo_app&Expires=1499243237&ssig=34o4iEpRBW&KID=unistore,video FileType '????' MIMETYPE video/mp4 SuggFileName (null) instantiationError = -12935",E25,"[<*>] <<< FFR_Common >>> FigFormatReaderCreateForStreamReturningMatchingContainerLabelType: *** Could not create format reader for URL <*>,video FileType <*> MIMETYPE <*> SuggFileName (<*>) instantiationError = <*>",1,[ <ip> . <num> ] <<< ffr_common >>> figformatreadercreateforstreamreturningmatchingcontainerlabeltype: *** could not create format reader for url <url> filetype '????' mimetype video/mp4 suggfilename (null) instantiationerror = <num>,1,Mac_C0000901,1,1,[<ip>. <num>] < < <ffr_common> > > figformatreadercreateforstreamreturningmatchingcontainerlabeltype: * * * could not create format reader for url <url> filetype '???? ' mimetype video/mp 4 suggfilename (null) instantiationerror = <num>,1,1,frequency_representative
57687,[00:29:25.873] FigFormatReaderCreateForStreamReturningMatchingContainerLabelType signalled err=-12935 (instantiationError) (Error creating FormatReader) at /Library/Caches/com.apple.xbs/Sources/CoreMedia/CoreMedia-1731.15.207/Prototypes/FormatHandlers/FigFormatReader_Common.c line 2157,E76,[<*>] FigFormatReaderCreateForStreamReturningMatchingContainerLabelType signalled err=<*> (<*>) (Error creating FormatReader) at <*> line <*>,1,[ <ip> . <num> ] figformatreadercreateforstreamreturningmatchingcontainerlabeltype signalled err= <num> (instantiationerror) (error creating formatreader) at <path> <id> <path> line <num>,1,Mac_C0000902,1,1,[<ip>. <num>] figformatreadercreateforstreamreturningmatchingcontainerlabeltype signalled err = <num> (instantiationerror) (error creating formatreader) at <path> <id> <path> line <num>,1,1,frequency_representative
57734,Skipping STATUS for INBOX because CHECK failed with error: (null),E338,Skipping STATUS for <*> because CHECK failed with error: (<*>),1,skipping status for inbox because check failed with error: (null),1,Mac_C0000903,1,1,skipping status for inbox because check failed with error: (null),1,1,frequency_representative
57735,Skipping STATUS for [Gmail]/Drafts because CHECK failed with error: (null),E338,Skipping STATUS for <*> because CHECK failed with error: (<*>),2,skipping status for [gmail]/drafts because check failed with error: (null),1,Mac_C0000904,1,2,skipping status for [gmail]/drafts because check failed with error: (null),1,1,frequency_representative
57736,Skipping STATUS for Deleted Messages because CHECK failed with error: (null),E338,Skipping STATUS for <*> because CHECK failed with error: (<*>),1,skipping status for deleted messages because check failed with error: (null),1,Mac_C0000905,1,1,skipping status for deleted messages because check failed with error: (null),1,1,frequency_representative
57758,-[NETClientConnection evaluateCrazyIvan46] CI46 - Perform CrazyIvan46! NeteaseMusic.17988 tc9999 103.251.128.144:80,E468,-[NETClientConnection <*>] <*> - Perform <*>! <*> <*> <*>,1,-[netclientconnection <id> ] ci46 - perform <id> ! <id> tc9999 <ip>,1,Mac_C0000906,1,1,- [netclientconnection <id>] ci 46-perform <id>! <id> tc 9999 <ip>,1,1,frequency_representative
57761,-[NETClientConnection evaluateCrazyIvan46] CI46 - Perform CrazyIvan46! QQ.10018 tc22719 119.81.102.227:80,E468,-[NETClientConnection <*>] <*> - Perform <*>! <*> <*> <*>,1,-[netclientconnection <id> ] ci46 - perform <id> ! <id> tc22719 <ip>,1,Mac_C0000907,1,1,- [netclientconnection <id>] ci 46-perform <id>! <id> tc 22719 <ip>,1,1,frequency_representative
57767,__42-[NETClientConnection evaluateCrazyIvan46]_block_invoke CI46 - Hit by torpedo! NeteaseMusic.17988 tc9999 103.251.128.144:80,E224,<*>[NETClientConnection evaluateCrazyIvan46]_block_invoke <*> - Hit by torpedo! <*> <*> <*>,1,__42-[netclientconnection <id> ]_block_invoke ci46 - hit by torpedo! <id> tc9999 <ip>,1,Mac_C0000908,1,1,__ 42-[netclientconnection <id>] _block_invoke ci 46-hit by torpedo! <id> tc 9999 <ip>,1,1,frequency_representative
57768,__42-[NETClientConnection evaluateCrazyIvan46]_block_invoke CI46 - Hit by torpedo! QQ.10018 tc22719 119.81.102.227:80,E224,<*>[NETClientConnection evaluateCrazyIvan46]_block_invoke <*> - Hit by torpedo! <*> <*> <*>,1,__42-[netclientconnection <id> ]_block_invoke ci46 - hit by torpedo! <id> tc22719 <ip>,1,Mac_C0000909,1,1,__ 42-[netclientconnection <id>] _block_invoke ci 46-hit by torpedo! <id> tc 22719 <ip>,1,1,frequency_representative
57771,-[NETClientConnection evaluateCrazyIvan46] CI46 - Perform CrazyIvan46! QQ.10018 tc22722 123.151.10.175:80,E468,-[NETClientConnection <*>] <*> - Perform <*>! <*> <*> <*>,1,-[netclientconnection <id> ] ci46 - perform <id> ! <id> tc22722 <ip>,1,Mac_C0000910,1,1,- [netclientconnection <id>] ci 46-perform <id>! <id> tc 22722 <ip>,1,1,frequency_representative
57772,__42-[NETClientConnection evaluateCrazyIvan46]_block_invoke CI46 - Hit by torpedo! QQ.10018 tc22722 123.151.10.175:80,E224,<*>[NETClientConnection evaluateCrazyIvan46]_block_invoke <*> - Hit by torpedo! <*> <*> <*>,1,__42-[netclientconnection <id> ]_block_invoke ci46 - hit by torpedo! <id> tc22722 <ip>,1,Mac_C0000911,1,1,__ 42-[netclientconnection <id>] _block_invoke ci 46-hit by torpedo! <id> tc 22722 <ip>,1,1,frequency_representative
57787,"LSCopyApplicationURLsForBundleIdentifier error:Error Domain=NSOSStatusErrorDomain Code=-10814 ""kLSApplicationNotFoundErr: E.g. no application claims the file""",E123,"LSCopyApplicationURLsForBundleIdentifier error:Error Domain=<*> Code=<*> ""kLSApplicationNotFoundErr: <*>""",2,"lscopyapplicationurlsforbundleidentifier error:error domain=nsosstatuserrordomain code= <num> ""klsapplicationnotfounderr: e.g. no application claims the file""",1,Mac_C0000912,1,2,"lscopyapplicationurlsforbundleidentifier error: error domain = nsosstatuserrordomain code = <num> "" klsapplicationnotfounderr: e. g. no application claims the file """,1,1,frequency_representative
57836,[00:30:04.543] FigDCP_GetCacheFileVersion signalled err=-12540 (kFigDiskCacheProviderError_InvalidCacheFile) (unsupported file version) at /Library/Caches/com.apple.xbs/Sources/CoreMedia/CoreMedia-1731.15.207/Prototypes/FigByteStreamPrototypes/FigLimitedDiskCacheProvider.c line 384,E195,[<*>] FigDCP_GetCacheFileVersion signalled err=<*> (<*>) (unsupported file version) at <*> line <*>,1,[ <ip> . <num> ] figdcp_getcachefileversion signalled err= <num> (kfigdiskcacheprovidererror_invalidcachefile) (unsupported file version) at <path> <id> <path> line <num>,1,Mac_C0000913,1,1,[<ip>. <num>] figdcp_getcachefileversion signalled err = <num> (kfigdiskcacheprovidererror_invalidcachefile) (unsupported file version) at <path> <id> <path> line <num>,1,1,frequency_representative
57883,"tcp_connection_destination_write_setup_notsent_lowat 79497 disabling low latency, setsockopt TCP_NOTSENT_LOWAT to 16384 on fd 18 failed: [22] Invalid argument, dumping backtrace:",E33,"tcp_connection_destination_write_setup_notsent_lowat <*> disabling low latency, setsockopt TCP_NOTSENT_LOWAT to <*> on fd <*> failed: [<*>] Invalid argument, dumping backtrace:",2,"tcp_connection_destination_write_setup_notsent_lowat <num> disabling low latency, setsockopt tcp_notsent_lowat to <num> on fd <num> failed: [ <num> ] invalid argument, dumping backtrace:",2,Mac_C0000914,2,2,"tcp_connection_destination_write_setup_notsent_lowat <num> disabling low latency, setsockopt tcp_notsent_lowat to <num> on fd <num> failed: [<num>] invalid argument, dumping backtrace:",1,1,frequency_representative
57885,[00:31:36.952] HTTPRequest figHTTPRequestCreateErrorComment: encountered an error: HTTP 404: File Not Found,E153,[<*>] HTTPRequest figHTTPRequestCreateErrorComment: encountered an error: HTTP <*>: File Not Found,1,[ <ip> . <num> ] httprequest fighttprequestcreateerrorcomment: encountered an error: http <num> : file not found,1,Mac_C0000915,1,1,[<ip>. <num>] httprequest fighttprequestcreateerrorcomment: encountered an error: http <num>: file not found,1,1,frequency_representative
57887,"[00:31:36.952] HTTPRequest figHTTPDumpFinalURLAndRemoteAddress: address 183.91.33.51 final url http://183.91.33.51/gslb.miaopai.com/stream/5wPghFxoaDQBdZdgIHMvgaFw2huL8GeX.mp4?yx=&refer=weibo_app&Expires=1499243237&ssig=34o4iEpRBW&KID=unistore,video",E243,[<*>] HTTPRequest figHTTPDumpFinalURLAndRemoteAddress: address <*> final url <*>,1,[ <ip> . <num> ] httprequest fighttpdumpfinalurlandremoteaddress: address <ip> final url <url>,1,Mac_C0000916,1,1,[<ip>. <num>] httprequest fighttpdumpfinalurlandremoteaddress: address <ip> final url <url>,1,1,frequency_representative
59164,"hibernate_machine_init: state 2, image pages 411490, sum was 9fb59c06, imageSize 0x29179000, image1Size 0x1f85c000, conflictCount 5286, nextFree 553c",E130,"hibernate_machine_init: state <*>, image pages <*>, sum was <*>, imageSize <*>, image1Size <*>, conflictCount <*>, nextFree <*>",1,"hibernate_machine_init: state <num> , image pages <num> , sum was <id> , imagesize <hex> , <id> <hex> , conflictcount <num> , nextfree 553c",1,Mac_C0000917,2,2,"hibernate_machine_init: state <num>, image pages <num>, sum was <id>, imagesize <hex>, <id> <hex>, conflictcount <num>, nextfree <*> c",2,1,frequency_representative
96029,"hibernate_machine_init: state 2, image pages 466422, sum was 19a0ea35, imageSize 0x2d8c7000, image1Size 0x240ad000, conflictCount 7714, nextFree 754c",E130,"hibernate_machine_init: state <*>, image pages <*>, sum was <*>, imageSize <*>, image1Size <*>, conflictCount <*>, nextFree <*>",1,"hibernate_machine_init: state <num> , image pages <num> , sum was <id> , imagesize <hex> , <id> <hex> , conflictcount <num> , nextfree 754c",1,Mac_C0000917,2,2,"hibernate_machine_init: state <num>, image pages <num>, sum was <id>, imagesize <hex>, <id> <hex>, conflictcount <num>, nextfree <*> c",2,2,complex_sample
59285,-[NETClientConnection evaluateCrazyIvan46] CI46 - Perform CrazyIvan46! QQ.10018 tc22792 119.81.102.227:80,E468,-[NETClientConnection <*>] <*> - Perform <*>! <*> <*> <*>,1,-[netclientconnection <id> ] ci46 - perform <id> ! <id> tc22792 <ip>,1,Mac_C0000918,1,1,- [netclientconnection <id>] ci 46-perform <id>! <id> tc 22792 <ip>,1,1,frequency_representative
59289,__42-[NETClientConnection evaluateCrazyIvan46]_block_invoke CI46 - Hit by torpedo! QQ.10018 tc22792 119.81.102.227:80,E224,<*>[NETClientConnection evaluateCrazyIvan46]_block_invoke <*> - Hit by torpedo! <*> <*> <*>,1,__42-[netclientconnection <id> ]_block_invoke ci46 - hit by torpedo! <id> tc22792 <ip>,1,Mac_C0000919,1,1,__ 42-[netclientconnection <id>] _block_invoke ci 46-hit by torpedo! <id> tc 22792 <ip>,1,1,frequency_representative
59576,*** WebKit discarding exception: <NSRangeException> *** -[__NSArrayM objectAtIndex:]: index 0 beyond bounds for empty array,E126,*** WebKit discarding exception: <*> *** -[__NSArrayM objectAtIndex:]: index <*> beyond bounds for empty array,1,*** webkit discarding exception: <nsrangeexception> *** -[__nsarraym objectatindex:]: index <num> beyond bounds for empty array,1,Mac_C0000920,1,1,* * * webkit discarding exception: <nsrangeexception> * * *-[__nsarraym objectatindex:]: index <num> beyond bounds for empty array,1,1,frequency_representative
59893,"handle_will_sleep_auth_and_shield_windows: Ordering out authw 0x7fa823b1b800(2000), shield 0x7fa82d52dc00(2001) (lock state: 2)",E164,"handle_will_sleep_auth_and_shield_windows: Ordering out authw <*>(<*>), shield <*>(<*>) (lock state: <*>)",3,"handle_will_sleep_auth_and_shield_windows: ordering out authw <hex> ( <num> ), shield <hex> ( <num> ) (lock state: <num> )",3,Mac_C0000921,3,3,"handle_will_sleep_auth_and_shield_windows: ordering out authw <hex> (<num>), shield <hex> (<num>) (lock state: <num>)",1,1,frequency_representative
59895,"disable_update_timeout: UI updates were forcibly disabled by application ""loginwindow"" for over 1.00 seconds. Server has re-enabled them.",E89,disable_update_timeout: UI updates were forcibly disabled by application <*> for over <*> seconds. Server has re-enabled them.,1,"disable_update_timeout: ui updates were forcibly disabled by application ""loginwindow"" for over <num> seconds. server has re-enabled them.",1,Mac_C0000922,2,2,"disable_update_timeout: ui updates were forcibly disabled by application "" <*> "" for over <num> seconds. server has re-enabled them.",2,1,frequency_representative
89811,"disable_update_timeout: UI updates were forcibly disabled by application ""SystemUIServer"" for over 1.00 seconds. Server has re-enabled them.",E89,disable_update_timeout: UI updates were forcibly disabled by application <*> for over <*> seconds. Server has re-enabled them.,1,"disable_update_timeout: ui updates were forcibly disabled by application ""systemuiserver"" for over <num> seconds. server has re-enabled them.",1,Mac_C0000922,2,2,"disable_update_timeout: ui updates were forcibly disabled by application "" <*> "" for over <num> seconds. server has re-enabled them.",2,2,complex_sample
59896,"common_reenable_update: UI updates were finally reenabled by application ""loginwindow"" after 1.09 seconds [0.91fps] (server forcibly re-enabled them after 1.00 seconds [1.00fps])",E52,common_reenable_update: UI updates were finally reenabled by application <*> after <*> seconds [<*>] (server forcibly re-enabled them after <*> seconds [<*>]),1,"common_reenable_update: ui updates were finally reenabled by application ""loginwindow"" after <num> seconds [ <num> .91fps] (server forcibly re-enabled them after <num> seconds [ <num> .00fps])",1,Mac_C0000923,2,2,"common_reenable_update: ui updates were finally reenabled by application "" <*> "" after <num> seconds [<num>. <*> fps] (server forcibly re-enabled them after <num> seconds [<num>. 00 fps])",2,1,frequency_representative
89812,"common_reenable_update: UI updates were finally reenabled by application ""SystemUIServer"" after 1.08 seconds [0.92fps] (server forcibly re-enabled them after 1.00 seconds [1.00fps])",E52,common_reenable_update: UI updates were finally reenabled by application <*> after <*> seconds [<*>] (server forcibly re-enabled them after <*> seconds [<*>]),1,"common_reenable_update: ui updates were finally reenabled by application ""systemuiserver"" after <num> seconds [ <num> .92fps] (server forcibly re-enabled them after <num> seconds [ <num> .00fps])",1,Mac_C0000923,2,2,"common_reenable_update: ui updates were finally reenabled by application "" <*> "" after <num> seconds [<num>. <*> fps] (server forcibly re-enabled them after <num> seconds [<num>. 00 fps])",2,2,complex_sample
60036,-[NETClientConnection evaluateCrazyIvan46] CI46 - Perform CrazyIvan46! QQ.10018 tc22798 123.151.10.175:80,E468,-[NETClientConnection <*>] <*> - Perform <*>! <*> <*> <*>,1,-[netclientconnection <id> ] ci46 - perform <id> ! <id> tc22798 <ip>,1,Mac_C0000924,1,1,- [netclientconnection <id>] ci 46-perform <id>! <id> tc 22798 <ip>,1,1,frequency_representative
60037,__42-[NETClientConnection evaluateCrazyIvan46]_block_invoke CI46 - Hit by torpedo! QQ.10018 tc22798 123.151.10.175:80,E224,<*>[NETClientConnection evaluateCrazyIvan46]_block_invoke <*> - Hit by torpedo! <*> <*> <*>,1,__42-[netclientconnection <id> ]_block_invoke ci46 - hit by torpedo! <id> tc22798 <ip>,1,Mac_C0000925,1,1,__ 42-[netclientconnection <id>] _block_invoke ci 46-hit by torpedo! <id> tc 22798 <ip>,1,1,frequency_representative
60043,-[NETClientConnection evaluateCrazyIvan46] CI46 - Perform CrazyIvan46! QQ.10018 tc22834 119.81.102.227:80,E468,-[NETClientConnection <*>] <*> - Perform <*>! <*> <*> <*>,1,-[netclientconnection <id> ] ci46 - perform <id> ! <id> tc22834 <ip>,1,Mac_C0000926,1,1,- [netclientconnection <id>] ci 46-perform <id>! <id> tc 22834 <ip>,1,1,frequency_representative
60044,__42-[NETClientConnection evaluateCrazyIvan46]_block_invoke CI46 - Hit by torpedo! QQ.10018 tc22834 119.81.102.227:80,E224,<*>[NETClientConnection evaluateCrazyIvan46]_block_invoke <*> - Hit by torpedo! <*> <*> <*>,1,__42-[netclientconnection <id> ]_block_invoke ci46 - hit by torpedo! <id> tc22834 <ip>,1,Mac_C0000927,1,1,__ 42-[netclientconnection <id>] _block_invoke ci 46-hit by torpedo! <id> tc 22834 <ip>,1,1,frequency_representative
60046,-[NETClientConnection evaluateCrazyIvan46] CI46 - Perform CrazyIvan46! QQ.10018 tc22835 123.151.137.101:80,E468,-[NETClientConnection <*>] <*> - Perform <*>! <*> <*> <*>,1,-[netclientconnection <id> ] ci46 - perform <id> ! <id> tc22835 <ip>,1,Mac_C0000928,1,1,- [netclientconnection <id>] ci 46-perform <id>! <id> tc 22835 <ip>,1,1,frequency_representative
60047,__42-[NETClientConnection evaluateCrazyIvan46]_block_invoke CI46 - Hit by torpedo! QQ.10018 tc22835 123.151.137.101:80,E224,<*>[NETClientConnection evaluateCrazyIvan46]_block_invoke <*> - Hit by torpedo! <*> <*> <*>,1,__42-[netclientconnection <id> ]_block_invoke ci46 - hit by torpedo! <id> tc22835 <ip>,1,Mac_C0000929,1,1,__ 42-[netclientconnection <id>] _block_invoke ci 46-hit by torpedo! <id> tc 22835 <ip>,1,1,frequency_representative
60049,-[NETClientConnection evaluateCrazyIvan46] CI46 - Perform CrazyIvan46! QQ.10018 tc22836 203.205.147.208:8080,E468,-[NETClientConnection <*>] <*> - Perform <*>! <*> <*> <*>,1,-[netclientconnection <id> ] ci46 - perform <id> ! <id> tc22836 <ip>,1,Mac_C0000930,1,1,- [netclientconnection <id>] ci 46-perform <id>! <id> tc 22836 <ip>,1,1,frequency_representative
60050,__42-[NETClientConnection evaluateCrazyIvan46]_block_invoke CI46 - Hit by torpedo! QQ.10018 tc22836 203.205.147.208:8080,E224,<*>[NETClientConnection evaluateCrazyIvan46]_block_invoke <*> - Hit by torpedo! <*> <*> <*>,1,__42-[netclientconnection <id> ]_block_invoke ci46 - hit by torpedo! <id> tc22836 <ip>,1,Mac_C0000931,1,1,__ 42-[netclientconnection <id>] _block_invoke ci 46-hit by torpedo! <id> tc 22836 <ip>,1,1,frequency_representative
60052,-[NETClientConnection evaluateCrazyIvan46] CI46 - Perform CrazyIvan46! QQ.10018 tc22837 14.17.42.31:80,E468,-[NETClientConnection <*>] <*> - Perform <*>! <*> <*> <*>,1,-[netclientconnection <id> ] ci46 - perform <id> ! <id> tc22837 <ip>,1,Mac_C0000932,1,1,- [netclientconnection <id>] ci 46-perform <id>! <id> tc 22837 <ip>,1,1,frequency_representative
60053,__42-[NETClientConnection evaluateCrazyIvan46]_block_invoke CI46 - Hit by torpedo! QQ.10018 tc22837 14.17.42.31:80,E224,<*>[NETClientConnection evaluateCrazyIvan46]_block_invoke <*> - Hit by torpedo! <*> <*> <*>,1,__42-[netclientconnection <id> ]_block_invoke ci46 - hit by torpedo! <id> tc22837 <ip>,1,Mac_C0000933,1,1,__ 42-[netclientconnection <id>] _block_invoke ci 46-hit by torpedo! <id> tc 22837 <ip>,1,1,frequency_representative
60055,-[NETClientConnection evaluateCrazyIvan46] CI46 - Perform CrazyIvan46! QQ.10018 tc22838 125.39.247.164:14000,E468,-[NETClientConnection <*>] <*> - Perform <*>! <*> <*> <*>,1,-[netclientconnection <id> ] ci46 - perform <id> ! <id> tc22838 <ip>,1,Mac_C0000934,1,1,- [netclientconnection <id>] ci 46-perform <id>! <id> tc 22838 <ip>,1,1,frequency_representative
60056,__42-[NETClientConnection evaluateCrazyIvan46]_block_invoke CI46 - Hit by torpedo! QQ.10018 tc22838 125.39.247.164:14000,E224,<*>[NETClientConnection evaluateCrazyIvan46]_block_invoke <*> - Hit by torpedo! <*> <*> <*>,1,__42-[netclientconnection <id> ]_block_invoke ci46 - hit by torpedo! <id> tc22838 <ip>,1,Mac_C0000935,1,1,__ 42-[netclientconnection <id>] _block_invoke ci 46-hit by torpedo! <id> tc 22838 <ip>,1,1,frequency_representative
60058,-[NETClientConnection evaluateCrazyIvan46] CI46 - Perform CrazyIvan46! QQ.10018 tc22839 183.192.200.44:443,E468,-[NETClientConnection <*>] <*> - Perform <*>! <*> <*> <*>,1,-[netclientconnection <id> ] ci46 - perform <id> ! <id> tc22839 <ip>,1,Mac_C0000936,1,1,- [netclientconnection <id>] ci 46-perform <id>! <id> tc 22839 <ip>,1,1,frequency_representative
60059,__42-[NETClientConnection evaluateCrazyIvan46]_block_invoke CI46 - Hit by torpedo! QQ.10018 tc22839 183.192.200.44:443,E224,<*>[NETClientConnection evaluateCrazyIvan46]_block_invoke <*> - Hit by torpedo! <*> <*> <*>,1,__42-[netclientconnection <id> ]_block_invoke ci46 - hit by torpedo! <id> tc22839 <ip>,1,Mac_C0000937,1,1,__ 42-[netclientconnection <id>] _block_invoke ci 46-hit by torpedo! <id> tc 22839 <ip>,1,1,frequency_representative
60286,-[NETClientConnection evaluateCrazyIvan46] CI46 - Perform CrazyIvan46! QQ.10018 tc22854 119.81.102.227:80,E468,-[NETClientConnection <*>] <*> - Perform <*>! <*> <*> <*>,1,-[netclientconnection <id> ] ci46 - perform <id> ! <id> tc22854 <ip>,1,Mac_C0000938,1,1,- [netclientconnection <id>] ci 46-perform <id>! <id> tc 22854 <ip>,1,1,frequency_representative
60287,__42-[NETClientConnection evaluateCrazyIvan46]_block_invoke CI46 - Hit by torpedo! QQ.10018 tc22854 119.81.102.227:80,E224,<*>[NETClientConnection evaluateCrazyIvan46]_block_invoke <*> - Hit by torpedo! <*> <*> <*>,1,__42-[netclientconnection <id> ]_block_invoke ci46 - hit by torpedo! <id> tc22854 <ip>,1,Mac_C0000939,1,1,__ 42-[netclientconnection <id>] _block_invoke ci 46-hit by torpedo! <id> tc 22854 <ip>,1,1,frequency_representative
60360,-[NETClientConnection evaluateCrazyIvan46] CI46 - Perform CrazyIvan46! NeteaseMusic.17988 tc10074 103.251.128.144:80,E468,-[NETClientConnection <*>] <*> - Perform <*>! <*> <*> <*>,1,-[netclientconnection <id> ] ci46 - perform <id> ! <id> tc10074 <ip>,1,Mac_C0000940,1,1,- [netclientconnection <id>] ci 46-perform <id>! <id> tc 10074 <ip>,1,1,frequency_representative
60372,__42-[NETClientConnection evaluateCrazyIvan46]_block_invoke CI46 - Hit by torpedo! NeteaseMusic.17988 tc10074 103.251.128.144:80,E224,<*>[NETClientConnection evaluateCrazyIvan46]_block_invoke <*> - Hit by torpedo! <*> <*> <*>,1,__42-[netclientconnection <id> ]_block_invoke ci46 - hit by torpedo! <id> tc10074 <ip>,1,Mac_C0000941,1,1,__ 42-[netclientconnection <id>] _block_invoke ci 46-hit by torpedo! <id> tc 10074 <ip>,1,1,frequency_representative
60455,-[NETClientConnection evaluateCrazyIvan46] CI46 - Perform CrazyIvan46! QQ.10018 tc22866 119.81.102.227:80,E468,-[NETClientConnection <*>] <*> - Perform <*>! <*> <*> <*>,1,-[netclientconnection <id> ] ci46 - perform <id> ! <id> tc22866 <ip>,1,Mac_C0000942,1,1,- [netclientconnection <id>] ci 46-perform <id>! <id> tc 22866 <ip>,1,1,frequency_representative
60457,__42-[NETClientConnection evaluateCrazyIvan46]_block_invoke CI46 - Hit by torpedo! QQ.10018 tc22866 119.81.102.227:80,E224,<*>[NETClientConnection evaluateCrazyIvan46]_block_invoke <*> - Hit by torpedo! <*> <*> <*>,1,__42-[netclientconnection <id> ]_block_invoke ci46 - hit by torpedo! <id> tc22866 <ip>,1,Mac_C0000943,1,1,__ 42-[netclientconnection <id>] _block_invoke ci 46-hit by torpedo! <id> tc 22866 <ip>,1,1,frequency_representative
60709,No items found in keychain,E550,No items found in keychain,8,no items found in keychain,1,Mac_C0000944,1,8,no items found in keychain,1,1,frequency_representative
60766,Reverting sleep with relative wake,E470,Reverting sleep with relative wake,1,reverting sleep with relative wake,1,Mac_C0000945,1,1,reverting sleep with relative wake,1,1,frequency_representative
60866,-[NETClientConnection evaluateCrazyIvan46] CI46 - Perform CrazyIvan46! QQ.10018 tc22924 123.151.10.175:80,E468,-[NETClientConnection <*>] <*> - Perform <*>! <*> <*> <*>,1,-[netclientconnection <id> ] ci46 - perform <id> ! <id> tc22924 <ip>,1,Mac_C0000946,1,1,- [netclientconnection <id>] ci 46-perform <id>! <id> tc 22924 <ip>,1,1,frequency_representative
60867,__42-[NETClientConnection evaluateCrazyIvan46]_block_invoke CI46 - Hit by torpedo! QQ.10018 tc22924 123.151.10.175:80,E224,<*>[NETClientConnection evaluateCrazyIvan46]_block_invoke <*> - Hit by torpedo! <*> <*> <*>,1,__42-[netclientconnection <id> ]_block_invoke ci46 - hit by torpedo! <id> tc22924 <ip>,1,Mac_C0000947,1,1,__ 42-[netclientconnection <id>] _block_invoke ci 46-hit by torpedo! <id> tc 22924 <ip>,1,1,frequency_representative
60868,-[NETClientConnection evaluateCrazyIvan46] CI46 - Perform CrazyIvan46! QQ.10018 tc22926 119.81.102.227:80,E468,-[NETClientConnection <*>] <*> - Perform <*>! <*> <*> <*>,1,-[netclientconnection <id> ] ci46 - perform <id> ! <id> tc22926 <ip>,1,Mac_C0000948,1,1,- [netclientconnection <id>] ci 46-perform <id>! <id> tc 22926 <ip>,1,1,frequency_representative
60869,__42-[NETClientConnection evaluateCrazyIvan46]_block_invoke CI46 - Hit by torpedo! QQ.10018 tc22926 119.81.102.227:80,E224,<*>[NETClientConnection evaluateCrazyIvan46]_block_invoke <*> - Hit by torpedo! <*> <*> <*>,1,__42-[netclientconnection <id> ]_block_invoke ci46 - hit by torpedo! <id> tc22926 <ip>,1,Mac_C0000949,1,1,__ 42-[netclientconnection <id>] _block_invoke ci 46-hit by torpedo! <id> tc 22926 <ip>,1,1,frequency_representative
60871,-[NETClientConnection evaluateCrazyIvan46] CI46 - Perform CrazyIvan46! QQ.10018 tc22927 123.151.137.106:80,E468,-[NETClientConnection <*>] <*> - Perform <*>! <*> <*> <*>,1,-[netclientconnection <id> ] ci46 - perform <id> ! <id> tc22927 <ip>,1,Mac_C0000950,1,1,- [netclientconnection <id>] ci 46-perform <id>! <id> tc 22927 <ip>,1,1,frequency_representative
60872,__42-[NETClientConnection evaluateCrazyIvan46]_block_invoke CI46 - Hit by torpedo! QQ.10018 tc22927 123.151.137.106:80,E224,<*>[NETClientConnection evaluateCrazyIvan46]_block_invoke <*> - Hit by torpedo! <*> <*> <*>,1,__42-[netclientconnection <id> ]_block_invoke ci46 - hit by torpedo! <id> tc22927 <ip>,1,Mac_C0000951,1,1,__ 42-[netclientconnection <id>] _block_invoke ci 46-hit by torpedo! <id> tc 22927 <ip>,1,1,frequency_representative
60874,-[NETClientConnection evaluateCrazyIvan46] CI46 - Perform CrazyIvan46! QQ.10018 tc22928 203.205.142.158:8080,E468,-[NETClientConnection <*>] <*> - Perform <*>! <*> <*> <*>,1,-[netclientconnection <id> ] ci46 - perform <id> ! <id> tc22928 <ip>,1,Mac_C0000952,1,1,- [netclientconnection <id>] ci 46-perform <id>! <id> tc 22928 <ip>,1,1,frequency_representative
60875,__42-[NETClientConnection evaluateCrazyIvan46]_block_invoke CI46 - Hit by torpedo! QQ.10018 tc22928 203.205.142.158:8080,E224,<*>[NETClientConnection evaluateCrazyIvan46]_block_invoke <*> - Hit by torpedo! <*> <*> <*>,1,__42-[netclientconnection <id> ]_block_invoke ci46 - hit by torpedo! <id> tc22928 <ip>,1,Mac_C0000953,1,1,__ 42-[netclientconnection <id>] _block_invoke ci 46-hit by torpedo! <id> tc 22928 <ip>,1,1,frequency_representative
60877,-[NETClientConnection evaluateCrazyIvan46] CI46 - Perform CrazyIvan46! QQ.10018 tc22929 183.36.108.142:80,E468,-[NETClientConnection <*>] <*> - Perform <*>! <*> <*> <*>,1,-[netclientconnection <id> ] ci46 - perform <id> ! <id> tc22929 <ip>,1,Mac_C0000954,1,1,- [netclientconnection <id>] ci 46-perform <id>! <id> tc 22929 <ip>,1,1,frequency_representative
60878,__42-[NETClientConnection evaluateCrazyIvan46]_block_invoke CI46 - Hit by torpedo! QQ.10018 tc22929 183.36.108.142:80,E224,<*>[NETClientConnection evaluateCrazyIvan46]_block_invoke <*> - Hit by torpedo! <*> <*> <*>,1,__42-[netclientconnection <id> ]_block_invoke ci46 - hit by torpedo! <id> tc22929 <ip>,1,Mac_C0000955,1,1,__ 42-[netclientconnection <id>] _block_invoke ci 46-hit by torpedo! <id> tc 22929 <ip>,1,1,frequency_representative
60880,-[NETClientConnection evaluateCrazyIvan46] CI46 - Perform CrazyIvan46! QQ.10018 tc22930 125.39.240.34:14000,E468,-[NETClientConnection <*>] <*> - Perform <*>! <*> <*> <*>,1,-[netclientconnection <id> ] ci46 - perform <id> ! <id> tc22930 <ip>,1,Mac_C0000956,1,1,- [netclientconnection <id>] ci 46-perform <id>! <id> tc 22930 <ip>,1,1,frequency_representative
60881,__42-[NETClientConnection evaluateCrazyIvan46]_block_invoke CI46 - Hit by torpedo! QQ.10018 tc22930 125.39.240.34:14000,E224,<*>[NETClientConnection evaluateCrazyIvan46]_block_invoke <*> - Hit by torpedo! <*> <*> <*>,1,__42-[netclientconnection <id> ]_block_invoke ci46 - hit by torpedo! <id> tc22930 <ip>,1,Mac_C0000957,1,1,__ 42-[netclientconnection <id>] _block_invoke ci 46-hit by torpedo! <id> tc 22930 <ip>,1,1,frequency_representative
60883,-[NETClientConnection evaluateCrazyIvan46] CI46 - Perform CrazyIvan46! QQ.10018 tc22931 117.144.244.101:443,E468,-[NETClientConnection <*>] <*> - Perform <*>! <*> <*> <*>,1,-[netclientconnection <id> ] ci46 - perform <id> ! <id> tc22931 <ip>,1,Mac_C0000958,1,1,- [netclientconnection <id>] ci 46-perform <id>! <id> tc 22931 <ip>,1,1,frequency_representative
60884,__42-[NETClientConnection evaluateCrazyIvan46]_block_invoke CI46 - Hit by torpedo! QQ.10018 tc22931 117.144.244.101:443,E224,<*>[NETClientConnection evaluateCrazyIvan46]_block_invoke <*> - Hit by torpedo! <*> <*> <*>,1,__42-[netclientconnection <id> ]_block_invoke ci46 - hit by torpedo! <id> tc22931 <ip>,1,Mac_C0000959,1,1,__ 42-[netclientconnection <id>] _block_invoke ci 46-hit by torpedo! <id> tc 22931 <ip>,1,1,frequency_representative
60886,-[NETClientConnection evaluateCrazyIvan46] CI46 - Perform CrazyIvan46! QQ.10018 tc22933 123.151.139.59:80,E468,-[NETClientConnection <*>] <*> - Perform <*>! <*> <*> <*>,1,-[netclientconnection <id> ] ci46 - perform <id> ! <id> tc22933 <ip>,1,Mac_C0000960,1,1,- [netclientconnection <id>] ci 46-perform <id>! <id> tc 22933 <ip>,1,1,frequency_representative
60887,__42-[NETClientConnection evaluateCrazyIvan46]_block_invoke CI46 - Hit by torpedo! QQ.10018 tc22933 123.151.139.59:80,E224,<*>[NETClientConnection evaluateCrazyIvan46]_block_invoke <*> - Hit by torpedo! <*> <*> <*>,1,__42-[netclientconnection <id> ]_block_invoke ci46 - hit by torpedo! <id> tc22933 <ip>,1,Mac_C0000961,1,1,__ 42-[netclientconnection <id>] _block_invoke ci 46-hit by torpedo! <id> tc 22933 <ip>,1,1,frequency_representative
60889,-[NETClientConnection evaluateCrazyIvan46] CI46 - Perform CrazyIvan46! QQ.10018 tc22934 203.205.147.247:80,E468,-[NETClientConnection <*>] <*> - Perform <*>! <*> <*> <*>,1,-[netclientconnection <id> ] ci46 - perform <id> ! <id> tc22934 <ip>,1,Mac_C0000962,1,1,- [netclientconnection <id>] ci 46-perform <id>! <id> tc 22934 <ip>,1,1,frequency_representative
60890,__42-[NETClientConnection evaluateCrazyIvan46]_block_invoke CI46 - Hit by torpedo! QQ.10018 tc22934 203.205.147.247:80,E224,<*>[NETClientConnection evaluateCrazyIvan46]_block_invoke <*> - Hit by torpedo! <*> <*> <*>,1,__42-[netclientconnection <id> ]_block_invoke ci46 - hit by torpedo! <id> tc22934 <ip>,1,Mac_C0000963,1,1,__ 42-[netclientconnection <id>] _block_invoke ci 46-hit by torpedo! <id> tc 22934 <ip>,1,1,frequency_representative
60892,-[NETClientConnection evaluateCrazyIvan46] CI46 - Perform CrazyIvan46! QQ.10018 tc22936 183.36.108.143:80,E468,-[NETClientConnection <*>] <*> - Perform <*>! <*> <*> <*>,1,-[netclientconnection <id> ] ci46 - perform <id> ! <id> tc22936 <ip>,1,Mac_C0000964,1,1,- [netclientconnection <id>] ci 46-perform <id>! <id> tc 22936 <ip>,1,1,frequency_representative
60893,__42-[NETClientConnection evaluateCrazyIvan46]_block_invoke CI46 - Hit by torpedo! QQ.10018 tc22936 183.36.108.143:80,E224,<*>[NETClientConnection evaluateCrazyIvan46]_block_invoke <*> - Hit by torpedo! <*> <*> <*>,1,__42-[netclientconnection <id> ]_block_invoke ci46 - hit by torpedo! <id> tc22936 <ip>,1,Mac_C0000965,1,1,__ 42-[netclientconnection <id>] _block_invoke ci 46-hit by torpedo! <id> tc 22936 <ip>,1,1,frequency_representative
60895,-[NETClientConnection evaluateCrazyIvan46] CI46 - Perform CrazyIvan46! QQ.10018 tc22937 125.39.247.148:80,E468,-[NETClientConnection <*>] <*> - Perform <*>! <*> <*> <*>,1,-[netclientconnection <id> ] ci46 - perform <id> ! <id> tc22937 <ip>,1,Mac_C0000966,1,1,- [netclientconnection <id>] ci 46-perform <id>! <id> tc 22937 <ip>,1,1,frequency_representative
60896,__42-[NETClientConnection evaluateCrazyIvan46]_block_invoke CI46 - Hit by torpedo! QQ.10018 tc22937 125.39.247.148:80,E224,<*>[NETClientConnection evaluateCrazyIvan46]_block_invoke <*> - Hit by torpedo! <*> <*> <*>,1,__42-[netclientconnection <id> ]_block_invoke ci46 - hit by torpedo! <id> tc22937 <ip>,1,Mac_C0000967,1,1,__ 42-[netclientconnection <id>] _block_invoke ci 46-hit by torpedo! <id> tc 22937 <ip>,1,1,frequency_representative
60898,-[NETClientConnection evaluateCrazyIvan46] CI46 - Perform CrazyIvan46! QQ.10018 tc22938 117.135.169.110:80,E468,-[NETClientConnection <*>] <*> - Perform <*>! <*> <*> <*>,1,-[netclientconnection <id> ] ci46 - perform <id> ! <id> tc22938 <ip>,1,Mac_C0000968,1,1,- [netclientconnection <id>] ci 46-perform <id>! <id> tc 22938 <ip>,1,1,frequency_representative
60899,__42-[NETClientConnection evaluateCrazyIvan46]_block_invoke CI46 - Hit by torpedo! QQ.10018 tc22938 117.135.169.110:80,E224,<*>[NETClientConnection evaluateCrazyIvan46]_block_invoke <*> - Hit by torpedo! <*> <*> <*>,1,__42-[netclientconnection <id> ]_block_invoke ci46 - hit by torpedo! <id> tc22938 <ip>,1,Mac_C0000969,1,1,__ 42-[netclientconnection <id>] _block_invoke ci 46-hit by torpedo! <id> tc 22938 <ip>,1,1,frequency_representative
60937,"NSFileSandboxingRequestRelatedItemExtension: an error was received from pboxd instead of a token. Domain: NSPOSIXErrorDomain, code: 1",E98,"NSFileSandboxingRequestRelatedItemExtension: an error was received from pboxd instead of a token. Domain: <*>, code: <*>",1,"nsfilesandboxingrequestrelateditemextension: an error was received from pboxd instead of a token. domain: nsposixerrordomain, code: <num>",1,Mac_C0000970,1,1,"nsfilesandboxingrequestrelateditemextension: an error was received from pboxd instead of a token. domain: nsposixerrordomain, code: <num>",1,1,frequency_representative
60938,"+[NSFileCoordinator addFilePresenter:] could not get a sandbox extension. primaryPresentedItemURL: file:////Users/xpc/Library/Group%20Containers/UBF8T346G9.Office/msoclip1/01/clip.htm, presentedItemURL: file:////Users/xpc/Library/Group%20Containers/UBF8T346G9.Office/msoclip1/01/clip",E85,"+[NSFileCoordinator addFilePresenter:] could not get a sandbox extension. primaryPresentedItemURL: <*>, presentedItemURL: <*>",1,"+[nsfilecoordinator addfilepresenter:] could not get a sandbox extension. primarypresenteditemurl: file:/// <path> , presenteditemurl: file:/// <path>",1,Mac_C0000971,1,1,"+ [nsfilecoordinator addfilepresenter:] could not get a sandbox extension. primarypresenteditemurl: file:///<path>, presenteditemurl: file:///<path>",1,1,frequency_representative
61666,-[NETClientConnection evaluateCrazyIvan46] CI46 - Perform CrazyIvan46! QQ.10018 tc23009 119.81.102.227:80,E468,-[NETClientConnection <*>] <*> - Perform <*>! <*> <*> <*>,1,-[netclientconnection <id> ] ci46 - perform <id> ! <id> tc23009 <ip>,1,Mac_C0000972,1,1,- [netclientconnection <id>] ci 46-perform <id>! <id> tc 23009 <ip>,1,1,frequency_representative
61667,__42-[NETClientConnection evaluateCrazyIvan46]_block_invoke CI46 - Hit by torpedo! QQ.10018 tc23009 119.81.102.227:80,E224,<*>[NETClientConnection evaluateCrazyIvan46]_block_invoke <*> - Hit by torpedo! <*> <*> <*>,1,__42-[netclientconnection <id> ]_block_invoke ci46 - hit by torpedo! <id> tc23009 <ip>,1,Mac_C0000973,1,1,__ 42-[netclientconnection <id>] _block_invoke ci 46-hit by torpedo! <id> tc 23009 <ip>,1,1,frequency_representative
61822,-[NETClientConnection evaluateCrazyIvan46] CI46 - Perform CrazyIvan46! QQ.10018 tc23019 119.81.102.227:80,E468,-[NETClientConnection <*>] <*> - Perform <*>! <*> <*> <*>,1,-[netclientconnection <id> ] ci46 - perform <id> ! <id> tc23019 <ip>,1,Mac_C0000974,1,1,- [netclientconnection <id>] ci 46-perform <id>! <id> tc 23019 <ip>,1,1,frequency_representative
61831,-[NETClientConnection evaluateCrazyIvan46] CI46 - Perform CrazyIvan46! QQ.10018 tc23024 123.151.137.107:80,E468,-[NETClientConnection <*>] <*> - Perform <*>! <*> <*> <*>,1,-[netclientconnection <id> ] ci46 - perform <id> ! <id> tc23024 <ip>,1,Mac_C0000975,1,1,- [netclientconnection <id>] ci 46-perform <id>! <id> tc 23024 <ip>,1,1,frequency_representative
61837,-[NETClientConnection evaluateCrazyIvan46] CI46 - Perform CrazyIvan46! QQ.10018 tc23029 203.205.142.158:8080,E468,-[NETClientConnection <*>] <*> - Perform <*>! <*> <*> <*>,1,-[netclientconnection <id> ] ci46 - perform <id> ! <id> tc23029 <ip>,1,Mac_C0000976,1,1,- [netclientconnection <id>] ci 46-perform <id>! <id> tc 23029 <ip>,1,1,frequency_representative
61854,__42-[NETClientConnection evaluateCrazyIvan46]_block_invoke CI46 - Hit by torpedo! QQ.10018 tc23029 203.205.142.158:8080,E224,<*>[NETClientConnection evaluateCrazyIvan46]_block_invoke <*> - Hit by torpedo! <*> <*> <*>,1,__42-[netclientconnection <id> ]_block_invoke ci46 - hit by torpedo! <id> tc23029 <ip>,1,Mac_C0000977,1,1,__ 42-[netclientconnection <id>] _block_invoke ci 46-hit by torpedo! <id> tc 23029 <ip>,1,1,frequency_representative
61859,-[NETClientConnection evaluateCrazyIvan46] CI46 - Perform CrazyIvan46! QQ.10018 tc23032 14.17.42.56:80,E468,-[NETClientConnection <*>] <*> - Perform <*>! <*> <*> <*>,1,-[netclientconnection <id> ] ci46 - perform <id> ! <id> tc23032 <ip>,1,Mac_C0000978,1,1,- [netclientconnection <id>] ci 46-perform <id>! <id> tc 23032 <ip>,1,1,frequency_representative
61860,__42-[NETClientConnection evaluateCrazyIvan46]_block_invoke CI46 - Hit by torpedo! QQ.10018 tc23032 14.17.42.56:80,E224,<*>[NETClientConnection evaluateCrazyIvan46]_block_invoke <*> - Hit by torpedo! <*> <*> <*>,1,__42-[netclientconnection <id> ]_block_invoke ci46 - hit by torpedo! <id> tc23032 <ip>,1,Mac_C0000979,1,1,__ 42-[netclientconnection <id>] _block_invoke ci 46-hit by torpedo! <id> tc 23032 <ip>,1,1,frequency_representative
61864,-[NETClientConnection evaluateCrazyIvan46] CI46 - Perform CrazyIvan46! QQ.10018 tc23033 125.39.133.145:14000,E468,-[NETClientConnection <*>] <*> - Perform <*>! <*> <*> <*>,1,-[netclientconnection <id> ] ci46 - perform <id> ! <id> tc23033 <ip>,1,Mac_C0000980,1,1,- [netclientconnection <id>] ci 46-perform <id>! <id> tc 23033 <ip>,1,1,frequency_representative
61865,__42-[NETClientConnection evaluateCrazyIvan46]_block_invoke CI46 - Hit by torpedo! QQ.10018 tc23033 125.39.133.145:14000,E224,<*>[NETClientConnection evaluateCrazyIvan46]_block_invoke <*> - Hit by torpedo! <*> <*> <*>,1,__42-[netclientconnection <id> ]_block_invoke ci46 - hit by torpedo! <id> tc23033 <ip>,1,Mac_C0000981,1,1,__ 42-[netclientconnection <id>] _block_invoke ci 46-hit by torpedo! <id> tc 23033 <ip>,1,1,frequency_representative
61868,-[NETClientConnection evaluateCrazyIvan46] CI46 - Perform CrazyIvan46! QQ.10018 tc23034 117.135.172.153:443,E468,-[NETClientConnection <*>] <*> - Perform <*>! <*> <*> <*>,1,-[netclientconnection <id> ] ci46 - perform <id> ! <id> tc23034 <ip>,1,Mac_C0000982,1,1,- [netclientconnection <id>] ci 46-perform <id>! <id> tc 23034 <ip>,1,1,frequency_representative
61870,__42-[NETClientConnection evaluateCrazyIvan46]_block_invoke CI46 - Hit by torpedo! QQ.10018 tc23034 117.135.172.153:443,E224,<*>[NETClientConnection evaluateCrazyIvan46]_block_invoke <*> - Hit by torpedo! <*> <*> <*>,1,__42-[netclientconnection <id> ]_block_invoke ci46 - hit by torpedo! <id> tc23034 <ip>,1,Mac_C0000983,1,1,__ 42-[netclientconnection <id>] _block_invoke ci 46-hit by torpedo! <id> tc 23034 <ip>,1,1,frequency_representative
61874,-[NETClientConnection evaluateCrazyIvan46] CI46 - Perform CrazyIvan46! QQ.10018 tc23037 123.151.139.59:80,E468,-[NETClientConnection <*>] <*> - Perform <*>! <*> <*> <*>,1,-[netclientconnection <id> ] ci46 - perform <id> ! <id> tc23037 <ip>,1,Mac_C0000984,1,1,- [netclientconnection <id>] ci 46-perform <id>! <id> tc 23037 <ip>,1,1,frequency_representative
61875,__42-[NETClientConnection evaluateCrazyIvan46]_block_invoke CI46 - Hit by torpedo! QQ.10018 tc23037 123.151.139.59:80,E224,<*>[NETClientConnection evaluateCrazyIvan46]_block_invoke <*> - Hit by torpedo! <*> <*> <*>,1,__42-[netclientconnection <id> ]_block_invoke ci46 - hit by torpedo! <id> tc23037 <ip>,1,Mac_C0000985,1,1,__ 42-[netclientconnection <id>] _block_invoke ci 46-hit by torpedo! <id> tc 23037 <ip>,1,1,frequency_representative
61878,-[NETClientConnection evaluateCrazyIvan46] CI46 - Perform CrazyIvan46! QQ.10018 tc23038 203.205.147.247:80,E468,-[NETClientConnection <*>] <*> - Perform <*>! <*> <*> <*>,1,-[netclientconnection <id> ] ci46 - perform <id> ! <id> tc23038 <ip>,1,Mac_C0000986,1,1,- [netclientconnection <id>] ci 46-perform <id>! <id> tc 23038 <ip>,1,1,frequency_representative
61879,__42-[NETClientConnection evaluateCrazyIvan46]_block_invoke CI46 - Hit by torpedo! QQ.10018 tc23038 203.205.147.247:80,E224,<*>[NETClientConnection evaluateCrazyIvan46]_block_invoke <*> - Hit by torpedo! <*> <*> <*>,1,__42-[netclientconnection <id> ]_block_invoke ci46 - hit by torpedo! <id> tc23038 <ip>,1,Mac_C0000987,1,1,__ 42-[netclientconnection <id>] _block_invoke ci 46-hit by torpedo! <id> tc 23038 <ip>,1,1,frequency_representative
61882,-[NETClientConnection evaluateCrazyIvan46] CI46 - Perform CrazyIvan46! QQ.10018 tc23039 183.36.108.143:80,E468,-[NETClientConnection <*>] <*> - Perform <*>! <*> <*> <*>,1,-[netclientconnection <id> ] ci46 - perform <id> ! <id> tc23039 <ip>,1,Mac_C0000988,1,1,- [netclientconnection <id>] ci 46-perform <id>! <id> tc 23039 <ip>,1,1,frequency_representative
61883,__42-[NETClientConnection evaluateCrazyIvan46]_block_invoke CI46 - Hit by torpedo! QQ.10018 tc23039 183.36.108.143:80,E224,<*>[NETClientConnection evaluateCrazyIvan46]_block_invoke <*> - Hit by torpedo! <*> <*> <*>,1,__42-[netclientconnection <id> ]_block_invoke ci46 - hit by torpedo! <id> tc23039 <ip>,1,Mac_C0000989,1,1,__ 42-[netclientconnection <id>] _block_invoke ci 46-hit by torpedo! <id> tc 23039 <ip>,1,1,frequency_representative
61885,-[NETClientConnection evaluateCrazyIvan46] CI46 - Perform CrazyIvan46! QQ.10018 tc23040 125.39.247.148:80,E468,-[NETClientConnection <*>] <*> - Perform <*>! <*> <*> <*>,1,-[netclientconnection <id> ] ci46 - perform <id> ! <id> tc23040 <ip>,1,Mac_C0000990,1,1,- [netclientconnection <id>] ci 46-perform <id>! <id> tc 23040 <ip>,1,1,frequency_representative
61887,__42-[NETClientConnection evaluateCrazyIvan46]_block_invoke CI46 - Hit by torpedo! QQ.10018 tc23040 125.39.247.148:80,E224,<*>[NETClientConnection evaluateCrazyIvan46]_block_invoke <*> - Hit by torpedo! <*> <*> <*>,1,__42-[netclientconnection <id> ]_block_invoke ci46 - hit by torpedo! <id> tc23040 <ip>,1,Mac_C0000991,1,1,__ 42-[netclientconnection <id>] _block_invoke ci 46-hit by torpedo! <id> tc 23040 <ip>,1,1,frequency_representative
63323,-[NETClientConnection evaluateCrazyIvan46] CI46 - Perform CrazyIvan46! NeteaseMusic.17988 tc10134 103.251.128.144:80,E468,-[NETClientConnection <*>] <*> - Perform <*>! <*> <*> <*>,1,-[netclientconnection <id> ] ci46 - perform <id> ! <id> tc10134 <ip>,1,Mac_C0000992,1,1,- [netclientconnection <id>] ci 46-perform <id>! <id> tc 10134 <ip>,1,1,frequency_representative
63329,__42-[NETClientConnection evaluateCrazyIvan46]_block_invoke CI46 - Hit by torpedo! NeteaseMusic.17988 tc10134 103.251.128.144:80,E224,<*>[NETClientConnection evaluateCrazyIvan46]_block_invoke <*> - Hit by torpedo! <*> <*> <*>,1,__42-[netclientconnection <id> ]_block_invoke ci46 - hit by torpedo! <id> tc10134 <ip>,1,Mac_C0000993,1,1,__ 42-[netclientconnection <id>] _block_invoke ci 46-hit by torpedo! <id> tc 10134 <ip>,1,1,frequency_representative
63398,-[NETClientConnection evaluateCrazyIvan46] CI46 - Perform CrazyIvan46! QQ.10018 tc23050 119.81.102.227:80,E468,-[NETClientConnection <*>] <*> - Perform <*>! <*> <*> <*>,1,-[netclientconnection <id> ] ci46 - perform <id> ! <id> tc23050 <ip>,1,Mac_C0000994,1,1,- [netclientconnection <id>] ci 46-perform <id>! <id> tc 23050 <ip>,1,1,frequency_representative
63399,__42-[NETClientConnection evaluateCrazyIvan46]_block_invoke CI46 - Hit by torpedo! QQ.10018 tc23050 119.81.102.227:80,E224,<*>[NETClientConnection evaluateCrazyIvan46]_block_invoke <*> - Hit by torpedo! <*> <*> <*>,1,__42-[netclientconnection <id> ]_block_invoke ci46 - hit by torpedo! <id> tc23050 <ip>,1,Mac_C0000995,1,1,__ 42-[netclientconnection <id>] _block_invoke ci 46-hit by torpedo! <id> tc 23050 <ip>,1,1,frequency_representative
63438,-[NETClientConnection evaluateCrazyIvan46] CI46 - Perform CrazyIvan46! NeteaseMusic.17988 tc10144 103.251.128.144:80,E468,-[NETClientConnection <*>] <*> - Perform <*>! <*> <*> <*>,1,-[netclientconnection <id> ] ci46 - perform <id> ! <id> tc10144 <ip>,1,Mac_C0000996,1,1,- [netclientconnection <id>] ci 46-perform <id>! <id> tc 10144 <ip>,1,1,frequency_representative
63443,__42-[NETClientConnection evaluateCrazyIvan46]_block_invoke CI46 - Hit by torpedo! NeteaseMusic.17988 tc10144 103.251.128.144:80,E224,<*>[NETClientConnection evaluateCrazyIvan46]_block_invoke <*> - Hit by torpedo! <*> <*> <*>,1,__42-[netclientconnection <id> ]_block_invoke ci46 - hit by torpedo! <id> tc10144 <ip>,1,Mac_C0000997,1,1,__ 42-[netclientconnection <id>] _block_invoke ci 46-hit by torpedo! <id> tc 10144 <ip>,1,1,frequency_representative
63501,-[NETClientConnection evaluateCrazyIvan46] CI46 - Perform CrazyIvan46! QQ.10018 tc23061 119.81.102.227:80,E468,-[NETClientConnection <*>] <*> - Perform <*>! <*> <*> <*>,1,-[netclientconnection <id> ] ci46 - perform <id> ! <id> tc23061 <ip>,1,Mac_C0000998,1,1,- [netclientconnection <id>] ci 46-perform <id>! <id> tc 23061 <ip>,1,1,frequency_representative
63502,__42-[NETClientConnection evaluateCrazyIvan46]_block_invoke CI46 - Hit by torpedo! QQ.10018 tc23061 119.81.102.227:80,E224,<*>[NETClientConnection evaluateCrazyIvan46]_block_invoke <*> - Hit by torpedo! <*> <*> <*>,1,__42-[netclientconnection <id> ]_block_invoke ci46 - hit by torpedo! <id> tc23061 <ip>,1,Mac_C0000999,1,1,__ 42-[netclientconnection <id>] _block_invoke ci 46-hit by torpedo! <id> tc 23061 <ip>,1,1,frequency_representative
63504,-[NETClientConnection evaluateCrazyIvan46] CI46 - Perform CrazyIvan46! QQ.10018 tc23065 123.151.137.102:80,E468,-[NETClientConnection <*>] <*> - Perform <*>! <*> <*> <*>,1,-[netclientconnection <id> ] ci46 - perform <id> ! <id> tc23065 <ip>,1,Mac_C0001000,1,1,- [netclientconnection <id>] ci 46-perform <id>! <id> tc 23065 <ip>,1,1,frequency_representative
63505,__42-[NETClientConnection evaluateCrazyIvan46]_block_invoke CI46 - Hit by torpedo! QQ.10018 tc23065 123.151.137.102:80,E224,<*>[NETClientConnection evaluateCrazyIvan46]_block_invoke <*> - Hit by torpedo! <*> <*> <*>,1,__42-[netclientconnection <id> ]_block_invoke ci46 - hit by torpedo! <id> tc23065 <ip>,1,Mac_C0001001,1,1,__ 42-[netclientconnection <id>] _block_invoke ci 46-hit by torpedo! <id> tc 23065 <ip>,1,1,frequency_representative
63507,-[NETClientConnection evaluateCrazyIvan46] CI46 - Perform CrazyIvan46! QQ.10018 tc23066 203.205.147.206:8080,E468,-[NETClientConnection <*>] <*> - Perform <*>! <*> <*> <*>,1,-[netclientconnection <id> ] ci46 - perform <id> ! <id> tc23066 <ip>,1,Mac_C0001002,1,1,- [netclientconnection <id>] ci 46-perform <id>! <id> tc 23066 <ip>,1,1,frequency_representative
63508,__42-[NETClientConnection evaluateCrazyIvan46]_block_invoke CI46 - Hit by torpedo! QQ.10018 tc23066 203.205.147.206:8080,E224,<*>[NETClientConnection evaluateCrazyIvan46]_block_invoke <*> - Hit by torpedo! <*> <*> <*>,1,__42-[netclientconnection <id> ]_block_invoke ci46 - hit by torpedo! <id> tc23066 <ip>,1,Mac_C0001003,1,1,__ 42-[netclientconnection <id>] _block_invoke ci 46-hit by torpedo! <id> tc 23066 <ip>,1,1,frequency_representative
63510,-[NETClientConnection evaluateCrazyIvan46] CI46 - Perform CrazyIvan46! QQ.10018 tc23067 14.215.138.108:80,E468,-[NETClientConnection <*>] <*> - Perform <*>! <*> <*> <*>,1,-[netclientconnection <id> ] ci46 - perform <id> ! <id> tc23067 <ip>,1,Mac_C0001004,1,1,- [netclientconnection <id>] ci 46-perform <id>! <id> tc 23067 <ip>,1,1,frequency_representative
63511,__42-[NETClientConnection evaluateCrazyIvan46]_block_invoke CI46 - Hit by torpedo! QQ.10018 tc23067 14.215.138.108:80,E224,<*>[NETClientConnection evaluateCrazyIvan46]_block_invoke <*> - Hit by torpedo! <*> <*> <*>,1,__42-[netclientconnection <id> ]_block_invoke ci46 - hit by torpedo! <id> tc23067 <ip>,1,Mac_C0001005,1,1,__ 42-[netclientconnection <id>] _block_invoke ci 46-hit by torpedo! <id> tc 23067 <ip>,1,1,frequency_representative
63513,-[NETClientConnection evaluateCrazyIvan46] CI46 - Perform CrazyIvan46! QQ.10018 tc23068 125.39.240.36:14000,E468,-[NETClientConnection <*>] <*> - Perform <*>! <*> <*> <*>,1,-[netclientconnection <id> ] ci46 - perform <id> ! <id> tc23068 <ip>,1,Mac_C0001006,1,1,- [netclientconnection <id>] ci 46-perform <id>! <id> tc 23068 <ip>,1,1,frequency_representative
63514,__42-[NETClientConnection evaluateCrazyIvan46]_block_invoke CI46 - Hit by torpedo! QQ.10018 tc23068 125.39.240.36:14000,E224,<*>[NETClientConnection evaluateCrazyIvan46]_block_invoke <*> - Hit by torpedo! <*> <*> <*>,1,__42-[netclientconnection <id> ]_block_invoke ci46 - hit by torpedo! <id> tc23068 <ip>,1,Mac_C0001007,1,1,__ 42-[netclientconnection <id>] _block_invoke ci 46-hit by torpedo! <id> tc 23068 <ip>,1,1,frequency_representative
63516,-[NETClientConnection evaluateCrazyIvan46] CI46 - Perform CrazyIvan46! QQ.10018 tc23069 121.51.36.141:443,E468,-[NETClientConnection <*>] <*> - Perform <*>! <*> <*> <*>,1,-[netclientconnection <id> ] ci46 - perform <id> ! <id> tc23069 <ip>,1,Mac_C0001008,1,1,- [netclientconnection <id>] ci 46-perform <id>! <id> tc 23069 <ip>,1,1,frequency_representative
63517,__42-[NETClientConnection evaluateCrazyIvan46]_block_invoke CI46 - Hit by torpedo! QQ.10018 tc23069 121.51.36.141:443,E224,<*>[NETClientConnection evaluateCrazyIvan46]_block_invoke <*> - Hit by torpedo! <*> <*> <*>,1,__42-[netclientconnection <id> ]_block_invoke ci46 - hit by torpedo! <id> tc23069 <ip>,1,Mac_C0001009,1,1,__ 42-[netclientconnection <id>] _block_invoke ci 46-hit by torpedo! <id> tc 23069 <ip>,1,1,frequency_representative
63738,"hibernate_machine_init: state 2, image pages 445164, sum was 14766cef, imageSize 0x2b0d5000, image1Size 0x217e3000, conflictCount 5918, nextFree 58e0",E130,"hibernate_machine_init: state <*>, image pages <*>, sum was <*>, imageSize <*>, image1Size <*>, conflictCount <*>, nextFree <*>",1,"hibernate_machine_init: state <num> , image pages <num> , sum was <id> , imagesize <hex> , <id> <hex> , conflictcount <num> , nextfree 58e0",1,Mac_C0001010,2,2,"hibernate_machine_init: state <num>, image pages <num>, sum was <id>, imagesize <hex>, <id> <hex>, conflictcount <num>, nextfree <*> e 0",2,1,frequency_representative
70940,"hibernate_machine_init: state 2, image pages 449537, sum was 6c86cb18, imageSize 0x2b9e9000, image1Size 0x22128000, conflictCount 7725, nextFree 74e0",E130,"hibernate_machine_init: state <*>, image pages <*>, sum was <*>, imageSize <*>, image1Size <*>, conflictCount <*>, nextFree <*>",1,"hibernate_machine_init: state <num> , image pages <num> , sum was <id> , imagesize <hex> , <id> <hex> , conflictcount <num> , nextfree 74e0",1,Mac_C0001010,2,2,"hibernate_machine_init: state <num>, image pages <num>, sum was <id>, imagesize <hex>, <id> <hex>, conflictcount <num>, nextfree <*> e 0",2,2,complex_sample
63872,"hibernate_machine_init: state 2, image pages 450154, sum was c8a79a74, imageSize 0x2bcd4000, image1Size 0x223e5000, conflictCount 6037, nextFree 5c7e",E130,"hibernate_machine_init: state <*>, image pages <*>, sum was <*>, imageSize <*>, image1Size <*>, conflictCount <*>, nextFree <*>",1,"hibernate_machine_init: state <num> , image pages <num> , sum was <id> , imagesize <hex> , <id> <hex> , conflictcount <num> , nextfree 5c7e",1,Mac_C0001011,1,1,"hibernate_machine_init: state <num>, image pages <num>, sum was <id>, imagesize <hex>, <id> <hex>, conflictcount <num>, nextfree 5 c 7 e",1,1,frequency_representative
63950,-[NETClientConnection evaluateCrazyIvan46] CI46 - Perform CrazyIvan46! QQ.10018 tc23083 123.151.137.102:80,E468,-[NETClientConnection <*>] <*> - Perform <*>! <*> <*> <*>,1,-[netclientconnection <id> ] ci46 - perform <id> ! <id> tc23083 <ip>,1,Mac_C0001012,1,1,- [netclientconnection <id>] ci 46-perform <id>! <id> tc 23083 <ip>,1,1,frequency_representative
63951,__42-[NETClientConnection evaluateCrazyIvan46]_block_invoke CI46 - Hit by torpedo! QQ.10018 tc23083 123.151.137.102:80,E224,<*>[NETClientConnection evaluateCrazyIvan46]_block_invoke <*> - Hit by torpedo! <*> <*> <*>,1,__42-[netclientconnection <id> ]_block_invoke ci46 - hit by torpedo! <id> tc23083 <ip>,1,Mac_C0001013,1,1,__ 42-[netclientconnection <id>] _block_invoke ci 46-hit by torpedo! <id> tc 23083 <ip>,1,1,frequency_representative
64004,-[NETClientConnection evaluateCrazyIvan46] CI46 - Perform CrazyIvan46! NeteaseMusic.17988 tc10157 103.251.128.144:80,E468,-[NETClientConnection <*>] <*> - Perform <*>! <*> <*> <*>,1,-[netclientconnection <id> ] ci46 - perform <id> ! <id> tc10157 <ip>,1,Mac_C0001014,1,1,- [netclientconnection <id>] ci 46-perform <id>! <id> tc 10157 <ip>,1,1,frequency_representative
64005,-[NETClientConnection evaluateCrazyIvan46] CI46 - Perform CrazyIvan46! QQ.10018 tc23103 119.81.102.227:80,E468,-[NETClientConnection <*>] <*> - Perform <*>! <*> <*> <*>,1,-[netclientconnection <id> ] ci46 - perform <id> ! <id> tc23103 <ip>,1,Mac_C0001015,1,1,- [netclientconnection <id>] ci 46-perform <id>! <id> tc 23103 <ip>,1,1,frequency_representative
64009,__42-[NETClientConnection evaluateCrazyIvan46]_block_invoke CI46 - Hit by torpedo! NeteaseMusic.17988 tc10157 103.251.128.144:80,E224,<*>[NETClientConnection evaluateCrazyIvan46]_block_invoke <*> - Hit by torpedo! <*> <*> <*>,1,__42-[netclientconnection <id> ]_block_invoke ci46 - hit by torpedo! <id> tc10157 <ip>,1,Mac_C0001016,1,1,__ 42-[netclientconnection <id>] _block_invoke ci 46-hit by torpedo! <id> tc 10157 <ip>,1,1,frequency_representative
64011,__42-[NETClientConnection evaluateCrazyIvan46]_block_invoke CI46 - Hit by torpedo! QQ.10018 tc23103 119.81.102.227:80,E224,<*>[NETClientConnection evaluateCrazyIvan46]_block_invoke <*> - Hit by torpedo! <*> <*> <*>,1,__42-[netclientconnection <id> ]_block_invoke ci46 - hit by torpedo! <id> tc23103 <ip>,1,Mac_C0001017,1,1,__ 42-[netclientconnection <id>] _block_invoke ci 46-hit by torpedo! <id> tc 23103 <ip>,1,1,frequency_representative
64013,-[NETClientConnection evaluateCrazyIvan46] CI46 - Perform CrazyIvan46! QQ.10018 tc23106 123.151.137.102:80,E468,-[NETClientConnection <*>] <*> - Perform <*>! <*> <*> <*>,1,-[netclientconnection <id> ] ci46 - perform <id> ! <id> tc23106 <ip>,1,Mac_C0001018,1,1,- [netclientconnection <id>] ci 46-perform <id>! <id> tc 23106 <ip>,1,1,frequency_representative
64014,__42-[NETClientConnection evaluateCrazyIvan46]_block_invoke CI46 - Hit by torpedo! QQ.10018 tc23106 123.151.137.102:80,E224,<*>[NETClientConnection evaluateCrazyIvan46]_block_invoke <*> - Hit by torpedo! <*> <*> <*>,1,__42-[netclientconnection <id> ]_block_invoke ci46 - hit by torpedo! <id> tc23106 <ip>,1,Mac_C0001019,1,1,__ 42-[netclientconnection <id>] _block_invoke ci 46-hit by torpedo! <id> tc 23106 <ip>,1,1,frequency_representative
64083,"hibernate_machine_init: state 2, image pages 448336, sum was 91aefee6, imageSize 0x2b6db000, image1Size 0x21de1000, conflictCount 6350, nextFree 5e05",E130,"hibernate_machine_init: state <*>, image pages <*>, sum was <*>, imageSize <*>, image1Size <*>, conflictCount <*>, nextFree <*>",1,"hibernate_machine_init: state <num> , image pages <num> , sum was <id> , imagesize <hex> , <id> <hex> , conflictcount <num> , nextfree 5e05",1,Mac_C0001020,1,1,"hibernate_machine_init: state <num>, image pages <num>, sum was <id>, imagesize <hex>, <id> <hex>, conflictcount <num>, nextfree 5 e 05",1,1,frequency_representative
64213,"disable_update_timeout: UI updates were forcibly disabled by application ""<N/ASCII>"" for over 1.00 seconds. Server has re-enabled them.",E89,disable_update_timeout: UI updates were forcibly disabled by application <*> for over <*> seconds. Server has re-enabled them.,4,"disable_update_timeout: ui updates were forcibly disabled by application ""<n/ascii>"" for over <num> seconds. server has re-enabled them.",1,Mac_C0001021,1,4,"disable_update_timeout: ui updates were forcibly disabled by application "" < n/ascii > "" for over <num> seconds. server has re-enabled them.",1,1,frequency_representative
64214,"common_reenable_update: UI updates were finally reenabled by application ""<N/ASCII>"" after 1.21 seconds [0.82fps] (server forcibly re-enabled them after 1.00 seconds [1.00fps])",E52,common_reenable_update: UI updates were finally reenabled by application <*> after <*> seconds [<*>] (server forcibly re-enabled them after <*> seconds [<*>]),1,"common_reenable_update: ui updates were finally reenabled by application ""<n/ascii>"" after <num> seconds [ <num> .82fps] (server forcibly re-enabled them after <num> seconds [ <num> .00fps])",1,Mac_C0001022,4,4,"common_reenable_update: ui updates were finally reenabled by application "" < n/ascii > "" after <num> seconds [<num>. <*> fps] (server forcibly re-enabled them after <num> seconds [<num>. 00 fps])",2,1,frequency_representative
68112,"common_reenable_update: UI updates were finally reenabled by application ""<N/ASCII>"" after 2.28 seconds [0.44fps] (server forcibly re-enabled them after 1.00 seconds [1.00fps])",E52,common_reenable_update: UI updates were finally reenabled by application <*> after <*> seconds [<*>] (server forcibly re-enabled them after <*> seconds [<*>]),1,"common_reenable_update: ui updates were finally reenabled by application ""<n/ascii>"" after <num> seconds [ <num> .44fps] (server forcibly re-enabled them after <num> seconds [ <num> .00fps])",1,Mac_C0001022,4,4,"common_reenable_update: ui updates were finally reenabled by application "" < n/ascii > "" after <num> seconds [<num>. <*> fps] (server forcibly re-enabled them after <num> seconds [<num>. 00 fps])",2,2,complex_sample
64538,-[NETClientConnection evaluateCrazyIvan46] CI46 - Perform CrazyIvan46! QQ.10018 tc23143 123.151.139.59:80,E468,-[NETClientConnection <*>] <*> - Perform <*>! <*> <*> <*>,1,-[netclientconnection <id> ] ci46 - perform <id> ! <id> tc23143 <ip>,1,Mac_C0001023,1,1,- [netclientconnection <id>] ci 46-perform <id>! <id> tc 23143 <ip>,1,1,frequency_representative
64539,__42-[NETClientConnection evaluateCrazyIvan46]_block_invoke CI46 - Hit by torpedo! QQ.10018 tc23143 123.151.139.59:80,E224,<*>[NETClientConnection evaluateCrazyIvan46]_block_invoke <*> - Hit by torpedo! <*> <*> <*>,1,__42-[netclientconnection <id> ]_block_invoke ci46 - hit by torpedo! <id> tc23143 <ip>,1,Mac_C0001024,1,1,__ 42-[netclientconnection <id>] _block_invoke ci 46-hit by torpedo! <id> tc 23143 <ip>,1,1,frequency_representative
64543,-[NETClientConnection evaluateCrazyIvan46] CI46 - Perform CrazyIvan46! QQ.10018 tc23147 203.205.147.247:80,E468,-[NETClientConnection <*>] <*> - Perform <*>! <*> <*> <*>,1,-[netclientconnection <id> ] ci46 - perform <id> ! <id> tc23147 <ip>,1,Mac_C0001025,1,1,- [netclientconnection <id>] ci 46-perform <id>! <id> tc 23147 <ip>,1,1,frequency_representative
64544,__42-[NETClientConnection evaluateCrazyIvan46]_block_invoke CI46 - Hit by torpedo! QQ.10018 tc23147 203.205.147.247:80,E224,<*>[NETClientConnection evaluateCrazyIvan46]_block_invoke <*> - Hit by torpedo! <*> <*> <*>,1,__42-[netclientconnection <id> ]_block_invoke ci46 - hit by torpedo! <id> tc23147 <ip>,1,Mac_C0001026,1,1,__ 42-[netclientconnection <id>] _block_invoke ci 46-hit by torpedo! <id> tc 23147 <ip>,1,1,frequency_representative
64546,-[NETClientConnection evaluateCrazyIvan46] CI46 - Perform CrazyIvan46! QQ.10018 tc23150 183.36.108.143:80,E468,-[NETClientConnection <*>] <*> - Perform <*>! <*> <*> <*>,1,-[netclientconnection <id> ] ci46 - perform <id> ! <id> tc23150 <ip>,1,Mac_C0001027,1,1,- [netclientconnection <id>] ci 46-perform <id>! <id> tc 23150 <ip>,1,1,frequency_representative
64547,__42-[NETClientConnection evaluateCrazyIvan46]_block_invoke CI46 - Hit by torpedo! QQ.10018 tc23150 183.36.108.143:80,E224,<*>[NETClientConnection evaluateCrazyIvan46]_block_invoke <*> - Hit by torpedo! <*> <*> <*>,1,__42-[netclientconnection <id> ]_block_invoke ci46 - hit by torpedo! <id> tc23150 <ip>,1,Mac_C0001028,1,1,__ 42-[netclientconnection <id>] _block_invoke ci 46-hit by torpedo! <id> tc 23150 <ip>,1,1,frequency_representative
64549,-[NETClientConnection evaluateCrazyIvan46] CI46 - Perform CrazyIvan46! QQ.10018 tc23151 125.39.247.148:80,E468,-[NETClientConnection <*>] <*> - Perform <*>! <*> <*> <*>,1,-[netclientconnection <id> ] ci46 - perform <id> ! <id> tc23151 <ip>,1,Mac_C0001029,1,1,- [netclientconnection <id>] ci 46-perform <id>! <id> tc 23151 <ip>,1,1,frequency_representative
64550,__42-[NETClientConnection evaluateCrazyIvan46]_block_invoke CI46 - Hit by torpedo! QQ.10018 tc23151 125.39.247.148:80,E224,<*>[NETClientConnection evaluateCrazyIvan46]_block_invoke <*> - Hit by torpedo! <*> <*> <*>,1,__42-[netclientconnection <id> ]_block_invoke ci46 - hit by torpedo! <id> tc23151 <ip>,1,Mac_C0001030,1,1,__ 42-[netclientconnection <id>] _block_invoke ci 46-hit by torpedo! <id> tc 23151 <ip>,1,1,frequency_representative
64552,-[NETClientConnection evaluateCrazyIvan46] CI46 - Perform CrazyIvan46! QQ.10018 tc23152 117.135.169.110:80,E468,-[NETClientConnection <*>] <*> - Perform <*>! <*> <*> <*>,1,-[netclientconnection <id> ] ci46 - perform <id> ! <id> tc23152 <ip>,1,Mac_C0001031,1,1,- [netclientconnection <id>] ci 46-perform <id>! <id> tc 23152 <ip>,1,1,frequency_representative
64553,__42-[NETClientConnection evaluateCrazyIvan46]_block_invoke CI46 - Hit by torpedo! QQ.10018 tc23152 117.135.169.110:80,E224,<*>[NETClientConnection evaluateCrazyIvan46]_block_invoke <*> - Hit by torpedo! <*> <*> <*>,1,__42-[netclientconnection <id> ]_block_invoke ci46 - hit by torpedo! <id> tc23152 <ip>,1,Mac_C0001032,1,1,__ 42-[netclientconnection <id>] _block_invoke ci 46-hit by torpedo! <id> tc 23152 <ip>,1,1,frequency_representative
64616,-[NETClientConnection evaluateCrazyIvan46] CI46 - Perform CrazyIvan46! NeteaseMusic.17988 tc10178 103.251.128.144:80,E468,-[NETClientConnection <*>] <*> - Perform <*>! <*> <*> <*>,1,-[netclientconnection <id> ] ci46 - perform <id> ! <id> tc10178 <ip>,1,Mac_C0001033,1,1,- [netclientconnection <id>] ci 46-perform <id>! <id> tc 10178 <ip>,1,1,frequency_representative
64620,-[NETClientConnection evaluateCrazyIvan46] CI46 - Perform CrazyIvan46! QQ.10018 tc23163 112.90.140.220:14000,E468,-[NETClientConnection <*>] <*> - Perform <*>! <*> <*> <*>,1,-[netclientconnection <id> ] ci46 - perform <id> ! <id> tc23163 <ip>,1,Mac_C0001034,1,1,- [netclientconnection <id>] ci 46-perform <id>! <id> tc 23163 <ip>,1,1,frequency_representative
64632,-[NETClientConnection evaluateCrazyIvan46] CI46 - Perform CrazyIvan46! QQ.10018 tc23168 120.198.203.168:443,E468,-[NETClientConnection <*>] <*> - Perform <*>! <*> <*> <*>,1,-[netclientconnection <id> ] ci46 - perform <id> ! <id> tc23168 <ip>,1,Mac_C0001035,1,1,- [netclientconnection <id>] ci 46-perform <id>! <id> tc 23168 <ip>,1,1,frequency_representative
64633,-[NETClientConnection evaluateCrazyIvan46] CI46 - Perform CrazyIvan46! QQ.10018 tc23173 112.90.78.168:443,E468,-[NETClientConnection <*>] <*> - Perform <*>! <*> <*> <*>,1,-[netclientconnection <id> ] ci46 - perform <id> ! <id> tc23173 <ip>,1,Mac_C0001036,1,1,- [netclientconnection <id>] ci 46-perform <id>! <id> tc 23173 <ip>,1,1,frequency_representative
64634,-[NETClientConnection evaluateCrazyIvan46] CI46 - Perform CrazyIvan46! QQ.10018 tc23174 112.90.78.169:8080,E468,-[NETClientConnection <*>] <*> - Perform <*>! <*> <*> <*>,1,-[netclientconnection <id> ] ci46 - perform <id> ! <id> tc23174 <ip>,1,Mac_C0001037,1,1,- [netclientconnection <id>] ci 46-perform <id>! <id> tc 23174 <ip>,1,1,frequency_representative
64726,"service_resolve_router_complete en0: ARP failed, arp_client_transmit(en0) failed, Network is down (50)",E142,"service_resolve_router_complete <*>: ARP failed, arp_client_transmit(<*>) failed, Network is down (<*>)",1,"service_resolve_router_complete en0: arp failed, arp_client_transmit(en0) failed, network is down ( <num> )",1,Mac_C0001038,1,1,"service_resolve_router_complete en 0: arp failed, arp_client_transmit (en 0) failed, network is down (<num>)",1,1,frequency_representative
64756,-[NETClientConnection evaluateCrazyIvan46] CI46 - Perform CrazyIvan46! QQ.10018 tc23175 125.39.213.49:443,E468,-[NETClientConnection <*>] <*> - Perform <*>! <*> <*> <*>,1,-[netclientconnection <id> ] ci46 - perform <id> ! <id> tc23175 <ip>,1,Mac_C0001039,1,1,- [netclientconnection <id>] ci 46-perform <id>! <id> tc 23175 <ip>,1,1,frequency_representative
64806,__42-[NETClientConnection evaluateCrazyIvan46]_block_invoke CI46 - Hit by torpedo! QQ.10018 tc23175 125.39.213.49:443,E224,<*>[NETClientConnection evaluateCrazyIvan46]_block_invoke <*> - Hit by torpedo! <*> <*> <*>,1,__42-[netclientconnection <id> ]_block_invoke ci46 - hit by torpedo! <id> tc23175 <ip>,1,Mac_C0001040,1,1,__ 42-[netclientconnection <id>] _block_invoke ci 46-hit by torpedo! <id> tc 23175 <ip>,1,1,frequency_representative
64813,-[NETClientConnection evaluateCrazyIvan46] CI46 - Perform CrazyIvan46! QQ.10018 tc23176 14.17.42.14:14000,E468,-[NETClientConnection <*>] <*> - Perform <*>! <*> <*> <*>,1,-[netclientconnection <id> ] ci46 - perform <id> ! <id> tc23176 <ip>,1,Mac_C0001041,1,1,- [netclientconnection <id>] ci 46-perform <id>! <id> tc 23176 <ip>,1,1,frequency_representative
64814,__42-[NETClientConnection evaluateCrazyIvan46]_block_invoke CI46 - Hit by torpedo! QQ.10018 tc23176 14.17.42.14:14000,E224,<*>[NETClientConnection evaluateCrazyIvan46]_block_invoke <*> - Hit by torpedo! <*> <*> <*>,1,__42-[netclientconnection <id> ]_block_invoke ci46 - hit by torpedo! <id> tc23176 <ip>,1,Mac_C0001042,1,1,__ 42-[netclientconnection <id>] _block_invoke ci 46-hit by torpedo! <id> tc 23176 <ip>,1,1,frequency_representative
64817,-[NETClientConnection evaluateCrazyIvan46] CI46 - Perform CrazyIvan46! QQ.10018 tc23177 183.3.235.162:443,E468,-[NETClientConnection <*>] <*> - Perform <*>! <*> <*> <*>,1,-[netclientconnection <id> ] ci46 - perform <id> ! <id> tc23177 <ip>,1,Mac_C0001043,1,1,- [netclientconnection <id>] ci 46-perform <id>! <id> tc 23177 <ip>,1,1,frequency_representative
64818,__42-[NETClientConnection evaluateCrazyIvan46]_block_invoke CI46 - Hit by torpedo! QQ.10018 tc23177 183.3.235.162:443,E224,<*>[NETClientConnection evaluateCrazyIvan46]_block_invoke <*> - Hit by torpedo! <*> <*> <*>,1,__42-[netclientconnection <id> ]_block_invoke ci46 - hit by torpedo! <id> tc23177 <ip>,1,Mac_C0001044,1,1,__ 42-[netclientconnection <id>] _block_invoke ci 46-hit by torpedo! <id> tc 23177 <ip>,1,1,frequency_representative
64820,-[NETClientConnection evaluateCrazyIvan46] CI46 - Perform CrazyIvan46! QQ.10018 tc23180 14.17.42.37:8080,E468,-[NETClientConnection <*>] <*> - Perform <*>! <*> <*> <*>,1,-[netclientconnection <id> ] ci46 - perform <id> ! <id> tc23180 <ip>,1,Mac_C0001045,1,1,- [netclientconnection <id>] ci 46-perform <id>! <id> tc 23180 <ip>,1,1,frequency_representative
64821,__42-[NETClientConnection evaluateCrazyIvan46]_block_invoke CI46 - Hit by torpedo! QQ.10018 tc23180 14.17.42.37:8080,E224,<*>[NETClientConnection evaluateCrazyIvan46]_block_invoke <*> - Hit by torpedo! <*> <*> <*>,1,__42-[netclientconnection <id> ]_block_invoke ci46 - hit by torpedo! <id> tc23180 <ip>,1,Mac_C0001046,1,1,__ 42-[netclientconnection <id>] _block_invoke ci 46-hit by torpedo! <id> tc 23180 <ip>,1,1,frequency_representative
64865,-[NETClientConnection evaluateCrazyIvan46] CI46 - Perform CrazyIvan46! NeteaseMusic.17988 tc10189 103.251.128.144:80,E468,-[NETClientConnection <*>] <*> - Perform <*>! <*> <*> <*>,1,-[netclientconnection <id> ] ci46 - perform <id> ! <id> tc10189 <ip>,1,Mac_C0001047,1,1,- [netclientconnection <id>] ci 46-perform <id>! <id> tc 10189 <ip>,1,1,frequency_representative
64877,__42-[NETClientConnection evaluateCrazyIvan46]_block_invoke CI46 - Hit by torpedo! NeteaseMusic.17988 tc10189 103.251.128.144:80,E224,<*>[NETClientConnection evaluateCrazyIvan46]_block_invoke <*> - Hit by torpedo! <*> <*> <*>,1,__42-[netclientconnection <id> ]_block_invoke ci46 - hit by torpedo! <id> tc10189 <ip>,1,Mac_C0001048,1,1,__ 42-[netclientconnection <id>] _block_invoke ci 46-hit by torpedo! <id> tc 10189 <ip>,1,1,frequency_representative
64925,Unrecognized XSSimpleTypeDefinition: OneOff,E436,Unrecognized XSSimpleTypeDefinition: <*>,15,unrecognized xssimpletypedefinition: oneoff,1,Mac_C0001049,1,15,unrecognized xssimpletypedefinition: oneoff,1,1,frequency_representative
64926,childFrame with no value: <_SOAPParserFrame: 0x7fbb3e37b160> EWSMailboxTypeTypeDefinition:__NSCFString (Inlined Arrays: (null)),E211,childFrame with no value: <*> EWSMailboxTypeTypeDefinition:<*> (Inlined Arrays: (<*>)),15,childframe with no value: <_soapparserframe: <hex> > ewsmailboxtypetypedefinition:__nscfstring (inlined arrays: (null)),15,Mac_C0001050,15,15,childframe with no value: < _soapparserframe: <hex> > ewsmailboxtypetypedefinition: __nscfstring (inlined arrays: (null)),1,1,frequency_representative
65326,-[NETClientConnection evaluateCrazyIvan46] CI46 - Perform CrazyIvan46! NeteaseMusic.17988 tc10206 103.251.128.144:80,E468,-[NETClientConnection <*>] <*> - Perform <*>! <*> <*> <*>,1,-[netclientconnection <id> ] ci46 - perform <id> ! <id> tc10206 <ip>,1,Mac_C0001051,1,1,- [netclientconnection <id>] ci 46-perform <id>! <id> tc 10206 <ip>,1,1,frequency_representative
65333,__42-[NETClientConnection evaluateCrazyIvan46]_block_invoke CI46 - Hit by torpedo! NeteaseMusic.17988 tc10206 103.251.128.144:80,E224,<*>[NETClientConnection evaluateCrazyIvan46]_block_invoke <*> - Hit by torpedo! <*> <*> <*>,1,__42-[netclientconnection <id> ]_block_invoke ci46 - hit by torpedo! <id> tc10206 <ip>,1,Mac_C0001052,1,1,__ 42-[netclientconnection <id>] _block_invoke ci 46-hit by torpedo! <id> tc 10206 <ip>,1,1,frequency_representative
65686,Skipping STATUS for [Gmail]/All Mail because CHECK failed with error: (null),E338,Skipping STATUS for <*> because CHECK failed with error: (<*>),1,skipping status for [gmail]/all mail because check failed with error: (null),1,Mac_C0001053,1,1,skipping status for [gmail]/all mail because check failed with error: (null),1,1,frequency_representative
65929,-[NETClientConnection evaluateCrazyIvan46] CI46 - Perform CrazyIvan46! QQ.10018 tc23275 184.105.67.74:8080,E468,-[NETClientConnection <*>] <*> - Perform <*>! <*> <*> <*>,1,-[netclientconnection <id> ] ci46 - perform <id> ! <id> tc23275 <ip>,1,Mac_C0001054,1,1,- [netclientconnection <id>] ci 46-perform <id>! <id> tc 23275 <ip>,1,1,frequency_representative
65947,__42-[NETClientConnection evaluateCrazyIvan46]_block_invoke CI46 - Hit by torpedo! QQ.10018 tc23275 184.105.67.74:8080,E224,<*>[NETClientConnection evaluateCrazyIvan46]_block_invoke <*> - Hit by torpedo! <*> <*> <*>,1,__42-[netclientconnection <id> ]_block_invoke ci46 - hit by torpedo! <id> tc23275 <ip>,1,Mac_C0001055,1,1,__ 42-[netclientconnection <id>] _block_invoke ci 46-hit by torpedo! <id> tc 23275 <ip>,1,1,frequency_representative
65948,-[NETClientConnection evaluateCrazyIvan46] CI46 - Perform CrazyIvan46! QQ.10018 tc23288 112.90.140.220:14000,E468,-[NETClientConnection <*>] <*> - Perform <*>! <*> <*> <*>,1,-[netclientconnection <id> ] ci46 - perform <id> ! <id> tc23288 <ip>,1,Mac_C0001056,1,1,- [netclientconnection <id>] ci 46-perform <id>! <id> tc 23288 <ip>,1,1,frequency_representative
65949,__42-[NETClientConnection evaluateCrazyIvan46]_block_invoke CI46 - Hit by torpedo! QQ.10018 tc23288 112.90.140.220:14000,E224,<*>[NETClientConnection evaluateCrazyIvan46]_block_invoke <*> - Hit by torpedo! <*> <*> <*>,1,__42-[netclientconnection <id> ]_block_invoke ci46 - hit by torpedo! <id> tc23288 <ip>,1,Mac_C0001057,1,1,__ 42-[netclientconnection <id>] _block_invoke ci 46-hit by torpedo! <id> tc 23288 <ip>,1,1,frequency_representative
65951,-[NETClientConnection evaluateCrazyIvan46] CI46 - Perform CrazyIvan46! QQ.10018 tc23289 120.198.203.168:443,E468,-[NETClientConnection <*>] <*> - Perform <*>! <*> <*> <*>,1,-[netclientconnection <id> ] ci46 - perform <id> ! <id> tc23289 <ip>,1,Mac_C0001058,1,1,- [netclientconnection <id>] ci 46-perform <id>! <id> tc 23289 <ip>,1,1,frequency_representative
65952,__42-[NETClientConnection evaluateCrazyIvan46]_block_invoke CI46 - Hit by torpedo! QQ.10018 tc23289 120.198.203.168:443,E224,<*>[NETClientConnection evaluateCrazyIvan46]_block_invoke <*> - Hit by torpedo! <*> <*> <*>,1,__42-[netclientconnection <id> ]_block_invoke ci46 - hit by torpedo! <id> tc23289 <ip>,1,Mac_C0001059,1,1,__ 42-[netclientconnection <id>] _block_invoke ci 46-hit by torpedo! <id> tc 23289 <ip>,1,1,frequency_representative
65954,-[NETClientConnection evaluateCrazyIvan46] CI46 - Perform CrazyIvan46! QQ.10018 tc23290 112.90.78.168:443,E468,-[NETClientConnection <*>] <*> - Perform <*>! <*> <*> <*>,1,-[netclientconnection <id> ] ci46 - perform <id> ! <id> tc23290 <ip>,1,Mac_C0001060,1,1,- [netclientconnection <id>] ci 46-perform <id>! <id> tc 23290 <ip>,1,1,frequency_representative
65955,__42-[NETClientConnection evaluateCrazyIvan46]_block_invoke CI46 - Hit by torpedo! QQ.10018 tc23290 112.90.78.168:443,E224,<*>[NETClientConnection evaluateCrazyIvan46]_block_invoke <*> - Hit by torpedo! <*> <*> <*>,1,__42-[netclientconnection <id> ]_block_invoke ci46 - hit by torpedo! <id> tc23290 <ip>,1,Mac_C0001061,1,1,__ 42-[netclientconnection <id>] _block_invoke ci 46-hit by torpedo! <id> tc 23290 <ip>,1,1,frequency_representative
65957,-[NETClientConnection evaluateCrazyIvan46] CI46 - Perform CrazyIvan46! QQ.10018 tc23291 112.90.78.169:8080,E468,-[NETClientConnection <*>] <*> - Perform <*>! <*> <*> <*>,1,-[netclientconnection <id> ] ci46 - perform <id> ! <id> tc23291 <ip>,1,Mac_C0001062,1,1,- [netclientconnection <id>] ci 46-perform <id>! <id> tc 23291 <ip>,1,1,frequency_representative
65958,__42-[NETClientConnection evaluateCrazyIvan46]_block_invoke CI46 - Hit by torpedo! QQ.10018 tc23291 112.90.78.169:8080,E224,<*>[NETClientConnection evaluateCrazyIvan46]_block_invoke <*> - Hit by torpedo! <*> <*> <*>,1,__42-[netclientconnection <id> ]_block_invoke ci46 - hit by torpedo! <id> tc23291 <ip>,1,Mac_C0001063,1,1,__ 42-[netclientconnection <id>] _block_invoke ci 46-hit by torpedo! <id> tc 23291 <ip>,1,1,frequency_representative
65960,-[NETClientConnection evaluateCrazyIvan46] CI46 - Perform CrazyIvan46! QQ.10018 tc23292 125.39.213.49:443,E468,-[NETClientConnection <*>] <*> - Perform <*>! <*> <*> <*>,1,-[netclientconnection <id> ] ci46 - perform <id> ! <id> tc23292 <ip>,1,Mac_C0001064,1,1,- [netclientconnection <id>] ci 46-perform <id>! <id> tc 23292 <ip>,1,1,frequency_representative
65961,__42-[NETClientConnection evaluateCrazyIvan46]_block_invoke CI46 - Hit by torpedo! QQ.10018 tc23292 125.39.213.49:443,E224,<*>[NETClientConnection evaluateCrazyIvan46]_block_invoke <*> - Hit by torpedo! <*> <*> <*>,1,__42-[netclientconnection <id> ]_block_invoke ci46 - hit by torpedo! <id> tc23292 <ip>,1,Mac_C0001065,1,1,__ 42-[netclientconnection <id>] _block_invoke ci 46-hit by torpedo! <id> tc 23292 <ip>,1,1,frequency_representative
65963,-[NETClientConnection evaluateCrazyIvan46] CI46 - Perform CrazyIvan46! QQ.10018 tc23293 14.17.42.14:14000,E468,-[NETClientConnection <*>] <*> - Perform <*>! <*> <*> <*>,1,-[netclientconnection <id> ] ci46 - perform <id> ! <id> tc23293 <ip>,1,Mac_C0001066,1,1,- [netclientconnection <id>] ci 46-perform <id>! <id> tc 23293 <ip>,1,1,frequency_representative
65964,__42-[NETClientConnection evaluateCrazyIvan46]_block_invoke CI46 - Hit by torpedo! QQ.10018 tc23293 14.17.42.14:14000,E224,<*>[NETClientConnection evaluateCrazyIvan46]_block_invoke <*> - Hit by torpedo! <*> <*> <*>,1,__42-[netclientconnection <id> ]_block_invoke ci46 - hit by torpedo! <id> tc23293 <ip>,1,Mac_C0001067,1,1,__ 42-[netclientconnection <id>] _block_invoke ci 46-hit by torpedo! <id> tc 23293 <ip>,1,1,frequency_representative
65966,-[NETClientConnection evaluateCrazyIvan46] CI46 - Perform CrazyIvan46! QQ.10018 tc23294 183.3.235.162:443,E468,-[NETClientConnection <*>] <*> - Perform <*>! <*> <*> <*>,1,-[netclientconnection <id> ] ci46 - perform <id> ! <id> tc23294 <ip>,1,Mac_C0001068,1,1,- [netclientconnection <id>] ci 46-perform <id>! <id> tc 23294 <ip>,1,1,frequency_representative
65967,__42-[NETClientConnection evaluateCrazyIvan46]_block_invoke CI46 - Hit by torpedo! QQ.10018 tc23294 183.3.235.162:443,E224,<*>[NETClientConnection evaluateCrazyIvan46]_block_invoke <*> - Hit by torpedo! <*> <*> <*>,1,__42-[netclientconnection <id> ]_block_invoke ci46 - hit by torpedo! <id> tc23294 <ip>,1,Mac_C0001069,1,1,__ 42-[netclientconnection <id>] _block_invoke ci 46-hit by torpedo! <id> tc 23294 <ip>,1,1,frequency_representative
65969,-[NETClientConnection evaluateCrazyIvan46] CI46 - Perform CrazyIvan46! QQ.10018 tc23295 14.17.42.37:8080,E468,-[NETClientConnection <*>] <*> - Perform <*>! <*> <*> <*>,1,-[netclientconnection <id> ] ci46 - perform <id> ! <id> tc23295 <ip>,1,Mac_C0001070,1,1,- [netclientconnection <id>] ci 46-perform <id>! <id> tc 23295 <ip>,1,1,frequency_representative
65970,__42-[NETClientConnection evaluateCrazyIvan46]_block_invoke CI46 - Hit by torpedo! QQ.10018 tc23295 14.17.42.37:8080,E224,<*>[NETClientConnection evaluateCrazyIvan46]_block_invoke <*> - Hit by torpedo! <*> <*> <*>,1,__42-[netclientconnection <id> ]_block_invoke ci46 - hit by torpedo! <id> tc23295 <ip>,1,Mac_C0001071,1,1,__ 42-[netclientconnection <id>] _block_invoke ci 46-hit by torpedo! <id> tc 23295 <ip>,1,1,frequency_representative
65972,-[NETClientConnection evaluateCrazyIvan46] CI46 - Perform CrazyIvan46! QQ.10018 tc23296 123.151.10.190:443,E468,-[NETClientConnection <*>] <*> - Perform <*>! <*> <*> <*>,1,-[netclientconnection <id> ] ci46 - perform <id> ! <id> tc23296 <ip>,1,Mac_C0001072,1,1,- [netclientconnection <id>] ci 46-perform <id>! <id> tc 23296 <ip>,1,1,frequency_representative
65973,__42-[NETClientConnection evaluateCrazyIvan46]_block_invoke CI46 - Hit by torpedo! QQ.10018 tc23296 123.151.10.190:443,E224,<*>[NETClientConnection evaluateCrazyIvan46]_block_invoke <*> - Hit by torpedo! <*> <*> <*>,1,__42-[netclientconnection <id> ]_block_invoke ci46 - hit by torpedo! <id> tc23296 <ip>,1,Mac_C0001073,1,1,__ 42-[netclientconnection <id>] _block_invoke ci 46-hit by torpedo! <id> tc 23296 <ip>,1,1,frequency_representative
65975,-[NETClientConnection evaluateCrazyIvan46] CI46 - Perform CrazyIvan46! QQ.10018 tc23297 120.198.199.172:14000,E468,-[NETClientConnection <*>] <*> - Perform <*>! <*> <*> <*>,1,-[netclientconnection <id> ] ci46 - perform <id> ! <id> tc23297 <ip>,1,Mac_C0001074,1,1,- [netclientconnection <id>] ci 46-perform <id>! <id> tc 23297 <ip>,1,1,frequency_representative
65976,__42-[NETClientConnection evaluateCrazyIvan46]_block_invoke CI46 - Hit by torpedo! QQ.10018 tc23297 120.198.199.172:14000,E224,<*>[NETClientConnection evaluateCrazyIvan46]_block_invoke <*> - Hit by torpedo! <*> <*> <*>,1,__42-[netclientconnection <id> ]_block_invoke ci46 - hit by torpedo! <id> tc23297 <ip>,1,Mac_C0001075,1,1,__ 42-[netclientconnection <id>] _block_invoke ci 46-hit by torpedo! <id> tc 23297 <ip>,1,1,frequency_representative
65978,-[NETClientConnection evaluateCrazyIvan46] CI46 - Perform CrazyIvan46! QQ.10018 tc23299 120.198.201.160:8080,E468,-[NETClientConnection <*>] <*> - Perform <*>! <*> <*> <*>,1,-[netclientconnection <id> ] ci46 - perform <id> ! <id> tc23299 <ip>,1,Mac_C0001076,1,1,- [netclientconnection <id>] ci 46-perform <id>! <id> tc 23299 <ip>,1,1,frequency_representative
65979,__42-[NETClientConnection evaluateCrazyIvan46]_block_invoke CI46 - Hit by torpedo! QQ.10018 tc23299 120.198.201.160:8080,E224,<*>[NETClientConnection evaluateCrazyIvan46]_block_invoke <*> - Hit by torpedo! <*> <*> <*>,1,__42-[netclientconnection <id> ]_block_invoke ci46 - hit by torpedo! <id> tc23299 <ip>,1,Mac_C0001077,1,1,__ 42-[netclientconnection <id>] _block_invoke ci 46-hit by torpedo! <id> tc 23299 <ip>,1,1,frequency_representative
65981,-[NETClientConnection evaluateCrazyIvan46] CI46 - Perform CrazyIvan46! QQ.10018 tc23300 111.30.131.105:443,E468,-[NETClientConnection <*>] <*> - Perform <*>! <*> <*> <*>,1,-[netclientconnection <id> ] ci46 - perform <id> ! <id> tc23300 <ip>,1,Mac_C0001078,1,1,- [netclientconnection <id>] ci 46-perform <id>! <id> tc 23300 <ip>,1,1,frequency_representative
65982,__42-[NETClientConnection evaluateCrazyIvan46]_block_invoke CI46 - Hit by torpedo! QQ.10018 tc23300 111.30.131.105:443,E224,<*>[NETClientConnection evaluateCrazyIvan46]_block_invoke <*> - Hit by torpedo! <*> <*> <*>,1,__42-[netclientconnection <id> ]_block_invoke ci46 - hit by torpedo! <id> tc23300 <ip>,1,Mac_C0001079,1,1,__ 42-[netclientconnection <id>] _block_invoke ci 46-hit by torpedo! <id> tc 23300 <ip>,1,1,frequency_representative
65984,-[NETClientConnection evaluateCrazyIvan46] CI46 - Perform CrazyIvan46! QQ.10018 tc23301 203.205.142.158:14000,E468,-[NETClientConnection <*>] <*> - Perform <*>! <*> <*> <*>,1,-[netclientconnection <id> ] ci46 - perform <id> ! <id> tc23301 <ip>,1,Mac_C0001080,1,1,- [netclientconnection <id>] ci 46-perform <id>! <id> tc 23301 <ip>,1,1,frequency_representative
65985,__42-[NETClientConnection evaluateCrazyIvan46]_block_invoke CI46 - Hit by torpedo! QQ.10018 tc23301 203.205.142.158:14000,E224,<*>[NETClientConnection evaluateCrazyIvan46]_block_invoke <*> - Hit by torpedo! <*> <*> <*>,1,__42-[netclientconnection <id> ]_block_invoke ci46 - hit by torpedo! <id> tc23301 <ip>,1,Mac_C0001081,1,1,__ 42-[netclientconnection <id>] _block_invoke ci 46-hit by torpedo! <id> tc 23301 <ip>,1,1,frequency_representative
65988,-[NETClientConnection evaluateCrazyIvan46] CI46 - Perform CrazyIvan46! QQ.10018 tc23302 203.205.147.206:443,E468,-[NETClientConnection <*>] <*> - Perform <*>! <*> <*> <*>,1,-[netclientconnection <id> ] ci46 - perform <id> ! <id> tc23302 <ip>,1,Mac_C0001082,1,1,- [netclientconnection <id>] ci 46-perform <id>! <id> tc 23302 <ip>,1,1,frequency_representative
65989,__42-[NETClientConnection evaluateCrazyIvan46]_block_invoke CI46 - Hit by torpedo! QQ.10018 tc23302 203.205.147.206:443,E224,<*>[NETClientConnection evaluateCrazyIvan46]_block_invoke <*> - Hit by torpedo! <*> <*> <*>,1,__42-[netclientconnection <id> ]_block_invoke ci46 - hit by torpedo! <id> tc23302 <ip>,1,Mac_C0001083,1,1,__ 42-[netclientconnection <id>] _block_invoke ci 46-hit by torpedo! <id> tc 23302 <ip>,1,1,frequency_representative
65991,-[NETClientConnection evaluateCrazyIvan46] CI46 - Perform CrazyIvan46! QQ.10018 tc23303 183.3.235.162:8080,E468,-[NETClientConnection <*>] <*> - Perform <*>! <*> <*> <*>,1,-[netclientconnection <id> ] ci46 - perform <id> ! <id> tc23303 <ip>,1,Mac_C0001084,1,1,- [netclientconnection <id>] ci 46-perform <id>! <id> tc 23303 <ip>,1,1,frequency_representative
65994,__42-[NETClientConnection evaluateCrazyIvan46]_block_invoke CI46 - Hit by torpedo! QQ.10018 tc23303 183.3.235.162:8080,E224,<*>[NETClientConnection evaluateCrazyIvan46]_block_invoke <*> - Hit by torpedo! <*> <*> <*>,1,__42-[netclientconnection <id> ]_block_invoke ci46 - hit by torpedo! <id> tc23303 <ip>,1,Mac_C0001085,1,1,__ 42-[netclientconnection <id>] _block_invoke ci 46-hit by torpedo! <id> tc 23303 <ip>,1,1,frequency_representative
66090,-[NETClientConnection evaluateCrazyIvan46] CI46 - Perform CrazyIvan46! NeteaseMusic.17988 tc10247 103.251.128.144:80,E468,-[NETClientConnection <*>] <*> - Perform <*>! <*> <*> <*>,1,-[netclientconnection <id> ] ci46 - perform <id> ! <id> tc10247 <ip>,1,Mac_C0001086,1,1,- [netclientconnection <id>] ci 46-perform <id>! <id> tc 10247 <ip>,1,1,frequency_representative
66091,-[NETClientConnection evaluateCrazyIvan46] CI46 - Perform CrazyIvan46! QQ.10018 tc23313 119.81.102.227:80,E468,-[NETClientConnection <*>] <*> - Perform <*>! <*> <*> <*>,1,-[netclientconnection <id> ] ci46 - perform <id> ! <id> tc23313 <ip>,1,Mac_C0001087,1,1,- [netclientconnection <id>] ci 46-perform <id>! <id> tc 23313 <ip>,1,1,frequency_representative
66096,-[NETClientConnection evaluateCrazyIvan46] CI46 - Perform CrazyIvan46! QQ.10018 tc23316 182.254.50.150:443,E468,-[NETClientConnection <*>] <*> - Perform <*>! <*> <*> <*>,1,-[netclientconnection <id> ] ci46 - perform <id> ! <id> tc23316 <ip>,1,Mac_C0001088,1,1,- [netclientconnection <id>] ci 46-perform <id>! <id> tc 23316 <ip>,1,1,frequency_representative
66099,-[NETClientConnection evaluateCrazyIvan46] CI46 - Perform CrazyIvan46! QQ.10018 tc23321 203.205.147.208:8080,E468,-[NETClientConnection <*>] <*> - Perform <*>! <*> <*> <*>,1,-[netclientconnection <id> ] ci46 - perform <id> ! <id> tc23321 <ip>,1,Mac_C0001089,1,1,- [netclientconnection <id>] ci 46-perform <id>! <id> tc 23321 <ip>,1,1,frequency_representative
66110,__42-[NETClientConnection evaluateCrazyIvan46]_block_invoke CI46 - Hit by torpedo! QQ.10018 tc23321 203.205.147.208:8080,E224,<*>[NETClientConnection evaluateCrazyIvan46]_block_invoke <*> - Hit by torpedo! <*> <*> <*>,1,__42-[netclientconnection <id> ]_block_invoke ci46 - hit by torpedo! <id> tc23321 <ip>,1,Mac_C0001090,1,1,__ 42-[netclientconnection <id>] _block_invoke ci 46-hit by torpedo! <id> tc 23321 <ip>,1,1,frequency_representative
66209,-[NETClientConnection evaluateCrazyIvan46] CI46 - Perform CrazyIvan46! QQ.10018 tc23324 183.61.46.147:80,E468,-[NETClientConnection <*>] <*> - Perform <*>! <*> <*> <*>,1,-[netclientconnection <id> ] ci46 - perform <id> ! <id> tc23324 <ip>,1,Mac_C0001091,1,1,- [netclientconnection <id>] ci 46-perform <id>! <id> tc 23324 <ip>,1,1,frequency_representative
66210,__42-[NETClientConnection evaluateCrazyIvan46]_block_invoke CI46 - Hit by torpedo! QQ.10018 tc23324 183.61.46.147:80,E224,<*>[NETClientConnection evaluateCrazyIvan46]_block_invoke <*> - Hit by torpedo! <*> <*> <*>,1,__42-[netclientconnection <id> ]_block_invoke ci46 - hit by torpedo! <id> tc23324 <ip>,1,Mac_C0001092,1,1,__ 42-[netclientconnection <id>] _block_invoke ci 46-hit by torpedo! <id> tc 23324 <ip>,1,1,frequency_representative
66245,-[NETClientConnection evaluateCrazyIvan46] CI46 - Perform CrazyIvan46! NeteaseMusic.17988 tc10257 103.251.128.144:80,E468,-[NETClientConnection <*>] <*> - Perform <*>! <*> <*> <*>,1,-[netclientconnection <id> ] ci46 - perform <id> ! <id> tc10257 <ip>,1,Mac_C0001093,1,1,- [netclientconnection <id>] ci 46-perform <id>! <id> tc 10257 <ip>,1,1,frequency_representative
66247,__42-[NETClientConnection evaluateCrazyIvan46]_block_invoke CI46 - Hit by torpedo! NeteaseMusic.17988 tc10257 103.251.128.144:80,E224,<*>[NETClientConnection evaluateCrazyIvan46]_block_invoke <*> - Hit by torpedo! <*> <*> <*>,1,__42-[netclientconnection <id> ]_block_invoke ci46 - hit by torpedo! <id> tc10257 <ip>,1,Mac_C0001094,1,1,__ 42-[netclientconnection <id>] _block_invoke ci 46-hit by torpedo! <id> tc 10257 <ip>,1,1,frequency_representative
66408,network changed: v4(en0!:10.105.163.9) v6(en0!:2607:f140:6000:8:c6b3:1ff:fecd:467f) DNS+ Proxy+ SMB,E500,network changed: <*> DNS+ Proxy+ SMB,2,network changed: v4(en0!: <ip> ) v6(en0!: <ip> ) dns+ proxy+ smb,2,Mac_C0001095,2,2,network changed: v 4 (en 0!: <ip>) v 6 (en 0!: <ip>) dns + proxy + smb,1,1,frequency_representative
66553,-[NETClientConnection evaluateCrazyIvan46] CI46 - Perform CrazyIvan46! QQ.10018 tc23367 119.81.102.227:80,E468,-[NETClientConnection <*>] <*> - Perform <*>! <*> <*> <*>,1,-[netclientconnection <id> ] ci46 - perform <id> ! <id> tc23367 <ip>,1,Mac_C0001096,1,1,- [netclientconnection <id>] ci 46-perform <id>! <id> tc 23367 <ip>,1,1,frequency_representative
66554,__42-[NETClientConnection evaluateCrazyIvan46]_block_invoke CI46 - Hit by torpedo! QQ.10018 tc23367 119.81.102.227:80,E224,<*>[NETClientConnection evaluateCrazyIvan46]_block_invoke <*> - Hit by torpedo! <*> <*> <*>,1,__42-[netclientconnection <id> ]_block_invoke ci46 - hit by torpedo! <id> tc23367 <ip>,1,Mac_C0001097,1,1,__ 42-[netclientconnection <id>] _block_invoke ci 46-hit by torpedo! <id> tc 23367 <ip>,1,1,frequency_representative
66593,-[NETClientConnection evaluateCrazyIvan46] CI46 - Perform CrazyIvan46! NeteaseMusic.17988 tc10278 103.251.128.144:80,E468,-[NETClientConnection <*>] <*> - Perform <*>! <*> <*> <*>,1,-[netclientconnection <id> ] ci46 - perform <id> ! <id> tc10278 <ip>,1,Mac_C0001098,1,1,- [netclientconnection <id>] ci 46-perform <id>! <id> tc 10278 <ip>,1,1,frequency_representative
66600,-[NETClientConnection evaluateCrazyIvan46] CI46 - Perform CrazyIvan46! QQ.10018 tc23387 112.90.140.220:14000,E468,-[NETClientConnection <*>] <*> - Perform <*>! <*> <*> <*>,1,-[netclientconnection <id> ] ci46 - perform <id> ! <id> tc23387 <ip>,1,Mac_C0001099,1,1,- [netclientconnection <id>] ci 46-perform <id>! <id> tc 23387 <ip>,1,1,frequency_representative
66608,-[NETClientConnection evaluateCrazyIvan46] CI46 - Perform CrazyIvan46! QQ.10018 tc23392 120.198.203.168:443,E468,-[NETClientConnection <*>] <*> - Perform <*>! <*> <*> <*>,1,-[netclientconnection <id> ] ci46 - perform <id> ! <id> tc23392 <ip>,1,Mac_C0001100,1,1,- [netclientconnection <id>] ci 46-perform <id>! <id> tc 23392 <ip>,1,1,frequency_representative
66626,-[NETClientConnection evaluateCrazyIvan46] CI46 - Perform CrazyIvan46! QQ.10018 tc23397 112.90.78.168:443,E468,-[NETClientConnection <*>] <*> - Perform <*>! <*> <*> <*>,1,-[netclientconnection <id> ] ci46 - perform <id> ! <id> tc23397 <ip>,1,Mac_C0001101,1,1,- [netclientconnection <id>] ci 46-perform <id>! <id> tc 23397 <ip>,1,1,frequency_representative
66719,ERROR: send_all(59) wrote -1 of 4 errno 32 (Broken pipe),E390,ERROR: send_all(<*>) wrote <*> of <*> errno <*> (Broken pipe),1,error: send_all( <num> ) wrote <num> of <num> errno <num> (broken pipe),1,Mac_C0001102,1,1,error: send_all (<num>) wrote <num> of <num> errno <num> (broken pipe),1,1,frequency_representative
66750,-[NETClientConnection evaluateCrazyIvan46] CI46 - Perform CrazyIvan46! NeteaseMusic.17988 tc10289 103.251.128.144:80,E468,-[NETClientConnection <*>] <*> - Perform <*>! <*> <*> <*>,1,-[netclientconnection <id> ] ci46 - perform <id> ! <id> tc10289 <ip>,1,Mac_C0001103,1,1,- [netclientconnection <id>] ci 46-perform <id>! <id> tc 10289 <ip>,1,1,frequency_representative
66752,-[NETClientConnection evaluateCrazyIvan46] CI46 - Perform CrazyIvan46! QQ.10018 tc23407 119.81.102.227:80,E468,-[NETClientConnection <*>] <*> - Perform <*>! <*> <*> <*>,1,-[netclientconnection <id> ] ci46 - perform <id> ! <id> tc23407 <ip>,1,Mac_C0001104,1,1,- [netclientconnection <id>] ci 46-perform <id>! <id> tc 23407 <ip>,1,1,frequency_representative
66753,__42-[NETClientConnection evaluateCrazyIvan46]_block_invoke CI46 - Hit by torpedo! NeteaseMusic.17988 tc10289 103.251.128.144:80,E224,<*>[NETClientConnection evaluateCrazyIvan46]_block_invoke <*> - Hit by torpedo! <*> <*> <*>,1,__42-[netclientconnection <id> ]_block_invoke ci46 - hit by torpedo! <id> tc10289 <ip>,1,Mac_C0001105,1,1,__ 42-[netclientconnection <id>] _block_invoke ci 46-hit by torpedo! <id> tc 10289 <ip>,1,1,frequency_representative
66754,__42-[NETClientConnection evaluateCrazyIvan46]_block_invoke CI46 - Hit by torpedo! QQ.10018 tc23407 119.81.102.227:80,E224,<*>[NETClientConnection evaluateCrazyIvan46]_block_invoke <*> - Hit by torpedo! <*> <*> <*>,1,__42-[netclientconnection <id> ]_block_invoke ci46 - hit by torpedo! <id> tc23407 <ip>,1,Mac_C0001106,1,1,__ 42-[netclientconnection <id>] _block_invoke ci 46-hit by torpedo! <id> tc 23407 <ip>,1,1,frequency_representative
66757,-[NETClientConnection evaluateCrazyIvan46] CI46 - Perform CrazyIvan46! QQ.10018 tc23408 123.151.10.158:80,E468,-[NETClientConnection <*>] <*> - Perform <*>! <*> <*> <*>,1,-[netclientconnection <id> ] ci46 - perform <id> ! <id> tc23408 <ip>,1,Mac_C0001107,1,1,- [netclientconnection <id>] ci 46-perform <id>! <id> tc 23408 <ip>,1,1,frequency_representative
66758,__42-[NETClientConnection evaluateCrazyIvan46]_block_invoke CI46 - Hit by torpedo! QQ.10018 tc23408 123.151.10.158:80,E224,<*>[NETClientConnection evaluateCrazyIvan46]_block_invoke <*> - Hit by torpedo! <*> <*> <*>,1,__42-[netclientconnection <id> ]_block_invoke ci46 - hit by torpedo! <id> tc23408 <ip>,1,Mac_C0001108,1,1,__ 42-[netclientconnection <id>] _block_invoke ci 46-hit by torpedo! <id> tc 23408 <ip>,1,1,frequency_representative
66760,-[NETClientConnection evaluateCrazyIvan46] CI46 - Perform CrazyIvan46! QQ.10018 tc23409 203.205.142.158:8080,E468,-[NETClientConnection <*>] <*> - Perform <*>! <*> <*> <*>,1,-[netclientconnection <id> ] ci46 - perform <id> ! <id> tc23409 <ip>,1,Mac_C0001109,1,1,- [netclientconnection <id>] ci 46-perform <id>! <id> tc 23409 <ip>,1,1,frequency_representative
66761,__42-[NETClientConnection evaluateCrazyIvan46]_block_invoke CI46 - Hit by torpedo! QQ.10018 tc23409 203.205.142.158:8080,E224,<*>[NETClientConnection evaluateCrazyIvan46]_block_invoke <*> - Hit by torpedo! <*> <*> <*>,1,__42-[netclientconnection <id> ]_block_invoke ci46 - hit by torpedo! <id> tc23409 <ip>,1,Mac_C0001110,1,1,__ 42-[netclientconnection <id>] _block_invoke ci 46-hit by torpedo! <id> tc 23409 <ip>,1,1,frequency_representative
66763,-[NETClientConnection evaluateCrazyIvan46] CI46 - Perform CrazyIvan46! QQ.10018 tc23410 183.36.108.144:80,E468,-[NETClientConnection <*>] <*> - Perform <*>! <*> <*> <*>,1,-[netclientconnection <id> ] ci46 - perform <id> ! <id> tc23410 <ip>,1,Mac_C0001111,1,1,- [netclientconnection <id>] ci 46-perform <id>! <id> tc 23410 <ip>,1,1,frequency_representative
66764,__42-[NETClientConnection evaluateCrazyIvan46]_block_invoke CI46 - Hit by torpedo! QQ.10018 tc23410 183.36.108.144:80,E224,<*>[NETClientConnection evaluateCrazyIvan46]_block_invoke <*> - Hit by torpedo! <*> <*> <*>,1,__42-[netclientconnection <id> ]_block_invoke ci46 - hit by torpedo! <id> tc23410 <ip>,1,Mac_C0001112,1,1,__ 42-[netclientconnection <id>] _block_invoke ci 46-hit by torpedo! <id> tc 23410 <ip>,1,1,frequency_representative
66766,-[NETClientConnection evaluateCrazyIvan46] CI46 - Perform CrazyIvan46! QQ.10018 tc23411 111.206.25.143:14000,E468,-[NETClientConnection <*>] <*> - Perform <*>! <*> <*> <*>,1,-[netclientconnection <id> ] ci46 - perform <id> ! <id> tc23411 <ip>,1,Mac_C0001113,1,1,- [netclientconnection <id>] ci 46-perform <id>! <id> tc 23411 <ip>,1,1,frequency_representative
66767,__42-[NETClientConnection evaluateCrazyIvan46]_block_invoke CI46 - Hit by torpedo! QQ.10018 tc23411 111.206.25.143:14000,E224,<*>[NETClientConnection evaluateCrazyIvan46]_block_invoke <*> - Hit by torpedo! <*> <*> <*>,1,__42-[netclientconnection <id> ]_block_invoke ci46 - hit by torpedo! <id> tc23411 <ip>,1,Mac_C0001114,1,1,__ 42-[netclientconnection <id>] _block_invoke ci 46-hit by torpedo! <id> tc 23411 <ip>,1,1,frequency_representative
66769,-[NETClientConnection evaluateCrazyIvan46] CI46 - Perform CrazyIvan46! QQ.10018 tc23412 121.51.36.148:443,E468,-[NETClientConnection <*>] <*> - Perform <*>! <*> <*> <*>,1,-[netclientconnection <id> ] ci46 - perform <id> ! <id> tc23412 <ip>,1,Mac_C0001115,1,1,- [netclientconnection <id>] ci 46-perform <id>! <id> tc 23412 <ip>,1,1,frequency_representative
66770,__42-[NETClientConnection evaluateCrazyIvan46]_block_invoke CI46 - Hit by torpedo! QQ.10018 tc23412 121.51.36.148:443,E224,<*>[NETClientConnection evaluateCrazyIvan46]_block_invoke <*> - Hit by torpedo! <*> <*> <*>,1,__42-[netclientconnection <id> ]_block_invoke ci46 - hit by torpedo! <id> tc23412 <ip>,1,Mac_C0001116,1,1,__ 42-[netclientconnection <id>] _block_invoke ci 46-hit by torpedo! <id> tc 23412 <ip>,1,1,frequency_representative
66772,-[NETClientConnection evaluateCrazyIvan46] CI46 - Perform CrazyIvan46! QQ.10018 tc23414 123.151.139.59:80,E468,-[NETClientConnection <*>] <*> - Perform <*>! <*> <*> <*>,1,-[netclientconnection <id> ] ci46 - perform <id> ! <id> tc23414 <ip>,1,Mac_C0001117,1,1,- [netclientconnection <id>] ci 46-perform <id>! <id> tc 23414 <ip>,1,1,frequency_representative
66773,__42-[NETClientConnection evaluateCrazyIvan46]_block_invoke CI46 - Hit by torpedo! QQ.10018 tc23414 123.151.139.59:80,E224,<*>[NETClientConnection evaluateCrazyIvan46]_block_invoke <*> - Hit by torpedo! <*> <*> <*>,1,__42-[netclientconnection <id> ]_block_invoke ci46 - hit by torpedo! <id> tc23414 <ip>,1,Mac_C0001118,1,1,__ 42-[netclientconnection <id>] _block_invoke ci 46-hit by torpedo! <id> tc 23414 <ip>,1,1,frequency_representative
66775,-[NETClientConnection evaluateCrazyIvan46] CI46 - Perform CrazyIvan46! QQ.10018 tc23415 203.205.147.247:80,E468,-[NETClientConnection <*>] <*> - Perform <*>! <*> <*> <*>,1,-[netclientconnection <id> ] ci46 - perform <id> ! <id> tc23415 <ip>,1,Mac_C0001119,1,1,- [netclientconnection <id>] ci 46-perform <id>! <id> tc 23415 <ip>,1,1,frequency_representative
66776,__42-[NETClientConnection evaluateCrazyIvan46]_block_invoke CI46 - Hit by torpedo! QQ.10018 tc23415 203.205.147.247:80,E224,<*>[NETClientConnection evaluateCrazyIvan46]_block_invoke <*> - Hit by torpedo! <*> <*> <*>,1,__42-[netclientconnection <id> ]_block_invoke ci46 - hit by torpedo! <id> tc23415 <ip>,1,Mac_C0001120,1,1,__ 42-[netclientconnection <id>] _block_invoke ci 46-hit by torpedo! <id> tc 23415 <ip>,1,1,frequency_representative
66778,-[NETClientConnection evaluateCrazyIvan46] CI46 - Perform CrazyIvan46! QQ.10018 tc23416 183.36.108.143:80,E468,-[NETClientConnection <*>] <*> - Perform <*>! <*> <*> <*>,1,-[netclientconnection <id> ] ci46 - perform <id> ! <id> tc23416 <ip>,1,Mac_C0001121,1,1,- [netclientconnection <id>] ci 46-perform <id>! <id> tc 23416 <ip>,1,1,frequency_representative
66779,__42-[NETClientConnection evaluateCrazyIvan46]_block_invoke CI46 - Hit by torpedo! QQ.10018 tc23416 183.36.108.143:80,E224,<*>[NETClientConnection evaluateCrazyIvan46]_block_invoke <*> - Hit by torpedo! <*> <*> <*>,1,__42-[netclientconnection <id> ]_block_invoke ci46 - hit by torpedo! <id> tc23416 <ip>,1,Mac_C0001122,1,1,__ 42-[netclientconnection <id>] _block_invoke ci 46-hit by torpedo! <id> tc 23416 <ip>,1,1,frequency_representative
66781,-[NETClientConnection evaluateCrazyIvan46] CI46 - Perform CrazyIvan46! QQ.10018 tc23417 125.39.247.148:80,E468,-[NETClientConnection <*>] <*> - Perform <*>! <*> <*> <*>,1,-[netclientconnection <id> ] ci46 - perform <id> ! <id> tc23417 <ip>,1,Mac_C0001123,1,1,- [netclientconnection <id>] ci 46-perform <id>! <id> tc 23417 <ip>,1,1,frequency_representative
66782,__42-[NETClientConnection evaluateCrazyIvan46]_block_invoke CI46 - Hit by torpedo! QQ.10018 tc23417 125.39.247.148:80,E224,<*>[NETClientConnection evaluateCrazyIvan46]_block_invoke <*> - Hit by torpedo! <*> <*> <*>,1,__42-[netclientconnection <id> ]_block_invoke ci46 - hit by torpedo! <id> tc23417 <ip>,1,Mac_C0001124,1,1,__ 42-[netclientconnection <id>] _block_invoke ci 46-hit by torpedo! <id> tc 23417 <ip>,1,1,frequency_representative
66784,-[NETClientConnection evaluateCrazyIvan46] CI46 - Perform CrazyIvan46! QQ.10018 tc23418 117.135.169.110:80,E468,-[NETClientConnection <*>] <*> - Perform <*>! <*> <*> <*>,1,-[netclientconnection <id> ] ci46 - perform <id> ! <id> tc23418 <ip>,1,Mac_C0001125,1,1,- [netclientconnection <id>] ci 46-perform <id>! <id> tc 23418 <ip>,1,1,frequency_representative
66785,__42-[NETClientConnection evaluateCrazyIvan46]_block_invoke CI46 - Hit by torpedo! QQ.10018 tc23418 117.135.169.110:80,E224,<*>[NETClientConnection evaluateCrazyIvan46]_block_invoke <*> - Hit by torpedo! <*> <*> <*>,1,__42-[netclientconnection <id> ]_block_invoke ci46 - hit by torpedo! <id> tc23418 <ip>,1,Mac_C0001126,1,1,__ 42-[netclientconnection <id>] _block_invoke ci 46-hit by torpedo! <id> tc 23418 <ip>,1,1,frequency_representative
66871,-[NETClientConnection evaluateCrazyIvan46] CI46 - Perform CrazyIvan46! QQ.10018 tc23419 119.81.102.227:80,E468,-[NETClientConnection <*>] <*> - Perform <*>! <*> <*> <*>,1,-[netclientconnection <id> ] ci46 - perform <id> ! <id> tc23419 <ip>,1,Mac_C0001127,1,1,- [netclientconnection <id>] ci 46-perform <id>! <id> tc 23419 <ip>,1,1,frequency_representative
66872,__42-[NETClientConnection evaluateCrazyIvan46]_block_invoke CI46 - Hit by torpedo! QQ.10018 tc23419 119.81.102.227:80,E224,<*>[NETClientConnection evaluateCrazyIvan46]_block_invoke <*> - Hit by torpedo! <*> <*> <*>,1,__42-[netclientconnection <id> ]_block_invoke ci46 - hit by torpedo! <id> tc23419 <ip>,1,Mac_C0001128,1,1,__ 42-[netclientconnection <id>] _block_invoke ci 46-hit by torpedo! <id> tc 23419 <ip>,1,1,frequency_representative
66913,-[NETClientConnection evaluateCrazyIvan46] CI46 - Perform CrazyIvan46! NeteaseMusic.17988 tc10301 103.251.128.144:80,E468,-[NETClientConnection <*>] <*> - Perform <*>! <*> <*> <*>,1,-[netclientconnection <id> ] ci46 - perform <id> ! <id> tc10301 <ip>,1,Mac_C0001129,1,1,- [netclientconnection <id>] ci 46-perform <id>! <id> tc 10301 <ip>,1,1,frequency_representative
66920,-[NETClientConnection evaluateCrazyIvan46] CI46 - Perform CrazyIvan46! QQ.10018 tc23439 112.90.140.220:14000,E468,-[NETClientConnection <*>] <*> - Perform <*>! <*> <*> <*>,1,-[netclientconnection <id> ] ci46 - perform <id> ! <id> tc23439 <ip>,1,Mac_C0001130,1,1,- [netclientconnection <id>] ci 46-perform <id>! <id> tc 23439 <ip>,1,1,frequency_representative
66995,__42-[NETClientConnection evaluateCrazyIvan46]_block_invoke CI46 - Hit by torpedo! QQ.10018 tc23439 112.90.140.220:14000,E224,<*>[NETClientConnection evaluateCrazyIvan46]_block_invoke <*> - Hit by torpedo! <*> <*> <*>,1,__42-[netclientconnection <id> ]_block_invoke ci46 - hit by torpedo! <id> tc23439 <ip>,1,Mac_C0001131,1,1,__ 42-[netclientconnection <id>] _block_invoke ci 46-hit by torpedo! <id> tc 23439 <ip>,1,1,frequency_representative
67003,-[NETClientConnection evaluateCrazyIvan46] CI46 - Perform CrazyIvan46! QQ.10018 tc23444 120.198.203.168:443,E468,-[NETClientConnection <*>] <*> - Perform <*>! <*> <*> <*>,1,-[netclientconnection <id> ] ci46 - perform <id> ! <id> tc23444 <ip>,1,Mac_C0001132,1,1,- [netclientconnection <id>] ci 46-perform <id>! <id> tc 23444 <ip>,1,1,frequency_representative
67004,__42-[NETClientConnection evaluateCrazyIvan46]_block_invoke CI46 - Hit by torpedo! QQ.10018 tc23444 120.198.203.168:443,E224,<*>[NETClientConnection evaluateCrazyIvan46]_block_invoke <*> - Hit by torpedo! <*> <*> <*>,1,__42-[netclientconnection <id> ]_block_invoke ci46 - hit by torpedo! <id> tc23444 <ip>,1,Mac_C0001133,1,1,__ 42-[netclientconnection <id>] _block_invoke ci 46-hit by torpedo! <id> tc 23444 <ip>,1,1,frequency_representative
67007,-[NETClientConnection evaluateCrazyIvan46] CI46 - Perform CrazyIvan46! QQ.10018 tc23445 112.90.78.168:443,E468,-[NETClientConnection <*>] <*> - Perform <*>! <*> <*> <*>,1,-[netclientconnection <id> ] ci46 - perform <id> ! <id> tc23445 <ip>,1,Mac_C0001134,1,1,- [netclientconnection <id>] ci 46-perform <id>! <id> tc 23445 <ip>,1,1,frequency_representative
67008,__42-[NETClientConnection evaluateCrazyIvan46]_block_invoke CI46 - Hit by torpedo! QQ.10018 tc23445 112.90.78.168:443,E224,<*>[NETClientConnection evaluateCrazyIvan46]_block_invoke <*> - Hit by torpedo! <*> <*> <*>,1,__42-[netclientconnection <id> ]_block_invoke ci46 - hit by torpedo! <id> tc23445 <ip>,1,Mac_C0001135,1,1,__ 42-[netclientconnection <id>] _block_invoke ci 46-hit by torpedo! <id> tc 23445 <ip>,1,1,frequency_representative
67010,-[NETClientConnection evaluateCrazyIvan46] CI46 - Perform CrazyIvan46! QQ.10018 tc23446 112.90.78.169:8080,E468,-[NETClientConnection <*>] <*> - Perform <*>! <*> <*> <*>,1,-[netclientconnection <id> ] ci46 - perform <id> ! <id> tc23446 <ip>,1,Mac_C0001136,1,1,- [netclientconnection <id>] ci 46-perform <id>! <id> tc 23446 <ip>,1,1,frequency_representative
67011,__42-[NETClientConnection evaluateCrazyIvan46]_block_invoke CI46 - Hit by torpedo! QQ.10018 tc23446 112.90.78.169:8080,E224,<*>[NETClientConnection evaluateCrazyIvan46]_block_invoke <*> - Hit by torpedo! <*> <*> <*>,1,__42-[netclientconnection <id> ]_block_invoke ci46 - hit by torpedo! <id> tc23446 <ip>,1,Mac_C0001137,1,1,__ 42-[netclientconnection <id>] _block_invoke ci 46-hit by torpedo! <id> tc 23446 <ip>,1,1,frequency_representative
67014,-[NETClientConnection evaluateCrazyIvan46] CI46 - Perform CrazyIvan46! QQ.10018 tc23447 125.39.213.49:443,E468,-[NETClientConnection <*>] <*> - Perform <*>! <*> <*> <*>,1,-[netclientconnection <id> ] ci46 - perform <id> ! <id> tc23447 <ip>,1,Mac_C0001138,1,1,- [netclientconnection <id>] ci 46-perform <id>! <id> tc 23447 <ip>,1,1,frequency_representative
67015,__42-[NETClientConnection evaluateCrazyIvan46]_block_invoke CI46 - Hit by torpedo! QQ.10018 tc23447 125.39.213.49:443,E224,<*>[NETClientConnection evaluateCrazyIvan46]_block_invoke <*> - Hit by torpedo! <*> <*> <*>,1,__42-[netclientconnection <id> ]_block_invoke ci46 - hit by torpedo! <id> tc23447 <ip>,1,Mac_C0001139,1,1,__ 42-[netclientconnection <id>] _block_invoke ci 46-hit by torpedo! <id> tc 23447 <ip>,1,1,frequency_representative
67019,-[NETClientConnection evaluateCrazyIvan46] CI46 - Perform CrazyIvan46! QQ.10018 tc23448 14.17.42.14:14000,E468,-[NETClientConnection <*>] <*> - Perform <*>! <*> <*> <*>,1,-[netclientconnection <id> ] ci46 - perform <id> ! <id> tc23448 <ip>,1,Mac_C0001140,1,1,- [netclientconnection <id>] ci 46-perform <id>! <id> tc 23448 <ip>,1,1,frequency_representative
67020,__42-[NETClientConnection evaluateCrazyIvan46]_block_invoke CI46 - Hit by torpedo! QQ.10018 tc23448 14.17.42.14:14000,E224,<*>[NETClientConnection evaluateCrazyIvan46]_block_invoke <*> - Hit by torpedo! <*> <*> <*>,1,__42-[netclientconnection <id> ]_block_invoke ci46 - hit by torpedo! <id> tc23448 <ip>,1,Mac_C0001141,1,1,__ 42-[netclientconnection <id>] _block_invoke ci 46-hit by torpedo! <id> tc 23448 <ip>,1,1,frequency_representative
67023,-[NETClientConnection evaluateCrazyIvan46] CI46 - Perform CrazyIvan46! QQ.10018 tc23449 183.3.235.162:443,E468,-[NETClientConnection <*>] <*> - Perform <*>! <*> <*> <*>,1,-[netclientconnection <id> ] ci46 - perform <id> ! <id> tc23449 <ip>,1,Mac_C0001142,1,1,- [netclientconnection <id>] ci 46-perform <id>! <id> tc 23449 <ip>,1,1,frequency_representative
67024,__42-[NETClientConnection evaluateCrazyIvan46]_block_invoke CI46 - Hit by torpedo! QQ.10018 tc23449 183.3.235.162:443,E224,<*>[NETClientConnection evaluateCrazyIvan46]_block_invoke <*> - Hit by torpedo! <*> <*> <*>,1,__42-[netclientconnection <id> ]_block_invoke ci46 - hit by torpedo! <id> tc23449 <ip>,1,Mac_C0001143,1,1,__ 42-[netclientconnection <id>] _block_invoke ci 46-hit by torpedo! <id> tc 23449 <ip>,1,1,frequency_representative
67026,-[NETClientConnection evaluateCrazyIvan46] CI46 - Perform CrazyIvan46! QQ.10018 tc23450 14.17.42.37:8080,E468,-[NETClientConnection <*>] <*> - Perform <*>! <*> <*> <*>,1,-[netclientconnection <id> ] ci46 - perform <id> ! <id> tc23450 <ip>,1,Mac_C0001144,1,1,- [netclientconnection <id>] ci 46-perform <id>! <id> tc 23450 <ip>,1,1,frequency_representative
67027,__42-[NETClientConnection evaluateCrazyIvan46]_block_invoke CI46 - Hit by torpedo! QQ.10018 tc23450 14.17.42.37:8080,E224,<*>[NETClientConnection evaluateCrazyIvan46]_block_invoke <*> - Hit by torpedo! <*> <*> <*>,1,__42-[netclientconnection <id> ]_block_invoke ci46 - hit by torpedo! <id> tc23450 <ip>,1,Mac_C0001145,1,1,__ 42-[netclientconnection <id>] _block_invoke ci 46-hit by torpedo! <id> tc 23450 <ip>,1,1,frequency_representative
67029,-[NETClientConnection evaluateCrazyIvan46] CI46 - Perform CrazyIvan46! QQ.10018 tc23451 123.151.10.190:443,E468,-[NETClientConnection <*>] <*> - Perform <*>! <*> <*> <*>,1,-[netclientconnection <id> ] ci46 - perform <id> ! <id> tc23451 <ip>,1,Mac_C0001146,1,1,- [netclientconnection <id>] ci 46-perform <id>! <id> tc 23451 <ip>,1,1,frequency_representative
67030,__42-[NETClientConnection evaluateCrazyIvan46]_block_invoke CI46 - Hit by torpedo! QQ.10018 tc23451 123.151.10.190:443,E224,<*>[NETClientConnection evaluateCrazyIvan46]_block_invoke <*> - Hit by torpedo! <*> <*> <*>,1,__42-[netclientconnection <id> ]_block_invoke ci46 - hit by torpedo! <id> tc23451 <ip>,1,Mac_C0001147,1,1,__ 42-[netclientconnection <id>] _block_invoke ci 46-hit by torpedo! <id> tc 23451 <ip>,1,1,frequency_representative
67032,-[NETClientConnection evaluateCrazyIvan46] CI46 - Perform CrazyIvan46! QQ.10018 tc23452 120.198.199.172:14000,E468,-[NETClientConnection <*>] <*> - Perform <*>! <*> <*> <*>,1,-[netclientconnection <id> ] ci46 - perform <id> ! <id> tc23452 <ip>,1,Mac_C0001148,1,1,- [netclientconnection <id>] ci 46-perform <id>! <id> tc 23452 <ip>,1,1,frequency_representative
67034,__42-[NETClientConnection evaluateCrazyIvan46]_block_invoke CI46 - Hit by torpedo! QQ.10018 tc23452 120.198.199.172:14000,E224,<*>[NETClientConnection evaluateCrazyIvan46]_block_invoke <*> - Hit by torpedo! <*> <*> <*>,1,__42-[netclientconnection <id> ]_block_invoke ci46 - hit by torpedo! <id> tc23452 <ip>,1,Mac_C0001149,1,1,__ 42-[netclientconnection <id>] _block_invoke ci 46-hit by torpedo! <id> tc 23452 <ip>,1,1,frequency_representative
67276,-[NETClientConnection evaluateCrazyIvan46] CI46 - Perform CrazyIvan46! NeteaseMusic.17988 tc10310 103.251.128.144:80,E468,-[NETClientConnection <*>] <*> - Perform <*>! <*> <*> <*>,1,-[netclientconnection <id> ] ci46 - perform <id> ! <id> tc10310 <ip>,1,Mac_C0001150,1,1,- [netclientconnection <id>] ci 46-perform <id>! <id> tc 10310 <ip>,1,1,frequency_representative
67325,__42-[NETClientConnection evaluateCrazyIvan46]_block_invoke CI46 - Hit by torpedo! NeteaseMusic.17988 tc10310 103.251.128.144:80,E224,<*>[NETClientConnection evaluateCrazyIvan46]_block_invoke <*> - Hit by torpedo! <*> <*> <*>,1,__42-[netclientconnection <id> ]_block_invoke ci46 - hit by torpedo! <id> tc10310 <ip>,1,Mac_C0001151,1,1,__ 42-[netclientconnection <id>] _block_invoke ci 46-hit by torpedo! <id> tc 10310 <ip>,1,1,frequency_representative
67900,"hibernate_machine_init: state 2, image pages 445252, sum was a602c408, imageSize 0x2b299000, image1Size 0x219f8000, conflictCount 6606, nextFree 60ca",E130,"hibernate_machine_init: state <*>, image pages <*>, sum was <*>, imageSize <*>, image1Size <*>, conflictCount <*>, nextFree <*>",1,"hibernate_machine_init: state <num> , image pages <num> , sum was <id> , imagesize <hex> , <id> <hex> , conflictcount <num> , nextfree 60ca",1,Mac_C0001152,1,1,"hibernate_machine_init: state <num>, image pages <num>, sum was <id>, imagesize <hex>, <id> <hex>, conflictcount <num>, nextfree 60 ca",1,1,frequency_representative
68103,[HID] [MT] MTSimpleHIDManager::deviceDidBootload device bootloaded,E247,[HID] [MT] MTSimpleHIDManager::deviceDidBootload device bootloaded,1,[hid] [mt] mtsimplehidmanager::devicedidbootload device bootloaded,1,Mac_C0001153,1,1,[hid] [mt] mtsimplehidmanager:: devicedidbootload device bootloaded,1,1,frequency_representative
68287,-[NETClientConnection evaluateCrazyIvan46] CI46 - Perform CrazyIvan46! QQ.10018 tc23494 123.151.10.184:80,E468,-[NETClientConnection <*>] <*> - Perform <*>! <*> <*> <*>,1,-[netclientconnection <id> ] ci46 - perform <id> ! <id> tc23494 <ip>,1,Mac_C0001154,1,1,- [netclientconnection <id>] ci 46-perform <id>! <id> tc 23494 <ip>,1,1,frequency_representative
68288,__42-[NETClientConnection evaluateCrazyIvan46]_block_invoke CI46 - Hit by torpedo! QQ.10018 tc23494 123.151.10.184:80,E224,<*>[NETClientConnection evaluateCrazyIvan46]_block_invoke <*> - Hit by torpedo! <*> <*> <*>,1,__42-[netclientconnection <id> ]_block_invoke ci46 - hit by torpedo! <id> tc23494 <ip>,1,Mac_C0001155,1,1,__ 42-[netclientconnection <id>] _block_invoke ci 46-hit by torpedo! <id> tc 23494 <ip>,1,1,frequency_representative
68342,-[NETClientConnection evaluateCrazyIvan46] CI46 - Perform CrazyIvan46! NeteaseMusic.17988 tc10332 103.251.128.144:80,E468,-[NETClientConnection <*>] <*> - Perform <*>! <*> <*> <*>,1,-[netclientconnection <id> ] ci46 - perform <id> ! <id> tc10332 <ip>,1,Mac_C0001156,1,1,- [netclientconnection <id>] ci 46-perform <id>! <id> tc 10332 <ip>,1,1,frequency_representative
68343,-[NETClientConnection evaluateCrazyIvan46] CI46 - Perform CrazyIvan46! QQ.10018 tc23519 119.81.102.227:80,E468,-[NETClientConnection <*>] <*> - Perform <*>! <*> <*> <*>,1,-[netclientconnection <id> ] ci46 - perform <id> ! <id> tc23519 <ip>,1,Mac_C0001157,1,1,- [netclientconnection <id>] ci 46-perform <id>! <id> tc 23519 <ip>,1,1,frequency_representative
68347,__42-[NETClientConnection evaluateCrazyIvan46]_block_invoke CI46 - Hit by torpedo! NeteaseMusic.17988 tc10332 103.251.128.144:80,E224,<*>[NETClientConnection evaluateCrazyIvan46]_block_invoke <*> - Hit by torpedo! <*> <*> <*>,1,__42-[netclientconnection <id> ]_block_invoke ci46 - hit by torpedo! <id> tc10332 <ip>,1,Mac_C0001158,1,1,__ 42-[netclientconnection <id>] _block_invoke ci 46-hit by torpedo! <id> tc 10332 <ip>,1,1,frequency_representative
68348,__42-[NETClientConnection evaluateCrazyIvan46]_block_invoke CI46 - Hit by torpedo! QQ.10018 tc23519 119.81.102.227:80,E224,<*>[NETClientConnection evaluateCrazyIvan46]_block_invoke <*> - Hit by torpedo! <*> <*> <*>,1,__42-[netclientconnection <id> ]_block_invoke ci46 - hit by torpedo! <id> tc23519 <ip>,1,Mac_C0001159,1,1,__ 42-[netclientconnection <id>] _block_invoke ci 46-hit by torpedo! <id> tc 23519 <ip>,1,1,frequency_representative
68351,-[NETClientConnection evaluateCrazyIvan46] CI46 - Perform CrazyIvan46! QQ.10018 tc23522 123.151.10.189:80,E468,-[NETClientConnection <*>] <*> - Perform <*>! <*> <*> <*>,1,-[netclientconnection <id> ] ci46 - perform <id> ! <id> tc23522 <ip>,1,Mac_C0001160,1,1,- [netclientconnection <id>] ci 46-perform <id>! <id> tc 23522 <ip>,1,1,frequency_representative
68352,__42-[NETClientConnection evaluateCrazyIvan46]_block_invoke CI46 - Hit by torpedo! QQ.10018 tc23522 123.151.10.189:80,E224,<*>[NETClientConnection evaluateCrazyIvan46]_block_invoke <*> - Hit by torpedo! <*> <*> <*>,1,__42-[netclientconnection <id> ]_block_invoke ci46 - hit by torpedo! <id> tc23522 <ip>,1,Mac_C0001161,1,1,__ 42-[netclientconnection <id>] _block_invoke ci 46-hit by torpedo! <id> tc 23522 <ip>,1,1,frequency_representative
68571,-[NETClientConnection evaluateCrazyIvan46] CI46 - Perform CrazyIvan46! NeteaseMusic.17988 tc10341 103.251.128.144:80,E468,-[NETClientConnection <*>] <*> - Perform <*>! <*> <*> <*>,1,-[netclientconnection <id> ] ci46 - perform <id> ! <id> tc10341 <ip>,1,Mac_C0001162,1,1,- [netclientconnection <id>] ci 46-perform <id>! <id> tc 10341 <ip>,1,1,frequency_representative
68575,__42-[NETClientConnection evaluateCrazyIvan46]_block_invoke CI46 - Hit by torpedo! NeteaseMusic.17988 tc10341 103.251.128.144:80,E224,<*>[NETClientConnection evaluateCrazyIvan46]_block_invoke <*> - Hit by torpedo! <*> <*> <*>,1,__42-[netclientconnection <id> ]_block_invoke ci46 - hit by torpedo! <id> tc10341 <ip>,1,Mac_C0001163,1,1,__ 42-[netclientconnection <id>] _block_invoke ci 46-hit by torpedo! <id> tc 10341 <ip>,1,1,frequency_representative
68727,-[NETClientConnection evaluateCrazyIvan46] CI46 - Perform CrazyIvan46! QQ.10018 tc23532 119.81.102.227:80,E468,-[NETClientConnection <*>] <*> - Perform <*>! <*> <*> <*>,1,-[netclientconnection <id> ] ci46 - perform <id> ! <id> tc23532 <ip>,1,Mac_C0001164,1,1,- [netclientconnection <id>] ci 46-perform <id>! <id> tc 23532 <ip>,1,1,frequency_representative
68728,__42-[NETClientConnection evaluateCrazyIvan46]_block_invoke CI46 - Hit by torpedo! QQ.10018 tc23532 119.81.102.227:80,E224,<*>[NETClientConnection evaluateCrazyIvan46]_block_invoke <*> - Hit by torpedo! <*> <*> <*>,1,__42-[netclientconnection <id> ]_block_invoke ci46 - hit by torpedo! <id> tc23532 <ip>,1,Mac_C0001165,1,1,__ 42-[netclientconnection <id>] _block_invoke ci 46-hit by torpedo! <id> tc 23532 <ip>,1,1,frequency_representative
68741,-[NETClientConnection evaluateCrazyIvan46] CI46 - Perform CrazyIvan46! QQ.10018 tc23535 119.81.102.227:80,E468,-[NETClientConnection <*>] <*> - Perform <*>! <*> <*> <*>,1,-[netclientconnection <id> ] ci46 - perform <id> ! <id> tc23535 <ip>,1,Mac_C0001166,1,1,- [netclientconnection <id>] ci 46-perform <id>! <id> tc 23535 <ip>,1,1,frequency_representative
68742,__42-[NETClientConnection evaluateCrazyIvan46]_block_invoke CI46 - Hit by torpedo! QQ.10018 tc23535 119.81.102.227:80,E224,<*>[NETClientConnection evaluateCrazyIvan46]_block_invoke <*> - Hit by torpedo! <*> <*> <*>,1,__42-[netclientconnection <id> ]_block_invoke ci46 - hit by torpedo! <id> tc23535 <ip>,1,Mac_C0001167,1,1,__ 42-[netclientconnection <id>] _block_invoke ci 46-hit by torpedo! <id> tc 23535 <ip>,1,1,frequency_representative
68744,-[NETClientConnection evaluateCrazyIvan46] CI46 - Perform CrazyIvan46! QQ.10018 tc23536 123.151.10.184:80,E468,-[NETClientConnection <*>] <*> - Perform <*>! <*> <*> <*>,1,-[netclientconnection <id> ] ci46 - perform <id> ! <id> tc23536 <ip>,1,Mac_C0001168,1,1,- [netclientconnection <id>] ci 46-perform <id>! <id> tc 23536 <ip>,1,1,frequency_representative
68745,__42-[NETClientConnection evaluateCrazyIvan46]_block_invoke CI46 - Hit by torpedo! QQ.10018 tc23536 123.151.10.184:80,E224,<*>[NETClientConnection evaluateCrazyIvan46]_block_invoke <*> - Hit by torpedo! <*> <*> <*>,1,__42-[netclientconnection <id> ]_block_invoke ci46 - hit by torpedo! <id> tc23536 <ip>,1,Mac_C0001169,1,1,__ 42-[netclientconnection <id>] _block_invoke ci 46-hit by torpedo! <id> tc 23536 <ip>,1,1,frequency_representative
68747,-[NETClientConnection evaluateCrazyIvan46] CI46 - Perform CrazyIvan46! QQ.10018 tc23537 203.205.147.206:8080,E468,-[NETClientConnection <*>] <*> - Perform <*>! <*> <*> <*>,1,-[netclientconnection <id> ] ci46 - perform <id> ! <id> tc23537 <ip>,1,Mac_C0001170,1,1,- [netclientconnection <id>] ci 46-perform <id>! <id> tc 23537 <ip>,1,1,frequency_representative
68748,__42-[NETClientConnection evaluateCrazyIvan46]_block_invoke CI46 - Hit by torpedo! QQ.10018 tc23537 203.205.147.206:8080,E224,<*>[NETClientConnection evaluateCrazyIvan46]_block_invoke <*> - Hit by torpedo! <*> <*> <*>,1,__42-[netclientconnection <id> ]_block_invoke ci46 - hit by torpedo! <id> tc23537 <ip>,1,Mac_C0001171,1,1,__ 42-[netclientconnection <id>] _block_invoke ci 46-hit by torpedo! <id> tc 23537 <ip>,1,1,frequency_representative
68750,-[NETClientConnection evaluateCrazyIvan46] CI46 - Perform CrazyIvan46! QQ.10018 tc23538 183.36.108.140:80,E468,-[NETClientConnection <*>] <*> - Perform <*>! <*> <*> <*>,1,-[netclientconnection <id> ] ci46 - perform <id> ! <id> tc23538 <ip>,1,Mac_C0001172,1,1,- [netclientconnection <id>] ci 46-perform <id>! <id> tc 23538 <ip>,1,1,frequency_representative
68751,__42-[NETClientConnection evaluateCrazyIvan46]_block_invoke CI46 - Hit by torpedo! QQ.10018 tc23538 183.36.108.140:80,E224,<*>[NETClientConnection evaluateCrazyIvan46]_block_invoke <*> - Hit by torpedo! <*> <*> <*>,1,__42-[netclientconnection <id> ]_block_invoke ci46 - hit by torpedo! <id> tc23538 <ip>,1,Mac_C0001173,1,1,__ 42-[netclientconnection <id>] _block_invoke ci 46-hit by torpedo! <id> tc 23538 <ip>,1,1,frequency_representative
68753,-[NETClientConnection evaluateCrazyIvan46] CI46 - Perform CrazyIvan46! QQ.10018 tc23539 125.39.133.139:14000,E468,-[NETClientConnection <*>] <*> - Perform <*>! <*> <*> <*>,1,-[netclientconnection <id> ] ci46 - perform <id> ! <id> tc23539 <ip>,1,Mac_C0001174,1,1,- [netclientconnection <id>] ci 46-perform <id>! <id> tc 23539 <ip>,1,1,frequency_representative
68754,__42-[NETClientConnection evaluateCrazyIvan46]_block_invoke CI46 - Hit by torpedo! QQ.10018 tc23539 125.39.133.139:14000,E224,<*>[NETClientConnection evaluateCrazyIvan46]_block_invoke <*> - Hit by torpedo! <*> <*> <*>,1,__42-[netclientconnection <id> ]_block_invoke ci46 - hit by torpedo! <id> tc23539 <ip>,1,Mac_C0001175,1,1,__ 42-[netclientconnection <id>] _block_invoke ci 46-hit by torpedo! <id> tc 23539 <ip>,1,1,frequency_representative
68756,-[NETClientConnection evaluateCrazyIvan46] CI46 - Perform CrazyIvan46! QQ.10018 tc23540 121.51.36.148:443,E468,-[NETClientConnection <*>] <*> - Perform <*>! <*> <*> <*>,1,-[netclientconnection <id> ] ci46 - perform <id> ! <id> tc23540 <ip>,1,Mac_C0001176,1,1,- [netclientconnection <id>] ci 46-perform <id>! <id> tc 23540 <ip>,1,1,frequency_representative
68757,__42-[NETClientConnection evaluateCrazyIvan46]_block_invoke CI46 - Hit by torpedo! QQ.10018 tc23540 121.51.36.148:443,E224,<*>[NETClientConnection evaluateCrazyIvan46]_block_invoke <*> - Hit by torpedo! <*> <*> <*>,1,__42-[netclientconnection <id> ]_block_invoke ci46 - hit by torpedo! <id> tc23540 <ip>,1,Mac_C0001177,1,1,__ 42-[netclientconnection <id>] _block_invoke ci 46-hit by torpedo! <id> tc 23540 <ip>,1,1,frequency_representative
68777,"select(29, #########--------------------, 0L, 0L, &0.0) error: Bad file descriptor",E441,"select(<*>, <*>, <*>, <*>, <*>) error: Bad file descriptor",1,"select( <num> , #########--------------------, 0l, 0l, & <num> ) error: bad file descriptor",1,Mac_C0001178,1,1,"select (<num>, # # # # # # # # #--------------------, 0 l, 0 l, & <num>) error: bad file descriptor",1,1,frequency_representative
68782,setup(?:obsolete) failed rcode=1,E482,setup(?:obsolete) failed rcode=<*>,4,setup(?:obsolete) failed rcode= <num>,1,Mac_C0001179,1,4,setup (?: obsolete) failed rcode = <num>,1,1,frequency_representative
68820,-[NETClientConnection evaluateCrazyIvan46] CI46 - Perform CrazyIvan46! NeteaseMusic.17988 tc10351 103.251.128.144:80,E468,-[NETClientConnection <*>] <*> - Perform <*>! <*> <*> <*>,1,-[netclientconnection <id> ] ci46 - perform <id> ! <id> tc10351 <ip>,1,Mac_C0001180,1,1,- [netclientconnection <id>] ci 46-perform <id>! <id> tc 10351 <ip>,1,1,frequency_representative
68821,-[NETClientConnection evaluateCrazyIvan46] CI46 - Perform CrazyIvan46! QQ.10018 tc23548 119.81.102.227:80,E468,-[NETClientConnection <*>] <*> - Perform <*>! <*> <*> <*>,1,-[netclientconnection <id> ] ci46 - perform <id> ! <id> tc23548 <ip>,1,Mac_C0001181,1,1,- [netclientconnection <id>] ci 46-perform <id>! <id> tc 23548 <ip>,1,1,frequency_representative
68825,__42-[NETClientConnection evaluateCrazyIvan46]_block_invoke CI46 - Hit by torpedo! NeteaseMusic.17988 tc10351 103.251.128.144:80,E224,<*>[NETClientConnection evaluateCrazyIvan46]_block_invoke <*> - Hit by torpedo! <*> <*> <*>,1,__42-[netclientconnection <id> ]_block_invoke ci46 - hit by torpedo! <id> tc10351 <ip>,1,Mac_C0001182,1,1,__ 42-[netclientconnection <id>] _block_invoke ci 46-hit by torpedo! <id> tc 10351 <ip>,1,1,frequency_representative
68826,__42-[NETClientConnection evaluateCrazyIvan46]_block_invoke CI46 - Hit by torpedo! QQ.10018 tc23548 119.81.102.227:80,E224,<*>[NETClientConnection evaluateCrazyIvan46]_block_invoke <*> - Hit by torpedo! <*> <*> <*>,1,__42-[netclientconnection <id> ]_block_invoke ci46 - hit by torpedo! <id> tc23548 <ip>,1,Mac_C0001183,1,1,__ 42-[netclientconnection <id>] _block_invoke ci 46-hit by torpedo! <id> tc 23548 <ip>,1,1,frequency_representative
68982,-[NETClientConnection evaluateCrazyIvan46] CI46 - Perform CrazyIvan46! QQ.10018 tc23549 123.151.10.189:80,E468,-[NETClientConnection <*>] <*> - Perform <*>! <*> <*> <*>,1,-[netclientconnection <id> ] ci46 - perform <id> ! <id> tc23549 <ip>,1,Mac_C0001184,1,1,- [netclientconnection <id>] ci 46-perform <id>! <id> tc 23549 <ip>,1,1,frequency_representative
68984,__42-[NETClientConnection evaluateCrazyIvan46]_block_invoke CI46 - Hit by torpedo! QQ.10018 tc23549 123.151.10.189:80,E224,<*>[NETClientConnection evaluateCrazyIvan46]_block_invoke <*> - Hit by torpedo! <*> <*> <*>,1,__42-[netclientconnection <id> ]_block_invoke ci46 - hit by torpedo! <id> tc23549 <ip>,1,Mac_C0001185,1,1,__ 42-[netclientconnection <id>] _block_invoke ci 46-hit by torpedo! <id> tc 23549 <ip>,1,1,frequency_representative
69045,-[NETClientConnection evaluateCrazyIvan46] CI46 - Perform CrazyIvan46! NeteaseMusic.17988 tc10364 103.251.128.144:80,E468,-[NETClientConnection <*>] <*> - Perform <*>! <*> <*> <*>,1,-[netclientconnection <id> ] ci46 - perform <id> ! <id> tc10364 <ip>,1,Mac_C0001186,1,1,- [netclientconnection <id>] ci 46-perform <id>! <id> tc 10364 <ip>,1,1,frequency_representative
69046,-[NETClientConnection evaluateCrazyIvan46] CI46 - Perform CrazyIvan46! QQ.10018 tc23561 119.81.102.227:80,E468,-[NETClientConnection <*>] <*> - Perform <*>! <*> <*> <*>,1,-[netclientconnection <id> ] ci46 - perform <id> ! <id> tc23561 <ip>,1,Mac_C0001187,1,1,- [netclientconnection <id>] ci 46-perform <id>! <id> tc 23561 <ip>,1,1,frequency_representative
69049,__42-[NETClientConnection evaluateCrazyIvan46]_block_invoke CI46 - Hit by torpedo! NeteaseMusic.17988 tc10364 103.251.128.144:80,E224,<*>[NETClientConnection evaluateCrazyIvan46]_block_invoke <*> - Hit by torpedo! <*> <*> <*>,1,__42-[netclientconnection <id> ]_block_invoke ci46 - hit by torpedo! <id> tc10364 <ip>,1,Mac_C0001188,1,1,__ 42-[netclientconnection <id>] _block_invoke ci 46-hit by torpedo! <id> tc 10364 <ip>,1,1,frequency_representative
69050,__42-[NETClientConnection evaluateCrazyIvan46]_block_invoke CI46 - Hit by torpedo! QQ.10018 tc23561 119.81.102.227:80,E224,<*>[NETClientConnection evaluateCrazyIvan46]_block_invoke <*> - Hit by torpedo! <*> <*> <*>,1,__42-[netclientconnection <id> ]_block_invoke ci46 - hit by torpedo! <id> tc23561 <ip>,1,Mac_C0001189,1,1,__ 42-[netclientconnection <id>] _block_invoke ci 46-hit by torpedo! <id> tc 23561 <ip>,1,1,frequency_representative
69054,-[NETClientConnection evaluateCrazyIvan46] CI46 - Perform CrazyIvan46! QQ.10018 tc23562 123.151.10.189:80,E468,-[NETClientConnection <*>] <*> - Perform <*>! <*> <*> <*>,1,-[netclientconnection <id> ] ci46 - perform <id> ! <id> tc23562 <ip>,1,Mac_C0001190,1,1,- [netclientconnection <id>] ci 46-perform <id>! <id> tc 23562 <ip>,1,1,frequency_representative
69055,__42-[NETClientConnection evaluateCrazyIvan46]_block_invoke CI46 - Hit by torpedo! QQ.10018 tc23562 123.151.10.189:80,E224,<*>[NETClientConnection evaluateCrazyIvan46]_block_invoke <*> - Hit by torpedo! <*> <*> <*>,1,__42-[netclientconnection <id> ]_block_invoke ci46 - hit by torpedo! <id> tc23562 <ip>,1,Mac_C0001191,1,1,__ 42-[netclientconnection <id>] _block_invoke ci 46-hit by torpedo! <id> tc 23562 <ip>,1,1,frequency_representative
69144,"hibernate_machine_init: state 2, image pages 447057, sum was 3487fe08, imageSize 0x2bd32000, image1Size 0x22447000, conflictCount 9543, nextFree 7c00",E130,"hibernate_machine_init: state <*>, image pages <*>, sum was <*>, imageSize <*>, image1Size <*>, conflictCount <*>, nextFree <*>",1,"hibernate_machine_init: state <num> , image pages <num> , sum was <id> , imagesize <hex> , <id> <hex> , conflictcount <num> , nextfree 7c00",1,Mac_C0001192,1,1,"hibernate_machine_init: state <num>, image pages <num>, sum was <id>, imagesize <hex>, <id> <hex>, conflictcount <num>, nextfree 7 c 00",1,1,frequency_representative
69298,-[NETClientConnection evaluateCrazyIvan46] CI46 - Perform CrazyIvan46! NeteaseMusic.17988 tc10372 103.251.128.144:80,E468,-[NETClientConnection <*>] <*> - Perform <*>! <*> <*> <*>,1,-[netclientconnection <id> ] ci46 - perform <id> ! <id> tc10372 <ip>,1,Mac_C0001193,1,1,- [netclientconnection <id>] ci 46-perform <id>! <id> tc 10372 <ip>,1,1,frequency_representative
69299,-[NETClientConnection evaluateCrazyIvan46] CI46 - Perform CrazyIvan46! QQ.10018 tc23584 119.81.102.227:80,E468,-[NETClientConnection <*>] <*> - Perform <*>! <*> <*> <*>,1,-[netclientconnection <id> ] ci46 - perform <id> ! <id> tc23584 <ip>,1,Mac_C0001194,1,1,- [netclientconnection <id>] ci 46-perform <id>! <id> tc 23584 <ip>,1,1,frequency_representative
69305,__42-[NETClientConnection evaluateCrazyIvan46]_block_invoke CI46 - Hit by torpedo! NeteaseMusic.17988 tc10372 103.251.128.144:80,E224,<*>[NETClientConnection evaluateCrazyIvan46]_block_invoke <*> - Hit by torpedo! <*> <*> <*>,1,__42-[netclientconnection <id> ]_block_invoke ci46 - hit by torpedo! <id> tc10372 <ip>,1,Mac_C0001195,1,1,__ 42-[netclientconnection <id>] _block_invoke ci 46-hit by torpedo! <id> tc 10372 <ip>,1,1,frequency_representative
69307,__42-[NETClientConnection evaluateCrazyIvan46]_block_invoke CI46 - Hit by torpedo! QQ.10018 tc23584 119.81.102.227:80,E224,<*>[NETClientConnection evaluateCrazyIvan46]_block_invoke <*> - Hit by torpedo! <*> <*> <*>,1,__42-[netclientconnection <id> ]_block_invoke ci46 - hit by torpedo! <id> tc23584 <ip>,1,Mac_C0001196,1,1,__ 42-[netclientconnection <id>] _block_invoke ci 46-hit by torpedo! <id> tc 23584 <ip>,1,1,frequency_representative
69309,-[NETClientConnection evaluateCrazyIvan46] CI46 - Perform CrazyIvan46! QQ.10018 tc23587 123.151.137.102:80,E468,-[NETClientConnection <*>] <*> - Perform <*>! <*> <*> <*>,1,-[netclientconnection <id> ] ci46 - perform <id> ! <id> tc23587 <ip>,1,Mac_C0001197,1,1,- [netclientconnection <id>] ci 46-perform <id>! <id> tc 23587 <ip>,1,1,frequency_representative
69310,__42-[NETClientConnection evaluateCrazyIvan46]_block_invoke CI46 - Hit by torpedo! QQ.10018 tc23587 123.151.137.102:80,E224,<*>[NETClientConnection evaluateCrazyIvan46]_block_invoke <*> - Hit by torpedo! <*> <*> <*>,1,__42-[netclientconnection <id> ]_block_invoke ci46 - hit by torpedo! <id> tc23587 <ip>,1,Mac_C0001198,1,1,__ 42-[netclientconnection <id>] _block_invoke ci 46-hit by torpedo! <id> tc 23587 <ip>,1,1,frequency_representative
69432,"hibernate_machine_init: state 2, image pages 446557, sum was 8e3b6979, imageSize 0x2b41f000, image1Size 0x21b47000, conflictCount 9433, nextFree 7b91",E130,"hibernate_machine_init: state <*>, image pages <*>, sum was <*>, imageSize <*>, image1Size <*>, conflictCount <*>, nextFree <*>",1,"hibernate_machine_init: state <num> , image pages <num> , sum was <id> , imagesize <hex> , <id> <hex> , conflictcount <num> , nextfree 7b91",1,Mac_C0001199,1,1,"hibernate_machine_init: state <num>, image pages <num>, sum was <id>, imagesize <hex>, <id> <hex>, conflictcount <num>, nextfree 7 b 91",1,1,frequency_representative
69528,"2017-07-06 00:30:36.633 ksfetch[36437/0x7fff79824000] [lvl=2] -[FetchDelegate fetcher:failedWithError:] Fetcher generated error: Error Domain=NSURLErrorDomain Code=-1009 ""The Internet connection appears to be offline."" UserInfo={NSUnderlyingError=0x1007067d0 {Error Domain=kCFErrorDomainCFNetwork Code=-1009 ""The Internet connection appears to be offline."" UserInfo={NSErrorFailingURLStringKey=https://tools.google.com/service/update2?cup2hreq=3deec61d8076a6d4b52a074bb62e0b77bb0097187311b6c35796823f0c2098ed&cup2key=7:2888608213, NSErrorFailingURLKey=https://tools.google.com/service/update2?cup2hreq=3deec61d8076a6d4b52a074bb62e0b77bb0097187311b6c35796823f0c2098ed&cup2key=7:2888608213, _kCFStreamErrorCodeKey=8, _kCFStreamErrorDomainKey=12, NSLocalizedDescription=The Internet connection appears to be offline.}}, NSErrorFailingURLStringKey=https://tools.google.com/service/update2?cup2hreq=3deec61d8076a6d4b52a074bb62e0b77bb0097187311b6c35796823f0c2098ed&cup2key=7:2888608213, NSErrorFailingURLKey=https://tools.google.com/service/update2?cup2hreq=3deec61d8076a6d4b52a074bb62e0b77bb0097187311b6c35796823f0c2098ed&cup2key=7:2888608213, _kCFStreamErrorDomainKey=12, _kCFStreamErrorCodeKey=8, NSLocalizedDescription=The Internet connection appears to be offline.}",E2,"<*> <*> ksfetch[<*>] [lvl=<*>] -[FetchDelegate fetcher:failedWithError:] Fetcher generated error: Error Domain=<*> Code=<*> <*>"" UserInfo={NSUnderlyingError=<*> {Error Domain=<*> Code=<*> <*>"" UserInfo={NSErrorFailingURLStringKey=<*>, NSErrorFailingURLKey=<*>, _kCFStreamErrorCodeKey=<*>, _kCFStreamErrorDomainKey=<*>, NSLocalizedDescription=<*>}}, NSErrorFailingURLStringKey=<*>, NSErrorFailingURLKey=<*>, _kCFStreamErrorDomainKey=<*>, _kCFStreamErrorCodeKey=<*>, NSLocalizedDescription=<*>}",4,"<date> <ip> . <num> ksfetch[ <num> / <hex> ] [lvl= <num> ] -[fetchdelegate fetcher:failedwitherror:] fetcher generated error: error domain=nsurlerrordomain code= <num> ""the internet connection appears to be offline."" userinfo={nsunderlyingerror= <hex> {error domain=kcferrordomaincfnetwork code= <num> ""the internet connection appears to be offline."" userinfo={nserrorfailingurlstringkey= <url> nserrorfailingurlkey= <url> _kcfstreamerrorcodekey= <num> , _kcfstreamerrordomainkey= <num> , nslocalizeddescription=the internet connection appears to be offline.}}, nserrorfailingurlstringkey= <url> nserrorfailingurlkey= <url> _kcfstreamerrordomainkey= <num> , _kcfstreamerrorcodekey= <num> , nslocalizeddescription=the internet connection appears to be offline.}",4,Mac_C0001200,4,4,"<date> <ip>. <num> ksfetch [<num>/<hex>] [lvl = <num>]-[fetchdelegate fetcher: failedwitherror:] fetcher generated error: error domain = nsurlerrordomain code = <num> "" the internet connection appears to be offline. "" userinfo = {nsunderlyingerror = <hex> {error domain = kcferrordomaincfnetwork code = <num> "" the internet connection appears to be offline. "" userinfo = {nserrorfailingurlstringkey = <url> nserrorfailingurlkey = <url> _kcfstreamerrorcodekey = <num>, _kcfstreamerrordomainkey = <num>, nslocalizeddescription = the internet connection appears to be offline.}}, nserrorfailingurlstringkey = <url> nserrorfailingurlkey = <url> _kcfstreamerrordomainkey = <num>, _kcfstreamerrorcodekey = <num>, nslocalizeddescription = the internet connection appears to be offline.}",1,1,frequency_representative
69533,2017-07-06 00:30:36.754 GoogleSoftwareUpdateAgent[36436/0x7000002a0000] [lvl=3] -[KSOutOfProcessFetcher(PrivateMethods) helperDidTerminate:] The Internet connection appears to be offline. [NSURLErrorDomain:-1009] (The Internet connection appears to be offline. [kCFErrorDomainCFNetwork:-1009]),E14,<*> <*> GoogleSoftwareUpdateAgent[<*>] [lvl=<*>] -[KSOutOfProcessFetcher(PrivateMethods) helperDidTerminate:] The Internet connection appears to be offline. [NSURLErrorDomain:-<*>] (The Internet connection appears to be offline. [kCFErrorDomainCFNetwork:-<*>]),4,<date> <ip> . <num> googlesoftwareupdateagent[ <num> / <hex> ] [lvl= <num> ] -[ksoutofprocessfetcher(privatemethods) helperdidterminate:] the internet connection appears to be offline. [ <id> ] (the internet connection appears to be offline. [ <id> ]),4,Mac_C0001201,4,4,<date> <ip>. <num> googlesoftwareupdateagent [<num>/<hex>] [lvl = <num>]-[ksoutofprocessfetcher (privatemethods) helperdidterminate:] the internet connection appears to be offline. [<id>] (the internet connection appears to be offline. [<id>]),1,1,frequency_representative
69534,2017-07-06 00:30:36.756 GoogleSoftwareUpdateAgent[36436/0x7000002a0000] [lvl=3] -[KSServerUpdateRequest(PrivateMethods) fetcher:failedWithError:] KSServerUpdateRequest fetch failed. (productID: com.google.Keystone) [com.google.UpdateEngine.CoreErrorDomain:702 - 'https://tools.google.com/service/update2?cup2hreq=3deec61d8076a6d4b52a074bb62e0b77bb0097187311b6c35796823f0c2098ed&cup2key=7:2888608213'] (The Internet connection appears to be offline. [NSURLErrorDomain:-1009]),E10,<*> <*> GoogleSoftwareUpdateAgent[<*>] [lvl=<*>] -[KSServerUpdateRequest(PrivateMethods) fetcher:failedWithError:] KSServerUpdateRequest fetch failed. (productID: <*>) [com.google.UpdateEngine.CoreErrorDomain:<*> - '<*>'] (The Internet connection appears to be offline. [NSURLErrorDomain:<*>]),2,<date> <ip> . <num> googlesoftwareupdateagent[ <num> / <hex> ] [lvl= <num> ] -[ksserverupdaterequest(privatemethods) fetcher:failedwitherror:] ksserverupdaterequest fetch failed. (productid: com.google.keystone) [com.google.updateengine. <id> - ' <url> (the internet connection appears to be offline. [ <id> ]),2,Mac_C0001202,4,4,<date> <ip>. <num> googlesoftwareupdateagent [<num>/<hex>] [lvl = <num>]-[ksserverupdaterequest (privatemethods) fetcher: failedwitherror:] ksserverupdaterequest fetch failed. (productid: com. google. <*>) [com. google. updateengine. <id>-' <url> (the internet connection appears to be offline. [<id>]),2,1,frequency_representative
69582,2017-07-06 00:30:38.998 GoogleSoftwareUpdateAgent[36436/0x7000002a0000] [lvl=3] -[KSServerUpdateRequest(PrivateMethods) fetcher:failedWithError:] KSServerUpdateRequest fetch failed. (productID: com.google.Chrome) [com.google.UpdateEngine.CoreErrorDomain:702 - 'https://tools.google.com/service/update2?cup2hreq=1a0ffcef35b0476b0ed0eb432c8d31ea408014829966fd6560490d452a136395&cup2key=7:1604381715'] (The Internet connection appears to be offline. [NSURLErrorDomain:-1009]),E10,<*> <*> GoogleSoftwareUpdateAgent[<*>] [lvl=<*>] -[KSServerUpdateRequest(PrivateMethods) fetcher:failedWithError:] KSServerUpdateRequest fetch failed. (productID: <*>) [com.google.UpdateEngine.CoreErrorDomain:<*> - '<*>'] (The Internet connection appears to be offline. [NSURLErrorDomain:<*>]),2,<date> <ip> . <num> googlesoftwareupdateagent[ <num> / <hex> ] [lvl= <num> ] -[ksserverupdaterequest(privatemethods) fetcher:failedwitherror:] ksserverupdaterequest fetch failed. (productid: com.google.chrome) [com.google.updateengine. <id> - ' <url> (the internet connection appears to be offline. [ <id> ]),2,Mac_C0001202,4,4,<date> <ip>. <num> googlesoftwareupdateagent [<num>/<hex>] [lvl = <num>]-[ksserverupdaterequest (privatemethods) fetcher: failedwitherror:] ksserverupdaterequest fetch failed. (productid: com. google. <*>) [com. google. updateengine. <id>-' <url> (the internet connection appears to be offline. [<id>]),2,2,complex_sample
69535,2017-07-06 00:30:36.805 GoogleSoftwareUpdateAgent[36436/0x7000002a0000] [lvl=2] -[KSUpdateCheckAction(KSServerUpdateRequestDelegate) startFallBackForRequest:] KSUpdateCheckAction running fallback KSServerUpdateRequest: <KSOmahaServerUpdateRequest:0x100227520,E20,<*> <*> GoogleSoftwareUpdateAgent[<*>] [lvl=<*>] -[KSUpdateCheckAction(KSServerUpdateRequestDelegate) startFallBackForRequest:] KSUpdateCheckAction running fallback KSServerUpdateRequest: <KSOmahaServerUpdateRequest:<*>,2,<date> <ip> . <num> googlesoftwareupdateagent[ <num> / <hex> ] [lvl= <num> ] -[ksupdatecheckaction(ksserverupdaterequestdelegate) startfallbackforrequest:] ksupdatecheckaction running fallback ksserverupdaterequest: <ksomahaserverupdaterequest: <hex>,2,Mac_C0001203,2,2,<date> <ip>. <num> googlesoftwareupdateagent [<num>/<hex>] [lvl = <num>]-[ksupdatecheckaction (ksserverupdaterequestdelegate) startfallbackforrequest:] ksupdatecheckaction running fallback ksserverupdaterequest: < ksomahaserverupdaterequest: <hex>,1,1,frequency_representative
69673,-[NETClientConnection evaluateCrazyIvan46] CI46 - Perform CrazyIvan46! NeteaseMusic.17988 tc10381 103.251.128.144:80,E468,-[NETClientConnection <*>] <*> - Perform <*>! <*> <*> <*>,1,-[netclientconnection <id> ] ci46 - perform <id> ! <id> tc10381 <ip>,1,Mac_C0001204,1,1,- [netclientconnection <id>] ci 46-perform <id>! <id> tc 10381 <ip>,1,1,frequency_representative
69675,-[NETClientConnection evaluateCrazyIvan46] CI46 - Perform CrazyIvan46! QQ.10018 tc23599 119.81.102.227:80,E468,-[NETClientConnection <*>] <*> - Perform <*>! <*> <*> <*>,1,-[netclientconnection <id> ] ci46 - perform <id> ! <id> tc23599 <ip>,1,Mac_C0001205,1,1,- [netclientconnection <id>] ci 46-perform <id>! <id> tc 23599 <ip>,1,1,frequency_representative
69678,__42-[NETClientConnection evaluateCrazyIvan46]_block_invoke CI46 - Hit by torpedo! NeteaseMusic.17988 tc10381 103.251.128.144:80,E224,<*>[NETClientConnection evaluateCrazyIvan46]_block_invoke <*> - Hit by torpedo! <*> <*> <*>,1,__42-[netclientconnection <id> ]_block_invoke ci46 - hit by torpedo! <id> tc10381 <ip>,1,Mac_C0001206,1,1,__ 42-[netclientconnection <id>] _block_invoke ci 46-hit by torpedo! <id> tc 10381 <ip>,1,1,frequency_representative
69679,__42-[NETClientConnection evaluateCrazyIvan46]_block_invoke CI46 - Hit by torpedo! QQ.10018 tc23599 119.81.102.227:80,E224,<*>[NETClientConnection evaluateCrazyIvan46]_block_invoke <*> - Hit by torpedo! <*> <*> <*>,1,__42-[netclientconnection <id> ]_block_invoke ci46 - hit by torpedo! <id> tc23599 <ip>,1,Mac_C0001207,1,1,__ 42-[netclientconnection <id>] _block_invoke ci 46-hit by torpedo! <id> tc 23599 <ip>,1,1,frequency_representative
69683,-[NETClientConnection evaluateCrazyIvan46] CI46 - Perform CrazyIvan46! QQ.10018 tc23602 123.151.10.189:80,E468,-[NETClientConnection <*>] <*> - Perform <*>! <*> <*> <*>,1,-[netclientconnection <id> ] ci46 - perform <id> ! <id> tc23602 <ip>,1,Mac_C0001208,1,1,- [netclientconnection <id>] ci 46-perform <id>! <id> tc 23602 <ip>,1,1,frequency_representative
69684,__42-[NETClientConnection evaluateCrazyIvan46]_block_invoke CI46 - Hit by torpedo! QQ.10018 tc23602 123.151.10.189:80,E224,<*>[NETClientConnection evaluateCrazyIvan46]_block_invoke <*> - Hit by torpedo! <*> <*> <*>,1,__42-[netclientconnection <id> ]_block_invoke ci46 - hit by torpedo! <id> tc23602 <ip>,1,Mac_C0001209,1,1,__ 42-[netclientconnection <id>] _block_invoke ci 46-hit by torpedo! <id> tc 23602 <ip>,1,1,frequency_representative
69910,-[NETClientConnection evaluateCrazyIvan46] CI46 - Perform CrazyIvan46! NeteaseMusic.17988 tc10394 103.251.128.144:80,E468,-[NETClientConnection <*>] <*> - Perform <*>! <*> <*> <*>,1,-[netclientconnection <id> ] ci46 - perform <id> ! <id> tc10394 <ip>,1,Mac_C0001210,1,1,- [netclientconnection <id>] ci 46-perform <id>! <id> tc 10394 <ip>,1,1,frequency_representative
69911,-[NETClientConnection evaluateCrazyIvan46] CI46 - Perform CrazyIvan46! QQ.10018 tc23626 119.81.102.227:80,E468,-[NETClientConnection <*>] <*> - Perform <*>! <*> <*> <*>,1,-[netclientconnection <id> ] ci46 - perform <id> ! <id> tc23626 <ip>,1,Mac_C0001211,1,1,- [netclientconnection <id>] ci 46-perform <id>! <id> tc 23626 <ip>,1,1,frequency_representative
69915,__42-[NETClientConnection evaluateCrazyIvan46]_block_invoke CI46 - Hit by torpedo! NeteaseMusic.17988 tc10394 103.251.128.144:80,E224,<*>[NETClientConnection evaluateCrazyIvan46]_block_invoke <*> - Hit by torpedo! <*> <*> <*>,1,__42-[netclientconnection <id> ]_block_invoke ci46 - hit by torpedo! <id> tc10394 <ip>,1,Mac_C0001212,1,1,__ 42-[netclientconnection <id>] _block_invoke ci 46-hit by torpedo! <id> tc 10394 <ip>,1,1,frequency_representative
69916,__42-[NETClientConnection evaluateCrazyIvan46]_block_invoke CI46 - Hit by torpedo! QQ.10018 tc23626 119.81.102.227:80,E224,<*>[NETClientConnection evaluateCrazyIvan46]_block_invoke <*> - Hit by torpedo! <*> <*> <*>,1,__42-[netclientconnection <id> ]_block_invoke ci46 - hit by torpedo! <id> tc23626 <ip>,1,Mac_C0001213,1,1,__ 42-[netclientconnection <id>] _block_invoke ci 46-hit by torpedo! <id> tc 23626 <ip>,1,1,frequency_representative
69919,-[NETClientConnection evaluateCrazyIvan46] CI46 - Perform CrazyIvan46! QQ.10018 tc23629 123.151.137.101:80,E468,-[NETClientConnection <*>] <*> - Perform <*>! <*> <*> <*>,1,-[netclientconnection <id> ] ci46 - perform <id> ! <id> tc23629 <ip>,1,Mac_C0001214,1,1,- [netclientconnection <id>] ci 46-perform <id>! <id> tc 23629 <ip>,1,1,frequency_representative
69920,__42-[NETClientConnection evaluateCrazyIvan46]_block_invoke CI46 - Hit by torpedo! QQ.10018 tc23629 123.151.137.101:80,E224,<*>[NETClientConnection evaluateCrazyIvan46]_block_invoke <*> - Hit by torpedo! <*> <*> <*>,1,__42-[netclientconnection <id> ]_block_invoke ci46 - hit by torpedo! <id> tc23629 <ip>,1,Mac_C0001215,1,1,__ 42-[netclientconnection <id>] _block_invoke ci 46-hit by torpedo! <id> tc 23629 <ip>,1,1,frequency_representative
70136,-[NETClientConnection evaluateCrazyIvan46] CI46 - Perform CrazyIvan46! NeteaseMusic.17988 tc10405 103.251.128.144:80,E468,-[NETClientConnection <*>] <*> - Perform <*>! <*> <*> <*>,1,-[netclientconnection <id> ] ci46 - perform <id> ! <id> tc10405 <ip>,1,Mac_C0001216,1,1,- [netclientconnection <id>] ci 46-perform <id>! <id> tc 10405 <ip>,1,1,frequency_representative
70138,-[NETClientConnection evaluateCrazyIvan46] CI46 - Perform CrazyIvan46! QQ.10018 tc23636 119.81.102.227:80,E468,-[NETClientConnection <*>] <*> - Perform <*>! <*> <*> <*>,1,-[netclientconnection <id> ] ci46 - perform <id> ! <id> tc23636 <ip>,1,Mac_C0001217,1,1,- [netclientconnection <id>] ci 46-perform <id>! <id> tc 23636 <ip>,1,1,frequency_representative
70141,__42-[NETClientConnection evaluateCrazyIvan46]_block_invoke CI46 - Hit by torpedo! NeteaseMusic.17988 tc10405 103.251.128.144:80,E224,<*>[NETClientConnection evaluateCrazyIvan46]_block_invoke <*> - Hit by torpedo! <*> <*> <*>,1,__42-[netclientconnection <id> ]_block_invoke ci46 - hit by torpedo! <id> tc10405 <ip>,1,Mac_C0001218,1,1,__ 42-[netclientconnection <id>] _block_invoke ci 46-hit by torpedo! <id> tc 10405 <ip>,1,1,frequency_representative
70142,__42-[NETClientConnection evaluateCrazyIvan46]_block_invoke CI46 - Hit by torpedo! QQ.10018 tc23636 119.81.102.227:80,E224,<*>[NETClientConnection evaluateCrazyIvan46]_block_invoke <*> - Hit by torpedo! <*> <*> <*>,1,__42-[netclientconnection <id> ]_block_invoke ci46 - hit by torpedo! <id> tc23636 <ip>,1,Mac_C0001219,1,1,__ 42-[netclientconnection <id>] _block_invoke ci 46-hit by torpedo! <id> tc 23636 <ip>,1,1,frequency_representative
70145,-[NETClientConnection evaluateCrazyIvan46] CI46 - Perform CrazyIvan46! QQ.10018 tc23639 123.151.137.101:80,E468,-[NETClientConnection <*>] <*> - Perform <*>! <*> <*> <*>,1,-[netclientconnection <id> ] ci46 - perform <id> ! <id> tc23639 <ip>,1,Mac_C0001220,1,1,- [netclientconnection <id>] ci 46-perform <id>! <id> tc 23639 <ip>,1,1,frequency_representative
70146,__42-[NETClientConnection evaluateCrazyIvan46]_block_invoke CI46 - Hit by torpedo! QQ.10018 tc23639 123.151.137.101:80,E224,<*>[NETClientConnection evaluateCrazyIvan46]_block_invoke <*> - Hit by torpedo! <*> <*> <*>,1,__42-[netclientconnection <id> ]_block_invoke ci46 - hit by torpedo! <id> tc23639 <ip>,1,Mac_C0001221,1,1,__ 42-[netclientconnection <id>] _block_invoke ci 46-hit by torpedo! <id> tc 23639 <ip>,1,1,frequency_representative
70235,"hibernate_machine_init: state 2, image pages 446894, sum was 4729026d, imageSize 0x2b457000, image1Size 0x21b80000, conflictCount 7456, nextFree 73d2",E130,"hibernate_machine_init: state <*>, image pages <*>, sum was <*>, imageSize <*>, image1Size <*>, conflictCount <*>, nextFree <*>",1,"hibernate_machine_init: state <num> , image pages <num> , sum was <id> , imagesize <hex> , <id> <hex> , conflictcount <num> , nextfree 73d2",1,Mac_C0001222,3,3,"hibernate_machine_init: state <num>, image pages <num>, sum was <id>, imagesize <hex>, <id> <hex>, conflictcount <num>, nextfree <*> <*> 2",2,1,frequency_representative
97410,"hibernate_machine_init: state 2, image pages 467978, sum was aae8d5cd, imageSize 0x2e37c000, image1Size 0x24bda000, conflictCount 8117, nextFree 76c2",E130,"hibernate_machine_init: state <*>, image pages <*>, sum was <*>, imageSize <*>, image1Size <*>, conflictCount <*>, nextFree <*>",1,"hibernate_machine_init: state <num> , image pages <num> , sum was <id> , imagesize <hex> , <id> <hex> , conflictcount <num> , nextfree 76c2",1,Mac_C0001222,3,3,"hibernate_machine_init: state <num>, image pages <num>, sum was <id>, imagesize <hex>, <id> <hex>, conflictcount <num>, nextfree <*> <*> 2",2,2,complex_sample
70366,-[NETClientConnection evaluateCrazyIvan46] CI46 - Perform CrazyIvan46! NeteaseMusic.17988 tc10415 103.251.128.144:80,E468,-[NETClientConnection <*>] <*> - Perform <*>! <*> <*> <*>,1,-[netclientconnection <id> ] ci46 - perform <id> ! <id> tc10415 <ip>,1,Mac_C0001223,1,1,- [netclientconnection <id>] ci 46-perform <id>! <id> tc 10415 <ip>,1,1,frequency_representative
70368,-[NETClientConnection evaluateCrazyIvan46] CI46 - Perform CrazyIvan46! QQ.10018 tc23655 119.81.102.227:80,E468,-[NETClientConnection <*>] <*> - Perform <*>! <*> <*> <*>,1,-[netclientconnection <id> ] ci46 - perform <id> ! <id> tc23655 <ip>,1,Mac_C0001224,1,1,- [netclientconnection <id>] ci 46-perform <id>! <id> tc 23655 <ip>,1,1,frequency_representative
70371,__42-[NETClientConnection evaluateCrazyIvan46]_block_invoke CI46 - Hit by torpedo! NeteaseMusic.17988 tc10415 103.251.128.144:80,E224,<*>[NETClientConnection evaluateCrazyIvan46]_block_invoke <*> - Hit by torpedo! <*> <*> <*>,1,__42-[netclientconnection <id> ]_block_invoke ci46 - hit by torpedo! <id> tc10415 <ip>,1,Mac_C0001225,1,1,__ 42-[netclientconnection <id>] _block_invoke ci 46-hit by torpedo! <id> tc 10415 <ip>,1,1,frequency_representative
70372,__42-[NETClientConnection evaluateCrazyIvan46]_block_invoke CI46 - Hit by torpedo! QQ.10018 tc23655 119.81.102.227:80,E224,<*>[NETClientConnection evaluateCrazyIvan46]_block_invoke <*> - Hit by torpedo! <*> <*> <*>,1,__42-[netclientconnection <id> ]_block_invoke ci46 - hit by torpedo! <id> tc23655 <ip>,1,Mac_C0001226,1,1,__ 42-[netclientconnection <id>] _block_invoke ci 46-hit by torpedo! <id> tc 23655 <ip>,1,1,frequency_representative
70375,-[NETClientConnection evaluateCrazyIvan46] CI46 - Perform CrazyIvan46! QQ.10018 tc23658 123.151.137.101:80,E468,-[NETClientConnection <*>] <*> - Perform <*>! <*> <*> <*>,1,-[netclientconnection <id> ] ci46 - perform <id> ! <id> tc23658 <ip>,1,Mac_C0001227,1,1,- [netclientconnection <id>] ci 46-perform <id>! <id> tc 23658 <ip>,1,1,frequency_representative
70376,__42-[NETClientConnection evaluateCrazyIvan46]_block_invoke CI46 - Hit by torpedo! QQ.10018 tc23658 123.151.137.101:80,E224,<*>[NETClientConnection evaluateCrazyIvan46]_block_invoke <*> - Hit by torpedo! <*> <*> <*>,1,__42-[netclientconnection <id> ]_block_invoke ci46 - hit by torpedo! <id> tc23658 <ip>,1,Mac_C0001228,1,1,__ 42-[netclientconnection <id>] _block_invoke ci 46-hit by torpedo! <id> tc 23658 <ip>,1,1,frequency_representative
70464,"hibernate_machine_init: state 2, image pages 447070, sum was cf58f04e, imageSize 0x2b857000, image1Size 0x21f96000, conflictCount 7102, nextFree 726f",E130,"hibernate_machine_init: state <*>, image pages <*>, sum was <*>, imageSize <*>, image1Size <*>, conflictCount <*>, nextFree <*>",1,"hibernate_machine_init: state <num> , image pages <num> , sum was <id> , imagesize <hex> , <id> <hex> , conflictcount <num> , nextfree 726f",1,Mac_C0001229,1,1,"hibernate_machine_init: state <num>, image pages <num>, sum was <id>, imagesize <hex>, <id> <hex>, conflictcount <num>, nextfree 726 f",1,1,frequency_representative
70591,-[NETClientConnection evaluateCrazyIvan46] CI46 - Perform CrazyIvan46! NeteaseMusic.17988 tc10427 103.251.128.144:80,E468,-[NETClientConnection <*>] <*> - Perform <*>! <*> <*> <*>,1,-[netclientconnection <id> ] ci46 - perform <id> ! <id> tc10427 <ip>,1,Mac_C0001230,1,1,- [netclientconnection <id>] ci 46-perform <id>! <id> tc 10427 <ip>,1,1,frequency_representative
70592,-[NETClientConnection evaluateCrazyIvan46] CI46 - Perform CrazyIvan46! QQ.10018 tc23674 119.81.102.227:80,E468,-[NETClientConnection <*>] <*> - Perform <*>! <*> <*> <*>,1,-[netclientconnection <id> ] ci46 - perform <id> ! <id> tc23674 <ip>,1,Mac_C0001231,1,1,- [netclientconnection <id>] ci 46-perform <id>! <id> tc 23674 <ip>,1,1,frequency_representative
70595,__42-[NETClientConnection evaluateCrazyIvan46]_block_invoke CI46 - Hit by torpedo! NeteaseMusic.17988 tc10427 103.251.128.144:80,E224,<*>[NETClientConnection evaluateCrazyIvan46]_block_invoke <*> - Hit by torpedo! <*> <*> <*>,1,__42-[netclientconnection <id> ]_block_invoke ci46 - hit by torpedo! <id> tc10427 <ip>,1,Mac_C0001232,1,1,__ 42-[netclientconnection <id>] _block_invoke ci 46-hit by torpedo! <id> tc 10427 <ip>,1,1,frequency_representative
70596,__42-[NETClientConnection evaluateCrazyIvan46]_block_invoke CI46 - Hit by torpedo! QQ.10018 tc23674 119.81.102.227:80,E224,<*>[NETClientConnection evaluateCrazyIvan46]_block_invoke <*> - Hit by torpedo! <*> <*> <*>,1,__42-[netclientconnection <id> ]_block_invoke ci46 - hit by torpedo! <id> tc23674 <ip>,1,Mac_C0001233,1,1,__ 42-[netclientconnection <id>] _block_invoke ci 46-hit by torpedo! <id> tc 23674 <ip>,1,1,frequency_representative
70599,-[NETClientConnection evaluateCrazyIvan46] CI46 - Perform CrazyIvan46! QQ.10018 tc23677 123.151.137.101:80,E468,-[NETClientConnection <*>] <*> - Perform <*>! <*> <*> <*>,1,-[netclientconnection <id> ] ci46 - perform <id> ! <id> tc23677 <ip>,1,Mac_C0001234,1,1,- [netclientconnection <id>] ci 46-perform <id>! <id> tc 23677 <ip>,1,1,frequency_representative
70600,__42-[NETClientConnection evaluateCrazyIvan46]_block_invoke CI46 - Hit by torpedo! QQ.10018 tc23677 123.151.137.101:80,E224,<*>[NETClientConnection evaluateCrazyIvan46]_block_invoke <*> - Hit by torpedo! <*> <*> <*>,1,__42-[netclientconnection <id> ]_block_invoke ci46 - hit by torpedo! <id> tc23677 <ip>,1,Mac_C0001235,1,1,__ 42-[netclientconnection <id>] _block_invoke ci 46-hit by torpedo! <id> tc 23677 <ip>,1,1,frequency_representative
70765,"[CardDAVPlugin-ERROR] -_handleAddsOrModifies:https://xpc_ben%40163.com@contacts.163.com/carddav/558548ec28fbd965ade28995b355b70d/contacts/ Error Domain=NSURLErrorDomain Code=-1009 ""The Internet connection appears to be offline."" UserInfo={NSUnderlyingError=0x7fa0a42f97c0 {Error Domain=kCFErrorDomainCFNetwork Code=-1009 ""The Internet connection appears to be offline."" UserInfo={NSErrorFailingURLStringKey=https://xpc_ben%40163.com@contacts.163.com/carddav/558548ec28fbd965ade28995b355b70d/contacts/, NSErrorFailingURLKey=https://xpc_ben%40163.com@contacts.163.com/carddav/558548ec28fbd965ade28995b355b70d/contacts/, _kCFStreamErrorCodeKey=57, _kCFStreamErrorDomainKey=1, NSLocalizedDescription=The Internet connection appears to be offline.}}, NSErrorFailingURLStringKey=https://xpc_ben%40163.com@contacts.163.com/carddav/558548ec28fbd965ade28995b355b70d/contacts/, NSErrorFailingURLKey=https://xpc_ben%40163.com@contacts.163.com/carddav/558548ec28fbd965ade28995b355b70d/contacts/, _kCFStreamErrorDomainKey=1, _kCFStreamErrorCodeKey=57, NSLocalizedDescription=The Internet connection appears to be offline.}",E6,"[CardDAVPlugin-ERROR] -_handleAddsOrModifies:<*> Error Domain=<*> Code=<*> <*> UserInfo={NSUnderlyingError=<*> {Error Domain=<*> Code=<*> <*> UserInfo={NSErrorFailingURLStringKey=<*>, NSErrorFailingURLKey=<*>, _kCFStreamErrorCodeKey=<*>, _kCFStreamErrorDomainKey=<*>, NSLocalizedDescription=<*>}}, NSErrorFailingURLStringKey=<*>, NSErrorFailingURLKey=<*>, _kCFStreamErrorDomainKey=<*>, _kCFStreamErrorCodeKey=<*>, NSLocalizedDescription=<*>}",3,"[carddavplugin-error] -_handleaddsormodifies: <url> error domain=nsurlerrordomain code= <num> ""the internet connection appears to be offline."" userinfo={nsunderlyingerror= <hex> {error domain=kcferrordomaincfnetwork code= <num> ""the internet connection appears to be offline."" userinfo={nserrorfailingurlstringkey= <url> nserrorfailingurlkey= <url> _kcfstreamerrorcodekey= <num> , _kcfstreamerrordomainkey= <num> , nslocalizeddescription=the internet connection appears to be offline.}}, nserrorfailingurlstringkey= <url> nserrorfailingurlkey= <url> _kcfstreamerrordomainkey= <num> , _kcfstreamerrorcodekey= <num> , nslocalizeddescription=the internet connection appears to be offline.}",3,Mac_C0001236,3,3,"[carddavplugin-error]-_handleaddsormodifies: <url> error domain = nsurlerrordomain code = <num> "" the internet connection appears to be offline. "" userinfo = {nsunderlyingerror = <hex> {error domain = kcferrordomaincfnetwork code = <num> "" the internet connection appears to be offline. "" userinfo = {nserrorfailingurlstringkey = <url> nserrorfailingurlkey = <url> _kcfstreamerrorcodekey = <num>, _kcfstreamerrordomainkey = <num>, nslocalizeddescription = the internet connection appears to be offline.}}, nserrorfailingurlstringkey = <url> nserrorfailingurlkey = <url> _kcfstreamerrordomainkey = <num>, _kcfstreamerrorcodekey = <num>, nslocalizeddescription = the internet connection appears to be offline.}",1,1,frequency_representative
70814,-[NETClientConnection evaluateCrazyIvan46] CI46 - Perform CrazyIvan46! NeteaseMusic.17988 tc10442 103.251.128.144:80,E468,-[NETClientConnection <*>] <*> - Perform <*>! <*> <*> <*>,1,-[netclientconnection <id> ] ci46 - perform <id> ! <id> tc10442 <ip>,1,Mac_C0001237,1,1,- [netclientconnection <id>] ci 46-perform <id>! <id> tc 10442 <ip>,1,1,frequency_representative
70816,-[NETClientConnection evaluateCrazyIvan46] CI46 - Perform CrazyIvan46! QQ.10018 tc23689 119.81.102.227:80,E468,-[NETClientConnection <*>] <*> - Perform <*>! <*> <*> <*>,1,-[netclientconnection <id> ] ci46 - perform <id> ! <id> tc23689 <ip>,1,Mac_C0001238,1,1,- [netclientconnection <id>] ci 46-perform <id>! <id> tc 23689 <ip>,1,1,frequency_representative
70817,__42-[NETClientConnection evaluateCrazyIvan46]_block_invoke CI46 - Hit by torpedo! NeteaseMusic.17988 tc10442 103.251.128.144:80,E224,<*>[NETClientConnection evaluateCrazyIvan46]_block_invoke <*> - Hit by torpedo! <*> <*> <*>,1,__42-[netclientconnection <id> ]_block_invoke ci46 - hit by torpedo! <id> tc10442 <ip>,1,Mac_C0001239,1,1,__ 42-[netclientconnection <id>] _block_invoke ci 46-hit by torpedo! <id> tc 10442 <ip>,1,1,frequency_representative
70818,__42-[NETClientConnection evaluateCrazyIvan46]_block_invoke CI46 - Hit by torpedo! QQ.10018 tc23689 119.81.102.227:80,E224,<*>[NETClientConnection evaluateCrazyIvan46]_block_invoke <*> - Hit by torpedo! <*> <*> <*>,1,__42-[netclientconnection <id> ]_block_invoke ci46 - hit by torpedo! <id> tc23689 <ip>,1,Mac_C0001240,1,1,__ 42-[netclientconnection <id>] _block_invoke ci 46-hit by torpedo! <id> tc 23689 <ip>,1,1,frequency_representative
70821,-[NETClientConnection evaluateCrazyIvan46] CI46 - Perform CrazyIvan46! QQ.10018 tc23690 123.151.137.101:80,E468,-[NETClientConnection <*>] <*> - Perform <*>! <*> <*> <*>,1,-[netclientconnection <id> ] ci46 - perform <id> ! <id> tc23690 <ip>,1,Mac_C0001241,1,1,- [netclientconnection <id>] ci 46-perform <id>! <id> tc 23690 <ip>,1,1,frequency_representative
70822,__42-[NETClientConnection evaluateCrazyIvan46]_block_invoke CI46 - Hit by torpedo! QQ.10018 tc23690 123.151.137.101:80,E224,<*>[NETClientConnection evaluateCrazyIvan46]_block_invoke <*> - Hit by torpedo! <*> <*> <*>,1,__42-[netclientconnection <id> ]_block_invoke ci46 - hit by torpedo! <id> tc23690 <ip>,1,Mac_C0001242,1,1,__ 42-[netclientconnection <id>] _block_invoke ci 46-hit by torpedo! <id> tc 23690 <ip>,1,1,frequency_representative
70824,-[NETClientConnection evaluateCrazyIvan46] CI46 - Perform CrazyIvan46! QQ.10018 tc23691 203.205.142.158:8080,E468,-[NETClientConnection <*>] <*> - Perform <*>! <*> <*> <*>,1,-[netclientconnection <id> ] ci46 - perform <id> ! <id> tc23691 <ip>,1,Mac_C0001243,1,1,- [netclientconnection <id>] ci 46-perform <id>! <id> tc 23691 <ip>,1,1,frequency_representative
70825,__42-[NETClientConnection evaluateCrazyIvan46]_block_invoke CI46 - Hit by torpedo! QQ.10018 tc23691 203.205.142.158:8080,E224,<*>[NETClientConnection evaluateCrazyIvan46]_block_invoke <*> - Hit by torpedo! <*> <*> <*>,1,__42-[netclientconnection <id> ]_block_invoke ci46 - hit by torpedo! <id> tc23691 <ip>,1,Mac_C0001244,1,1,__ 42-[netclientconnection <id>] _block_invoke ci 46-hit by torpedo! <id> tc 23691 <ip>,1,1,frequency_representative
70827,-[NETClientConnection evaluateCrazyIvan46] CI46 - Perform CrazyIvan46! QQ.10018 tc23692 14.17.41.169:80,E468,-[NETClientConnection <*>] <*> - Perform <*>! <*> <*> <*>,1,-[netclientconnection <id> ] ci46 - perform <id> ! <id> tc23692 <ip>,1,Mac_C0001245,1,1,- [netclientconnection <id>] ci 46-perform <id>! <id> tc 23692 <ip>,1,1,frequency_representative
70828,__42-[NETClientConnection evaluateCrazyIvan46]_block_invoke CI46 - Hit by torpedo! QQ.10018 tc23692 14.17.41.169:80,E224,<*>[NETClientConnection evaluateCrazyIvan46]_block_invoke <*> - Hit by torpedo! <*> <*> <*>,1,__42-[netclientconnection <id> ]_block_invoke ci46 - hit by torpedo! <id> tc23692 <ip>,1,Mac_C0001246,1,1,__ 42-[netclientconnection <id>] _block_invoke ci 46-hit by torpedo! <id> tc 23692 <ip>,1,1,frequency_representative
70830,-[NETClientConnection evaluateCrazyIvan46] CI46 - Perform CrazyIvan46! QQ.10018 tc23693 125.39.133.142:14000,E468,-[NETClientConnection <*>] <*> - Perform <*>! <*> <*> <*>,1,-[netclientconnection <id> ] ci46 - perform <id> ! <id> tc23693 <ip>,1,Mac_C0001247,1,1,- [netclientconnection <id>] ci 46-perform <id>! <id> tc 23693 <ip>,1,1,frequency_representative
70831,__42-[NETClientConnection evaluateCrazyIvan46]_block_invoke CI46 - Hit by torpedo! QQ.10018 tc23693 125.39.133.142:14000,E224,<*>[NETClientConnection evaluateCrazyIvan46]_block_invoke <*> - Hit by torpedo! <*> <*> <*>,1,__42-[netclientconnection <id> ]_block_invoke ci46 - hit by torpedo! <id> tc23693 <ip>,1,Mac_C0001248,1,1,__ 42-[netclientconnection <id>] _block_invoke ci 46-hit by torpedo! <id> tc 23693 <ip>,1,1,frequency_representative
70833,-[NETClientConnection evaluateCrazyIvan46] CI46 - Perform CrazyIvan46! QQ.10018 tc23694 117.144.244.101:443,E468,-[NETClientConnection <*>] <*> - Perform <*>! <*> <*> <*>,1,-[netclientconnection <id> ] ci46 - perform <id> ! <id> tc23694 <ip>,1,Mac_C0001249,1,1,- [netclientconnection <id>] ci 46-perform <id>! <id> tc 23694 <ip>,1,1,frequency_representative
70834,__42-[NETClientConnection evaluateCrazyIvan46]_block_invoke CI46 - Hit by torpedo! QQ.10018 tc23694 117.144.244.101:443,E224,<*>[NETClientConnection evaluateCrazyIvan46]_block_invoke <*> - Hit by torpedo! <*> <*> <*>,1,__42-[netclientconnection <id> ]_block_invoke ci46 - hit by torpedo! <id> tc23694 <ip>,1,Mac_C0001250,1,1,__ 42-[netclientconnection <id>] _block_invoke ci 46-hit by torpedo! <id> tc 23694 <ip>,1,1,frequency_representative
70836,-[NETClientConnection evaluateCrazyIvan46] CI46 - Perform CrazyIvan46! QQ.10018 tc23697 123.151.139.59:80,E468,-[NETClientConnection <*>] <*> - Perform <*>! <*> <*> <*>,1,-[netclientconnection <id> ] ci46 - perform <id> ! <id> tc23697 <ip>,1,Mac_C0001251,1,1,- [netclientconnection <id>] ci 46-perform <id>! <id> tc 23697 <ip>,1,1,frequency_representative
70837,__42-[NETClientConnection evaluateCrazyIvan46]_block_invoke CI46 - Hit by torpedo! QQ.10018 tc23697 123.151.139.59:80,E224,<*>[NETClientConnection evaluateCrazyIvan46]_block_invoke <*> - Hit by torpedo! <*> <*> <*>,1,__42-[netclientconnection <id> ]_block_invoke ci46 - hit by torpedo! <id> tc23697 <ip>,1,Mac_C0001252,1,1,__ 42-[netclientconnection <id>] _block_invoke ci 46-hit by torpedo! <id> tc 23697 <ip>,1,1,frequency_representative
70839,-[NETClientConnection evaluateCrazyIvan46] CI46 - Perform CrazyIvan46! QQ.10018 tc23698 203.205.147.247:80,E468,-[NETClientConnection <*>] <*> - Perform <*>! <*> <*> <*>,1,-[netclientconnection <id> ] ci46 - perform <id> ! <id> tc23698 <ip>,1,Mac_C0001253,1,1,- [netclientconnection <id>] ci 46-perform <id>! <id> tc 23698 <ip>,1,1,frequency_representative
70840,__42-[NETClientConnection evaluateCrazyIvan46]_block_invoke CI46 - Hit by torpedo! QQ.10018 tc23698 203.205.147.247:80,E224,<*>[NETClientConnection evaluateCrazyIvan46]_block_invoke <*> - Hit by torpedo! <*> <*> <*>,1,__42-[netclientconnection <id> ]_block_invoke ci46 - hit by torpedo! <id> tc23698 <ip>,1,Mac_C0001254,1,1,__ 42-[netclientconnection <id>] _block_invoke ci 46-hit by torpedo! <id> tc 23698 <ip>,1,1,frequency_representative
70842,-[NETClientConnection evaluateCrazyIvan46] CI46 - Perform CrazyIvan46! QQ.10018 tc23699 183.36.108.143:80,E468,-[NETClientConnection <*>] <*> - Perform <*>! <*> <*> <*>,1,-[netclientconnection <id> ] ci46 - perform <id> ! <id> tc23699 <ip>,1,Mac_C0001255,1,1,- [netclientconnection <id>] ci 46-perform <id>! <id> tc 23699 <ip>,1,1,frequency_representative
70843,__42-[NETClientConnection evaluateCrazyIvan46]_block_invoke CI46 - Hit by torpedo! QQ.10018 tc23699 183.36.108.143:80,E224,<*>[NETClientConnection evaluateCrazyIvan46]_block_invoke <*> - Hit by torpedo! <*> <*> <*>,1,__42-[netclientconnection <id> ]_block_invoke ci46 - hit by torpedo! <id> tc23699 <ip>,1,Mac_C0001256,1,1,__ 42-[netclientconnection <id>] _block_invoke ci 46-hit by torpedo! <id> tc 23699 <ip>,1,1,frequency_representative
70845,-[NETClientConnection evaluateCrazyIvan46] CI46 - Perform CrazyIvan46! QQ.10018 tc23700 125.39.247.148:80,E468,-[NETClientConnection <*>] <*> - Perform <*>! <*> <*> <*>,1,-[netclientconnection <id> ] ci46 - perform <id> ! <id> tc23700 <ip>,1,Mac_C0001257,1,1,- [netclientconnection <id>] ci 46-perform <id>! <id> tc 23700 <ip>,1,1,frequency_representative
70846,__42-[NETClientConnection evaluateCrazyIvan46]_block_invoke CI46 - Hit by torpedo! QQ.10018 tc23700 125.39.247.148:80,E224,<*>[NETClientConnection evaluateCrazyIvan46]_block_invoke <*> - Hit by torpedo! <*> <*> <*>,1,__42-[netclientconnection <id> ]_block_invoke ci46 - hit by torpedo! <id> tc23700 <ip>,1,Mac_C0001258,1,1,__ 42-[netclientconnection <id>] _block_invoke ci 46-hit by torpedo! <id> tc 23700 <ip>,1,1,frequency_representative
70848,-[NETClientConnection evaluateCrazyIvan46] CI46 - Perform CrazyIvan46! QQ.10018 tc23701 117.135.169.110:80,E468,-[NETClientConnection <*>] <*> - Perform <*>! <*> <*> <*>,1,-[netclientconnection <id> ] ci46 - perform <id> ! <id> tc23701 <ip>,1,Mac_C0001259,1,1,- [netclientconnection <id>] ci 46-perform <id>! <id> tc 23701 <ip>,1,1,frequency_representative
70849,__42-[NETClientConnection evaluateCrazyIvan46]_block_invoke CI46 - Hit by torpedo! QQ.10018 tc23701 117.135.169.110:80,E224,<*>[NETClientConnection evaluateCrazyIvan46]_block_invoke <*> - Hit by torpedo! <*> <*> <*>,1,__42-[netclientconnection <id> ]_block_invoke ci46 - hit by torpedo! <id> tc23701 <ip>,1,Mac_C0001260,1,1,__ 42-[netclientconnection <id>] _block_invoke ci 46-hit by torpedo! <id> tc 23701 <ip>,1,1,frequency_representative
71013,-[NETClientConnection evaluateCrazyIvan46] CI46 - Perform CrazyIvan46! QQ.10018 tc23702 119.81.102.227:80,E468,-[NETClientConnection <*>] <*> - Perform <*>! <*> <*> <*>,1,-[netclientconnection <id> ] ci46 - perform <id> ! <id> tc23702 <ip>,1,Mac_C0001261,1,1,- [netclientconnection <id>] ci 46-perform <id>! <id> tc 23702 <ip>,1,1,frequency_representative
71014,__42-[NETClientConnection evaluateCrazyIvan46]_block_invoke CI46 - Hit by torpedo! QQ.10018 tc23702 119.81.102.227:80,E224,<*>[NETClientConnection evaluateCrazyIvan46]_block_invoke <*> - Hit by torpedo! <*> <*> <*>,1,__42-[netclientconnection <id> ]_block_invoke ci46 - hit by torpedo! <id> tc23702 <ip>,1,Mac_C0001262,1,1,__ 42-[netclientconnection <id>] _block_invoke ci 46-hit by torpedo! <id> tc 23702 <ip>,1,1,frequency_representative
71068,-[NETClientConnection evaluateCrazyIvan46] CI46 - Perform CrazyIvan46! QQ.10018 tc23712 119.81.102.227:80,E468,-[NETClientConnection <*>] <*> - Perform <*>! <*> <*> <*>,1,-[netclientconnection <id> ] ci46 - perform <id> ! <id> tc23712 <ip>,1,Mac_C0001263,1,1,- [netclientconnection <id>] ci 46-perform <id>! <id> tc 23712 <ip>,1,1,frequency_representative
71069,-[NETClientConnection evaluateCrazyIvan46] CI46 - Perform CrazyIvan46! NeteaseMusic.17988 tc10452 103.251.128.144:80,E468,-[NETClientConnection <*>] <*> - Perform <*>! <*> <*> <*>,1,-[netclientconnection <id> ] ci46 - perform <id> ! <id> tc10452 <ip>,1,Mac_C0001264,1,1,- [netclientconnection <id>] ci 46-perform <id>! <id> tc 10452 <ip>,1,1,frequency_representative
71072,__42-[NETClientConnection evaluateCrazyIvan46]_block_invoke CI46 - Hit by torpedo! QQ.10018 tc23712 119.81.102.227:80,E224,<*>[NETClientConnection evaluateCrazyIvan46]_block_invoke <*> - Hit by torpedo! <*> <*> <*>,1,__42-[netclientconnection <id> ]_block_invoke ci46 - hit by torpedo! <id> tc23712 <ip>,1,Mac_C0001265,1,1,__ 42-[netclientconnection <id>] _block_invoke ci 46-hit by torpedo! <id> tc 23712 <ip>,1,1,frequency_representative
71073,__42-[NETClientConnection evaluateCrazyIvan46]_block_invoke CI46 - Hit by torpedo! NeteaseMusic.17988 tc10452 103.251.128.144:80,E224,<*>[NETClientConnection evaluateCrazyIvan46]_block_invoke <*> - Hit by torpedo! <*> <*> <*>,1,__42-[netclientconnection <id> ]_block_invoke ci46 - hit by torpedo! <id> tc10452 <ip>,1,Mac_C0001266,1,1,__ 42-[netclientconnection <id>] _block_invoke ci 46-hit by torpedo! <id> tc 10452 <ip>,1,1,frequency_representative
71076,-[NETClientConnection evaluateCrazyIvan46] CI46 - Perform CrazyIvan46! QQ.10018 tc23715 123.151.137.101:80,E468,-[NETClientConnection <*>] <*> - Perform <*>! <*> <*> <*>,1,-[netclientconnection <id> ] ci46 - perform <id> ! <id> tc23715 <ip>,1,Mac_C0001267,1,1,- [netclientconnection <id>] ci 46-perform <id>! <id> tc 23715 <ip>,1,1,frequency_representative
71077,__42-[NETClientConnection evaluateCrazyIvan46]_block_invoke CI46 - Hit by torpedo! QQ.10018 tc23715 123.151.137.101:80,E224,<*>[NETClientConnection evaluateCrazyIvan46]_block_invoke <*> - Hit by torpedo! <*> <*> <*>,1,__42-[netclientconnection <id> ]_block_invoke ci46 - hit by torpedo! <id> tc23715 <ip>,1,Mac_C0001268,1,1,__ 42-[netclientconnection <id>] _block_invoke ci 46-hit by torpedo! <id> tc 23715 <ip>,1,1,frequency_representative
71167,"hibernate_machine_init: state 2, image pages 446628, sum was b4bb41ca, imageSize 0x2b563000, image1Size 0x21ca6000, conflictCount 7470, nextFree 73df",E130,"hibernate_machine_init: state <*>, image pages <*>, sum was <*>, imageSize <*>, image1Size <*>, conflictCount <*>, nextFree <*>",1,"hibernate_machine_init: state <num> , image pages <num> , sum was <id> , imagesize <hex> , <id> <hex> , conflictcount <num> , nextfree 73df",1,Mac_C0001269,1,1,"hibernate_machine_init: state <num>, image pages <num>, sum was <id>, imagesize <hex>, <id> <hex>, conflictcount <num>, nextfree 73 df",1,1,frequency_representative
71243,-[NETClientConnection evaluateCrazyIvan46] CI46 - Perform CrazyIvan46! QQ.10018 tc23720 203.205.147.208:8080,E468,-[NETClientConnection <*>] <*> - Perform <*>! <*> <*> <*>,1,-[netclientconnection <id> ] ci46 - perform <id> ! <id> tc23720 <ip>,1,Mac_C0001270,1,1,- [netclientconnection <id>] ci 46-perform <id>! <id> tc 23720 <ip>,1,1,frequency_representative
71313,"hibernate_machine_init: state 2, image pages 447026, sum was 1f419d5, imageSize 0x2b526000, image1Size 0x21c50000, conflictCount 9128, nextFree 7a5e",E130,"hibernate_machine_init: state <*>, image pages <*>, sum was <*>, imageSize <*>, image1Size <*>, conflictCount <*>, nextFree <*>",1,"hibernate_machine_init: state <num> , image pages <num> , sum was 1f419d5, imagesize <hex> , <id> <hex> , conflictcount <num> , nextfree 7a5e",1,Mac_C0001271,1,1,"hibernate_machine_init: state <num>, image pages <num>, sum was 1 f 419 d 5, imagesize <hex>, <id> <hex>, conflictcount <num>, nextfree 7 a 5 e",1,1,frequency_representative
71327,"ARPT: 729788.195771: ChangeVCO => vco:960, xtalF:40, frac: 98, ndivMode: 3, ndivint: 24",E302,"ARPT: <*>: ChangeVCO => vco:<*>, xtalF:<*>, frac: <*>, ndivMode: <*>, ndivint: <*>",1,"arpt: <num> : changevco => vco: <num> , <id> , frac: <num> , ndivmode: <num> , ndivint: <num>",1,Mac_C0001272,1,1,"arpt: <num>: changevco = > vco: <num>, <id>, frac: <num>, ndivmode: <num>, ndivint: <num>",1,1,frequency_representative
71328,ARPT: 729788.195774: Data written into the PLL_CNTRL_ADDR2: 00000c31,E386,ARPT: <*>: Data written into the PLL_CNTRL_ADDR2: <*>,1,arpt: <num> : data written into the <id> : <id>,1,Mac_C0001273,1,1,arpt: <num>: data written into the <id>: <id>,1,1,frequency_representative
71329,ARPT: 729788.195795: Data written into the PLL_CNTRL_ADDR3 (Fractional): 0000100e,E306,ARPT: <*>: Data written into the PLL_CNTRL_ADDR3 (Fractional): <*>,1,arpt: <num> : data written into the <id> (fractional): <id>,1,Mac_C0001274,1,1,arpt: <num>: data written into the <id> (fractional): <id>,1,1,frequency_representative
71382,-[NETClientConnection evaluateCrazyIvan46] CI46 - Perform CrazyIvan46! QQ.10018 tc23723 183.36.108.144:80,E468,-[NETClientConnection <*>] <*> - Perform <*>! <*> <*> <*>,1,-[netclientconnection <id> ] ci46 - perform <id> ! <id> tc23723 <ip>,1,Mac_C0001275,1,1,- [netclientconnection <id>] ci 46-perform <id>! <id> tc 23723 <ip>,1,1,frequency_representative
71383,__42-[NETClientConnection evaluateCrazyIvan46]_block_invoke CI46 - Hit by torpedo! QQ.10018 tc23723 183.36.108.144:80,E224,<*>[NETClientConnection evaluateCrazyIvan46]_block_invoke <*> - Hit by torpedo! <*> <*> <*>,1,__42-[netclientconnection <id> ]_block_invoke ci46 - hit by torpedo! <id> tc23723 <ip>,1,Mac_C0001276,1,1,__ 42-[netclientconnection <id>] _block_invoke ci 46-hit by torpedo! <id> tc 23723 <ip>,1,1,frequency_representative
71484,-[NETClientConnection evaluateCrazyIvan46] CI46 - Perform CrazyIvan46! NeteaseMusic.17988 tc10461 103.251.128.144:80,E468,-[NETClientConnection <*>] <*> - Perform <*>! <*> <*> <*>,1,-[netclientconnection <id> ] ci46 - perform <id> ! <id> tc10461 <ip>,1,Mac_C0001277,1,1,- [netclientconnection <id>] ci 46-perform <id>! <id> tc 10461 <ip>,1,1,frequency_representative
71486,-[NETClientConnection evaluateCrazyIvan46] CI46 - Perform CrazyIvan46! QQ.10018 tc23743 119.81.102.227:80,E468,-[NETClientConnection <*>] <*> - Perform <*>! <*> <*> <*>,1,-[netclientconnection <id> ] ci46 - perform <id> ! <id> tc23743 <ip>,1,Mac_C0001278,1,1,- [netclientconnection <id>] ci 46-perform <id>! <id> tc 23743 <ip>,1,1,frequency_representative
71491,__42-[NETClientConnection evaluateCrazyIvan46]_block_invoke CI46 - Hit by torpedo! NeteaseMusic.17988 tc10461 103.251.128.144:80,E224,<*>[NETClientConnection evaluateCrazyIvan46]_block_invoke <*> - Hit by torpedo! <*> <*> <*>,1,__42-[netclientconnection <id> ]_block_invoke ci46 - hit by torpedo! <id> tc10461 <ip>,1,Mac_C0001279,1,1,__ 42-[netclientconnection <id>] _block_invoke ci 46-hit by torpedo! <id> tc 10461 <ip>,1,1,frequency_representative
71492,__42-[NETClientConnection evaluateCrazyIvan46]_block_invoke CI46 - Hit by torpedo! QQ.10018 tc23743 119.81.102.227:80,E224,<*>[NETClientConnection evaluateCrazyIvan46]_block_invoke <*> - Hit by torpedo! <*> <*> <*>,1,__42-[netclientconnection <id> ]_block_invoke ci46 - hit by torpedo! <id> tc23743 <ip>,1,Mac_C0001280,1,1,__ 42-[netclientconnection <id>] _block_invoke ci 46-hit by torpedo! <id> tc 23743 <ip>,1,1,frequency_representative
71495,-[NETClientConnection evaluateCrazyIvan46] CI46 - Perform CrazyIvan46! QQ.10018 tc23746 123.151.137.101:80,E468,-[NETClientConnection <*>] <*> - Perform <*>! <*> <*> <*>,1,-[netclientconnection <id> ] ci46 - perform <id> ! <id> tc23746 <ip>,1,Mac_C0001281,1,1,- [netclientconnection <id>] ci 46-perform <id>! <id> tc 23746 <ip>,1,1,frequency_representative
71496,__42-[NETClientConnection evaluateCrazyIvan46]_block_invoke CI46 - Hit by torpedo! QQ.10018 tc23746 123.151.137.101:80,E224,<*>[NETClientConnection evaluateCrazyIvan46]_block_invoke <*> - Hit by torpedo! <*> <*> <*>,1,__42-[netclientconnection <id> ]_block_invoke ci46 - hit by torpedo! <id> tc23746 <ip>,1,Mac_C0001282,1,1,__ 42-[netclientconnection <id>] _block_invoke ci 46-hit by torpedo! <id> tc 23746 <ip>,1,1,frequency_representative
71500,[Warning] Broadcasting no devices for account IDSDAccount: 0x7ff1b531f750 [Service: IDSDService: 0x7ff1b2d089b0 [Identifier: com.apple.private.alloy.screensharing Display Name: ScreenSharing Topic: com.apple.private.alloy.screensharing Service: com.apple.private.alloy.screensharing Protocol: com.apple.private.alloy] Login: 13957525385@163.com UniqueID: 6D5C40F4-5E1D-4A93-8084-0A20D165E121 Account Type: Apple ID Registration: (null) Registered: YES Linked Accounts: (null)] even though we have some,E16,[Warning] Broadcasting no devices for account IDSDAccount: <*> [Service: IDSDService: <*> [Identifier: <*> Display Name: <*> Topic: <*> Service: <*> Protocol: <*>] Login: <*> UniqueID: <*> Account Type: <*> Registration: <*> Registered: <*> Linked Accounts: <*>] even though we have some,2,[warning] broadcasting no devices for account idsdaccount: <hex> [service: idsdservice: <hex> [identifier: com.apple.private.alloy.screensharing display name: screensharing topic: com.apple.private.alloy.screensharing service: com.apple.private.alloy.screensharing protocol: com.apple.private.alloy] login: <email> uniqueid: <uuid> account type: apple id registration: (null) registered: yes linked accounts: (null)] even though we have some,1,Mac_C0001283,1,2,[warning] broadcasting no devices for account idsdaccount: <hex> [service: idsdservice: <hex> [identifier: com. apple. private. alloy. screensharing display name: screensharing topic: com. apple. private. alloy. screensharing service: com. apple. private. alloy. screensharing protocol: com. apple. private. alloy] login: <email> uniqueid: <uuid> account type: apple id registration: (null) registered: yes linked accounts: (null)] even though we have some,1,1,frequency_representative
71746,Unknown class FRToolbar in Interface Builder file at path /System/Library/PrivateFrameworks/StoreUI.framework/Resources/Base.lproj/FRStoreViewController.nib.,E377,Unknown class <*> in Interface Builder file at path <*>.,2,unknown class frtoolbar in interface builder file at path <path>,1,Mac_C0001284,1,2,unknown class frtoolbar in interface builder file at path <path>,1,1,frequency_representative
71747,-[PushServiceStoreDispatch getEnabledMediaTypesWithReply:],E278,-[PushServiceStoreDispatch getEnabledMediaTypesWithReply:],2,-[pushservicestoredispatch getenabledmediatypeswithreply:],1,Mac_C0001285,1,2,- [pushservicestoredispatch getenabledmediatypeswithreply:],1,1,frequency_representative
71748,NSScanner: nil string argument,E506,NSScanner: nil string argument,1,nsscanner: nil string argument,1,Mac_C0001286,1,1,nsscanner: nil string argument,1,1,frequency_representative
71751,-[NETPowerManager powerPolicyForTimeslot:workload:] failed to find policy for workload 6937556 timeslot 1 / 5,E136,-[NETPowerManager powerPolicyForTimeslot:workload:] failed to find policy for workload <*> timeslot <*> / <*>,1,-[netpowermanager powerpolicyfortimeslot:workload:] failed to find policy for workload <num> timeslot <num> / <num>,1,Mac_C0001287,1,1,- [netpowermanager powerpolicyfortimeslot: workload:] failed to find policy for workload <num> timeslot <num>/<num>,1,1,frequency_representative
71754,"code validation failed in the process of getting signing information: Error Domain=NSOSStatusErrorDomain Code=-67062 ""(null)"" UserInfo={SecCSArchitecture=ppc7400}",E86,code validation failed in the process of getting signing information: Error Domain=<*> Code=<*> <*> UserInfo={SecCSArchitecture=<*>},1,"code validation failed in the process of getting signing information: error domain=nsosstatuserrordomain code= <num> ""(null)"" userinfo={seccsarchitecture=ppc7400}",1,Mac_C0001288,1,1,"code validation failed in the process of getting signing information: error domain = nsosstatuserrordomain code = <num> "" (null) "" userinfo = {seccsarchitecture = ppc 7400}",1,1,frequency_representative
72250,url host = tw.answers.yahoo.com,E623,url host = <*>,1,url host = tw.answers.yahoo.com,1,Mac_C0001289,1,1,url host = tw. answers. yahoo. com,1,1,frequency_representative
72446,url host = www.gushiwen.org,E623,url host = <*>,1,url host = www.gushiwen.org,1,Mac_C0001290,1,1,url host = www. gushiwen. org,1,1,frequency_representative
72554,url host = zh.wikipedia.org,E623,url host = <*>,1,url host = zh.wikipedia.org,1,Mac_C0001291,1,1,url host = zh. wikipedia. org,1,1,frequency_representative
72776,-[NETClientConnection evaluateCrazyIvan46] CI46 - Perform CrazyIvan46! QQ.10018 tc23807 119.81.102.227:80,E468,-[NETClientConnection <*>] <*> - Perform <*>! <*> <*> <*>,1,-[netclientconnection <id> ] ci46 - perform <id> ! <id> tc23807 <ip>,1,Mac_C0001292,1,1,- [netclientconnection <id>] ci 46-perform <id>! <id> tc 23807 <ip>,1,1,frequency_representative
72777,__42-[NETClientConnection evaluateCrazyIvan46]_block_invoke CI46 - Hit by torpedo! QQ.10018 tc23807 119.81.102.227:80,E224,<*>[NETClientConnection evaluateCrazyIvan46]_block_invoke <*> - Hit by torpedo! <*> <*> <*>,1,__42-[netclientconnection <id> ]_block_invoke ci46 - hit by torpedo! <id> tc23807 <ip>,1,Mac_C0001293,1,1,__ 42-[netclientconnection <id>] _block_invoke ci 46-hit by torpedo! <id> tc 23807 <ip>,1,1,frequency_representative
72913,-[NETClientConnection evaluateCrazyIvan46] CI46 - Perform CrazyIvan46! QQ.10018 tc23922 119.81.102.227:80,E468,-[NETClientConnection <*>] <*> - Perform <*>! <*> <*> <*>,1,-[netclientconnection <id> ] ci46 - perform <id> ! <id> tc23922 <ip>,1,Mac_C0001294,1,1,- [netclientconnection <id>] ci 46-perform <id>! <id> tc 23922 <ip>,1,1,frequency_representative
72914,__42-[NETClientConnection evaluateCrazyIvan46]_block_invoke CI46 - Hit by torpedo! QQ.10018 tc23922 119.81.102.227:80,E224,<*>[NETClientConnection evaluateCrazyIvan46]_block_invoke <*> - Hit by torpedo! <*> <*> <*>,1,__42-[netclientconnection <id> ]_block_invoke ci46 - hit by torpedo! <id> tc23922 <ip>,1,Mac_C0001295,1,1,__ 42-[netclientconnection <id>] _block_invoke ci 46-hit by torpedo! <id> tc 23922 <ip>,1,1,frequency_representative
72955,-[NETClientConnection evaluateCrazyIvan46] CI46 - Perform CrazyIvan46! NeteaseMusic.17988 tc11244 103.251.128.144:80,E468,-[NETClientConnection <*>] <*> - Perform <*>! <*> <*> <*>,1,-[netclientconnection <id> ] ci46 - perform <id> ! <id> tc11244 <ip>,1,Mac_C0001296,1,1,- [netclientconnection <id>] ci 46-perform <id>! <id> tc 11244 <ip>,1,1,frequency_representative
72958,-[NETClientConnection evaluateCrazyIvan46] CI46 - Perform CrazyIvan46! QQ.10018 tc23939 119.81.102.227:80,E468,-[NETClientConnection <*>] <*> - Perform <*>! <*> <*> <*>,1,-[netclientconnection <id> ] ci46 - perform <id> ! <id> tc23939 <ip>,1,Mac_C0001297,1,1,- [netclientconnection <id>] ci 46-perform <id>! <id> tc 23939 <ip>,1,1,frequency_representative
72963,__42-[NETClientConnection evaluateCrazyIvan46]_block_invoke CI46 - Hit by torpedo! NeteaseMusic.17988 tc11244 103.251.128.144:80,E224,<*>[NETClientConnection evaluateCrazyIvan46]_block_invoke <*> - Hit by torpedo! <*> <*> <*>,1,__42-[netclientconnection <id> ]_block_invoke ci46 - hit by torpedo! <id> tc11244 <ip>,1,Mac_C0001298,1,1,__ 42-[netclientconnection <id>] _block_invoke ci 46-hit by torpedo! <id> tc 11244 <ip>,1,1,frequency_representative
72964,__42-[NETClientConnection evaluateCrazyIvan46]_block_invoke CI46 - Hit by torpedo! QQ.10018 tc23939 119.81.102.227:80,E224,<*>[NETClientConnection evaluateCrazyIvan46]_block_invoke <*> - Hit by torpedo! <*> <*> <*>,1,__42-[netclientconnection <id> ]_block_invoke ci46 - hit by torpedo! <id> tc23939 <ip>,1,Mac_C0001299,1,1,__ 42-[netclientconnection <id>] _block_invoke ci 46-hit by torpedo! <id> tc 23939 <ip>,1,1,frequency_representative
73071,-[NETClientConnection evaluateCrazyIvan46] CI46 - Perform CrazyIvan46! QQ.10018 tc23940 123.151.137.106:80,E468,-[NETClientConnection <*>] <*> - Perform <*>! <*> <*> <*>,1,-[netclientconnection <id> ] ci46 - perform <id> ! <id> tc23940 <ip>,1,Mac_C0001300,1,1,- [netclientconnection <id>] ci 46-perform <id>! <id> tc 23940 <ip>,1,1,frequency_representative
73072,__42-[NETClientConnection evaluateCrazyIvan46]_block_invoke CI46 - Hit by torpedo! QQ.10018 tc23940 123.151.137.106:80,E224,<*>[NETClientConnection evaluateCrazyIvan46]_block_invoke <*> - Hit by torpedo! <*> <*> <*>,1,__42-[netclientconnection <id> ]_block_invoke ci46 - hit by torpedo! <id> tc23940 <ip>,1,Mac_C0001301,1,1,__ 42-[netclientconnection <id>] _block_invoke ci 46-hit by torpedo! <id> tc 23940 <ip>,1,1,frequency_representative
73106,-[NETClientConnection evaluateCrazyIvan46] CI46 - Perform CrazyIvan46! NeteaseMusic.17988 tc11255 103.251.128.144:80,E468,-[NETClientConnection <*>] <*> - Perform <*>! <*> <*> <*>,1,-[netclientconnection <id> ] ci46 - perform <id> ! <id> tc11255 <ip>,1,Mac_C0001302,1,1,- [netclientconnection <id>] ci 46-perform <id>! <id> tc 11255 <ip>,1,1,frequency_representative
73111,__42-[NETClientConnection evaluateCrazyIvan46]_block_invoke CI46 - Hit by torpedo! NeteaseMusic.17988 tc11255 103.251.128.144:80,E224,<*>[NETClientConnection evaluateCrazyIvan46]_block_invoke <*> - Hit by torpedo! <*> <*> <*>,1,__42-[netclientconnection <id> ]_block_invoke ci46 - hit by torpedo! <id> tc11255 <ip>,1,Mac_C0001303,1,1,__ 42-[netclientconnection <id>] _block_invoke ci 46-hit by torpedo! <id> tc 11255 <ip>,1,1,frequency_representative
73236,-[NETClientConnection evaluateCrazyIvan46] CI46 - Perform CrazyIvan46! NeteaseMusic.17988 tc11267 103.251.128.144:80,E468,-[NETClientConnection <*>] <*> - Perform <*>! <*> <*> <*>,1,-[netclientconnection <id> ] ci46 - perform <id> ! <id> tc11267 <ip>,1,Mac_C0001304,1,1,- [netclientconnection <id>] ci 46-perform <id>! <id> tc 11267 <ip>,1,1,frequency_representative
73246,__42-[NETClientConnection evaluateCrazyIvan46]_block_invoke CI46 - Hit by torpedo! NeteaseMusic.17988 tc11267 103.251.128.144:80,E224,<*>[NETClientConnection evaluateCrazyIvan46]_block_invoke <*> - Hit by torpedo! <*> <*> <*>,1,__42-[netclientconnection <id> ]_block_invoke ci46 - hit by torpedo! <id> tc11267 <ip>,1,Mac_C0001305,1,1,__ 42-[netclientconnection <id>] _block_invoke ci 46-hit by torpedo! <id> tc 11267 <ip>,1,1,frequency_representative
73393,-[NETClientConnection evaluateCrazyIvan46] CI46 - Perform CrazyIvan46! QQ.10018 tc23980 123.151.10.175:80,E468,-[NETClientConnection <*>] <*> - Perform <*>! <*> <*> <*>,1,-[netclientconnection <id> ] ci46 - perform <id> ! <id> tc23980 <ip>,1,Mac_C0001306,1,1,- [netclientconnection <id>] ci 46-perform <id>! <id> tc 23980 <ip>,1,1,frequency_representative
73394,__42-[NETClientConnection evaluateCrazyIvan46]_block_invoke CI46 - Hit by torpedo! QQ.10018 tc23980 123.151.10.175:80,E224,<*>[NETClientConnection evaluateCrazyIvan46]_block_invoke <*> - Hit by torpedo! <*> <*> <*>,1,__42-[netclientconnection <id> ]_block_invoke ci46 - hit by torpedo! <id> tc23980 <ip>,1,Mac_C0001307,1,1,__ 42-[netclientconnection <id>] _block_invoke ci 46-hit by torpedo! <id> tc 23980 <ip>,1,1,frequency_representative
73395,EWSGetItemResponseType returned no results; the request may have timed out.,E225,EWSGetItemResponseType returned no results; the request may have timed out.,1,ewsgetitemresponsetype returned no results; the request may have timed out.,1,Mac_C0001308,1,1,ewsgetitemresponsetype returned no results; the request may have timed out.,1,1,frequency_representative
73534,-[NETClientConnection evaluateCrazyIvan46] CI46 - Perform CrazyIvan46! NeteaseMusic.17988 tc11280 103.251.128.144:80,E468,-[NETClientConnection <*>] <*> - Perform <*>! <*> <*> <*>,1,-[netclientconnection <id> ] ci46 - perform <id> ! <id> tc11280 <ip>,1,Mac_C0001309,1,1,- [netclientconnection <id>] ci 46-perform <id>! <id> tc 11280 <ip>,1,1,frequency_representative
73630,-[NETClientConnection evaluateCrazyIvan46] CI46 - Perform CrazyIvan46! QQ.10018 tc23995 112.90.140.220:14000,E468,-[NETClientConnection <*>] <*> - Perform <*>! <*> <*> <*>,1,-[netclientconnection <id> ] ci46 - perform <id> ! <id> tc23995 <ip>,1,Mac_C0001310,1,1,- [netclientconnection <id>] ci 46-perform <id>! <id> tc 23995 <ip>,1,1,frequency_representative
73778,-[NETClientConnection evaluateCrazyIvan46] CI46 - Perform CrazyIvan46! QQ.10018 tc24000 120.198.203.168:443,E468,-[NETClientConnection <*>] <*> - Perform <*>! <*> <*> <*>,1,-[netclientconnection <id> ] ci46 - perform <id> ! <id> tc24000 <ip>,1,Mac_C0001311,1,1,- [netclientconnection <id>] ci 46-perform <id>! <id> tc 24000 <ip>,1,1,frequency_representative
73875,-[NETClientConnection evaluateCrazyIvan46] CI46 - Perform CrazyIvan46! QQ.10018 tc24007 123.151.137.102:80,E468,-[NETClientConnection <*>] <*> - Perform <*>! <*> <*> <*>,1,-[netclientconnection <id> ] ci46 - perform <id> ! <id> tc24007 <ip>,1,Mac_C0001312,1,1,- [netclientconnection <id>] ci 46-perform <id>! <id> tc 24007 <ip>,1,1,frequency_representative
74010,-[NETClientConnection evaluateCrazyIvan46] CI46 - Perform CrazyIvan46! NeteaseMusic.17988 tc11290 103.251.128.144:80,E468,-[NETClientConnection <*>] <*> - Perform <*>! <*> <*> <*>,1,-[netclientconnection <id> ] ci46 - perform <id> ! <id> tc11290 <ip>,1,Mac_C0001313,1,1,- [netclientconnection <id>] ci 46-perform <id>! <id> tc 11290 <ip>,1,1,frequency_representative
74020,-[NETClientConnection evaluateCrazyIvan46] CI46 - Perform CrazyIvan46! QQ.10018 tc24028 112.90.140.220:14000,E468,-[NETClientConnection <*>] <*> - Perform <*>! <*> <*> <*>,1,-[netclientconnection <id> ] ci46 - perform <id> ! <id> tc24028 <ip>,1,Mac_C0001314,1,1,- [netclientconnection <id>] ci 46-perform <id>! <id> tc 24028 <ip>,1,1,frequency_representative
74025,-[NETClientConnection evaluateCrazyIvan46] CI46 - Perform CrazyIvan46! QQ.10018 tc24033 120.198.203.168:443,E468,-[NETClientConnection <*>] <*> - Perform <*>! <*> <*> <*>,1,-[netclientconnection <id> ] ci46 - perform <id> ! <id> tc24033 <ip>,1,Mac_C0001315,1,1,- [netclientconnection <id>] ci 46-perform <id>! <id> tc 24033 <ip>,1,1,frequency_representative
74403,-[NETClientConnection evaluateCrazyIvan46] CI46 - Perform CrazyIvan46! QQ.10018 tc24038 112.90.78.168:443,E468,-[NETClientConnection <*>] <*> - Perform <*>! <*> <*> <*>,1,-[netclientconnection <id> ] ci46 - perform <id> ! <id> tc24038 <ip>,1,Mac_C0001316,1,1,- [netclientconnection <id>] ci 46-perform <id>! <id> tc 24038 <ip>,1,1,frequency_representative
74491,network changed: v6(en0!:2607:f140:6000:8:350e:b0a7:b155:57cc) DNS- Proxy SMB,E490,network changed: <*>(<*>) DNS- Proxy SMB,1,network changed: v6(en0!: <ip> ) dns- proxy smb,1,Mac_C0001317,1,1,network changed: v 6 (en 0!: <ip>) dns-proxy smb,1,1,frequency_representative
74492,network changed: DNS* Proxy-,E575,network changed: DNS* <*>,1,network changed: dns* proxy-,1,Mac_C0001318,1,1,network changed: dns * proxy -,1,1,frequency_representative
74493,__42-[NETClientConnection evaluateCrazyIvan46]_block_invoke CI46 - Hit by torpedo! QQ.10018 tc24038 112.90.78.168:443,E224,<*>[NETClientConnection evaluateCrazyIvan46]_block_invoke <*> - Hit by torpedo! <*> <*> <*>,1,__42-[netclientconnection <id> ]_block_invoke ci46 - hit by torpedo! <id> tc24038 <ip>,1,Mac_C0001319,1,1,__ 42-[netclientconnection <id>] _block_invoke ci 46-hit by torpedo! <id> tc 24038 <ip>,1,1,frequency_representative
74498,-[NETClientConnection evaluateCrazyIvan46] CI46 - Perform CrazyIvan46! QQ.10018 tc24039 112.90.78.169:8080,E468,-[NETClientConnection <*>] <*> - Perform <*>! <*> <*> <*>,1,-[netclientconnection <id> ] ci46 - perform <id> ! <id> tc24039 <ip>,1,Mac_C0001320,1,1,- [netclientconnection <id>] ci 46-perform <id>! <id> tc 24039 <ip>,1,1,frequency_representative
74499,__42-[NETClientConnection evaluateCrazyIvan46]_block_invoke CI46 - Hit by torpedo! QQ.10018 tc24039 112.90.78.169:8080,E224,<*>[NETClientConnection evaluateCrazyIvan46]_block_invoke <*> - Hit by torpedo! <*> <*> <*>,1,__42-[netclientconnection <id> ]_block_invoke ci46 - hit by torpedo! <id> tc24039 <ip>,1,Mac_C0001321,1,1,__ 42-[netclientconnection <id>] _block_invoke ci 46-hit by torpedo! <id> tc 24039 <ip>,1,1,frequency_representative
74649,DHCP en0: INIT transmit failed,E541,DHCP <*>: INIT transmit failed,1,dhcp en0: init transmit failed,1,Mac_C0001322,1,1,dhcp en 0: init transmit failed,1,1,frequency_representative
74847,-[NETClientConnection evaluateCrazyIvan46] CI46 - Perform CrazyIvan46! QQ.10018 tc24091 182.254.50.145:443,E468,-[NETClientConnection <*>] <*> - Perform <*>! <*> <*> <*>,1,-[netclientconnection <id> ] ci46 - perform <id> ! <id> tc24091 <ip>,1,Mac_C0001323,1,1,- [netclientconnection <id>] ci 46-perform <id>! <id> tc 24091 <ip>,1,1,frequency_representative
74848,__42-[NETClientConnection evaluateCrazyIvan46]_block_invoke CI46 - Hit by torpedo! QQ.10018 tc24091 182.254.50.145:443,E224,<*>[NETClientConnection evaluateCrazyIvan46]_block_invoke <*> - Hit by torpedo! <*> <*> <*>,1,__42-[netclientconnection <id> ]_block_invoke ci46 - hit by torpedo! <id> tc24091 <ip>,1,Mac_C0001324,1,1,__ 42-[netclientconnection <id>] _block_invoke ci 46-hit by torpedo! <id> tc 24091 <ip>,1,1,frequency_representative
74902,-[NETClientConnection evaluateCrazyIvan46] CI46 - Perform CrazyIvan46! NeteaseMusic.17988 tc11314 103.251.128.144:80,E468,-[NETClientConnection <*>] <*> - Perform <*>! <*> <*> <*>,1,-[netclientconnection <id> ] ci46 - perform <id> ! <id> tc11314 <ip>,1,Mac_C0001325,1,1,- [netclientconnection <id>] ci 46-perform <id>! <id> tc 11314 <ip>,1,1,frequency_representative
74904,-[NETClientConnection evaluateCrazyIvan46] CI46 - Perform CrazyIvan46! QQ.10018 tc24108 119.81.102.227:80,E468,-[NETClientConnection <*>] <*> - Perform <*>! <*> <*> <*>,1,-[netclientconnection <id> ] ci46 - perform <id> ! <id> tc24108 <ip>,1,Mac_C0001326,1,1,- [netclientconnection <id>] ci 46-perform <id>! <id> tc 24108 <ip>,1,1,frequency_representative
74913,__42-[NETClientConnection evaluateCrazyIvan46]_block_invoke CI46 - Hit by torpedo! NeteaseMusic.17988 tc11314 103.251.128.144:80,E224,<*>[NETClientConnection evaluateCrazyIvan46]_block_invoke <*> - Hit by torpedo! <*> <*> <*>,1,__42-[netclientconnection <id> ]_block_invoke ci46 - hit by torpedo! <id> tc11314 <ip>,1,Mac_C0001327,1,1,__ 42-[netclientconnection <id>] _block_invoke ci 46-hit by torpedo! <id> tc 11314 <ip>,1,1,frequency_representative
74914,__42-[NETClientConnection evaluateCrazyIvan46]_block_invoke CI46 - Hit by torpedo! QQ.10018 tc24108 119.81.102.227:80,E224,<*>[NETClientConnection evaluateCrazyIvan46]_block_invoke <*> - Hit by torpedo! <*> <*> <*>,1,__42-[netclientconnection <id> ]_block_invoke ci46 - hit by torpedo! <id> tc24108 <ip>,1,Mac_C0001328,1,1,__ 42-[netclientconnection <id>] _block_invoke ci 46-hit by torpedo! <id> tc 24108 <ip>,1,1,frequency_representative
75520,-[NETClientConnection evaluateCrazyIvan46] CI46 - Perform CrazyIvan46! QQ.10018 tc24133 119.81.102.227:80,E468,-[NETClientConnection <*>] <*> - Perform <*>! <*> <*> <*>,1,-[netclientconnection <id> ] ci46 - perform <id> ! <id> tc24133 <ip>,1,Mac_C0001329,1,1,- [netclientconnection <id>] ci 46-perform <id>! <id> tc 24133 <ip>,1,1,frequency_representative
75521,__42-[NETClientConnection evaluateCrazyIvan46]_block_invoke CI46 - Hit by torpedo! QQ.10018 tc24133 119.81.102.227:80,E224,<*>[NETClientConnection evaluateCrazyIvan46]_block_invoke <*> - Hit by torpedo! <*> <*> <*>,1,__42-[netclientconnection <id> ]_block_invoke ci46 - hit by torpedo! <id> tc24133 <ip>,1,Mac_C0001330,1,1,__ 42-[netclientconnection <id>] _block_invoke ci 46-hit by torpedo! <id> tc 24133 <ip>,1,1,frequency_representative
75894,-[NETClientConnection evaluateCrazyIvan46] CI46 - Perform CrazyIvan46! NeteaseMusic.17988 tc11338 103.251.128.144:80,E468,-[NETClientConnection <*>] <*> - Perform <*>! <*> <*> <*>,1,-[netclientconnection <id> ] ci46 - perform <id> ! <id> tc11338 <ip>,1,Mac_C0001331,1,1,- [netclientconnection <id>] ci 46-perform <id>! <id> tc 11338 <ip>,1,1,frequency_representative
75911,__42-[NETClientConnection evaluateCrazyIvan46]_block_invoke CI46 - Hit by torpedo! NeteaseMusic.17988 tc11338 103.251.128.144:80,E224,<*>[NETClientConnection evaluateCrazyIvan46]_block_invoke <*> - Hit by torpedo! <*> <*> <*>,1,__42-[netclientconnection <id> ]_block_invoke ci46 - hit by torpedo! <id> tc11338 <ip>,1,Mac_C0001332,1,1,__ 42-[netclientconnection <id>] _block_invoke ci 46-hit by torpedo! <id> tc 11338 <ip>,1,1,frequency_representative
76068,-[NETClientConnection evaluateCrazyIvan46] CI46 - Perform CrazyIvan46! QQ.10018 tc24179 112.90.78.168:443,E468,-[NETClientConnection <*>] <*> - Perform <*>! <*> <*> <*>,1,-[netclientconnection <id> ] ci46 - perform <id> ! <id> tc24179 <ip>,1,Mac_C0001333,1,1,- [netclientconnection <id>] ci 46-perform <id>! <id> tc 24179 <ip>,1,1,frequency_representative
76069,__42-[NETClientConnection evaluateCrazyIvan46]_block_invoke CI46 - Hit by torpedo! QQ.10018 tc24179 112.90.78.168:443,E224,<*>[NETClientConnection evaluateCrazyIvan46]_block_invoke <*> - Hit by torpedo! <*> <*> <*>,1,__42-[netclientconnection <id> ]_block_invoke ci46 - hit by torpedo! <id> tc24179 <ip>,1,Mac_C0001334,1,1,__ 42-[netclientconnection <id>] _block_invoke ci 46-hit by torpedo! <id> tc 24179 <ip>,1,1,frequency_representative
77090,-[NETClientConnection evaluateCrazyIvan46] CI46 - Perform CrazyIvan46! QQ.10018 tc24228 119.81.102.227:80,E468,-[NETClientConnection <*>] <*> - Perform <*>! <*> <*> <*>,1,-[netclientconnection <id> ] ci46 - perform <id> ! <id> tc24228 <ip>,1,Mac_C0001335,1,1,- [netclientconnection <id>] ci 46-perform <id>! <id> tc 24228 <ip>,1,1,frequency_representative
77091,__42-[NETClientConnection evaluateCrazyIvan46]_block_invoke CI46 - Hit by torpedo! QQ.10018 tc24228 119.81.102.227:80,E224,<*>[NETClientConnection evaluateCrazyIvan46]_block_invoke <*> - Hit by torpedo! <*> <*> <*>,1,__42-[netclientconnection <id> ]_block_invoke ci46 - hit by torpedo! <id> tc24228 <ip>,1,Mac_C0001336,1,1,__ 42-[netclientconnection <id>] _block_invoke ci 46-hit by torpedo! <id> tc 24228 <ip>,1,1,frequency_representative
77127,-[NETClientConnection evaluateCrazyIvan46] CI46 - Perform CrazyIvan46! NeteaseMusic.17988 tc11366 103.251.128.144:80,E468,-[NETClientConnection <*>] <*> - Perform <*>! <*> <*> <*>,1,-[netclientconnection <id> ] ci46 - perform <id> ! <id> tc11366 <ip>,1,Mac_C0001337,1,1,- [netclientconnection <id>] ci 46-perform <id>! <id> tc 11366 <ip>,1,1,frequency_representative
77128,__42-[NETClientConnection evaluateCrazyIvan46]_block_invoke CI46 - Hit by torpedo! NeteaseMusic.17988 tc11366 103.251.128.144:80,E224,<*>[NETClientConnection evaluateCrazyIvan46]_block_invoke <*> - Hit by torpedo! <*> <*> <*>,1,__42-[netclientconnection <id> ]_block_invoke ci46 - hit by torpedo! <id> tc11366 <ip>,1,Mac_C0001338,1,1,__ 42-[netclientconnection <id>] _block_invoke ci 46-hit by torpedo! <id> tc 11366 <ip>,1,1,frequency_representative
77179,-[NETClientConnection evaluateCrazyIvan46] CI46 - Perform CrazyIvan46! QQ.10018 tc24250 119.81.102.227:80,E468,-[NETClientConnection <*>] <*> - Perform <*>! <*> <*> <*>,1,-[netclientconnection <id> ] ci46 - perform <id> ! <id> tc24250 <ip>,1,Mac_C0001339,1,1,- [netclientconnection <id>] ci 46-perform <id>! <id> tc 24250 <ip>,1,1,frequency_representative
77180,__42-[NETClientConnection evaluateCrazyIvan46]_block_invoke CI46 - Hit by torpedo! QQ.10018 tc24250 119.81.102.227:80,E224,<*>[NETClientConnection evaluateCrazyIvan46]_block_invoke <*> - Hit by torpedo! <*> <*> <*>,1,__42-[netclientconnection <id> ]_block_invoke ci46 - hit by torpedo! <id> tc24250 <ip>,1,Mac_C0001340,1,1,__ 42-[netclientconnection <id>] _block_invoke ci 46-hit by torpedo! <id> tc 24250 <ip>,1,1,frequency_representative
77218,-[NETClientConnection evaluateCrazyIvan46] CI46 - Perform CrazyIvan46! NeteaseMusic.17988 tc11375 103.251.128.144:80,E468,-[NETClientConnection <*>] <*> - Perform <*>! <*> <*> <*>,1,-[netclientconnection <id> ] ci46 - perform <id> ! <id> tc11375 <ip>,1,Mac_C0001341,1,1,- [netclientconnection <id>] ci 46-perform <id>! <id> tc 11375 <ip>,1,1,frequency_representative
77223,__42-[NETClientConnection evaluateCrazyIvan46]_block_invoke CI46 - Hit by torpedo! NeteaseMusic.17988 tc11375 103.251.128.144:80,E224,<*>[NETClientConnection evaluateCrazyIvan46]_block_invoke <*> - Hit by torpedo! <*> <*> <*>,1,__42-[netclientconnection <id> ]_block_invoke ci46 - hit by torpedo! <id> tc11375 <ip>,1,Mac_C0001342,1,1,__ 42-[netclientconnection <id>] _block_invoke ci 46-hit by torpedo! <id> tc 11375 <ip>,1,1,frequency_representative
77352,-[NETClientConnection evaluateCrazyIvan46] CI46 - Perform CrazyIvan46! QQ.10018 tc24271 184.105.67.74:443,E468,-[NETClientConnection <*>] <*> - Perform <*>! <*> <*> <*>,1,-[netclientconnection <id> ] ci46 - perform <id> ! <id> tc24271 <ip>,1,Mac_C0001343,1,1,- [netclientconnection <id>] ci 46-perform <id>! <id> tc 24271 <ip>,1,1,frequency_representative
77353,__42-[NETClientConnection evaluateCrazyIvan46]_block_invoke CI46 - Hit by torpedo! QQ.10018 tc24271 184.105.67.74:443,E224,<*>[NETClientConnection evaluateCrazyIvan46]_block_invoke <*> - Hit by torpedo! <*> <*> <*>,1,__42-[netclientconnection <id> ]_block_invoke ci46 - hit by torpedo! <id> tc24271 <ip>,1,Mac_C0001344,1,1,__ 42-[netclientconnection <id>] _block_invoke ci 46-hit by torpedo! <id> tc 24271 <ip>,1,1,frequency_representative
77356,-[NETClientConnection evaluateCrazyIvan46] CI46 - Perform CrazyIvan46! QQ.10018 tc24272 184.173.21.66:443,E468,-[NETClientConnection <*>] <*> - Perform <*>! <*> <*> <*>,1,-[netclientconnection <id> ] ci46 - perform <id> ! <id> tc24272 <ip>,1,Mac_C0001345,1,1,- [netclientconnection <id>] ci 46-perform <id>! <id> tc 24272 <ip>,1,1,frequency_representative
77357,__42-[NETClientConnection evaluateCrazyIvan46]_block_invoke CI46 - Hit by torpedo! QQ.10018 tc24272 184.173.21.66:443,E224,<*>[NETClientConnection evaluateCrazyIvan46]_block_invoke <*> - Hit by torpedo! <*> <*> <*>,1,__42-[netclientconnection <id> ]_block_invoke ci46 - hit by torpedo! <id> tc24272 <ip>,1,Mac_C0001346,1,1,__ 42-[netclientconnection <id>] _block_invoke ci 46-hit by torpedo! <id> tc 24272 <ip>,1,1,frequency_representative
77359,-[NETClientConnection evaluateCrazyIvan46] CI46 - Perform CrazyIvan46! QQ.10018 tc24273 203.205.147.206:8080,E468,-[NETClientConnection <*>] <*> - Perform <*>! <*> <*> <*>,1,-[netclientconnection <id> ] ci46 - perform <id> ! <id> tc24273 <ip>,1,Mac_C0001347,1,1,- [netclientconnection <id>] ci 46-perform <id>! <id> tc 24273 <ip>,1,1,frequency_representative
77360,__42-[NETClientConnection evaluateCrazyIvan46]_block_invoke CI46 - Hit by torpedo! QQ.10018 tc24273 203.205.147.206:8080,E224,<*>[NETClientConnection evaluateCrazyIvan46]_block_invoke <*> - Hit by torpedo! <*> <*> <*>,1,__42-[netclientconnection <id> ]_block_invoke ci46 - hit by torpedo! <id> tc24273 <ip>,1,Mac_C0001348,1,1,__ 42-[netclientconnection <id>] _block_invoke ci 46-hit by torpedo! <id> tc 24273 <ip>,1,1,frequency_representative
77362,-[NETClientConnection evaluateCrazyIvan46] CI46 - Perform CrazyIvan46! QQ.10018 tc24274 183.3.234.161:80,E468,-[NETClientConnection <*>] <*> - Perform <*>! <*> <*> <*>,1,-[netclientconnection <id> ] ci46 - perform <id> ! <id> tc24274 <ip>,1,Mac_C0001349,1,1,- [netclientconnection <id>] ci 46-perform <id>! <id> tc 24274 <ip>,1,1,frequency_representative
77363,__42-[NETClientConnection evaluateCrazyIvan46]_block_invoke CI46 - Hit by torpedo! QQ.10018 tc24274 183.3.234.161:80,E224,<*>[NETClientConnection evaluateCrazyIvan46]_block_invoke <*> - Hit by torpedo! <*> <*> <*>,1,__42-[netclientconnection <id> ]_block_invoke ci46 - hit by torpedo! <id> tc24274 <ip>,1,Mac_C0001350,1,1,__ 42-[netclientconnection <id>] _block_invoke ci 46-hit by torpedo! <id> tc 24274 <ip>,1,1,frequency_representative
77365,-[NETClientConnection evaluateCrazyIvan46] CI46 - Perform CrazyIvan46! QQ.10018 tc24275 125.39.240.34:14000,E468,-[NETClientConnection <*>] <*> - Perform <*>! <*> <*> <*>,1,-[netclientconnection <id> ] ci46 - perform <id> ! <id> tc24275 <ip>,1,Mac_C0001351,1,1,- [netclientconnection <id>] ci 46-perform <id>! <id> tc 24275 <ip>,1,1,frequency_representative
77366,__42-[NETClientConnection evaluateCrazyIvan46]_block_invoke CI46 - Hit by torpedo! QQ.10018 tc24275 125.39.240.34:14000,E224,<*>[NETClientConnection evaluateCrazyIvan46]_block_invoke <*> - Hit by torpedo! <*> <*> <*>,1,__42-[netclientconnection <id> ]_block_invoke ci46 - hit by torpedo! <id> tc24275 <ip>,1,Mac_C0001352,1,1,__ 42-[netclientconnection <id>] _block_invoke ci 46-hit by torpedo! <id> tc 24275 <ip>,1,1,frequency_representative
77368,-[NETClientConnection evaluateCrazyIvan46] CI46 - Perform CrazyIvan46! QQ.10018 tc24276 121.51.36.140:443,E468,-[NETClientConnection <*>] <*> - Perform <*>! <*> <*> <*>,1,-[netclientconnection <id> ] ci46 - perform <id> ! <id> tc24276 <ip>,1,Mac_C0001353,1,1,- [netclientconnection <id>] ci 46-perform <id>! <id> tc 24276 <ip>,1,1,frequency_representative
77369,__42-[NETClientConnection evaluateCrazyIvan46]_block_invoke CI46 - Hit by torpedo! QQ.10018 tc24276 121.51.36.140:443,E224,<*>[NETClientConnection evaluateCrazyIvan46]_block_invoke <*> - Hit by torpedo! <*> <*> <*>,1,__42-[netclientconnection <id> ]_block_invoke ci46 - hit by torpedo! <id> tc24276 <ip>,1,Mac_C0001354,1,1,__ 42-[netclientconnection <id>] _block_invoke ci 46-hit by torpedo! <id> tc 24276 <ip>,1,1,frequency_representative
77504,-[NETClientConnection evaluateCrazyIvan46] CI46 - Perform CrazyIvan46! QQ.10018 tc24283 119.81.102.227:80,E468,-[NETClientConnection <*>] <*> - Perform <*>! <*> <*> <*>,1,-[netclientconnection <id> ] ci46 - perform <id> ! <id> tc24283 <ip>,1,Mac_C0001355,1,1,- [netclientconnection <id>] ci 46-perform <id>! <id> tc 24283 <ip>,1,1,frequency_representative
77505,__42-[NETClientConnection evaluateCrazyIvan46]_block_invoke CI46 - Hit by torpedo! QQ.10018 tc24283 119.81.102.227:80,E224,<*>[NETClientConnection evaluateCrazyIvan46]_block_invoke <*> - Hit by torpedo! <*> <*> <*>,1,__42-[netclientconnection <id> ]_block_invoke ci46 - hit by torpedo! <id> tc24283 <ip>,1,Mac_C0001356,1,1,__ 42-[netclientconnection <id>] _block_invoke ci 46-hit by torpedo! <id> tc 24283 <ip>,1,1,frequency_representative
77611,-[NETClientConnection evaluateCrazyIvan46] CI46 - Perform CrazyIvan46! NeteaseMusic.17988 tc11400 103.251.128.144:80,E468,-[NETClientConnection <*>] <*> - Perform <*>! <*> <*> <*>,1,-[netclientconnection <id> ] ci46 - perform <id> ! <id> tc11400 <ip>,1,Mac_C0001357,1,1,- [netclientconnection <id>] ci 46-perform <id>! <id> tc 11400 <ip>,1,1,frequency_representative
77612,-[NETClientConnection evaluateCrazyIvan46] CI46 - Perform CrazyIvan46! QQ.10018 tc24306 119.81.102.227:80,E468,-[NETClientConnection <*>] <*> - Perform <*>! <*> <*> <*>,1,-[netclientconnection <id> ] ci46 - perform <id> ! <id> tc24306 <ip>,1,Mac_C0001358,1,1,- [netclientconnection <id>] ci 46-perform <id>! <id> tc 24306 <ip>,1,1,frequency_representative
77617,__42-[NETClientConnection evaluateCrazyIvan46]_block_invoke CI46 - Hit by torpedo! NeteaseMusic.17988 tc11400 103.251.128.144:80,E224,<*>[NETClientConnection evaluateCrazyIvan46]_block_invoke <*> - Hit by torpedo! <*> <*> <*>,1,__42-[netclientconnection <id> ]_block_invoke ci46 - hit by torpedo! <id> tc11400 <ip>,1,Mac_C0001359,1,1,__ 42-[netclientconnection <id>] _block_invoke ci 46-hit by torpedo! <id> tc 11400 <ip>,1,1,frequency_representative
80152,[com.apple.calendar.store.log.caldav.queue] [Account xpc_ben@163.com@https://caldav.163.com/caldav/principals/users/xpc_ben%40163.com/ timed out when executing operation: <CalDAVAccountRefreshQueueableOperation: 0x7fa11d279e00; Sequence: 0>],E120,[<*>] [Account <*> timed out when executing operation: <CalDAVAccountRefreshQueueableOperation: <*> Sequence: <*>],4,[com.apple.calendar.store.log.caldav.queue] [account <email> @ <url> timed out when executing operation: <caldavaccountrefreshqueueableoperation: <hex> ; sequence: <num> >],3,Mac_C0001360,3,4,[com. apple. calendar. store. log. caldav. queue] [account <email> @ <url> timed out when executing operation: < caldavaccountrefreshqueueableoperation: <hex>; sequence: <num> >],1,1,frequency_representative
80920,-[PVTextSearchIndexManager indexForContainer:forSearchBasis:]: elapsed time = 0.064115,E194,-[PVTextSearchIndexManager indexForContainer:forSearchBasis:]: elapsed time = <*>,2,-[pvtextsearchindexmanager indexforcontainer:forsearchbasis:]: elapsed time = <num>,2,Mac_C0001361,2,2,- [pvtextsearchindexmanager indexforcontainer: forsearchbasis:]: elapsed time = <num>,1,1,frequency_representative
81314,-[NETClientConnection evaluateCrazyIvan46] CI46 - Perform CrazyIvan46! QQ.10018 tc24451 117.144.244.33:443,E468,-[NETClientConnection <*>] <*> - Perform <*>! <*> <*> <*>,1,-[netclientconnection <id> ] ci46 - perform <id> ! <id> tc24451 <ip>,1,Mac_C0001362,1,1,- [netclientconnection <id>] ci 46-perform <id>! <id> tc 24451 <ip>,1,1,frequency_representative
81321,__42-[NETClientConnection evaluateCrazyIvan46]_block_invoke CI46 - Hit by torpedo! QQ.10018 tc24451 117.144.244.33:443,E224,<*>[NETClientConnection evaluateCrazyIvan46]_block_invoke <*> - Hit by torpedo! <*> <*> <*>,1,__42-[netclientconnection <id> ]_block_invoke ci46 - hit by torpedo! <id> tc24451 <ip>,1,Mac_C0001363,1,1,__ 42-[netclientconnection <id>] _block_invoke ci 46-hit by torpedo! <id> tc 24451 <ip>,1,1,frequency_representative
81330,-[NETClientConnection evaluateCrazyIvan46] CI46 - Perform CrazyIvan46! QQ.10018 tc24759 119.81.102.227:80,E468,-[NETClientConnection <*>] <*> - Perform <*>! <*> <*> <*>,1,-[netclientconnection <id> ] ci46 - perform <id> ! <id> tc24759 <ip>,1,Mac_C0001364,1,1,- [netclientconnection <id>] ci 46-perform <id>! <id> tc 24759 <ip>,1,1,frequency_representative
81331,__42-[NETClientConnection evaluateCrazyIvan46]_block_invoke CI46 - Hit by torpedo! QQ.10018 tc24759 119.81.102.227:80,E224,<*>[NETClientConnection evaluateCrazyIvan46]_block_invoke <*> - Hit by torpedo! <*> <*> <*>,1,__42-[netclientconnection <id> ]_block_invoke ci46 - hit by torpedo! <id> tc24759 <ip>,1,Mac_C0001365,1,1,__ 42-[netclientconnection <id>] _block_invoke ci 46-hit by torpedo! <id> tc 24759 <ip>,1,1,frequency_representative
81333,-[NETClientConnection evaluateCrazyIvan46] CI46 - Perform CrazyIvan46! QQ.10018 tc24760 123.151.10.184:80,E468,-[NETClientConnection <*>] <*> - Perform <*>! <*> <*> <*>,1,-[netclientconnection <id> ] ci46 - perform <id> ! <id> tc24760 <ip>,1,Mac_C0001366,1,1,- [netclientconnection <id>] ci 46-perform <id>! <id> tc 24760 <ip>,1,1,frequency_representative
81334,__42-[NETClientConnection evaluateCrazyIvan46]_block_invoke CI46 - Hit by torpedo! QQ.10018 tc24760 123.151.10.184:80,E224,<*>[NETClientConnection evaluateCrazyIvan46]_block_invoke <*> - Hit by torpedo! <*> <*> <*>,1,__42-[netclientconnection <id> ]_block_invoke ci46 - hit by torpedo! <id> tc24760 <ip>,1,Mac_C0001367,1,1,__ 42-[netclientconnection <id>] _block_invoke ci 46-hit by torpedo! <id> tc 24760 <ip>,1,1,frequency_representative
81336,-[NETClientConnection evaluateCrazyIvan46] CI46 - Perform CrazyIvan46! QQ.10018 tc24761 203.205.147.206:8080,E468,-[NETClientConnection <*>] <*> - Perform <*>! <*> <*> <*>,1,-[netclientconnection <id> ] ci46 - perform <id> ! <id> tc24761 <ip>,1,Mac_C0001368,1,1,- [netclientconnection <id>] ci 46-perform <id>! <id> tc 24761 <ip>,1,1,frequency_representative
81337,__42-[NETClientConnection evaluateCrazyIvan46]_block_invoke CI46 - Hit by torpedo! QQ.10018 tc24761 203.205.147.206:8080,E224,<*>[NETClientConnection evaluateCrazyIvan46]_block_invoke <*> - Hit by torpedo! <*> <*> <*>,1,__42-[netclientconnection <id> ]_block_invoke ci46 - hit by torpedo! <id> tc24761 <ip>,1,Mac_C0001369,1,1,__ 42-[netclientconnection <id>] _block_invoke ci 46-hit by torpedo! <id> tc 24761 <ip>,1,1,frequency_representative
81339,-[NETClientConnection evaluateCrazyIvan46] CI46 - Perform CrazyIvan46! QQ.10018 tc24762 183.36.108.140:80,E468,-[NETClientConnection <*>] <*> - Perform <*>! <*> <*> <*>,1,-[netclientconnection <id> ] ci46 - perform <id> ! <id> tc24762 <ip>,1,Mac_C0001370,1,1,- [netclientconnection <id>] ci 46-perform <id>! <id> tc 24762 <ip>,1,1,frequency_representative
81340,__42-[NETClientConnection evaluateCrazyIvan46]_block_invoke CI46 - Hit by torpedo! QQ.10018 tc24762 183.36.108.140:80,E224,<*>[NETClientConnection evaluateCrazyIvan46]_block_invoke <*> - Hit by torpedo! <*> <*> <*>,1,__42-[netclientconnection <id> ]_block_invoke ci46 - hit by torpedo! <id> tc24762 <ip>,1,Mac_C0001371,1,1,__ 42-[netclientconnection <id>] _block_invoke ci 46-hit by torpedo! <id> tc 24762 <ip>,1,1,frequency_representative
81342,-[NETClientConnection evaluateCrazyIvan46] CI46 - Perform CrazyIvan46! QQ.10018 tc24763 125.39.133.139:14000,E468,-[NETClientConnection <*>] <*> - Perform <*>! <*> <*> <*>,1,-[netclientconnection <id> ] ci46 - perform <id> ! <id> tc24763 <ip>,1,Mac_C0001372,1,1,- [netclientconnection <id>] ci 46-perform <id>! <id> tc 24763 <ip>,1,1,frequency_representative
81343,__42-[NETClientConnection evaluateCrazyIvan46]_block_invoke CI46 - Hit by torpedo! QQ.10018 tc24763 125.39.133.139:14000,E224,<*>[NETClientConnection evaluateCrazyIvan46]_block_invoke <*> - Hit by torpedo! <*> <*> <*>,1,__42-[netclientconnection <id> ]_block_invoke ci46 - hit by torpedo! <id> tc24763 <ip>,1,Mac_C0001373,1,1,__ 42-[netclientconnection <id>] _block_invoke ci 46-hit by torpedo! <id> tc 24763 <ip>,1,1,frequency_representative
81345,-[NETClientConnection evaluateCrazyIvan46] CI46 - Perform CrazyIvan46! QQ.10018 tc24764 121.51.36.148:443,E468,-[NETClientConnection <*>] <*> - Perform <*>! <*> <*> <*>,1,-[netclientconnection <id> ] ci46 - perform <id> ! <id> tc24764 <ip>,1,Mac_C0001374,1,1,- [netclientconnection <id>] ci 46-perform <id>! <id> tc 24764 <ip>,1,1,frequency_representative
81346,__42-[NETClientConnection evaluateCrazyIvan46]_block_invoke CI46 - Hit by torpedo! QQ.10018 tc24764 121.51.36.148:443,E224,<*>[NETClientConnection evaluateCrazyIvan46]_block_invoke <*> - Hit by torpedo! <*> <*> <*>,1,__42-[netclientconnection <id> ]_block_invoke ci46 - hit by torpedo! <id> tc24764 <ip>,1,Mac_C0001375,1,1,__ 42-[netclientconnection <id>] _block_invoke ci 46-hit by torpedo! <id> tc 24764 <ip>,1,1,frequency_representative
81348,-[NETClientConnection evaluateCrazyIvan46] CI46 - Perform CrazyIvan46! QQ.10018 tc24767 123.151.139.59:80,E468,-[NETClientConnection <*>] <*> - Perform <*>! <*> <*> <*>,1,-[netclientconnection <id> ] ci46 - perform <id> ! <id> tc24767 <ip>,1,Mac_C0001376,1,1,- [netclientconnection <id>] ci 46-perform <id>! <id> tc 24767 <ip>,1,1,frequency_representative
81349,__42-[NETClientConnection evaluateCrazyIvan46]_block_invoke CI46 - Hit by torpedo! QQ.10018 tc24767 123.151.139.59:80,E224,<*>[NETClientConnection evaluateCrazyIvan46]_block_invoke <*> - Hit by torpedo! <*> <*> <*>,1,__42-[netclientconnection <id> ]_block_invoke ci46 - hit by torpedo! <id> tc24767 <ip>,1,Mac_C0001377,1,1,__ 42-[netclientconnection <id>] _block_invoke ci 46-hit by torpedo! <id> tc 24767 <ip>,1,1,frequency_representative
81351,-[NETClientConnection evaluateCrazyIvan46] CI46 - Perform CrazyIvan46! QQ.10018 tc24768 203.205.147.247:80,E468,-[NETClientConnection <*>] <*> - Perform <*>! <*> <*> <*>,1,-[netclientconnection <id> ] ci46 - perform <id> ! <id> tc24768 <ip>,1,Mac_C0001378,1,1,- [netclientconnection <id>] ci 46-perform <id>! <id> tc 24768 <ip>,1,1,frequency_representative
81352,__42-[NETClientConnection evaluateCrazyIvan46]_block_invoke CI46 - Hit by torpedo! QQ.10018 tc24768 203.205.147.247:80,E224,<*>[NETClientConnection evaluateCrazyIvan46]_block_invoke <*> - Hit by torpedo! <*> <*> <*>,1,__42-[netclientconnection <id> ]_block_invoke ci46 - hit by torpedo! <id> tc24768 <ip>,1,Mac_C0001379,1,1,__ 42-[netclientconnection <id>] _block_invoke ci 46-hit by torpedo! <id> tc 24768 <ip>,1,1,frequency_representative
81354,-[NETClientConnection evaluateCrazyIvan46] CI46 - Perform CrazyIvan46! QQ.10018 tc24769 183.36.108.143:80,E468,-[NETClientConnection <*>] <*> - Perform <*>! <*> <*> <*>,1,-[netclientconnection <id> ] ci46 - perform <id> ! <id> tc24769 <ip>,1,Mac_C0001380,1,1,- [netclientconnection <id>] ci 46-perform <id>! <id> tc 24769 <ip>,1,1,frequency_representative
81355,__42-[NETClientConnection evaluateCrazyIvan46]_block_invoke CI46 - Hit by torpedo! QQ.10018 tc24769 183.36.108.143:80,E224,<*>[NETClientConnection evaluateCrazyIvan46]_block_invoke <*> - Hit by torpedo! <*> <*> <*>,1,__42-[netclientconnection <id> ]_block_invoke ci46 - hit by torpedo! <id> tc24769 <ip>,1,Mac_C0001381,1,1,__ 42-[netclientconnection <id>] _block_invoke ci 46-hit by torpedo! <id> tc 24769 <ip>,1,1,frequency_representative
81357,-[NETClientConnection evaluateCrazyIvan46] CI46 - Perform CrazyIvan46! QQ.10018 tc24770 125.39.247.148:80,E468,-[NETClientConnection <*>] <*> - Perform <*>! <*> <*> <*>,1,-[netclientconnection <id> ] ci46 - perform <id> ! <id> tc24770 <ip>,1,Mac_C0001382,1,1,- [netclientconnection <id>] ci 46-perform <id>! <id> tc 24770 <ip>,1,1,frequency_representative
81358,__42-[NETClientConnection evaluateCrazyIvan46]_block_invoke CI46 - Hit by torpedo! QQ.10018 tc24770 125.39.247.148:80,E224,<*>[NETClientConnection evaluateCrazyIvan46]_block_invoke <*> - Hit by torpedo! <*> <*> <*>,1,__42-[netclientconnection <id> ]_block_invoke ci46 - hit by torpedo! <id> tc24770 <ip>,1,Mac_C0001383,1,1,__ 42-[netclientconnection <id>] _block_invoke ci 46-hit by torpedo! <id> tc 24770 <ip>,1,1,frequency_representative
81360,-[NETClientConnection evaluateCrazyIvan46] CI46 - Perform CrazyIvan46! QQ.10018 tc24771 117.135.169.110:80,E468,-[NETClientConnection <*>] <*> - Perform <*>! <*> <*> <*>,1,-[netclientconnection <id> ] ci46 - perform <id> ! <id> tc24771 <ip>,1,Mac_C0001384,1,1,- [netclientconnection <id>] ci 46-perform <id>! <id> tc 24771 <ip>,1,1,frequency_representative
81361,__42-[NETClientConnection evaluateCrazyIvan46]_block_invoke CI46 - Hit by torpedo! QQ.10018 tc24771 117.135.169.110:80,E224,<*>[NETClientConnection evaluateCrazyIvan46]_block_invoke <*> - Hit by torpedo! <*> <*> <*>,1,__42-[netclientconnection <id> ]_block_invoke ci46 - hit by torpedo! <id> tc24771 <ip>,1,Mac_C0001385,1,1,__ 42-[netclientconnection <id>] _block_invoke ci 46-hit by torpedo! <id> tc 24771 <ip>,1,1,frequency_representative
81434,-[NETClientConnection evaluateCrazyIvan46] CI46 - Perform CrazyIvan46! NeteaseMusic.17988 tc11837 103.251.128.144:80,E468,-[NETClientConnection <*>] <*> - Perform <*>! <*> <*> <*>,1,-[netclientconnection <id> ] ci46 - perform <id> ! <id> tc11837 <ip>,1,Mac_C0001386,1,1,- [netclientconnection <id>] ci 46-perform <id>! <id> tc 11837 <ip>,1,1,frequency_representative
81435,-[NETClientConnection evaluateCrazyIvan46] CI46 - Perform CrazyIvan46! QQ.10018 tc24777 119.81.102.227:80,E468,-[NETClientConnection <*>] <*> - Perform <*>! <*> <*> <*>,1,-[netclientconnection <id> ] ci46 - perform <id> ! <id> tc24777 <ip>,1,Mac_C0001387,1,1,- [netclientconnection <id>] ci 46-perform <id>! <id> tc 24777 <ip>,1,1,frequency_representative
81439,__42-[NETClientConnection evaluateCrazyIvan46]_block_invoke CI46 - Hit by torpedo! NeteaseMusic.17988 tc11837 103.251.128.144:80,E224,<*>[NETClientConnection evaluateCrazyIvan46]_block_invoke <*> - Hit by torpedo! <*> <*> <*>,1,__42-[netclientconnection <id> ]_block_invoke ci46 - hit by torpedo! <id> tc11837 <ip>,1,Mac_C0001388,1,1,__ 42-[netclientconnection <id>] _block_invoke ci 46-hit by torpedo! <id> tc 11837 <ip>,1,1,frequency_representative
81440,__42-[NETClientConnection evaluateCrazyIvan46]_block_invoke CI46 - Hit by torpedo! QQ.10018 tc24777 119.81.102.227:80,E224,<*>[NETClientConnection evaluateCrazyIvan46]_block_invoke <*> - Hit by torpedo! <*> <*> <*>,1,__42-[netclientconnection <id> ]_block_invoke ci46 - hit by torpedo! <id> tc24777 <ip>,1,Mac_C0001389,1,1,__ 42-[netclientconnection <id>] _block_invoke ci 46-hit by torpedo! <id> tc 24777 <ip>,1,1,frequency_representative
81444,-[NETClientConnection evaluateCrazyIvan46] CI46 - Perform CrazyIvan46! QQ.10018 tc24778 123.151.137.101:80,E468,-[NETClientConnection <*>] <*> - Perform <*>! <*> <*> <*>,1,-[netclientconnection <id> ] ci46 - perform <id> ! <id> tc24778 <ip>,1,Mac_C0001390,1,1,- [netclientconnection <id>] ci 46-perform <id>! <id> tc 24778 <ip>,1,1,frequency_representative
81445,__42-[NETClientConnection evaluateCrazyIvan46]_block_invoke CI46 - Hit by torpedo! QQ.10018 tc24778 123.151.137.101:80,E224,<*>[NETClientConnection evaluateCrazyIvan46]_block_invoke <*> - Hit by torpedo! <*> <*> <*>,1,__42-[netclientconnection <id> ]_block_invoke ci46 - hit by torpedo! <id> tc24778 <ip>,1,Mac_C0001391,1,1,__ 42-[netclientconnection <id>] _block_invoke ci 46-hit by torpedo! <id> tc 24778 <ip>,1,1,frequency_representative
84362,-[NETClientConnection evaluateCrazyIvan46] CI46 - Perform CrazyIvan46! QQ.10018 tc24874 119.81.102.227:80,E468,-[NETClientConnection <*>] <*> - Perform <*>! <*> <*> <*>,1,-[netclientconnection <id> ] ci46 - perform <id> ! <id> tc24874 <ip>,1,Mac_C0001392,1,1,- [netclientconnection <id>] ci 46-perform <id>! <id> tc 24874 <ip>,1,1,frequency_representative
84363,__42-[NETClientConnection evaluateCrazyIvan46]_block_invoke CI46 - Hit by torpedo! QQ.10018 tc24874 119.81.102.227:80,E224,<*>[NETClientConnection evaluateCrazyIvan46]_block_invoke <*> - Hit by torpedo! <*> <*> <*>,1,__42-[netclientconnection <id> ]_block_invoke ci46 - hit by torpedo! <id> tc24874 <ip>,1,Mac_C0001393,1,1,__ 42-[netclientconnection <id>] _block_invoke ci 46-hit by torpedo! <id> tc 24874 <ip>,1,1,frequency_representative
84429,-[NETClientConnection evaluateCrazyIvan46] CI46 - Perform CrazyIvan46! NeteaseMusic.17988 tc11873 103.251.128.144:80,E468,-[NETClientConnection <*>] <*> - Perform <*>! <*> <*> <*>,1,-[netclientconnection <id> ] ci46 - perform <id> ! <id> tc11873 <ip>,1,Mac_C0001394,1,1,- [netclientconnection <id>] ci 46-perform <id>! <id> tc 11873 <ip>,1,1,frequency_representative
84431,__42-[NETClientConnection evaluateCrazyIvan46]_block_invoke CI46 - Hit by torpedo! NeteaseMusic.17988 tc11873 103.251.128.144:80,E224,<*>[NETClientConnection evaluateCrazyIvan46]_block_invoke <*> - Hit by torpedo! <*> <*> <*>,1,__42-[netclientconnection <id> ]_block_invoke ci46 - hit by torpedo! <id> tc11873 <ip>,1,Mac_C0001395,1,1,__ 42-[netclientconnection <id>] _block_invoke ci 46-hit by torpedo! <id> tc 11873 <ip>,1,1,frequency_representative
84819,-[NETClientConnection evaluateCrazyIvan46] CI46 - Perform CrazyIvan46! QQ.10018 tc24885 119.81.102.227:80,E468,-[NETClientConnection <*>] <*> - Perform <*>! <*> <*> <*>,1,-[netclientconnection <id> ] ci46 - perform <id> ! <id> tc24885 <ip>,1,Mac_C0001396,1,1,- [netclientconnection <id>] ci 46-perform <id>! <id> tc 24885 <ip>,1,1,frequency_representative
84837,__42-[NETClientConnection evaluateCrazyIvan46]_block_invoke CI46 - Hit by torpedo! QQ.10018 tc24885 119.81.102.227:80,E224,<*>[NETClientConnection evaluateCrazyIvan46]_block_invoke <*> - Hit by torpedo! <*> <*> <*>,1,__42-[netclientconnection <id> ]_block_invoke ci46 - hit by torpedo! <id> tc24885 <ip>,1,Mac_C0001397,1,1,__ 42-[netclientconnection <id>] _block_invoke ci 46-hit by torpedo! <id> tc 24885 <ip>,1,1,frequency_representative
84839,-[NETClientConnection evaluateCrazyIvan46] CI46 - Perform CrazyIvan46! QQ.10018 tc24901 119.81.102.227:80,E468,-[NETClientConnection <*>] <*> - Perform <*>! <*> <*> <*>,1,-[netclientconnection <id> ] ci46 - perform <id> ! <id> tc24901 <ip>,1,Mac_C0001398,1,1,- [netclientconnection <id>] ci 46-perform <id>! <id> tc 24901 <ip>,1,1,frequency_representative
84840,__42-[NETClientConnection evaluateCrazyIvan46]_block_invoke CI46 - Hit by torpedo! QQ.10018 tc24901 119.81.102.227:80,E224,<*>[NETClientConnection evaluateCrazyIvan46]_block_invoke <*> - Hit by torpedo! <*> <*> <*>,1,__42-[netclientconnection <id> ]_block_invoke ci46 - hit by torpedo! <id> tc24901 <ip>,1,Mac_C0001399,1,1,__ 42-[netclientconnection <id>] _block_invoke ci 46-hit by torpedo! <id> tc 24901 <ip>,1,1,frequency_representative
85207,-[NETClientConnection evaluateCrazyIvan46] CI46 - Perform CrazyIvan46! QQ.10018 tc24911 119.81.102.227:80,E468,-[NETClientConnection <*>] <*> - Perform <*>! <*> <*> <*>,1,-[netclientconnection <id> ] ci46 - perform <id> ! <id> tc24911 <ip>,1,Mac_C0001400,1,1,- [netclientconnection <id>] ci 46-perform <id>! <id> tc 24911 <ip>,1,1,frequency_representative
85212,__42-[NETClientConnection evaluateCrazyIvan46]_block_invoke CI46 - Hit by torpedo! QQ.10018 tc24911 119.81.102.227:80,E224,<*>[NETClientConnection evaluateCrazyIvan46]_block_invoke <*> - Hit by torpedo! <*> <*> <*>,1,__42-[netclientconnection <id> ]_block_invoke ci46 - hit by torpedo! <id> tc24911 <ip>,1,Mac_C0001401,1,1,__ 42-[netclientconnection <id>] _block_invoke ci 46-hit by torpedo! <id> tc 24911 <ip>,1,1,frequency_representative
85518,-[NETClientConnection evaluateCrazyIvan46] CI46 - Perform CrazyIvan46! QQ.10018 tc24926 119.81.102.227:80,E468,-[NETClientConnection <*>] <*> - Perform <*>! <*> <*> <*>,1,-[netclientconnection <id> ] ci46 - perform <id> ! <id> tc24926 <ip>,1,Mac_C0001402,1,1,- [netclientconnection <id>] ci 46-perform <id>! <id> tc 24926 <ip>,1,1,frequency_representative
85525,__42-[NETClientConnection evaluateCrazyIvan46]_block_invoke CI46 - Hit by torpedo! QQ.10018 tc24926 119.81.102.227:80,E224,<*>[NETClientConnection evaluateCrazyIvan46]_block_invoke <*> - Hit by torpedo! <*> <*> <*>,1,__42-[netclientconnection <id> ]_block_invoke ci46 - hit by torpedo! <id> tc24926 <ip>,1,Mac_C0001403,1,1,__ 42-[netclientconnection <id>] _block_invoke ci 46-hit by torpedo! <id> tc 24926 <ip>,1,1,frequency_representative
85527,-[NETClientConnection evaluateCrazyIvan46] CI46 - Perform CrazyIvan46! QQ.10018 tc24930 123.151.10.189:80,E468,-[NETClientConnection <*>] <*> - Perform <*>! <*> <*> <*>,1,-[netclientconnection <id> ] ci46 - perform <id> ! <id> tc24930 <ip>,1,Mac_C0001404,1,1,- [netclientconnection <id>] ci 46-perform <id>! <id> tc 24930 <ip>,1,1,frequency_representative
85528,__42-[NETClientConnection evaluateCrazyIvan46]_block_invoke CI46 - Hit by torpedo! QQ.10018 tc24930 123.151.10.189:80,E224,<*>[NETClientConnection evaluateCrazyIvan46]_block_invoke <*> - Hit by torpedo! <*> <*> <*>,1,__42-[netclientconnection <id> ]_block_invoke ci46 - hit by torpedo! <id> tc24930 <ip>,1,Mac_C0001405,1,1,__ 42-[netclientconnection <id>] _block_invoke ci 46-hit by torpedo! <id> tc 24930 <ip>,1,1,frequency_representative
86444,realpath() returned NULL for /var/folders/zz/zyxvpxvq6csfxvn_n00000s0000068/C/com.apple.SoftwareUpdate,E562,realpath() returned <*> for <*>,3,realpath() returned null for <path>,1,Mac_C0001406,1,3,realpath () returned null for <path>,1,1,frequency_representative
86467,Could not get event name for stream/token: com.apple.xpc.activity/4505: 132: Request for stale data,E345,Could not get event name for <*>: <*>: <*>: Request for stale data,1,could not get event name for stream/token: com.apple.xpc.activity/ <num> : <num> : request for stale data,1,Mac_C0001407,1,1,could not get event name for stream/token: com. apple. xpc. activity/<num>: <num>: request for stale data,1,1,frequency_representative
86933,CoreAnimation: failed to receive fence reply: 10004003,E384,CoreAnimation: failed to receive fence reply: <*>,3,coreanimation: failed to receive fence reply: <num>,1,Mac_C0001408,2,5,coreanimation: failed to <*> fence reply: <num>,2,1,frequency_representative
86935,CoreAnimation: failed to send fence reply: 10000003,E413,CoreAnimation: failed to send fence reply: <*>,2,coreanimation: failed to send fence reply: <num>,1,Mac_C0001408,2,5,coreanimation: failed to <*> fence reply: <num>,2,2,complex_sample
86934,CoreAnimation: timed out fence 5a3ff,E509,CoreAnimation: timed out fence <*>,1,coreanimation: timed out fence 5a3ff,1,Mac_C0001409,1,1,coreanimation: timed out fence 5 a 3 ff,1,1,frequency_representative
86936,CoreAnimation: timed out fence 5acf3,E509,CoreAnimation: timed out fence <*>,1,coreanimation: timed out fence 5acf3,1,Mac_C0001410,1,1,coreanimation: timed out fence 5 acf 3,1,1,frequency_representative
86938,CoreAnimation: timed out fence 52aab,E509,CoreAnimation: timed out fence <*>,1,coreanimation: timed out fence 52aab,1,Mac_C0001411,1,1,coreanimation: timed out fence 52 aab,1,1,frequency_representative
87960,-[NETClientConnection evaluateCrazyIvan46] CI46 - Perform CrazyIvan46! NeteaseMusic.17988 tc12030 103.251.128.144:80,E468,-[NETClientConnection <*>] <*> - Perform <*>! <*> <*> <*>,1,-[netclientconnection <id> ] ci46 - perform <id> ! <id> tc12030 <ip>,1,Mac_C0001412,1,1,- [netclientconnection <id>] ci 46-perform <id>! <id> tc 12030 <ip>,1,1,frequency_representative
87961,__42-[NETClientConnection evaluateCrazyIvan46]_block_invoke CI46 - Hit by torpedo! NeteaseMusic.17988 tc12030 103.251.128.144:80,E224,<*>[NETClientConnection evaluateCrazyIvan46]_block_invoke <*> - Hit by torpedo! <*> <*> <*>,1,__42-[netclientconnection <id> ]_block_invoke ci46 - hit by torpedo! <id> tc12030 <ip>,1,Mac_C0001413,1,1,__ 42-[netclientconnection <id>] _block_invoke ci 46-hit by torpedo! <id> tc 12030 <ip>,1,1,frequency_representative
88062,-[NETClientConnection evaluateCrazyIvan46] CI46 - Perform CrazyIvan46! QQ.10018 tc25179 119.81.102.227:80,E468,-[NETClientConnection <*>] <*> - Perform <*>! <*> <*> <*>,1,-[netclientconnection <id> ] ci46 - perform <id> ! <id> tc25179 <ip>,1,Mac_C0001414,1,1,- [netclientconnection <id>] ci 46-perform <id>! <id> tc 25179 <ip>,1,1,frequency_representative
88071,__42-[NETClientConnection evaluateCrazyIvan46]_block_invoke CI46 - Hit by torpedo! QQ.10018 tc25179 119.81.102.227:80,E224,<*>[NETClientConnection evaluateCrazyIvan46]_block_invoke <*> - Hit by torpedo! <*> <*> <*>,1,__42-[netclientconnection <id> ]_block_invoke ci46 - hit by torpedo! <id> tc25179 <ip>,1,Mac_C0001415,1,1,__ 42-[netclientconnection <id>] _block_invoke ci 46-hit by torpedo! <id> tc 25179 <ip>,1,1,frequency_representative
88570,-[NETClientConnection evaluateCrazyIvan46] CI46 - Perform CrazyIvan46! NeteaseMusic.17988 tc12042 103.251.128.144:80,E468,-[NETClientConnection <*>] <*> - Perform <*>! <*> <*> <*>,1,-[netclientconnection <id> ] ci46 - perform <id> ! <id> tc12042 <ip>,1,Mac_C0001416,1,1,- [netclientconnection <id>] ci 46-perform <id>! <id> tc 12042 <ip>,1,1,frequency_representative
88579,-[NETClientConnection evaluateCrazyIvan46] CI46 - Perform CrazyIvan46! QQ.10018 tc25208 112.90.140.220:14000,E468,-[NETClientConnection <*>] <*> - Perform <*>! <*> <*> <*>,1,-[netclientconnection <id> ] ci46 - perform <id> ! <id> tc25208 <ip>,1,Mac_C0001417,1,1,- [netclientconnection <id>] ci 46-perform <id>! <id> tc 25208 <ip>,1,1,frequency_representative
88593,__42-[NETClientConnection evaluateCrazyIvan46]_block_invoke CI46 - Hit by torpedo! QQ.10018 tc25208 112.90.140.220:14000,E224,<*>[NETClientConnection evaluateCrazyIvan46]_block_invoke <*> - Hit by torpedo! <*> <*> <*>,1,__42-[netclientconnection <id> ]_block_invoke ci46 - hit by torpedo! <id> tc25208 <ip>,1,Mac_C0001418,1,1,__ 42-[netclientconnection <id>] _block_invoke ci 46-hit by torpedo! <id> tc 25208 <ip>,1,1,frequency_representative
89126,-[NETClientConnection evaluateCrazyIvan46] CI46 - Perform CrazyIvan46! QQ.10018 tc25223 119.81.102.227:80,E468,-[NETClientConnection <*>] <*> - Perform <*>! <*> <*> <*>,1,-[netclientconnection <id> ] ci46 - perform <id> ! <id> tc25223 <ip>,1,Mac_C0001419,1,1,- [netclientconnection <id>] ci 46-perform <id>! <id> tc 25223 <ip>,1,1,frequency_representative
89127,__42-[NETClientConnection evaluateCrazyIvan46]_block_invoke CI46 - Hit by torpedo! QQ.10018 tc25223 119.81.102.227:80,E224,<*>[NETClientConnection evaluateCrazyIvan46]_block_invoke <*> - Hit by torpedo! <*> <*> <*>,1,__42-[netclientconnection <id> ]_block_invoke ci46 - hit by torpedo! <id> tc25223 <ip>,1,Mac_C0001420,1,1,__ 42-[netclientconnection <id>] _block_invoke ci 46-hit by torpedo! <id> tc 25223 <ip>,1,1,frequency_representative
89248,-[NETClientConnection evaluateCrazyIvan46] CI46 - Perform CrazyIvan46! NeteaseMusic.17988 tc12061 103.251.128.144:80,E468,-[NETClientConnection <*>] <*> - Perform <*>! <*> <*> <*>,1,-[netclientconnection <id> ] ci46 - perform <id> ! <id> tc12061 <ip>,1,Mac_C0001421,1,1,- [netclientconnection <id>] ci 46-perform <id>! <id> tc 12061 <ip>,1,1,frequency_representative
89278,__42-[NETClientConnection evaluateCrazyIvan46]_block_invoke CI46 - Hit by torpedo! NeteaseMusic.17988 tc12061 103.251.128.144:80,E224,<*>[NETClientConnection evaluateCrazyIvan46]_block_invoke <*> - Hit by torpedo! <*> <*> <*>,1,__42-[netclientconnection <id> ]_block_invoke ci46 - hit by torpedo! <id> tc12061 <ip>,1,Mac_C0001422,1,1,__ 42-[netclientconnection <id>] _block_invoke ci 46-hit by torpedo! <id> tc 12061 <ip>,1,1,frequency_representative
89699,-[NETClientConnection evaluateCrazyIvan46] CI46 - Perform CrazyIvan46! NeteaseMusic.17988 tc12071 103.251.128.144:80,E468,-[NETClientConnection <*>] <*> - Perform <*>! <*> <*> <*>,1,-[netclientconnection <id> ] ci46 - perform <id> ! <id> tc12071 <ip>,1,Mac_C0001423,1,1,- [netclientconnection <id>] ci 46-perform <id>! <id> tc 12071 <ip>,1,1,frequency_representative
89701,__42-[NETClientConnection evaluateCrazyIvan46]_block_invoke CI46 - Hit by torpedo! NeteaseMusic.17988 tc12071 103.251.128.144:80,E224,<*>[NETClientConnection evaluateCrazyIvan46]_block_invoke <*> - Hit by torpedo! <*> <*> <*>,1,__42-[netclientconnection <id> ]_block_invoke ci46 - hit by torpedo! <id> tc12071 <ip>,1,Mac_C0001424,1,1,__ 42-[netclientconnection <id>] _block_invoke ci 46-hit by torpedo! <id> tc 12071 <ip>,1,1,frequency_representative
89805,-[NETClientConnection evaluateCrazyIvan46] CI46 - Perform CrazyIvan46! QQ.10018 tc25266 119.81.102.227:80,E468,-[NETClientConnection <*>] <*> - Perform <*>! <*> <*> <*>,1,-[netclientconnection <id> ] ci46 - perform <id> ! <id> tc25266 <ip>,1,Mac_C0001425,1,1,- [netclientconnection <id>] ci 46-perform <id>! <id> tc 25266 <ip>,1,1,frequency_representative
89806,__42-[NETClientConnection evaluateCrazyIvan46]_block_invoke CI46 - Hit by torpedo! QQ.10018 tc25266 119.81.102.227:80,E224,<*>[NETClientConnection evaluateCrazyIvan46]_block_invoke <*> - Hit by torpedo! <*> <*> <*>,1,__42-[netclientconnection <id> ]_block_invoke ci46 - hit by torpedo! <id> tc25266 <ip>,1,Mac_C0001426,1,1,__ 42-[netclientconnection <id>] _block_invoke ci 46-hit by torpedo! <id> tc 25266 <ip>,1,1,frequency_representative
89920,-[NETClientConnection evaluateCrazyIvan46] CI46 - Perform CrazyIvan46! NeteaseMusic.17988 tc12090 103.251.128.144:80,E468,-[NETClientConnection <*>] <*> - Perform <*>! <*> <*> <*>,1,-[netclientconnection <id> ] ci46 - perform <id> ! <id> tc12090 <ip>,1,Mac_C0001427,1,1,- [netclientconnection <id>] ci 46-perform <id>! <id> tc 12090 <ip>,1,1,frequency_representative
89930,__42-[NETClientConnection evaluateCrazyIvan46]_block_invoke CI46 - Hit by torpedo! NeteaseMusic.17988 tc12090 103.251.128.144:80,E224,<*>[NETClientConnection evaluateCrazyIvan46]_block_invoke <*> - Hit by torpedo! <*> <*> <*>,1,__42-[netclientconnection <id> ]_block_invoke ci46 - hit by torpedo! <id> tc12090 <ip>,1,Mac_C0001428,1,1,__ 42-[netclientconnection <id>] _block_invoke ci 46-hit by torpedo! <id> tc 12090 <ip>,1,1,frequency_representative
90470,"(UID 501) Found 7 plugin types, 47 plugins",E491,"(UID <*>) Found <*> plugin types, <*> plugins",1,"(uid <num> ) found <num> plugin types, <num> plugins",1,Mac_C0001429,1,1,"(uid <num>) found <num> plugin types, <num> plugins",1,1,frequency_representative
90607,-[NETClientConnection evaluateCrazyIvan46] CI46 - Perform CrazyIvan46! QQ.10018 tc25335 119.81.102.227:80,E468,-[NETClientConnection <*>] <*> - Perform <*>! <*> <*> <*>,1,-[netclientconnection <id> ] ci46 - perform <id> ! <id> tc25335 <ip>,1,Mac_C0001430,1,1,- [netclientconnection <id>] ci 46-perform <id>! <id> tc 25335 <ip>,1,1,frequency_representative
90609,__42-[NETClientConnection evaluateCrazyIvan46]_block_invoke CI46 - Hit by torpedo! QQ.10018 tc25335 119.81.102.227:80,E224,<*>[NETClientConnection evaluateCrazyIvan46]_block_invoke <*> - Hit by torpedo! <*> <*> <*>,1,__42-[netclientconnection <id> ]_block_invoke ci46 - hit by torpedo! <id> tc25335 <ip>,1,Mac_C0001431,1,1,__ 42-[netclientconnection <id>] _block_invoke ci 46-hit by torpedo! <id> tc 25335 <ip>,1,1,frequency_representative
90616,-[NETClientConnection evaluateCrazyIvan46] CI46 - Perform CrazyIvan46! QQ.10018 tc25338 123.151.10.190:80,E468,-[NETClientConnection <*>] <*> - Perform <*>! <*> <*> <*>,1,-[netclientconnection <id> ] ci46 - perform <id> ! <id> tc25338 <ip>,1,Mac_C0001432,1,1,- [netclientconnection <id>] ci 46-perform <id>! <id> tc 25338 <ip>,1,1,frequency_representative
90617,__42-[NETClientConnection evaluateCrazyIvan46]_block_invoke CI46 - Hit by torpedo! QQ.10018 tc25338 123.151.10.190:80,E224,<*>[NETClientConnection evaluateCrazyIvan46]_block_invoke <*> - Hit by torpedo! <*> <*> <*>,1,__42-[netclientconnection <id> ]_block_invoke ci46 - hit by torpedo! <id> tc25338 <ip>,1,Mac_C0001433,1,1,__ 42-[netclientconnection <id>] _block_invoke ci 46-hit by torpedo! <id> tc 25338 <ip>,1,1,frequency_representative
90619,-[NETClientConnection evaluateCrazyIvan46] CI46 - Perform CrazyIvan46! QQ.10018 tc25339 203.205.147.206:8080,E468,-[NETClientConnection <*>] <*> - Perform <*>! <*> <*> <*>,1,-[netclientconnection <id> ] ci46 - perform <id> ! <id> tc25339 <ip>,1,Mac_C0001434,1,1,- [netclientconnection <id>] ci 46-perform <id>! <id> tc 25339 <ip>,1,1,frequency_representative
90620,__42-[NETClientConnection evaluateCrazyIvan46]_block_invoke CI46 - Hit by torpedo! QQ.10018 tc25339 203.205.147.206:8080,E224,<*>[NETClientConnection evaluateCrazyIvan46]_block_invoke <*> - Hit by torpedo! <*> <*> <*>,1,__42-[netclientconnection <id> ]_block_invoke ci46 - hit by torpedo! <id> tc25339 <ip>,1,Mac_C0001435,1,1,__ 42-[netclientconnection <id>] _block_invoke ci 46-hit by torpedo! <id> tc 25339 <ip>,1,1,frequency_representative
90622,-[NETClientConnection evaluateCrazyIvan46] CI46 - Perform CrazyIvan46! QQ.10018 tc25340 14.215.138.110:80,E468,-[NETClientConnection <*>] <*> - Perform <*>! <*> <*> <*>,1,-[netclientconnection <id> ] ci46 - perform <id> ! <id> tc25340 <ip>,1,Mac_C0001436,1,1,- [netclientconnection <id>] ci 46-perform <id>! <id> tc 25340 <ip>,1,1,frequency_representative
90623,__42-[NETClientConnection evaluateCrazyIvan46]_block_invoke CI46 - Hit by torpedo! QQ.10018 tc25340 14.215.138.110:80,E224,<*>[NETClientConnection evaluateCrazyIvan46]_block_invoke <*> - Hit by torpedo! <*> <*> <*>,1,__42-[netclientconnection <id> ]_block_invoke ci46 - hit by torpedo! <id> tc25340 <ip>,1,Mac_C0001437,1,1,__ 42-[netclientconnection <id>] _block_invoke ci 46-hit by torpedo! <id> tc 25340 <ip>,1,1,frequency_representative
90625,-[NETClientConnection evaluateCrazyIvan46] CI46 - Perform CrazyIvan46! QQ.10018 tc25341 125.39.247.159:14000,E468,-[NETClientConnection <*>] <*> - Perform <*>! <*> <*> <*>,1,-[netclientconnection <id> ] ci46 - perform <id> ! <id> tc25341 <ip>,1,Mac_C0001438,1,1,- [netclientconnection <id>] ci 46-perform <id>! <id> tc 25341 <ip>,1,1,frequency_representative
90626,__42-[NETClientConnection evaluateCrazyIvan46]_block_invoke CI46 - Hit by torpedo! QQ.10018 tc25341 125.39.247.159:14000,E224,<*>[NETClientConnection evaluateCrazyIvan46]_block_invoke <*> - Hit by torpedo! <*> <*> <*>,1,__42-[netclientconnection <id> ]_block_invoke ci46 - hit by torpedo! <id> tc25341 <ip>,1,Mac_C0001439,1,1,__ 42-[netclientconnection <id>] _block_invoke ci 46-hit by torpedo! <id> tc 25341 <ip>,1,1,frequency_representative
90628,-[NETClientConnection evaluateCrazyIvan46] CI46 - Perform CrazyIvan46! QQ.10018 tc25342 121.51.36.142:443,E468,-[NETClientConnection <*>] <*> - Perform <*>! <*> <*> <*>,1,-[netclientconnection <id> ] ci46 - perform <id> ! <id> tc25342 <ip>,1,Mac_C0001440,1,1,- [netclientconnection <id>] ci 46-perform <id>! <id> tc 25342 <ip>,1,1,frequency_representative
90629,__42-[NETClientConnection evaluateCrazyIvan46]_block_invoke CI46 - Hit by torpedo! QQ.10018 tc25342 121.51.36.142:443,E224,<*>[NETClientConnection evaluateCrazyIvan46]_block_invoke <*> - Hit by torpedo! <*> <*> <*>,1,__42-[netclientconnection <id> ]_block_invoke ci46 - hit by torpedo! <id> tc25342 <ip>,1,Mac_C0001441,1,1,__ 42-[netclientconnection <id>] _block_invoke ci 46-hit by torpedo! <id> tc 25342 <ip>,1,1,frequency_representative
90656,-[NETClientConnection evaluateCrazyIvan46] CI46 - Perform CrazyIvan46! NeteaseMusic.17988 tc12114 103.251.128.144:80,E468,-[NETClientConnection <*>] <*> - Perform <*>! <*> <*> <*>,1,-[netclientconnection <id> ] ci46 - perform <id> ! <id> tc12114 <ip>,1,Mac_C0001442,1,1,- [netclientconnection <id>] ci 46-perform <id>! <id> tc 12114 <ip>,1,1,frequency_representative
90657,-[NETClientConnection evaluateCrazyIvan46] CI46 - Perform CrazyIvan46! QQ.10018 tc25351 119.81.102.227:80,E468,-[NETClientConnection <*>] <*> - Perform <*>! <*> <*> <*>,1,-[netclientconnection <id> ] ci46 - perform <id> ! <id> tc25351 <ip>,1,Mac_C0001443,1,1,- [netclientconnection <id>] ci 46-perform <id>! <id> tc 25351 <ip>,1,1,frequency_representative
90661,-[NETClientConnection evaluateCrazyIvan46] CI46 - Perform CrazyIvan46! QQ.10018 tc25354 123.151.10.190:80,E468,-[NETClientConnection <*>] <*> - Perform <*>! <*> <*> <*>,1,-[netclientconnection <id> ] ci46 - perform <id> ! <id> tc25354 <ip>,1,Mac_C0001444,1,1,- [netclientconnection <id>] ci 46-perform <id>! <id> tc 25354 <ip>,1,1,frequency_representative
90663,__42-[NETClientConnection evaluateCrazyIvan46]_block_invoke CI46 - Hit by torpedo! NeteaseMusic.17988 tc12114 103.251.128.144:80,E224,<*>[NETClientConnection evaluateCrazyIvan46]_block_invoke <*> - Hit by torpedo! <*> <*> <*>,1,__42-[netclientconnection <id> ]_block_invoke ci46 - hit by torpedo! <id> tc12114 <ip>,1,Mac_C0001445,1,1,__ 42-[netclientconnection <id>] _block_invoke ci 46-hit by torpedo! <id> tc 12114 <ip>,1,1,frequency_representative
90664,__42-[NETClientConnection evaluateCrazyIvan46]_block_invoke CI46 - Hit by torpedo! QQ.10018 tc25354 123.151.10.190:80,E224,<*>[NETClientConnection evaluateCrazyIvan46]_block_invoke <*> - Hit by torpedo! <*> <*> <*>,1,__42-[netclientconnection <id> ]_block_invoke ci46 - hit by torpedo! <id> tc25354 <ip>,1,Mac_C0001446,1,1,__ 42-[netclientconnection <id>] _block_invoke ci 46-hit by torpedo! <id> tc 25354 <ip>,1,1,frequency_representative
90668,-[NETClientConnection evaluateCrazyIvan46] CI46 - Perform CrazyIvan46! QQ.10018 tc25355 203.205.147.206:8080,E468,-[NETClientConnection <*>] <*> - Perform <*>! <*> <*> <*>,1,-[netclientconnection <id> ] ci46 - perform <id> ! <id> tc25355 <ip>,1,Mac_C0001447,1,1,- [netclientconnection <id>] ci 46-perform <id>! <id> tc 25355 <ip>,1,1,frequency_representative
90669,__42-[NETClientConnection evaluateCrazyIvan46]_block_invoke CI46 - Hit by torpedo! QQ.10018 tc25355 203.205.147.206:8080,E224,<*>[NETClientConnection evaluateCrazyIvan46]_block_invoke <*> - Hit by torpedo! <*> <*> <*>,1,__42-[netclientconnection <id> ]_block_invoke ci46 - hit by torpedo! <id> tc25355 <ip>,1,Mac_C0001448,1,1,__ 42-[netclientconnection <id>] _block_invoke ci 46-hit by torpedo! <id> tc 25355 <ip>,1,1,frequency_representative
90768,-[NETClientConnection evaluateCrazyIvan46] CI46 - Perform CrazyIvan46! QQ.10018 tc25356 14.215.138.110:80,E468,-[NETClientConnection <*>] <*> - Perform <*>! <*> <*> <*>,1,-[netclientconnection <id> ] ci46 - perform <id> ! <id> tc25356 <ip>,1,Mac_C0001449,1,1,- [netclientconnection <id>] ci 46-perform <id>! <id> tc 25356 <ip>,1,1,frequency_representative
90769,__42-[NETClientConnection evaluateCrazyIvan46]_block_invoke CI46 - Hit by torpedo! QQ.10018 tc25356 14.215.138.110:80,E224,<*>[NETClientConnection evaluateCrazyIvan46]_block_invoke <*> - Hit by torpedo! <*> <*> <*>,1,__42-[netclientconnection <id> ]_block_invoke ci46 - hit by torpedo! <id> tc25356 <ip>,1,Mac_C0001450,1,1,__ 42-[netclientconnection <id>] _block_invoke ci 46-hit by torpedo! <id> tc 25356 <ip>,1,1,frequency_representative
90774,-[NETClientConnection evaluateCrazyIvan46] CI46 - Perform CrazyIvan46! QQ.10018 tc25358 120.198.203.168:443,E468,-[NETClientConnection <*>] <*> - Perform <*>! <*> <*> <*>,1,-[netclientconnection <id> ] ci46 - perform <id> ! <id> tc25358 <ip>,1,Mac_C0001451,1,1,- [netclientconnection <id>] ci 46-perform <id>! <id> tc 25358 <ip>,1,1,frequency_representative
90775,__42-[NETClientConnection evaluateCrazyIvan46]_block_invoke CI46 - Hit by torpedo! QQ.10018 tc25358 120.198.203.168:443,E224,<*>[NETClientConnection evaluateCrazyIvan46]_block_invoke <*> - Hit by torpedo! <*> <*> <*>,1,__42-[netclientconnection <id> ]_block_invoke ci46 - hit by torpedo! <id> tc25358 <ip>,1,Mac_C0001452,1,1,__ 42-[netclientconnection <id>] _block_invoke ci 46-hit by torpedo! <id> tc 25358 <ip>,1,1,frequency_representative
90901,-[NETClientConnection evaluateCrazyIvan46] CI46 - Perform CrazyIvan46! QQ.10018 tc25365 119.81.102.227:80,E468,-[NETClientConnection <*>] <*> - Perform <*>! <*> <*> <*>,1,-[netclientconnection <id> ] ci46 - perform <id> ! <id> tc25365 <ip>,1,Mac_C0001453,1,1,- [netclientconnection <id>] ci 46-perform <id>! <id> tc 25365 <ip>,1,1,frequency_representative
90902,__42-[NETClientConnection evaluateCrazyIvan46]_block_invoke CI46 - Hit by torpedo! QQ.10018 tc25365 119.81.102.227:80,E224,<*>[NETClientConnection evaluateCrazyIvan46]_block_invoke <*> - Hit by torpedo! <*> <*> <*>,1,__42-[netclientconnection <id> ]_block_invoke ci46 - hit by torpedo! <id> tc25365 <ip>,1,Mac_C0001454,1,1,__ 42-[netclientconnection <id>] _block_invoke ci 46-hit by torpedo! <id> tc 25365 <ip>,1,1,frequency_representative
91299,__mDNSGetRemoteMAC_block_invoke: Mach communication failed: 3 3 (os/kern) no space available,E158,__mDNSGetRemoteMAC_block_invoke: Mach communication failed: <*> <*> (os/kern) no space available,1,__mdnsgetremotemac_block_invoke: mach communication failed: <num> <num> (os/kern) no space available,1,Mac_C0001455,1,1,__mdnsgetremotemac_block_invoke: mach communication failed: <num> <num> (os/kern) no space available,1,1,frequency_representative
91791,"dynamic_cast error 2: One or more of the following type_info's has hidden visibility. They should all have public visibility. N11OfficeSpace11IDataSourceE, N3Art30NativeExecuteActionControlUserE, 22CMsoGalleryUserDefault.",E83,"dynamic_cast error <*>: One or more of the following type_info's has hidden visibility. They should all have public visibility. <*>, <*>, <*>.",1,"dynamic_cast error <num> : one or more of the following type_info's has hidden visibility. they should all have public visibility. <id> , <id> , <id> .",1,Mac_C0001456,1,1,"dynamic_cast error <num>: one or more of the following type_info ' s has hidden visibility. they should all have public visibility. <id>, <id>, <id>.",1,1,frequency_representative
91798,Sandbox: QuickLookSatelli(38418) deny(1) file-issue-extension /Users/xpc/Library/Caches/com.apple.quicklook.satellite,E307,Sandbox: QuickLookSatelli(<*>) deny(<*>) file-issue-extension <*>,2,sandbox: quicklooksatelli( <num> ) deny( <num> ) file-issue-extension <path>,1,Mac_C0001457,1,2,sandbox: quicklooksatelli (<num>) deny (<num>) file-issue-extension <path>,1,1,frequency_representative
91799,Failed to obtain sandbox extension for path=/Users/xpc/Library/Caches/com.apple.quicklook.satellite. Errno:1,E349,Failed to obtain sandbox extension for path=<*>. Errno:<*>,2,failed to obtain sandbox extension for path= <path> errno: <num>,1,Mac_C0001458,1,2,failed to obtain sandbox extension for path = <path> errno: <num>,1,1,frequency_representative
91802,__net_helper_get_connection_block_invoke_3 could not connect to networkd,E525,<*> could not connect to networkd,1,<id> could not connect to networkd,1,Mac_C0001459,1,1,<id> could not connect to networkd,1,1,frequency_representative
91803,"__nw_path_evaluator_start_helper_connection_block_invoke net_helper_path_evaluation_start callback failed, dumping backtrace:",E63,"__nw_path_evaluator_start_helper_connection_block_invoke net_helper_path_evaluation_start callback failed, dumping backtrace:",1,"__nw_path_evaluator_start_helper_connection_block_invoke net_helper_path_evaluation_start callback failed, dumping backtrace:",1,Mac_C0001460,1,1,"__nw_path_evaluator_start_helper_connection_block_invoke net_helper_path_evaluation_start callback failed, dumping backtrace:",1,1,frequency_representative
91804,"nw_path_evaluator_start_helper_connection net_helper_path_evaluation_start failed, dumping backtrace:",E107,"nw_path_evaluator_start_helper_connection net_helper_path_evaluation_start failed, dumping backtrace:",1,"nw_path_evaluator_start_helper_connection net_helper_path_evaluation_start failed, dumping backtrace:",1,Mac_C0001461,1,1,"nw_path_evaluator_start_helper_connection net_helper_path_evaluation_start failed, dumping backtrace:",1,1,frequency_representative
92066,-[NETClientConnection evaluateCrazyIvan46] CI46 - Perform CrazyIvan46! QQ.10018 tc25477 119.81.102.227:80,E468,-[NETClientConnection <*>] <*> - Perform <*>! <*> <*> <*>,1,-[netclientconnection <id> ] ci46 - perform <id> ! <id> tc25477 <ip>,1,Mac_C0001462,1,1,- [netclientconnection <id>] ci 46-perform <id>! <id> tc 25477 <ip>,1,1,frequency_representative
92073,__42-[NETClientConnection evaluateCrazyIvan46]_block_invoke CI46 - Hit by torpedo! QQ.10018 tc25477 119.81.102.227:80,E224,<*>[NETClientConnection evaluateCrazyIvan46]_block_invoke <*> - Hit by torpedo! <*> <*> <*>,1,__42-[netclientconnection <id> ]_block_invoke ci46 - hit by torpedo! <id> tc25477 <ip>,1,Mac_C0001463,1,1,__ 42-[netclientconnection <id>] _block_invoke ci 46-hit by torpedo! <id> tc 25477 <ip>,1,1,frequency_representative
92327,-[NETClientConnection evaluateCrazyIvan46] CI46 - Perform CrazyIvan46! QQ.10018 tc25484 119.81.102.227:80,E468,-[NETClientConnection <*>] <*> - Perform <*>! <*> <*> <*>,1,-[netclientconnection <id> ] ci46 - perform <id> ! <id> tc25484 <ip>,1,Mac_C0001464,1,1,- [netclientconnection <id>] ci 46-perform <id>! <id> tc 25484 <ip>,1,1,frequency_representative
92328,__42-[NETClientConnection evaluateCrazyIvan46]_block_invoke CI46 - Hit by torpedo! QQ.10018 tc25484 119.81.102.227:80,E224,<*>[NETClientConnection evaluateCrazyIvan46]_block_invoke <*> - Hit by torpedo! <*> <*> <*>,1,__42-[netclientconnection <id> ]_block_invoke ci46 - hit by torpedo! <id> tc25484 <ip>,1,Mac_C0001465,1,1,__ 42-[netclientconnection <id>] _block_invoke ci 46-hit by torpedo! <id> tc 25484 <ip>,1,1,frequency_representative
93173,-[NETClientConnection evaluateCrazyIvan46] CI46 - Perform CrazyIvan46! QQ.10018 tc25517 123.151.10.175:80,E468,-[NETClientConnection <*>] <*> - Perform <*>! <*> <*> <*>,1,-[netclientconnection <id> ] ci46 - perform <id> ! <id> tc25517 <ip>,1,Mac_C0001466,1,1,- [netclientconnection <id>] ci 46-perform <id>! <id> tc 25517 <ip>,1,1,frequency_representative
93175,__42-[NETClientConnection evaluateCrazyIvan46]_block_invoke CI46 - Hit by torpedo! QQ.10018 tc25517 123.151.10.175:80,E224,<*>[NETClientConnection evaluateCrazyIvan46]_block_invoke <*> - Hit by torpedo! <*> <*> <*>,1,__42-[netclientconnection <id> ]_block_invoke ci46 - hit by torpedo! <id> tc25517 <ip>,1,Mac_C0001467,1,1,__ 42-[netclientconnection <id>] _block_invoke ci 46-hit by torpedo! <id> tc 25517 <ip>,1,1,frequency_representative
93619,Service exited due to signal: Killed: 9,E456,Service exited due to signal: Killed: <*>,3,service exited due to signal: killed: <num>,1,Mac_C0001468,1,3,service exited due to signal: killed: <num>,1,1,frequency_representative
93744,Sandbox: com.apple.WebKit(9854) deny(1) file-read-data /private/etc/Shostasnd,E342,Sandbox: com.apple.WebKit(<*>) deny(<*>) file-read-data <*>,1,sandbox: com.apple.webkit( <num> ) deny( <num> ) file-read-data /private/etc/shostasnd,1,Mac_C0001469,1,1,sandbox: com. apple. webkit (<num>) deny (<num>) file-read-data/private/etc/shostasnd,1,1,frequency_representative
93745,box: com.apple.WebKit(9854) deny(1) file-read-data /private/etc/hosts,E538,box: <*> deny(<*>) file-read-data <*>,1,box: com.apple.webkit( <num> ) deny( <num> ) file-read-data /private/etc/hosts,1,Mac_C0001470,1,1,box: com. apple. webkit (<num>) deny (<num>) file-read-data/private/etc/hosts,1,1,frequency_representative
93777,NSAllowAppKitWeakReferences=YES,E498,NSAllowAppKitWeakReferences=<*>,2,nsallowappkitweakreferences=yes,1,Mac_C0001471,1,2,nsallowappkitweakreferences = yes,1,1,frequency_representative
93778,ApplePersistenceIgnoreState: Existing state will not be touched. New state will be written to /var/folders/nt/fvzdv1fn7n1d5bpgqb_wcfxh0000gn/T/com.microsoft.Word/com.microsoft.Word.savedState,E157,ApplePersistenceIgnoreState: Existing state will not be touched. New state will be written to <*>,2,applepersistenceignorestate: existing state will not be touched. new state will be written to <path>,1,Mac_C0001472,1,2,applepersistenceignorestate: existing state will not be touched. new state will be written to <path>,1,1,frequency_representative
93779,Unknown class DocsUINewTemplateItemBox in Interface Builder file at path /Applications/Microsoft Word.app/Contents/Frameworks/MicrosoftOffice.framework/Versions/A/Resources/FileUIKit.bundle/Contents/Resources/zh_CN.lproj/FileUINewFromTemplateView.nib.,E377,Unknown class <*> in Interface Builder file at path <*>.,2,unknown class docsuinewtemplateitembox in interface builder file at path /applications/microsoft word.app/contents/frameworks/microsoftoffice.framework/versions/a/resources/fileuikit.bundle/contents/resources/zh_cn.lproj/fileuinewfromtemplateview.nib.,1,Mac_C0001473,1,2,unknown class docsuinewtemplateitembox in interface builder file at path/applications/microsoft word. app/contents/frameworks/microsoftoffice. framework/versions/a/resources/fileuikit. bundle/contents/resources/zh_cn. lproj/fileuinewfromtemplateview. nib.,1,1,frequency_representative
93802,"*** Assertion failure in +[LUTextAccessor rangeOfTermInString:containingOffset:language:partOfSpeech:], /Library/Caches/com.apple.xbs/Sources/Lookup/Lookup-168.1/Framework/Classes/LUTextAccessor.m:407",E103,"*** Assertion failure in +[LUTextAccessor rangeOfTermInString:containingOffset:language:partOfSpeech:], <*>",1,"*** assertion failure in +[lutextaccessor rangeofterminstring:containingoffset:language:partofspeech:], <path>",1,Mac_C0001474,1,1,"* * * assertion failure in + [lutextaccessor rangeofterminstring: containingoffset: language: partofspeech:], <path>",1,1,frequency_representative
93803,Lookup: Unhandled exception 'NSInternalInconsistencyException' caught in -[LULookupDefinitionModule lookupAnimationControllerForString:range:options:originProvider:inView:],E428,Lookup: Unhandled exception <*> caught in -[<*>],1,lookup: unhandled exception 'nsinternalinconsistencyexception' caught in -[lulookupdefinitionmodule lookupanimationcontrollerforstring:range:options:originprovider:inview:],1,Mac_C0001475,1,1,lookup: unhandled exception ' nsinternalinconsistencyexception ' caught in-[lulookupdefinitionmodule lookupanimationcontrollerforstring: range: options: originprovider: inview:],1,1,frequency_representative
93804,USER_PROCESS: 38604 ttys000,E609,USER_PROCESS: <*> <*>,1,user_process: <num> ttys000,1,Mac_C0001476,1,1,user_process: <num> ttys 000,1,1,frequency_representative
94026,Metadata.framework [Error]: void _MDItemMarkAsUsedForPath(CFStringRef): was called with a NULL path,E183,Metadata.framework [Error]: void _MDItemMarkAsUsedForPath(<*>): was called with a <*> path,6,metadata.framework [error]: void _mditemmarkasusedforpath(cfstringref): was called with a null path,1,Mac_C0001477,1,6,metadata. framework [error]: void _mditemmarkasusedforpath (cfstringref): was called with a null path,1,1,frequency_representative
94072,INSTALLED:com.skype.skype.ShareExtension com.skype.skype.ShareExtension(7.55) <__NSConcreteUUID 0x7f841da1c290> 0A7D0520-B9F7-44FD-9BDA-076567784CDD /Applications/Skype.app/Contents/PlugIns/com.skype.skype.ShareExtension.appex,E477,INSTALLED:<*> <*>(<*>) <__NSConcreteUUID <*> <*> <*>,8,installed:com.skype.skype.shareextension com.skype.skype.shareextension( <num> ) <__nsconcreteuuid <hex> > <uuid> <path>,8,Mac_C0001478,8,8,installed: com. skype. skype. shareextension com. skype. skype. shareextension (<num>) < __nsconcreteuuid <hex> > <uuid> <path>,1,1,frequency_representative
94073,UNINSTALLED:com.skype.skype.ShareExtension com.skype.skype.ShareExtension(7.55) FEAA4AF3-7C39-4F77-9DA2-1EAC66B67569 /Applications/Skype.app/Contents/PlugIns/com.skype.skype.ShareExtension.appex,E604,UNINSTALLED:<*> <*>(<*>) <*> <*>,8,uninstalled:com.skype.skype.shareextension com.skype.skype.shareextension( <num> ) <uuid> <path>,8,Mac_C0001479,8,8,uninstalled: com. skype. skype. shareextension com. skype. skype. shareextension (<num>) <uuid> <path>,1,1,frequency_representative
94127,"notice USBMuxBonjourDeviceListenerCreate: LOCKDOWN_V2_BONJOUR_SERVICE_NAME is _apple-mobdev2._tcp,920a07f6",E187,notice USBMuxBonjourDeviceListenerCreate: LOCKDOWN_V2_BONJOUR_SERVICE_NAME is <*>,2,"notice usbmuxbonjourdevicelistenercreate: <id> is <id> , <id>",1,Mac_C0001480,1,2,"notice usbmuxbonjourdevicelistenercreate: <id> is <id>, <id>",1,1,frequency_representative
94128,Unknown class GPUTesselationSliderCell in Interface Builder file.,E437,Unknown class <*> in Interface Builder file.,2,unknown class gputesselationslidercell in interface builder file.,1,Mac_C0001481,1,2,unknown class gputesselationslidercell in interface builder file.,1,1,frequency_representative
94129,Mac Agent inited !!!,E588,Mac Agent inited !!!,2,mac agent inited !!!,1,Mac_C0001482,1,2,mac agent inited!!!,1,1,frequency_representative
94131,enabling pid=38743 for plug-in com.apple.dt.XCDocumenter.XCDocumenterExtension(1.0) 185BAC6A-A4CF-4BF6-8E27-4B1E2D81964C /Applications/Xcode.app/Contents/PlugIns/XCDocumenterExtension.appex,E554,enabling pid=<*> for plug-in <*>,2,enabling pid= <num> for plug-in com.apple.dt.xcdocumenter.xcdocumenterextension( <num> ) <uuid> <path>,2,Mac_C0001483,2,2,enabling pid = <num> for plug-in com. apple. dt. xcdocumenter. xcdocumenterextension (<num>) <uuid> <path>,1,1,frequency_representative
94135,"schedule invalidation <DYTransport 0x7f89e8c00520, error: lost transport connection (31)>",E238,"schedule invalidation <DYTransport <*>, error: lost transport connection (<*>)>",2,"schedule invalidation <dytransport <hex> , error: lost transport connection ( <num> )>",2,Mac_C0001484,2,2,"schedule invalidation < dytransport <hex>, error: lost transport connection (<num>) >",1,1,frequency_representative
94150,Uncommited CATransaction. Set CA_DEBUG_TRANSACTIONS=1 in environment to debug.,E205,Uncommited CATransaction. Set CA_DEBUG_TRANSACTIONS=<*> in environment to debug.,2,uncommited catransaction. set ca_debug_transactions= <num> in environment to debug.,1,Mac_C0001485,1,2,uncommited catransaction. set ca_debug_transactions = <num> in environment to debug.,1,1,frequency_representative
94175,-[MMCoreTextView(Drawing) batchDrawData:]@1058: Conversion error: some text may not be rendered,E150,-[MMCoreTextView(Drawing) batchDrawData:]@<*>: Conversion error: some text may not be rendered,2,-[mmcoretextview(drawing) batchdrawdata:]@ <num> : conversion error: some text may not be rendered,1,Mac_C0001486,1,2,- [mmcoretextview (drawing) batchdrawdata:] @ <num>: conversion error: some text may not be rendered,1,1,frequency_representative
94352,"[21:01:22.550] <<< FFR_Common >>> FigFormatReaderCreateForStreamReturningMatchingContainerLabelType: *** Could not find format reader for URL ""file:///Users/xpc/Downloads/FIG_cropper.swf"" path ""/Users/xpc/Downloads/FIG_cropper.swf"" extension ""swf"" FileType '' MIMETYPE ""(null)"" SuggFileName ""(null)"" SuggNameExtension ""(null)""",E19,"[<*>] <<< FFR_Common >>> FigFormatReaderCreateForStreamReturningMatchingContainerLabelType: *** Could not find format reader for URL <*> path <*> extension <*> FileType '' MIMETYPE ""(<*>)"" SuggFileName ""(<*>)"" SuggNameExtension ""(<*>)""",2,"[ <ip> . <num> ] <<< ffr_common >>> figformatreadercreateforstreamreturningmatchingcontainerlabeltype: *** could not find format reader for url ""file:// <path> "" path "" <path> "" extension ""swf"" filetype '' mimetype ""(null)"" suggfilename ""(null)"" suggnameextension ""(null)""",2,Mac_C0001487,2,2,"[<ip>. <num>] < < <ffr_common> > > figformatreadercreateforstreamreturningmatchingcontainerlabeltype: * * * could not find format reader for url "" file:// <path> "" path "" <path> "" extension "" swf "" filetype ' ' mimetype "" (null) "" suggfilename "" (null) "" suggnameextension "" (null) """,1,1,frequency_representative
94429,extension com.apple.dt.XcodeBuiltInExtensions -> com.apple.dt.Xcode,E615,extension <*> -> <*>,6,extension com.apple.dt.xcodebuiltinextensions -> com.apple.dt.xcode,1,Mac_C0001488,1,6,extension com. apple. dt. xcodebuiltinextensions-> com. apple. dt. xcode,1,1,frequency_representative
94430,extension com.apple.dt.XCDocumenter.XCDocumenterExtension -> com.apple.dt.Xcode,E615,extension <*> -> <*>,6,extension com.apple.dt.xcdocumenter.xcdocumenterextension -> com.apple.dt.xcode,1,Mac_C0001489,1,6,extension com. apple. dt. xcdocumenter. xcdocumenterextension-> com. apple. dt. xcode,1,1,frequency_representative
94535,SSandbandbox: ox: com.applcoe.WebKm.appit(le.WebKit(9854) 9854) deny(deny(1) 1fil) filee--rreaead-data /private/etd-c/hdata /osts,E262,SSandbandbox: ox: <*>(le.WebKit(<*>) <*>) deny(deny(<*>) <*>) filee--rreaead-data <*> <*>,1,ssandbandbox: ox: com.applcoe.webkm.appit(le.webkit( <num> ) <num> ) deny(deny( <num> ) 1fil) filee--rreaead-data /private/etd-c/hdata /osts,1,Mac_C0001490,1,1,ssandbandbox: ox: com. applcoe. webkm. appit (le. webkit (<num>) <num>) deny (deny (<num>) 1 fil) filee-- rreaead-data/private/etd-c/hdata/osts,1,1,frequency_representative
94611,CoreAnimation: timed out fence 637fb,E509,CoreAnimation: timed out fence <*>,1,coreanimation: timed out fence 637fb,1,Mac_C0001491,1,1,coreanimation: timed out fence 637 fb,1,1,frequency_representative
94627,CoreAnimation: timed out fence 5fe83,E509,CoreAnimation: timed out fence <*>,1,coreanimation: timed out fence 5fe83,1,Mac_C0001492,1,1,coreanimation: timed out fence 5 fe 83,1,1,frequency_representative
94932,"zip importer encountered an error (-1) scanning ""/Users/xpc/Library/Containers/com.netease.163music/Data/Documents/storage/Logs/music.163.bi.log.zip"".",E371,"zip importer encountered an error (<*>) scanning ""<*>"".",1,"zip importer encountered an error ( <num> ) scanning "" <path> "".",1,Mac_C0001493,1,1,"zip importer encountered an error (<num>) scanning "" <path> "".",1,1,frequency_representative
95739,-[NETClientConnection evaluateCrazyIvan46] CI46 - Perform CrazyIvan46! QQ.10018 tc25795 123.151.139.59:80,E468,-[NETClientConnection <*>] <*> - Perform <*>! <*> <*> <*>,1,-[netclientconnection <id> ] ci46 - perform <id> ! <id> tc25795 <ip>,1,Mac_C0001494,1,1,- [netclientconnection <id>] ci 46-perform <id>! <id> tc 25795 <ip>,1,1,frequency_representative
95740,__42-[NETClientConnection evaluateCrazyIvan46]_block_invoke CI46 - Hit by torpedo! QQ.10018 tc25795 123.151.139.59:80,E224,<*>[NETClientConnection evaluateCrazyIvan46]_block_invoke <*> - Hit by torpedo! <*> <*> <*>,1,__42-[netclientconnection <id> ]_block_invoke ci46 - hit by torpedo! <id> tc25795 <ip>,1,Mac_C0001495,1,1,__ 42-[netclientconnection <id>] _block_invoke ci 46-hit by torpedo! <id> tc 25795 <ip>,1,1,frequency_representative
95742,-[NETClientConnection evaluateCrazyIvan46] CI46 - Perform CrazyIvan46! QQ.10018 tc25797 203.205.147.247:80,E468,-[NETClientConnection <*>] <*> - Perform <*>! <*> <*> <*>,1,-[netclientconnection <id> ] ci46 - perform <id> ! <id> tc25797 <ip>,1,Mac_C0001496,1,1,- [netclientconnection <id>] ci 46-perform <id>! <id> tc 25797 <ip>,1,1,frequency_representative
95743,__42-[NETClientConnection evaluateCrazyIvan46]_block_invoke CI46 - Hit by torpedo! QQ.10018 tc25797 203.205.147.247:80,E224,<*>[NETClientConnection evaluateCrazyIvan46]_block_invoke <*> - Hit by torpedo! <*> <*> <*>,1,__42-[netclientconnection <id> ]_block_invoke ci46 - hit by torpedo! <id> tc25797 <ip>,1,Mac_C0001497,1,1,__ 42-[netclientconnection <id>] _block_invoke ci 46-hit by torpedo! <id> tc 25797 <ip>,1,1,frequency_representative
95745,-[NETClientConnection evaluateCrazyIvan46] CI46 - Perform CrazyIvan46! QQ.10018 tc25798 183.36.108.143:80,E468,-[NETClientConnection <*>] <*> - Perform <*>! <*> <*> <*>,1,-[netclientconnection <id> ] ci46 - perform <id> ! <id> tc25798 <ip>,1,Mac_C0001498,1,1,- [netclientconnection <id>] ci 46-perform <id>! <id> tc 25798 <ip>,1,1,frequency_representative
95746,__42-[NETClientConnection evaluateCrazyIvan46]_block_invoke CI46 - Hit by torpedo! QQ.10018 tc25798 183.36.108.143:80,E224,<*>[NETClientConnection evaluateCrazyIvan46]_block_invoke <*> - Hit by torpedo! <*> <*> <*>,1,__42-[netclientconnection <id> ]_block_invoke ci46 - hit by torpedo! <id> tc25798 <ip>,1,Mac_C0001499,1,1,__ 42-[netclientconnection <id>] _block_invoke ci 46-hit by torpedo! <id> tc 25798 <ip>,1,1,frequency_representative
95748,-[NETClientConnection evaluateCrazyIvan46] CI46 - Perform CrazyIvan46! QQ.10018 tc25799 125.39.247.148:80,E468,-[NETClientConnection <*>] <*> - Perform <*>! <*> <*> <*>,1,-[netclientconnection <id> ] ci46 - perform <id> ! <id> tc25799 <ip>,1,Mac_C0001500,1,1,- [netclientconnection <id>] ci 46-perform <id>! <id> tc 25799 <ip>,1,1,frequency_representative
95749,__42-[NETClientConnection evaluateCrazyIvan46]_block_invoke CI46 - Hit by torpedo! QQ.10018 tc25799 125.39.247.148:80,E224,<*>[NETClientConnection evaluateCrazyIvan46]_block_invoke <*> - Hit by torpedo! <*> <*> <*>,1,__42-[netclientconnection <id> ]_block_invoke ci46 - hit by torpedo! <id> tc25799 <ip>,1,Mac_C0001501,1,1,__ 42-[netclientconnection <id>] _block_invoke ci 46-hit by torpedo! <id> tc 25799 <ip>,1,1,frequency_representative
95751,-[NETClientConnection evaluateCrazyIvan46] CI46 - Perform CrazyIvan46! QQ.10018 tc25800 117.135.169.110:80,E468,-[NETClientConnection <*>] <*> - Perform <*>! <*> <*> <*>,1,-[netclientconnection <id> ] ci46 - perform <id> ! <id> tc25800 <ip>,1,Mac_C0001502,1,1,- [netclientconnection <id>] ci 46-perform <id>! <id> tc 25800 <ip>,1,1,frequency_representative
95752,__42-[NETClientConnection evaluateCrazyIvan46]_block_invoke CI46 - Hit by torpedo! QQ.10018 tc25800 117.135.169.110:80,E224,<*>[NETClientConnection evaluateCrazyIvan46]_block_invoke <*> - Hit by torpedo! <*> <*> <*>,1,__42-[netclientconnection <id> ]_block_invoke ci46 - hit by torpedo! <id> tc25800 <ip>,1,Mac_C0001503,1,1,__ 42-[netclientconnection <id>] _block_invoke ci 46-hit by torpedo! <id> tc 25800 <ip>,1,1,frequency_representative
95824,-[NETClientConnection evaluateCrazyIvan46] CI46 - Perform CrazyIvan46! NeteaseMusic.17988 tc12925 103.251.128.144:80,E468,-[NETClientConnection <*>] <*> - Perform <*>! <*> <*> <*>,1,-[netclientconnection <id> ] ci46 - perform <id> ! <id> tc12925 <ip>,1,Mac_C0001504,1,1,- [netclientconnection <id>] ci 46-perform <id>! <id> tc 12925 <ip>,1,1,frequency_representative
95826,-[NETClientConnection evaluateCrazyIvan46] CI46 - Perform CrazyIvan46! QQ.10018 tc25804 119.81.102.227:80,E468,-[NETClientConnection <*>] <*> - Perform <*>! <*> <*> <*>,1,-[netclientconnection <id> ] ci46 - perform <id> ! <id> tc25804 <ip>,1,Mac_C0001505,1,1,- [netclientconnection <id>] ci 46-perform <id>! <id> tc 25804 <ip>,1,1,frequency_representative
95828,__42-[NETClientConnection evaluateCrazyIvan46]_block_invoke CI46 - Hit by torpedo! NeteaseMusic.17988 tc12925 103.251.128.144:80,E224,<*>[NETClientConnection evaluateCrazyIvan46]_block_invoke <*> - Hit by torpedo! <*> <*> <*>,1,__42-[netclientconnection <id> ]_block_invoke ci46 - hit by torpedo! <id> tc12925 <ip>,1,Mac_C0001506,1,1,__ 42-[netclientconnection <id>] _block_invoke ci 46-hit by torpedo! <id> tc 12925 <ip>,1,1,frequency_representative
95829,__42-[NETClientConnection evaluateCrazyIvan46]_block_invoke CI46 - Hit by torpedo! QQ.10018 tc25804 119.81.102.227:80,E224,<*>[NETClientConnection evaluateCrazyIvan46]_block_invoke <*> - Hit by torpedo! <*> <*> <*>,1,__42-[netclientconnection <id> ]_block_invoke ci46 - hit by torpedo! <id> tc25804 <ip>,1,Mac_C0001507,1,1,__ 42-[netclientconnection <id>] _block_invoke ci 46-hit by torpedo! <id> tc 25804 <ip>,1,1,frequency_representative
95832,-[NETClientConnection evaluateCrazyIvan46] CI46 - Perform CrazyIvan46! QQ.10018 tc25805 123.151.137.106:80,E468,-[NETClientConnection <*>] <*> - Perform <*>! <*> <*> <*>,1,-[netclientconnection <id> ] ci46 - perform <id> ! <id> tc25805 <ip>,1,Mac_C0001508,1,1,- [netclientconnection <id>] ci 46-perform <id>! <id> tc 25805 <ip>,1,1,frequency_representative
95833,__42-[NETClientConnection evaluateCrazyIvan46]_block_invoke CI46 - Hit by torpedo! QQ.10018 tc25805 123.151.137.106:80,E224,<*>[NETClientConnection evaluateCrazyIvan46]_block_invoke <*> - Hit by torpedo! <*> <*> <*>,1,__42-[netclientconnection <id> ]_block_invoke ci46 - hit by torpedo! <id> tc25805 <ip>,1,Mac_C0001509,1,1,__ 42-[netclientconnection <id>] _block_invoke ci 46-hit by torpedo! <id> tc 25805 <ip>,1,1,frequency_representative
96279,-[NETClientConnection evaluateCrazyIvan46] CI46 - Perform CrazyIvan46! NeteaseMusic.17988 tc12935 103.251.128.144:80,E468,-[NETClientConnection <*>] <*> - Perform <*>! <*> <*> <*>,1,-[netclientconnection <id> ] ci46 - perform <id> ! <id> tc12935 <ip>,1,Mac_C0001510,1,1,- [netclientconnection <id>] ci 46-perform <id>! <id> tc 12935 <ip>,1,1,frequency_representative
96280,-[NETClientConnection evaluateCrazyIvan46] CI46 - Perform CrazyIvan46! QQ.10018 tc25840 119.81.102.227:80,E468,-[NETClientConnection <*>] <*> - Perform <*>! <*> <*> <*>,1,-[netclientconnection <id> ] ci46 - perform <id> ! <id> tc25840 <ip>,1,Mac_C0001511,1,1,- [netclientconnection <id>] ci 46-perform <id>! <id> tc 25840 <ip>,1,1,frequency_representative
96283,__42-[NETClientConnection evaluateCrazyIvan46]_block_invoke CI46 - Hit by torpedo! NeteaseMusic.17988 tc12935 103.251.128.144:80,E224,<*>[NETClientConnection evaluateCrazyIvan46]_block_invoke <*> - Hit by torpedo! <*> <*> <*>,1,__42-[netclientconnection <id> ]_block_invoke ci46 - hit by torpedo! <id> tc12935 <ip>,1,Mac_C0001512,1,1,__ 42-[netclientconnection <id>] _block_invoke ci 46-hit by torpedo! <id> tc 12935 <ip>,1,1,frequency_representative
96284,__42-[NETClientConnection evaluateCrazyIvan46]_block_invoke CI46 - Hit by torpedo! QQ.10018 tc25840 119.81.102.227:80,E224,<*>[NETClientConnection evaluateCrazyIvan46]_block_invoke <*> - Hit by torpedo! <*> <*> <*>,1,__42-[netclientconnection <id> ]_block_invoke ci46 - hit by torpedo! <id> tc25840 <ip>,1,Mac_C0001513,1,1,__ 42-[netclientconnection <id>] _block_invoke ci 46-hit by torpedo! <id> tc 25840 <ip>,1,1,frequency_representative
96287,-[NETClientConnection evaluateCrazyIvan46] CI46 - Perform CrazyIvan46! QQ.10018 tc25843 123.151.137.106:80,E468,-[NETClientConnection <*>] <*> - Perform <*>! <*> <*> <*>,1,-[netclientconnection <id> ] ci46 - perform <id> ! <id> tc25843 <ip>,1,Mac_C0001514,1,1,- [netclientconnection <id>] ci 46-perform <id>! <id> tc 25843 <ip>,1,1,frequency_representative
96288,__42-[NETClientConnection evaluateCrazyIvan46]_block_invoke CI46 - Hit by torpedo! QQ.10018 tc25843 123.151.137.106:80,E224,<*>[NETClientConnection evaluateCrazyIvan46]_block_invoke <*> - Hit by torpedo! <*> <*> <*>,1,__42-[netclientconnection <id> ]_block_invoke ci46 - hit by torpedo! <id> tc25843 <ip>,1,Mac_C0001515,1,1,__ 42-[netclientconnection <id>] _block_invoke ci 46-hit by torpedo! <id> tc 25843 <ip>,1,1,frequency_representative
96429,"hibernate_machine_init: state 2, image pages 466946, sum was d688e30, imageSize 0x2e0be000, image1Size 0x24841000, conflictCount 7696, nextFree 7527",E130,"hibernate_machine_init: state <*>, image pages <*>, sum was <*>, imageSize <*>, image1Size <*>, conflictCount <*>, nextFree <*>",1,"hibernate_machine_init: state <num> , image pages <num> , sum was d688e30, imagesize <hex> , <id> <hex> , conflictcount <num> , nextfree <num>",1,Mac_C0001516,1,1,"hibernate_machine_init: state <num>, image pages <num>, sum was d 688 e 30, imagesize <hex>, <id> <hex>, conflictcount <num>, nextfree <num>",1,1,frequency_representative
96560,-[NETClientConnection evaluateCrazyIvan46] CI46 - Perform CrazyIvan46! NeteaseMusic.17988 tc12945 103.251.128.144:80,E468,-[NETClientConnection <*>] <*> - Perform <*>! <*> <*> <*>,1,-[netclientconnection <id> ] ci46 - perform <id> ! <id> tc12945 <ip>,1,Mac_C0001517,1,1,- [netclientconnection <id>] ci 46-perform <id>! <id> tc 12945 <ip>,1,1,frequency_representative
96561,-[NETClientConnection evaluateCrazyIvan46] CI46 - Perform CrazyIvan46! QQ.10018 tc25873 119.81.102.227:80,E468,-[NETClientConnection <*>] <*> - Perform <*>! <*> <*> <*>,1,-[netclientconnection <id> ] ci46 - perform <id> ! <id> tc25873 <ip>,1,Mac_C0001518,1,1,- [netclientconnection <id>] ci 46-perform <id>! <id> tc 25873 <ip>,1,1,frequency_representative
96563,__42-[NETClientConnection evaluateCrazyIvan46]_block_invoke CI46 - Hit by torpedo! NeteaseMusic.17988 tc12945 103.251.128.144:80,E224,<*>[NETClientConnection evaluateCrazyIvan46]_block_invoke <*> - Hit by torpedo! <*> <*> <*>,1,__42-[netclientconnection <id> ]_block_invoke ci46 - hit by torpedo! <id> tc12945 <ip>,1,Mac_C0001519,1,1,__ 42-[netclientconnection <id>] _block_invoke ci 46-hit by torpedo! <id> tc 12945 <ip>,1,1,frequency_representative
96564,__42-[NETClientConnection evaluateCrazyIvan46]_block_invoke CI46 - Hit by torpedo! QQ.10018 tc25873 119.81.102.227:80,E224,<*>[NETClientConnection evaluateCrazyIvan46]_block_invoke <*> - Hit by torpedo! <*> <*> <*>,1,__42-[netclientconnection <id> ]_block_invoke ci46 - hit by torpedo! <id> tc25873 <ip>,1,Mac_C0001520,1,1,__ 42-[netclientconnection <id>] _block_invoke ci 46-hit by torpedo! <id> tc 25873 <ip>,1,1,frequency_representative
96567,-[NETClientConnection evaluateCrazyIvan46] CI46 - Perform CrazyIvan46! QQ.10018 tc25874 123.151.137.106:80,E468,-[NETClientConnection <*>] <*> - Perform <*>! <*> <*> <*>,1,-[netclientconnection <id> ] ci46 - perform <id> ! <id> tc25874 <ip>,1,Mac_C0001521,1,1,- [netclientconnection <id>] ci 46-perform <id>! <id> tc 25874 <ip>,1,1,frequency_representative
96568,__42-[NETClientConnection evaluateCrazyIvan46]_block_invoke CI46 - Hit by torpedo! QQ.10018 tc25874 123.151.137.106:80,E224,<*>[NETClientConnection evaluateCrazyIvan46]_block_invoke <*> - Hit by torpedo! <*> <*> <*>,1,__42-[netclientconnection <id> ]_block_invoke ci46 - hit by torpedo! <id> tc25874 <ip>,1,Mac_C0001522,1,1,__ 42-[netclientconnection <id>] _block_invoke ci 46-hit by torpedo! <id> tc 25874 <ip>,1,1,frequency_representative
96570,-[NETClientConnection evaluateCrazyIvan46] CI46 - Perform CrazyIvan46! QQ.10018 tc25875 203.205.147.208:8080,E468,-[NETClientConnection <*>] <*> - Perform <*>! <*> <*> <*>,1,-[netclientconnection <id> ] ci46 - perform <id> ! <id> tc25875 <ip>,1,Mac_C0001523,1,1,- [netclientconnection <id>] ci 46-perform <id>! <id> tc 25875 <ip>,1,1,frequency_representative
96571,__42-[NETClientConnection evaluateCrazyIvan46]_block_invoke CI46 - Hit by torpedo! QQ.10018 tc25875 203.205.147.208:8080,E224,<*>[NETClientConnection evaluateCrazyIvan46]_block_invoke <*> - Hit by torpedo! <*> <*> <*>,1,__42-[netclientconnection <id> ]_block_invoke ci46 - hit by torpedo! <id> tc25875 <ip>,1,Mac_C0001524,1,1,__ 42-[netclientconnection <id>] _block_invoke ci 46-hit by torpedo! <id> tc 25875 <ip>,1,1,frequency_representative
96573,-[NETClientConnection evaluateCrazyIvan46] CI46 - Perform CrazyIvan46! QQ.10018 tc25876 183.61.46.147:80,E468,-[NETClientConnection <*>] <*> - Perform <*>! <*> <*> <*>,1,-[netclientconnection <id> ] ci46 - perform <id> ! <id> tc25876 <ip>,1,Mac_C0001525,1,1,- [netclientconnection <id>] ci 46-perform <id>! <id> tc 25876 <ip>,1,1,frequency_representative
96574,__42-[NETClientConnection evaluateCrazyIvan46]_block_invoke CI46 - Hit by torpedo! QQ.10018 tc25876 183.61.46.147:80,E224,<*>[NETClientConnection evaluateCrazyIvan46]_block_invoke <*> - Hit by torpedo! <*> <*> <*>,1,__42-[netclientconnection <id> ]_block_invoke ci46 - hit by torpedo! <id> tc25876 <ip>,1,Mac_C0001526,1,1,__ 42-[netclientconnection <id>] _block_invoke ci 46-hit by torpedo! <id> tc 25876 <ip>,1,1,frequency_representative
96576,-[NETClientConnection evaluateCrazyIvan46] CI46 - Perform CrazyIvan46! QQ.10018 tc25877 125.39.133.140:14000,E468,-[NETClientConnection <*>] <*> - Perform <*>! <*> <*> <*>,1,-[netclientconnection <id> ] ci46 - perform <id> ! <id> tc25877 <ip>,1,Mac_C0001527,1,1,- [netclientconnection <id>] ci 46-perform <id>! <id> tc 25877 <ip>,1,1,frequency_representative
96577,__42-[NETClientConnection evaluateCrazyIvan46]_block_invoke CI46 - Hit by torpedo! QQ.10018 tc25877 125.39.133.140:14000,E224,<*>[NETClientConnection evaluateCrazyIvan46]_block_invoke <*> - Hit by torpedo! <*> <*> <*>,1,__42-[netclientconnection <id> ]_block_invoke ci46 - hit by torpedo! <id> tc25877 <ip>,1,Mac_C0001528,1,1,__ 42-[netclientconnection <id>] _block_invoke ci 46-hit by torpedo! <id> tc 25877 <ip>,1,1,frequency_representative
96579,-[NETClientConnection evaluateCrazyIvan46] CI46 - Perform CrazyIvan46! QQ.10018 tc25878 121.51.36.148:443,E468,-[NETClientConnection <*>] <*> - Perform <*>! <*> <*> <*>,1,-[netclientconnection <id> ] ci46 - perform <id> ! <id> tc25878 <ip>,1,Mac_C0001529,1,1,- [netclientconnection <id>] ci 46-perform <id>! <id> tc 25878 <ip>,1,1,frequency_representative
96580,__42-[NETClientConnection evaluateCrazyIvan46]_block_invoke CI46 - Hit by torpedo! QQ.10018 tc25878 121.51.36.148:443,E224,<*>[NETClientConnection evaluateCrazyIvan46]_block_invoke <*> - Hit by torpedo! <*> <*> <*>,1,__42-[netclientconnection <id> ]_block_invoke ci46 - hit by torpedo! <id> tc25878 <ip>,1,Mac_C0001530,1,1,__ 42-[netclientconnection <id>] _block_invoke ci 46-hit by torpedo! <id> tc 25878 <ip>,1,1,frequency_representative
96582,-[NETClientConnection evaluateCrazyIvan46] CI46 - Perform CrazyIvan46! QQ.10018 tc25880 123.151.139.59:80,E468,-[NETClientConnection <*>] <*> - Perform <*>! <*> <*> <*>,1,-[netclientconnection <id> ] ci46 - perform <id> ! <id> tc25880 <ip>,1,Mac_C0001531,1,1,- [netclientconnection <id>] ci 46-perform <id>! <id> tc 25880 <ip>,1,1,frequency_representative
96583,__42-[NETClientConnection evaluateCrazyIvan46]_block_invoke CI46 - Hit by torpedo! QQ.10018 tc25880 123.151.139.59:80,E224,<*>[NETClientConnection evaluateCrazyIvan46]_block_invoke <*> - Hit by torpedo! <*> <*> <*>,1,__42-[netclientconnection <id> ]_block_invoke ci46 - hit by torpedo! <id> tc25880 <ip>,1,Mac_C0001532,1,1,__ 42-[netclientconnection <id>] _block_invoke ci 46-hit by torpedo! <id> tc 25880 <ip>,1,1,frequency_representative
96585,-[NETClientConnection evaluateCrazyIvan46] CI46 - Perform CrazyIvan46! QQ.10018 tc25881 203.205.147.247:80,E468,-[NETClientConnection <*>] <*> - Perform <*>! <*> <*> <*>,1,-[netclientconnection <id> ] ci46 - perform <id> ! <id> tc25881 <ip>,1,Mac_C0001533,1,1,- [netclientconnection <id>] ci 46-perform <id>! <id> tc 25881 <ip>,1,1,frequency_representative
96586,__42-[NETClientConnection evaluateCrazyIvan46]_block_invoke CI46 - Hit by torpedo! QQ.10018 tc25881 203.205.147.247:80,E224,<*>[NETClientConnection evaluateCrazyIvan46]_block_invoke <*> - Hit by torpedo! <*> <*> <*>,1,__42-[netclientconnection <id> ]_block_invoke ci46 - hit by torpedo! <id> tc25881 <ip>,1,Mac_C0001534,1,1,__ 42-[netclientconnection <id>] _block_invoke ci 46-hit by torpedo! <id> tc 25881 <ip>,1,1,frequency_representative
96588,-[NETClientConnection evaluateCrazyIvan46] CI46 - Perform CrazyIvan46! QQ.10018 tc25882 183.36.108.143:80,E468,-[NETClientConnection <*>] <*> - Perform <*>! <*> <*> <*>,1,-[netclientconnection <id> ] ci46 - perform <id> ! <id> tc25882 <ip>,1,Mac_C0001535,1,1,- [netclientconnection <id>] ci 46-perform <id>! <id> tc 25882 <ip>,1,1,frequency_representative
96589,__42-[NETClientConnection evaluateCrazyIvan46]_block_invoke CI46 - Hit by torpedo! QQ.10018 tc25882 183.36.108.143:80,E224,<*>[NETClientConnection evaluateCrazyIvan46]_block_invoke <*> - Hit by torpedo! <*> <*> <*>,1,__42-[netclientconnection <id> ]_block_invoke ci46 - hit by torpedo! <id> tc25882 <ip>,1,Mac_C0001536,1,1,__ 42-[netclientconnection <id>] _block_invoke ci 46-hit by torpedo! <id> tc 25882 <ip>,1,1,frequency_representative
96591,-[NETClientConnection evaluateCrazyIvan46] CI46 - Perform CrazyIvan46! QQ.10018 tc25883 125.39.247.148:80,E468,-[NETClientConnection <*>] <*> - Perform <*>! <*> <*> <*>,1,-[netclientconnection <id> ] ci46 - perform <id> ! <id> tc25883 <ip>,1,Mac_C0001537,1,1,- [netclientconnection <id>] ci 46-perform <id>! <id> tc 25883 <ip>,1,1,frequency_representative
96592,__42-[NETClientConnection evaluateCrazyIvan46]_block_invoke CI46 - Hit by torpedo! QQ.10018 tc25883 125.39.247.148:80,E224,<*>[NETClientConnection evaluateCrazyIvan46]_block_invoke <*> - Hit by torpedo! <*> <*> <*>,1,__42-[netclientconnection <id> ]_block_invoke ci46 - hit by torpedo! <id> tc25883 <ip>,1,Mac_C0001538,1,1,__ 42-[netclientconnection <id>] _block_invoke ci 46-hit by torpedo! <id> tc 25883 <ip>,1,1,frequency_representative
96594,-[NETClientConnection evaluateCrazyIvan46] CI46 - Perform CrazyIvan46! QQ.10018 tc25884 117.135.169.110:80,E468,-[NETClientConnection <*>] <*> - Perform <*>! <*> <*> <*>,1,-[netclientconnection <id> ] ci46 - perform <id> ! <id> tc25884 <ip>,1,Mac_C0001539,1,1,- [netclientconnection <id>] ci 46-perform <id>! <id> tc 25884 <ip>,1,1,frequency_representative
96595,__42-[NETClientConnection evaluateCrazyIvan46]_block_invoke CI46 - Hit by torpedo! QQ.10018 tc25884 117.135.169.110:80,E224,<*>[NETClientConnection evaluateCrazyIvan46]_block_invoke <*> - Hit by torpedo! <*> <*> <*>,1,__42-[netclientconnection <id> ]_block_invoke ci46 - hit by torpedo! <id> tc25884 <ip>,1,Mac_C0001540,1,1,__ 42-[netclientconnection <id>] _block_invoke ci 46-hit by torpedo! <id> tc 25884 <ip>,1,1,frequency_representative
96768,"hibernate_machine_init: state 2, image pages 466894, sum was d0492af6, imageSize 0x2e372000, image1Size 0x24ba2000, conflictCount 8138, nextFree 76e1",E130,"hibernate_machine_init: state <*>, image pages <*>, sum was <*>, imageSize <*>, image1Size <*>, conflictCount <*>, nextFree <*>",1,"hibernate_machine_init: state <num> , image pages <num> , sum was <id> , imagesize <hex> , <id> <hex> , conflictcount <num> , nextfree 76e1",1,Mac_C0001541,1,1,"hibernate_machine_init: state <num>, image pages <num>, sum was <id>, imagesize <hex>, <id> <hex>, conflictcount <num>, nextfree 76 e 1",1,1,frequency_representative
96840,-[NETClientConnection evaluateCrazyIvan46] CI46 - Perform CrazyIvan46! QQ.10018 tc25887 123.151.137.102:80,E468,-[NETClientConnection <*>] <*> - Perform <*>! <*> <*> <*>,1,-[netclientconnection <id> ] ci46 - perform <id> ! <id> tc25887 <ip>,1,Mac_C0001542,1,1,- [netclientconnection <id>] ci 46-perform <id>! <id> tc 25887 <ip>,1,1,frequency_representative
96841,__42-[NETClientConnection evaluateCrazyIvan46]_block_invoke CI46 - Hit by torpedo! QQ.10018 tc25887 123.151.137.102:80,E224,<*>[NETClientConnection evaluateCrazyIvan46]_block_invoke <*> - Hit by torpedo! <*> <*> <*>,1,__42-[netclientconnection <id> ]_block_invoke ci46 - hit by torpedo! <id> tc25887 <ip>,1,Mac_C0001543,1,1,__ 42-[netclientconnection <id>] _block_invoke ci 46-hit by torpedo! <id> tc 25887 <ip>,1,1,frequency_representative
96901,-[NETClientConnection evaluateCrazyIvan46] CI46 - Perform CrazyIvan46! NeteaseMusic.17988 tc12957 103.251.128.144:80,E468,-[NETClientConnection <*>] <*> - Perform <*>! <*> <*> <*>,1,-[netclientconnection <id> ] ci46 - perform <id> ! <id> tc12957 <ip>,1,Mac_C0001544,1,1,- [netclientconnection <id>] ci 46-perform <id>! <id> tc 12957 <ip>,1,1,frequency_representative
96903,-[NETClientConnection evaluateCrazyIvan46] CI46 - Perform CrazyIvan46! QQ.10018 tc25909 119.81.102.227:80,E468,-[NETClientConnection <*>] <*> - Perform <*>! <*> <*> <*>,1,-[netclientconnection <id> ] ci46 - perform <id> ! <id> tc25909 <ip>,1,Mac_C0001545,1,1,- [netclientconnection <id>] ci 46-perform <id>! <id> tc 25909 <ip>,1,1,frequency_representative
96905,__42-[NETClientConnection evaluateCrazyIvan46]_block_invoke CI46 - Hit by torpedo! NeteaseMusic.17988 tc12957 103.251.128.144:80,E224,<*>[NETClientConnection evaluateCrazyIvan46]_block_invoke <*> - Hit by torpedo! <*> <*> <*>,1,__42-[netclientconnection <id> ]_block_invoke ci46 - hit by torpedo! <id> tc12957 <ip>,1,Mac_C0001546,1,1,__ 42-[netclientconnection <id>] _block_invoke ci 46-hit by torpedo! <id> tc 12957 <ip>,1,1,frequency_representative
96906,__42-[NETClientConnection evaluateCrazyIvan46]_block_invoke CI46 - Hit by torpedo! QQ.10018 tc25909 119.81.102.227:80,E224,<*>[NETClientConnection evaluateCrazyIvan46]_block_invoke <*> - Hit by torpedo! <*> <*> <*>,1,__42-[netclientconnection <id> ]_block_invoke ci46 - hit by torpedo! <id> tc25909 <ip>,1,Mac_C0001547,1,1,__ 42-[netclientconnection <id>] _block_invoke ci 46-hit by torpedo! <id> tc 25909 <ip>,1,1,frequency_representative
96909,-[NETClientConnection evaluateCrazyIvan46] CI46 - Perform CrazyIvan46! QQ.10018 tc25910 123.151.137.102:80,E468,-[NETClientConnection <*>] <*> - Perform <*>! <*> <*> <*>,1,-[netclientconnection <id> ] ci46 - perform <id> ! <id> tc25910 <ip>,1,Mac_C0001548,1,1,- [netclientconnection <id>] ci 46-perform <id>! <id> tc 25910 <ip>,1,1,frequency_representative
96910,__42-[NETClientConnection evaluateCrazyIvan46]_block_invoke CI46 - Hit by torpedo! QQ.10018 tc25910 123.151.137.102:80,E224,<*>[NETClientConnection evaluateCrazyIvan46]_block_invoke <*> - Hit by torpedo! <*> <*> <*>,1,__42-[netclientconnection <id> ]_block_invoke ci46 - hit by torpedo! <id> tc25910 <ip>,1,Mac_C0001549,1,1,__ 42-[netclientconnection <id>] _block_invoke ci 46-hit by torpedo! <id> tc 25910 <ip>,1,1,frequency_representative
97008,"hibernate_machine_init pagesDone 505856 sum2 4dbe8b0, time: 194 ms, disk(0x20000) 804 Mb/s, comp bytes: 43417600 time: 29 ms 1386 Mb/s, crypt bytes: 159019008 time: 38 ms 3952 Mb/s",E101,"hibernate_machine_init pagesDone <*> sum2 <*>, time: <*> ms, disk(<*>) <*> Mb/s, comp bytes: <*> time: <*> ms <*> Mb/s, crypt bytes: <*> time: <*> ms <*> Mb/s",1,"hibernate_machine_init pagesdone <num> sum2 4dbe8b0, time: <num> ms, disk( <hex> ) <num> mb/s, comp bytes: <num> time: <num> ms <num> mb/s, crypt bytes: <num> time: <num> ms <num> mb/s",1,Mac_C0001550,1,1,"hibernate_machine_init pagesdone <num> sum 2 4 dbe 8 b 0, time: <num> ms, disk (<hex>) <num> mb/s, comp bytes: <num> time: <num> ms <num> mb/s, crypt bytes: <num> time: <num> ms <num> mb/s",1,1,frequency_representative
97116,-[NETClientConnection evaluateCrazyIvan46] CI46 - Perform CrazyIvan46! NeteaseMusic.17988 tc12969 103.251.128.144:80,E468,-[NETClientConnection <*>] <*> - Perform <*>! <*> <*> <*>,1,-[netclientconnection <id> ] ci46 - perform <id> ! <id> tc12969 <ip>,1,Mac_C0001551,1,1,- [netclientconnection <id>] ci 46-perform <id>! <id> tc 12969 <ip>,1,1,frequency_representative
97117,-[NETClientConnection evaluateCrazyIvan46] CI46 - Perform CrazyIvan46! QQ.10018 tc25926 119.81.102.227:80,E468,-[NETClientConnection <*>] <*> - Perform <*>! <*> <*> <*>,1,-[netclientconnection <id> ] ci46 - perform <id> ! <id> tc25926 <ip>,1,Mac_C0001552,1,1,- [netclientconnection <id>] ci 46-perform <id>! <id> tc 25926 <ip>,1,1,frequency_representative
97122,__42-[NETClientConnection evaluateCrazyIvan46]_block_invoke CI46 - Hit by torpedo! NeteaseMusic.17988 tc12969 103.251.128.144:80,E224,<*>[NETClientConnection evaluateCrazyIvan46]_block_invoke <*> - Hit by torpedo! <*> <*> <*>,1,__42-[netclientconnection <id> ]_block_invoke ci46 - hit by torpedo! <id> tc12969 <ip>,1,Mac_C0001553,1,1,__ 42-[netclientconnection <id>] _block_invoke ci 46-hit by torpedo! <id> tc 12969 <ip>,1,1,frequency_representative
97123,__42-[NETClientConnection evaluateCrazyIvan46]_block_invoke CI46 - Hit by torpedo! QQ.10018 tc25926 119.81.102.227:80,E224,<*>[NETClientConnection evaluateCrazyIvan46]_block_invoke <*> - Hit by torpedo! <*> <*> <*>,1,__42-[netclientconnection <id> ]_block_invoke ci46 - hit by torpedo! <id> tc25926 <ip>,1,Mac_C0001554,1,1,__ 42-[netclientconnection <id>] _block_invoke ci 46-hit by torpedo! <id> tc 25926 <ip>,1,1,frequency_representative
97126,-[NETClientConnection evaluateCrazyIvan46] CI46 - Perform CrazyIvan46! QQ.10018 tc25929 123.151.137.102:80,E468,-[NETClientConnection <*>] <*> - Perform <*>! <*> <*> <*>,1,-[netclientconnection <id> ] ci46 - perform <id> ! <id> tc25929 <ip>,1,Mac_C0001555,1,1,- [netclientconnection <id>] ci 46-perform <id>! <id> tc 25929 <ip>,1,1,frequency_representative
97127,__42-[NETClientConnection evaluateCrazyIvan46]_block_invoke CI46 - Hit by torpedo! QQ.10018 tc25929 123.151.137.102:80,E224,<*>[NETClientConnection evaluateCrazyIvan46]_block_invoke <*> - Hit by torpedo! <*> <*> <*>,1,__42-[netclientconnection <id> ]_block_invoke ci46 - hit by torpedo! <id> tc25929 <ip>,1,Mac_C0001556,1,1,__ 42-[netclientconnection <id>] _block_invoke ci 46-hit by torpedo! <id> tc 25929 <ip>,1,1,frequency_representative
97210,"hibernate_machine_init: state 2, image pages 465911, sum was 69dff521, imageSize 0x2e1f6000, image1Size 0x24a4a000, conflictCount 9584, nextFree 7c8a",E130,"hibernate_machine_init: state <*>, image pages <*>, sum was <*>, imageSize <*>, image1Size <*>, conflictCount <*>, nextFree <*>",1,"hibernate_machine_init: state <num> , image pages <num> , sum was <id> , imagesize <hex> , <id> <hex> , conflictcount <num> , nextfree 7c8a",1,Mac_C0001557,1,1,"hibernate_machine_init: state <num>, image pages <num>, sum was <id>, imagesize <hex>, <id> <hex>, conflictcount <num>, nextfree 7 c 8 a",1,1,frequency_representative
97480,-[NETClientConnection evaluateCrazyIvan46] CI46 - Perform CrazyIvan46! QQ.10018 tc25950 119.81.102.227:80,E468,-[NETClientConnection <*>] <*> - Perform <*>! <*> <*> <*>,1,-[netclientconnection <id> ] ci46 - perform <id> ! <id> tc25950 <ip>,1,Mac_C0001558,1,1,- [netclientconnection <id>] ci 46-perform <id>! <id> tc 25950 <ip>,1,1,frequency_representative
97481,__42-[NETClientConnection evaluateCrazyIvan46]_block_invoke CI46 - Hit by torpedo! QQ.10018 tc25950 119.81.102.227:80,E224,<*>[NETClientConnection evaluateCrazyIvan46]_block_invoke <*> - Hit by torpedo! <*> <*> <*>,1,__42-[netclientconnection <id> ]_block_invoke ci46 - hit by torpedo! <id> tc25950 <ip>,1,Mac_C0001559,1,1,__ 42-[netclientconnection <id>] _block_invoke ci 46-hit by torpedo! <id> tc 25950 <ip>,1,1,frequency_representative
97541,-[NETClientConnection evaluateCrazyIvan46] CI46 - Perform CrazyIvan46! QQ.10018 tc25976 119.81.102.227:80,E468,-[NETClientConnection <*>] <*> - Perform <*>! <*> <*> <*>,1,-[netclientconnection <id> ] ci46 - perform <id> ! <id> tc25976 <ip>,1,Mac_C0001560,1,1,- [netclientconnection <id>] ci 46-perform <id>! <id> tc 25976 <ip>,1,1,frequency_representative
97542,-[NETClientConnection evaluateCrazyIvan46] CI46 - Perform CrazyIvan46! NeteaseMusic.17988 tc12988 103.251.128.144:80,E468,-[NETClientConnection <*>] <*> - Perform <*>! <*> <*> <*>,1,-[netclientconnection <id> ] ci46 - perform <id> ! <id> tc12988 <ip>,1,Mac_C0001561,1,1,- [netclientconnection <id>] ci 46-perform <id>! <id> tc 12988 <ip>,1,1,frequency_representative
97547,__42-[NETClientConnection evaluateCrazyIvan46]_block_invoke CI46 - Hit by torpedo! QQ.10018 tc25976 119.81.102.227:80,E224,<*>[NETClientConnection evaluateCrazyIvan46]_block_invoke <*> - Hit by torpedo! <*> <*> <*>,1,__42-[netclientconnection <id> ]_block_invoke ci46 - hit by torpedo! <id> tc25976 <ip>,1,Mac_C0001562,1,1,__ 42-[netclientconnection <id>] _block_invoke ci 46-hit by torpedo! <id> tc 25976 <ip>,1,1,frequency_representative
97548,__42-[NETClientConnection evaluateCrazyIvan46]_block_invoke CI46 - Hit by torpedo! NeteaseMusic.17988 tc12988 103.251.128.144:80,E224,<*>[NETClientConnection evaluateCrazyIvan46]_block_invoke <*> - Hit by torpedo! <*> <*> <*>,1,__42-[netclientconnection <id> ]_block_invoke ci46 - hit by torpedo! <id> tc12988 <ip>,1,Mac_C0001563,1,1,__ 42-[netclientconnection <id>] _block_invoke ci 46-hit by torpedo! <id> tc 12988 <ip>,1,1,frequency_representative
97551,-[NETClientConnection evaluateCrazyIvan46] CI46 - Perform CrazyIvan46! QQ.10018 tc25979 123.151.137.102:80,E468,-[NETClientConnection <*>] <*> - Perform <*>! <*> <*> <*>,1,-[netclientconnection <id> ] ci46 - perform <id> ! <id> tc25979 <ip>,1,Mac_C0001564,1,1,- [netclientconnection <id>] ci 46-perform <id>! <id> tc 25979 <ip>,1,1,frequency_representative
97552,__42-[NETClientConnection evaluateCrazyIvan46]_block_invoke CI46 - Hit by torpedo! QQ.10018 tc25979 123.151.137.102:80,E224,<*>[NETClientConnection evaluateCrazyIvan46]_block_invoke <*> - Hit by torpedo! <*> <*> <*>,1,__42-[netclientconnection <id> ]_block_invoke ci46 - hit by torpedo! <id> tc25979 <ip>,1,Mac_C0001565,1,1,__ 42-[netclientconnection <id>] _block_invoke ci 46-hit by torpedo! <id> tc 25979 <ip>,1,1,frequency_representative
97706,-[NETClientConnection evaluateCrazyIvan46] CI46 - Perform CrazyIvan46! QQ.10018 tc25990 119.81.102.227:80,E468,-[NETClientConnection <*>] <*> - Perform <*>! <*> <*> <*>,1,-[netclientconnection <id> ] ci46 - perform <id> ! <id> tc25990 <ip>,1,Mac_C0001566,1,1,- [netclientconnection <id>] ci 46-perform <id>! <id> tc 25990 <ip>,1,1,frequency_representative
97707,__42-[NETClientConnection evaluateCrazyIvan46]_block_invoke CI46 - Hit by torpedo! QQ.10018 tc25990 119.81.102.227:80,E224,<*>[NETClientConnection evaluateCrazyIvan46]_block_invoke <*> - Hit by torpedo! <*> <*> <*>,1,__42-[netclientconnection <id> ]_block_invoke ci46 - hit by torpedo! <id> tc25990 <ip>,1,Mac_C0001567,1,1,__ 42-[netclientconnection <id>] _block_invoke ci 46-hit by torpedo! <id> tc 25990 <ip>,1,1,frequency_representative
97709,-[NETClientConnection evaluateCrazyIvan46] CI46 - Perform CrazyIvan46! QQ.10018 tc25991 123.151.10.184:80,E468,-[NETClientConnection <*>] <*> - Perform <*>! <*> <*> <*>,1,-[netclientconnection <id> ] ci46 - perform <id> ! <id> tc25991 <ip>,1,Mac_C0001568,1,1,- [netclientconnection <id>] ci 46-perform <id>! <id> tc 25991 <ip>,1,1,frequency_representative
97710,__42-[NETClientConnection evaluateCrazyIvan46]_block_invoke CI46 - Hit by torpedo! QQ.10018 tc25991 123.151.10.184:80,E224,<*>[NETClientConnection evaluateCrazyIvan46]_block_invoke <*> - Hit by torpedo! <*> <*> <*>,1,__42-[netclientconnection <id> ]_block_invoke ci46 - hit by torpedo! <id> tc25991 <ip>,1,Mac_C0001569,1,1,__ 42-[netclientconnection <id>] _block_invoke ci 46-hit by torpedo! <id> tc 25991 <ip>,1,1,frequency_representative
97712,-[NETClientConnection evaluateCrazyIvan46] CI46 - Perform CrazyIvan46! QQ.10018 tc25992 203.205.147.206:8080,E468,-[NETClientConnection <*>] <*> - Perform <*>! <*> <*> <*>,1,-[netclientconnection <id> ] ci46 - perform <id> ! <id> tc25992 <ip>,1,Mac_C0001570,1,1,- [netclientconnection <id>] ci 46-perform <id>! <id> tc 25992 <ip>,1,1,frequency_representative
97713,__42-[NETClientConnection evaluateCrazyIvan46]_block_invoke CI46 - Hit by torpedo! QQ.10018 tc25992 203.205.147.206:8080,E224,<*>[NETClientConnection evaluateCrazyIvan46]_block_invoke <*> - Hit by torpedo! <*> <*> <*>,1,__42-[netclientconnection <id> ]_block_invoke ci46 - hit by torpedo! <id> tc25992 <ip>,1,Mac_C0001571,1,1,__ 42-[netclientconnection <id>] _block_invoke ci 46-hit by torpedo! <id> tc 25992 <ip>,1,1,frequency_representative
97715,-[NETClientConnection evaluateCrazyIvan46] CI46 - Perform CrazyIvan46! QQ.10018 tc25993 183.36.108.140:80,E468,-[NETClientConnection <*>] <*> - Perform <*>! <*> <*> <*>,1,-[netclientconnection <id> ] ci46 - perform <id> ! <id> tc25993 <ip>,1,Mac_C0001572,1,1,- [netclientconnection <id>] ci 46-perform <id>! <id> tc 25993 <ip>,1,1,frequency_representative
97716,__42-[NETClientConnection evaluateCrazyIvan46]_block_invoke CI46 - Hit by torpedo! QQ.10018 tc25993 183.36.108.140:80,E224,<*>[NETClientConnection evaluateCrazyIvan46]_block_invoke <*> - Hit by torpedo! <*> <*> <*>,1,__42-[netclientconnection <id> ]_block_invoke ci46 - hit by torpedo! <id> tc25993 <ip>,1,Mac_C0001573,1,1,__ 42-[netclientconnection <id>] _block_invoke ci 46-hit by torpedo! <id> tc 25993 <ip>,1,1,frequency_representative
97718,-[NETClientConnection evaluateCrazyIvan46] CI46 - Perform CrazyIvan46! QQ.10018 tc25994 125.39.133.139:14000,E468,-[NETClientConnection <*>] <*> - Perform <*>! <*> <*> <*>,1,-[netclientconnection <id> ] ci46 - perform <id> ! <id> tc25994 <ip>,1,Mac_C0001574,1,1,- [netclientconnection <id>] ci 46-perform <id>! <id> tc 25994 <ip>,1,1,frequency_representative
97719,__42-[NETClientConnection evaluateCrazyIvan46]_block_invoke CI46 - Hit by torpedo! QQ.10018 tc25994 125.39.133.139:14000,E224,<*>[NETClientConnection evaluateCrazyIvan46]_block_invoke <*> - Hit by torpedo! <*> <*> <*>,1,__42-[netclientconnection <id> ]_block_invoke ci46 - hit by torpedo! <id> tc25994 <ip>,1,Mac_C0001575,1,1,__ 42-[netclientconnection <id>] _block_invoke ci 46-hit by torpedo! <id> tc 25994 <ip>,1,1,frequency_representative
97721,-[NETClientConnection evaluateCrazyIvan46] CI46 - Perform CrazyIvan46! QQ.10018 tc25995 121.51.36.148:443,E468,-[NETClientConnection <*>] <*> - Perform <*>! <*> <*> <*>,1,-[netclientconnection <id> ] ci46 - perform <id> ! <id> tc25995 <ip>,1,Mac_C0001576,1,1,- [netclientconnection <id>] ci 46-perform <id>! <id> tc 25995 <ip>,1,1,frequency_representative
97722,__42-[NETClientConnection evaluateCrazyIvan46]_block_invoke CI46 - Hit by torpedo! QQ.10018 tc25995 121.51.36.148:443,E224,<*>[NETClientConnection evaluateCrazyIvan46]_block_invoke <*> - Hit by torpedo! <*> <*> <*>,1,__42-[netclientconnection <id> ]_block_invoke ci46 - hit by torpedo! <id> tc25995 <ip>,1,Mac_C0001577,1,1,__ 42-[netclientconnection <id>] _block_invoke ci 46-hit by torpedo! <id> tc 25995 <ip>,1,1,frequency_representative
97724,-[NETClientConnection evaluateCrazyIvan46] CI46 - Perform CrazyIvan46! QQ.10018 tc25997 123.151.139.59:80,E468,-[NETClientConnection <*>] <*> - Perform <*>! <*> <*> <*>,1,-[netclientconnection <id> ] ci46 - perform <id> ! <id> tc25997 <ip>,1,Mac_C0001578,1,1,- [netclientconnection <id>] ci 46-perform <id>! <id> tc 25997 <ip>,1,1,frequency_representative
97725,__42-[NETClientConnection evaluateCrazyIvan46]_block_invoke CI46 - Hit by torpedo! QQ.10018 tc25997 123.151.139.59:80,E224,<*>[NETClientConnection evaluateCrazyIvan46]_block_invoke <*> - Hit by torpedo! <*> <*> <*>,1,__42-[netclientconnection <id> ]_block_invoke ci46 - hit by torpedo! <id> tc25997 <ip>,1,Mac_C0001579,1,1,__ 42-[netclientconnection <id>] _block_invoke ci 46-hit by torpedo! <id> tc 25997 <ip>,1,1,frequency_representative
97727,-[NETClientConnection evaluateCrazyIvan46] CI46 - Perform CrazyIvan46! QQ.10018 tc25998 203.205.147.247:80,E468,-[NETClientConnection <*>] <*> - Perform <*>! <*> <*> <*>,1,-[netclientconnection <id> ] ci46 - perform <id> ! <id> tc25998 <ip>,1,Mac_C0001580,1,1,- [netclientconnection <id>] ci 46-perform <id>! <id> tc 25998 <ip>,1,1,frequency_representative
97728,__42-[NETClientConnection evaluateCrazyIvan46]_block_invoke CI46 - Hit by torpedo! QQ.10018 tc25998 203.205.147.247:80,E224,<*>[NETClientConnection evaluateCrazyIvan46]_block_invoke <*> - Hit by torpedo! <*> <*> <*>,1,__42-[netclientconnection <id> ]_block_invoke ci46 - hit by torpedo! <id> tc25998 <ip>,1,Mac_C0001581,1,1,__ 42-[netclientconnection <id>] _block_invoke ci 46-hit by torpedo! <id> tc 25998 <ip>,1,1,frequency_representative
97730,-[NETClientConnection evaluateCrazyIvan46] CI46 - Perform CrazyIvan46! QQ.10018 tc25999 183.36.108.143:80,E468,-[NETClientConnection <*>] <*> - Perform <*>! <*> <*> <*>,1,-[netclientconnection <id> ] ci46 - perform <id> ! <id> tc25999 <ip>,1,Mac_C0001582,1,1,- [netclientconnection <id>] ci 46-perform <id>! <id> tc 25999 <ip>,1,1,frequency_representative
97731,__42-[NETClientConnection evaluateCrazyIvan46]_block_invoke CI46 - Hit by torpedo! QQ.10018 tc25999 183.36.108.143:80,E224,<*>[NETClientConnection evaluateCrazyIvan46]_block_invoke <*> - Hit by torpedo! <*> <*> <*>,1,__42-[netclientconnection <id> ]_block_invoke ci46 - hit by torpedo! <id> tc25999 <ip>,1,Mac_C0001583,1,1,__ 42-[netclientconnection <id>] _block_invoke ci 46-hit by torpedo! <id> tc 25999 <ip>,1,1,frequency_representative
97733,-[NETClientConnection evaluateCrazyIvan46] CI46 - Perform CrazyIvan46! QQ.10018 tc26000 125.39.247.148:80,E468,-[NETClientConnection <*>] <*> - Perform <*>! <*> <*> <*>,1,-[netclientconnection <id> ] ci46 - perform <id> ! <id> tc26000 <ip>,1,Mac_C0001584,1,1,- [netclientconnection <id>] ci 46-perform <id>! <id> tc 26000 <ip>,1,1,frequency_representative
97734,__42-[NETClientConnection evaluateCrazyIvan46]_block_invoke CI46 - Hit by torpedo! QQ.10018 tc26000 125.39.247.148:80,E224,<*>[NETClientConnection evaluateCrazyIvan46]_block_invoke <*> - Hit by torpedo! <*> <*> <*>,1,__42-[netclientconnection <id> ]_block_invoke ci46 - hit by torpedo! <id> tc26000 <ip>,1,Mac_C0001585,1,1,__ 42-[netclientconnection <id>] _block_invoke ci 46-hit by torpedo! <id> tc 26000 <ip>,1,1,frequency_representative
97736,-[NETClientConnection evaluateCrazyIvan46] CI46 - Perform CrazyIvan46! QQ.10018 tc26001 117.135.169.110:80,E468,-[NETClientConnection <*>] <*> - Perform <*>! <*> <*> <*>,1,-[netclientconnection <id> ] ci46 - perform <id> ! <id> tc26001 <ip>,1,Mac_C0001586,1,1,- [netclientconnection <id>] ci 46-perform <id>! <id> tc 26001 <ip>,1,1,frequency_representative
97737,__42-[NETClientConnection evaluateCrazyIvan46]_block_invoke CI46 - Hit by torpedo! QQ.10018 tc26001 117.135.169.110:80,E224,<*>[NETClientConnection evaluateCrazyIvan46]_block_invoke <*> - Hit by torpedo! <*> <*> <*>,1,__42-[netclientconnection <id> ]_block_invoke ci46 - hit by torpedo! <id> tc26001 <ip>,1,Mac_C0001587,1,1,__ 42-[netclientconnection <id>] _block_invoke ci 46-hit by torpedo! <id> tc 26001 <ip>,1,1,frequency_representative
98051,"hibernate_machine_init: state 2, image pages 468410, sum was 19988477, imageSize 0x2df67000, image1Size 0x24841000, conflictCount 7918, nextFree 75f5",E130,"hibernate_machine_init: state <*>, image pages <*>, sum was <*>, imageSize <*>, image1Size <*>, conflictCount <*>, nextFree <*>",1,"hibernate_machine_init: state <num> , image pages <num> , sum was <num> , imagesize <hex> , <id> <hex> , conflictcount <num> , nextfree 75f5",1,Mac_C0001588,1,1,"hibernate_machine_init: state <num>, image pages <num>, sum was <num>, imagesize <hex>, <id> <hex>, conflictcount <num>, nextfree 75 f 5",1,1,frequency_representative
98126,-[NETClientConnection evaluateCrazyIvan46] CI46 - Perform CrazyIvan46! QQ.10018 tc26019 119.81.102.227:80,E468,-[NETClientConnection <*>] <*> - Perform <*>! <*> <*> <*>,1,-[netclientconnection <id> ] ci46 - perform <id> ! <id> tc26019 <ip>,1,Mac_C0001589,1,1,- [netclientconnection <id>] ci 46-perform <id>! <id> tc 26019 <ip>,1,1,frequency_representative
98127,__42-[NETClientConnection evaluateCrazyIvan46]_block_invoke CI46 - Hit by torpedo! QQ.10018 tc26019 119.81.102.227:80,E224,<*>[NETClientConnection evaluateCrazyIvan46]_block_invoke <*> - Hit by torpedo! <*> <*> <*>,1,__42-[netclientconnection <id> ]_block_invoke ci46 - hit by torpedo! <id> tc26019 <ip>,1,Mac_C0001590,1,1,__ 42-[netclientconnection <id>] _block_invoke ci 46-hit by torpedo! <id> tc 26019 <ip>,1,1,frequency_representative
98172,-[NETClientConnection evaluateCrazyIvan46] CI46 - Perform CrazyIvan46! NeteaseMusic.17988 tc13021 103.251.128.144:80,E468,-[NETClientConnection <*>] <*> - Perform <*>! <*> <*> <*>,1,-[netclientconnection <id> ] ci46 - perform <id> ! <id> tc13021 <ip>,1,Mac_C0001591,1,1,- [netclientconnection <id>] ci 46-perform <id>! <id> tc 13021 <ip>,1,1,frequency_representative
98173,-[NETClientConnection evaluateCrazyIvan46] CI46 - Perform CrazyIvan46! QQ.10018 tc26032 119.81.102.227:80,E468,-[NETClientConnection <*>] <*> - Perform <*>! <*> <*> <*>,1,-[netclientconnection <id> ] ci46 - perform <id> ! <id> tc26032 <ip>,1,Mac_C0001592,1,1,- [netclientconnection <id>] ci 46-perform <id>! <id> tc 26032 <ip>,1,1,frequency_representative
98177,__42-[NETClientConnection evaluateCrazyIvan46]_block_invoke CI46 - Hit by torpedo! NeteaseMusic.17988 tc13021 103.251.128.144:80,E224,<*>[NETClientConnection evaluateCrazyIvan46]_block_invoke <*> - Hit by torpedo! <*> <*> <*>,1,__42-[netclientconnection <id> ]_block_invoke ci46 - hit by torpedo! <id> tc13021 <ip>,1,Mac_C0001593,1,1,__ 42-[netclientconnection <id>] _block_invoke ci 46-hit by torpedo! <id> tc 13021 <ip>,1,1,frequency_representative
98178,__42-[NETClientConnection evaluateCrazyIvan46]_block_invoke CI46 - Hit by torpedo! QQ.10018 tc26032 119.81.102.227:80,E224,<*>[NETClientConnection evaluateCrazyIvan46]_block_invoke <*> - Hit by torpedo! <*> <*> <*>,1,__42-[netclientconnection <id> ]_block_invoke ci46 - hit by torpedo! <id> tc26032 <ip>,1,Mac_C0001594,1,1,__ 42-[netclientconnection <id>] _block_invoke ci 46-hit by torpedo! <id> tc 26032 <ip>,1,1,frequency_representative
98181,-[NETClientConnection evaluateCrazyIvan46] CI46 - Perform CrazyIvan46! QQ.10018 tc26035 123.151.137.102:80,E468,-[NETClientConnection <*>] <*> - Perform <*>! <*> <*> <*>,1,-[netclientconnection <id> ] ci46 - perform <id> ! <id> tc26035 <ip>,1,Mac_C0001595,1,1,- [netclientconnection <id>] ci 46-perform <id>! <id> tc 26035 <ip>,1,1,frequency_representative
98182,__42-[NETClientConnection evaluateCrazyIvan46]_block_invoke CI46 - Hit by torpedo! QQ.10018 tc26035 123.151.137.102:80,E224,<*>[NETClientConnection evaluateCrazyIvan46]_block_invoke <*> - Hit by torpedo! <*> <*> <*>,1,__42-[netclientconnection <id> ]_block_invoke ci46 - hit by torpedo! <id> tc26035 <ip>,1,Mac_C0001596,1,1,__ 42-[netclientconnection <id>] _block_invoke ci 46-hit by torpedo! <id> tc 26035 <ip>,1,1,frequency_representative
98184,-[NETClientConnection evaluateCrazyIvan46] CI46 - Perform CrazyIvan46! QQ.10018 tc26036 203.205.147.205:8080,E468,-[NETClientConnection <*>] <*> - Perform <*>! <*> <*> <*>,1,-[netclientconnection <id> ] ci46 - perform <id> ! <id> tc26036 <ip>,1,Mac_C0001597,1,1,- [netclientconnection <id>] ci 46-perform <id>! <id> tc 26036 <ip>,1,1,frequency_representative
98185,__42-[NETClientConnection evaluateCrazyIvan46]_block_invoke CI46 - Hit by torpedo! QQ.10018 tc26036 203.205.147.205:8080,E224,<*>[NETClientConnection evaluateCrazyIvan46]_block_invoke <*> - Hit by torpedo! <*> <*> <*>,1,__42-[netclientconnection <id> ]_block_invoke ci46 - hit by torpedo! <id> tc26036 <ip>,1,Mac_C0001598,1,1,__ 42-[netclientconnection <id>] _block_invoke ci 46-hit by torpedo! <id> tc 26036 <ip>,1,1,frequency_representative
98187,-[NETClientConnection evaluateCrazyIvan46] CI46 - Perform CrazyIvan46! QQ.10018 tc26037 14.17.32.201:80,E468,-[NETClientConnection <*>] <*> - Perform <*>! <*> <*> <*>,1,-[netclientconnection <id> ] ci46 - perform <id> ! <id> tc26037 <ip>,1,Mac_C0001599,1,1,- [netclientconnection <id>] ci 46-perform <id>! <id> tc 26037 <ip>,1,1,frequency_representative
98188,__42-[NETClientConnection evaluateCrazyIvan46]_block_invoke CI46 - Hit by torpedo! QQ.10018 tc26037 14.17.32.201:80,E224,<*>[NETClientConnection evaluateCrazyIvan46]_block_invoke <*> - Hit by torpedo! <*> <*> <*>,1,__42-[netclientconnection <id> ]_block_invoke ci46 - hit by torpedo! <id> tc26037 <ip>,1,Mac_C0001600,1,1,__ 42-[netclientconnection <id>] _block_invoke ci 46-hit by torpedo! <id> tc 26037 <ip>,1,1,frequency_representative
98190,-[NETClientConnection evaluateCrazyIvan46] CI46 - Perform CrazyIvan46! QQ.10018 tc26038 125.39.133.139:14000,E468,-[NETClientConnection <*>] <*> - Perform <*>! <*> <*> <*>,1,-[netclientconnection <id> ] ci46 - perform <id> ! <id> tc26038 <ip>,1,Mac_C0001601,1,1,- [netclientconnection <id>] ci 46-perform <id>! <id> tc 26038 <ip>,1,1,frequency_representative
98191,__42-[NETClientConnection evaluateCrazyIvan46]_block_invoke CI46 - Hit by torpedo! QQ.10018 tc26038 125.39.133.139:14000,E224,<*>[NETClientConnection evaluateCrazyIvan46]_block_invoke <*> - Hit by torpedo! <*> <*> <*>,1,__42-[netclientconnection <id> ]_block_invoke ci46 - hit by torpedo! <id> tc26038 <ip>,1,Mac_C0001602,1,1,__ 42-[netclientconnection <id>] _block_invoke ci 46-hit by torpedo! <id> tc 26038 <ip>,1,1,frequency_representative
98193,-[NETClientConnection evaluateCrazyIvan46] CI46 - Perform CrazyIvan46! QQ.10018 tc26039 117.144.244.101:443,E468,-[NETClientConnection <*>] <*> - Perform <*>! <*> <*> <*>,1,-[netclientconnection <id> ] ci46 - perform <id> ! <id> tc26039 <ip>,1,Mac_C0001603,1,1,- [netclientconnection <id>] ci 46-perform <id>! <id> tc 26039 <ip>,1,1,frequency_representative
98194,__42-[NETClientConnection evaluateCrazyIvan46]_block_invoke CI46 - Hit by torpedo! QQ.10018 tc26039 117.144.244.101:443,E224,<*>[NETClientConnection evaluateCrazyIvan46]_block_invoke <*> - Hit by torpedo! <*> <*> <*>,1,__42-[netclientconnection <id> ]_block_invoke ci46 - hit by torpedo! <id> tc26039 <ip>,1,Mac_C0001604,1,1,__ 42-[netclientconnection <id>] _block_invoke ci 46-hit by torpedo! <id> tc 26039 <ip>,1,1,frequency_representative
98196,-[NETClientConnection evaluateCrazyIvan46] CI46 - Perform CrazyIvan46! QQ.10018 tc26042 123.151.139.59:80,E468,-[NETClientConnection <*>] <*> - Perform <*>! <*> <*> <*>,1,-[netclientconnection <id> ] ci46 - perform <id> ! <id> tc26042 <ip>,1,Mac_C0001605,1,1,- [netclientconnection <id>] ci 46-perform <id>! <id> tc 26042 <ip>,1,1,frequency_representative
98197,__42-[NETClientConnection evaluateCrazyIvan46]_block_invoke CI46 - Hit by torpedo! QQ.10018 tc26042 123.151.139.59:80,E224,<*>[NETClientConnection evaluateCrazyIvan46]_block_invoke <*> - Hit by torpedo! <*> <*> <*>,1,__42-[netclientconnection <id> ]_block_invoke ci46 - hit by torpedo! <id> tc26042 <ip>,1,Mac_C0001606,1,1,__ 42-[netclientconnection <id>] _block_invoke ci 46-hit by torpedo! <id> tc 26042 <ip>,1,1,frequency_representative
98199,-[NETClientConnection evaluateCrazyIvan46] CI46 - Perform CrazyIvan46! QQ.10018 tc26043 203.205.147.247:80,E468,-[NETClientConnection <*>] <*> - Perform <*>! <*> <*> <*>,1,-[netclientconnection <id> ] ci46 - perform <id> ! <id> tc26043 <ip>,1,Mac_C0001607,1,1,- [netclientconnection <id>] ci 46-perform <id>! <id> tc 26043 <ip>,1,1,frequency_representative
98200,__42-[NETClientConnection evaluateCrazyIvan46]_block_invoke CI46 - Hit by torpedo! QQ.10018 tc26043 203.205.147.247:80,E224,<*>[NETClientConnection evaluateCrazyIvan46]_block_invoke <*> - Hit by torpedo! <*> <*> <*>,1,__42-[netclientconnection <id> ]_block_invoke ci46 - hit by torpedo! <id> tc26043 <ip>,1,Mac_C0001608,1,1,__ 42-[netclientconnection <id>] _block_invoke ci 46-hit by torpedo! <id> tc 26043 <ip>,1,1,frequency_representative
98202,-[NETClientConnection evaluateCrazyIvan46] CI46 - Perform CrazyIvan46! QQ.10018 tc26044 183.36.108.143:80,E468,-[NETClientConnection <*>] <*> - Perform <*>! <*> <*> <*>,1,-[netclientconnection <id> ] ci46 - perform <id> ! <id> tc26044 <ip>,1,Mac_C0001609,1,1,- [netclientconnection <id>] ci 46-perform <id>! <id> tc 26044 <ip>,1,1,frequency_representative
98203,__42-[NETClientConnection evaluateCrazyIvan46]_block_invoke CI46 - Hit by torpedo! QQ.10018 tc26044 183.36.108.143:80,E224,<*>[NETClientConnection evaluateCrazyIvan46]_block_invoke <*> - Hit by torpedo! <*> <*> <*>,1,__42-[netclientconnection <id> ]_block_invoke ci46 - hit by torpedo! <id> tc26044 <ip>,1,Mac_C0001610,1,1,__ 42-[netclientconnection <id>] _block_invoke ci 46-hit by torpedo! <id> tc 26044 <ip>,1,1,frequency_representative
98205,-[NETClientConnection evaluateCrazyIvan46] CI46 - Perform CrazyIvan46! QQ.10018 tc26045 125.39.247.148:80,E468,-[NETClientConnection <*>] <*> - Perform <*>! <*> <*> <*>,1,-[netclientconnection <id> ] ci46 - perform <id> ! <id> tc26045 <ip>,1,Mac_C0001611,1,1,- [netclientconnection <id>] ci 46-perform <id>! <id> tc 26045 <ip>,1,1,frequency_representative
98206,__42-[NETClientConnection evaluateCrazyIvan46]_block_invoke CI46 - Hit by torpedo! QQ.10018 tc26045 125.39.247.148:80,E224,<*>[NETClientConnection evaluateCrazyIvan46]_block_invoke <*> - Hit by torpedo! <*> <*> <*>,1,__42-[netclientconnection <id> ]_block_invoke ci46 - hit by torpedo! <id> tc26045 <ip>,1,Mac_C0001612,1,1,__ 42-[netclientconnection <id>] _block_invoke ci 46-hit by torpedo! <id> tc 26045 <ip>,1,1,frequency_representative
98208,-[NETClientConnection evaluateCrazyIvan46] CI46 - Perform CrazyIvan46! QQ.10018 tc26046 117.135.169.110:80,E468,-[NETClientConnection <*>] <*> - Perform <*>! <*> <*> <*>,1,-[netclientconnection <id> ] ci46 - perform <id> ! <id> tc26046 <ip>,1,Mac_C0001613,1,1,- [netclientconnection <id>] ci 46-perform <id>! <id> tc 26046 <ip>,1,1,frequency_representative
98209,__42-[NETClientConnection evaluateCrazyIvan46]_block_invoke CI46 - Hit by torpedo! QQ.10018 tc26046 117.135.169.110:80,E224,<*>[NETClientConnection evaluateCrazyIvan46]_block_invoke <*> - Hit by torpedo! <*> <*> <*>,1,__42-[netclientconnection <id> ]_block_invoke ci46 - hit by torpedo! <id> tc26046 <ip>,1,Mac_C0001614,1,1,__ 42-[netclientconnection <id>] _block_invoke ci 46-hit by torpedo! <id> tc 26046 <ip>,1,1,frequency_representative
98285,"hibernate_machine_init: state 2, image pages 467857, sum was d9cf8cac, imageSize 0x2de51000, image1Size 0x24741000, conflictCount 9966, nextFree 7dfb",E130,"hibernate_machine_init: state <*>, image pages <*>, sum was <*>, imageSize <*>, image1Size <*>, conflictCount <*>, nextFree <*>",1,"hibernate_machine_init: state <num> , image pages <num> , sum was <id> , imagesize <hex> , <id> <hex> , conflictcount <num> , nextfree 7dfb",1,Mac_C0001615,1,1,"hibernate_machine_init: state <num>, image pages <num>, sum was <id>, imagesize <hex>, <id> <hex>, conflictcount <num>, nextfree 7 dfb",1,1,frequency_representative
98359,-[NETClientConnection evaluateCrazyIvan46] CI46 - Perform CrazyIvan46! QQ.10018 tc26048 119.81.102.227:80,E468,-[NETClientConnection <*>] <*> - Perform <*>! <*> <*> <*>,1,-[netclientconnection <id> ] ci46 - perform <id> ! <id> tc26048 <ip>,1,Mac_C0001616,1,1,- [netclientconnection <id>] ci 46-perform <id>! <id> tc 26048 <ip>,1,1,frequency_representative
98360,__42-[NETClientConnection evaluateCrazyIvan46]_block_invoke CI46 - Hit by torpedo! QQ.10018 tc26048 119.81.102.227:80,E224,<*>[NETClientConnection evaluateCrazyIvan46]_block_invoke <*> - Hit by torpedo! <*> <*> <*>,1,__42-[netclientconnection <id> ]_block_invoke ci46 - hit by torpedo! <id> tc26048 <ip>,1,Mac_C0001617,1,1,__ 42-[netclientconnection <id>] _block_invoke ci 46-hit by torpedo! <id> tc 26048 <ip>,1,1,frequency_representative
98413,-[NETClientConnection evaluateCrazyIvan46] CI46 - Perform CrazyIvan46! NeteaseMusic.17988 tc13034 103.251.128.144:80,E468,-[NETClientConnection <*>] <*> - Perform <*>! <*> <*> <*>,1,-[netclientconnection <id> ] ci46 - perform <id> ! <id> tc13034 <ip>,1,Mac_C0001618,1,1,- [netclientconnection <id>] ci 46-perform <id>! <id> tc 13034 <ip>,1,1,frequency_representative
98415,-[NETClientConnection evaluateCrazyIvan46] CI46 - Perform CrazyIvan46! QQ.10018 tc26062 119.81.102.227:80,E468,-[NETClientConnection <*>] <*> - Perform <*>! <*> <*> <*>,1,-[netclientconnection <id> ] ci46 - perform <id> ! <id> tc26062 <ip>,1,Mac_C0001619,1,1,- [netclientconnection <id>] ci 46-perform <id>! <id> tc 26062 <ip>,1,1,frequency_representative
98420,__42-[NETClientConnection evaluateCrazyIvan46]_block_invoke CI46 - Hit by torpedo! NeteaseMusic.17988 tc13034 103.251.128.144:80,E224,<*>[NETClientConnection evaluateCrazyIvan46]_block_invoke <*> - Hit by torpedo! <*> <*> <*>,1,__42-[netclientconnection <id> ]_block_invoke ci46 - hit by torpedo! <id> tc13034 <ip>,1,Mac_C0001620,1,1,__ 42-[netclientconnection <id>] _block_invoke ci 46-hit by torpedo! <id> tc 13034 <ip>,1,1,frequency_representative
98421,__42-[NETClientConnection evaluateCrazyIvan46]_block_invoke CI46 - Hit by torpedo! QQ.10018 tc26062 119.81.102.227:80,E224,<*>[NETClientConnection evaluateCrazyIvan46]_block_invoke <*> - Hit by torpedo! <*> <*> <*>,1,__42-[netclientconnection <id> ]_block_invoke ci46 - hit by torpedo! <id> tc26062 <ip>,1,Mac_C0001621,1,1,__ 42-[netclientconnection <id>] _block_invoke ci 46-hit by torpedo! <id> tc 26062 <ip>,1,1,frequency_representative
98600,-[NETClientConnection evaluateCrazyIvan46] CI46 - Perform CrazyIvan46! QQ.10018 tc26063 123.151.137.102:80,E468,-[NETClientConnection <*>] <*> - Perform <*>! <*> <*> <*>,1,-[netclientconnection <id> ] ci46 - perform <id> ! <id> tc26063 <ip>,1,Mac_C0001622,1,1,- [netclientconnection <id>] ci 46-perform <id>! <id> tc 26063 <ip>,1,1,frequency_representative
98602,__42-[NETClientConnection evaluateCrazyIvan46]_block_invoke CI46 - Hit by torpedo! QQ.10018 tc26063 123.151.137.102:80,E224,<*>[NETClientConnection evaluateCrazyIvan46]_block_invoke <*> - Hit by torpedo! <*> <*> <*>,1,__42-[netclientconnection <id> ]_block_invoke ci46 - hit by torpedo! <id> tc26063 <ip>,1,Mac_C0001623,1,1,__ 42-[netclientconnection <id>] _block_invoke ci 46-hit by torpedo! <id> tc 26063 <ip>,1,1,frequency_representative
98603,"2017-07-08 05:52:01.313, 30311, 35312c80, [LogMessageLogging]: [aid-types_14000] - Request to send LogMessages of count (6) failed with Error: Error Domain=NSURLErrorDomain Code=-1005 ""The network connection was lost."" UserInfo={NSUnderlyingError=0x7fe13501b4f0 {Error Domain=kCFErrorDomainCFNetwork Code=-1005 ""The network connection was lost."" UserInfo={NSErrorFailingURLStringKey=https://gsp64-ssl.ls.apple.com/a/v2/use, NSErrorFailingURLKey=https://gsp64-ssl.ls.apple.com/a/v2/use, _kCFStreamErrorCodeKey=57, _kCFStreamErrorDomainKey=1, NSLocalizedDescription=The network connection was lost.}}, NSErrorFailingURLStringKey=https://gsp64-ssl.ls.apple.com/a/v2/use, NSErrorFailingURLKey=https://gsp64-ssl.ls.apple.com/a/v2/use, _kCFStreamErrorDomainKey=1, _kCFStreamErrorCodeKey=57, NSLocalizedDescription=The network connection was lost.}",E3,"<*> <*>, <*>, <*>, [LogMessageLogging]: [<*>] - Request to send LogMessages of count (<*>) failed with Error: Error Domain=<*> Code=-<*> <*> UserInfo={NSUnderlyingError=<*> {Error Domain=<*> Code=<*> <*> UserInfo={NSErrorFailingURLStringKey=<*>, NSErrorFailingURLKey=<*>, _kCFStreamErrorCodeKey=<*>, _kCFStreamErrorDomainKey=<*>, NSLocalizedDescription=<*>}}, NSErrorFailingURLStringKey=<*>, NSErrorFailingURLKey=<*>, _kCFStreamErrorDomainKey=<*>, _kCFStreamErrorCodeKey=<*>, NSLocalizedDescription=<*>}",1,"<date> <ip> . <num> , <num> , <id> , [logmessagelogging]: [ <id> ] - request to send logmessages of count ( <num> ) failed with error: error domain=nsurlerrordomain code= <num> ""the network connection was lost."" userinfo={nsunderlyingerror= <hex> {error domain=kcferrordomaincfnetwork code= <num> ""the network connection was lost."" userinfo={nserrorfailingurlstringkey= <url> nserrorfailingurlkey= <url> _kcfstreamerrorcodekey= <num> , _kcfstreamerrordomainkey= <num> , nslocalizeddescription=the network connection was lost.}}, nserrorfailingurlstringkey= <url> nserrorfailingurlkey= <url> _kcfstreamerrordomainkey= <num> , _kcfstreamerrorcodekey= <num> , nslocalizeddescription=the network connection was lost.}",1,Mac_C0001624,1,1,"<date> <ip>. <num>, <num>, <id>, [logmessagelogging]: [<id>]-request to send logmessages of count (<num>) failed with error: error domain = nsurlerrordomain code = <num> "" the network connection was lost. "" userinfo = {nsunderlyingerror = <hex> {error domain = kcferrordomaincfnetwork code = <num> "" the network connection was lost. "" userinfo = {nserrorfailingurlstringkey = <url> nserrorfailingurlkey = <url> _kcfstreamerrorcodekey = <num>, _kcfstreamerrordomainkey = <num>, nslocalizeddescription = the network connection was lost.}}, nserrorfailingurlstringkey = <url> nserrorfailingurlkey = <url> _kcfstreamerrordomainkey = <num>, _kcfstreamerrorcodekey = <num>, nslocalizeddescription = the network connection was lost.}",1,1,frequency_representative
98605,-[NETClientConnection evaluateCrazyIvan46] CI46 - Perform CrazyIvan46! QQ.10018 tc26076 203.205.147.205:8080,E468,-[NETClientConnection <*>] <*> - Perform <*>! <*> <*> <*>,1,-[netclientconnection <id> ] ci46 - perform <id> ! <id> tc26076 <ip>,1,Mac_C0001625,1,1,- [netclientconnection <id>] ci 46-perform <id>! <id> tc 26076 <ip>,1,1,frequency_representative
98606,__42-[NETClientConnection evaluateCrazyIvan46]_block_invoke CI46 - Hit by torpedo! QQ.10018 tc26076 203.205.147.205:8080,E224,<*>[NETClientConnection evaluateCrazyIvan46]_block_invoke <*> - Hit by torpedo! <*> <*> <*>,1,__42-[netclientconnection <id> ]_block_invoke ci46 - hit by torpedo! <id> tc26076 <ip>,1,Mac_C0001626,1,1,__ 42-[netclientconnection <id>] _block_invoke ci 46-hit by torpedo! <id> tc 26076 <ip>,1,1,frequency_representative
98608,-[NETClientConnection evaluateCrazyIvan46] CI46 - Perform CrazyIvan46! QQ.10018 tc26077 14.17.32.201:80,E468,-[NETClientConnection <*>] <*> - Perform <*>! <*> <*> <*>,1,-[netclientconnection <id> ] ci46 - perform <id> ! <id> tc26077 <ip>,1,Mac_C0001627,1,1,- [netclientconnection <id>] ci 46-perform <id>! <id> tc 26077 <ip>,1,1,frequency_representative
98609,__42-[NETClientConnection evaluateCrazyIvan46]_block_invoke CI46 - Hit by torpedo! QQ.10018 tc26077 14.17.32.201:80,E224,<*>[NETClientConnection evaluateCrazyIvan46]_block_invoke <*> - Hit by torpedo! <*> <*> <*>,1,__42-[netclientconnection <id> ]_block_invoke ci46 - hit by torpedo! <id> tc26077 <ip>,1,Mac_C0001628,1,1,__ 42-[netclientconnection <id>] _block_invoke ci 46-hit by torpedo! <id> tc 26077 <ip>,1,1,frequency_representative
98611,-[NETClientConnection evaluateCrazyIvan46] CI46 - Perform CrazyIvan46! QQ.10018 tc26078 125.39.133.139:14000,E468,-[NETClientConnection <*>] <*> - Perform <*>! <*> <*> <*>,1,-[netclientconnection <id> ] ci46 - perform <id> ! <id> tc26078 <ip>,1,Mac_C0001629,1,1,- [netclientconnection <id>] ci 46-perform <id>! <id> tc 26078 <ip>,1,1,frequency_representative
98612,__42-[NETClientConnection evaluateCrazyIvan46]_block_invoke CI46 - Hit by torpedo! QQ.10018 tc26078 125.39.133.139:14000,E224,<*>[NETClientConnection evaluateCrazyIvan46]_block_invoke <*> - Hit by torpedo! <*> <*> <*>,1,__42-[netclientconnection <id> ]_block_invoke ci46 - hit by torpedo! <id> tc26078 <ip>,1,Mac_C0001630,1,1,__ 42-[netclientconnection <id>] _block_invoke ci 46-hit by torpedo! <id> tc 26078 <ip>,1,1,frequency_representative
98614,-[NETClientConnection evaluateCrazyIvan46] CI46 - Perform CrazyIvan46! QQ.10018 tc26079 117.144.244.101:443,E468,-[NETClientConnection <*>] <*> - Perform <*>! <*> <*> <*>,1,-[netclientconnection <id> ] ci46 - perform <id> ! <id> tc26079 <ip>,1,Mac_C0001631,1,1,- [netclientconnection <id>] ci 46-perform <id>! <id> tc 26079 <ip>,1,1,frequency_representative
98615,__42-[NETClientConnection evaluateCrazyIvan46]_block_invoke CI46 - Hit by torpedo! QQ.10018 tc26079 117.144.244.101:443,E224,<*>[NETClientConnection evaluateCrazyIvan46]_block_invoke <*> - Hit by torpedo! <*> <*> <*>,1,__42-[netclientconnection <id> ]_block_invoke ci46 - hit by torpedo! <id> tc26079 <ip>,1,Mac_C0001632,1,1,__ 42-[netclientconnection <id>] _block_invoke ci 46-hit by torpedo! <id> tc 26079 <ip>,1,1,frequency_representative
98619,"2017-07-08 05:52:01.917, 30311, 33401ec0, [LogMessageLogging]: [aid-types_12000] - Request to send LogMessages of count (4) failed with Error: Error Domain=NSURLErrorDomain Code=-1003 ""A server with the specified hostname could not be found."" UserInfo={NSUnderlyingError=0x7fe13345ac10 {Error Domain=kCFErrorDomainCFNetwork Code=-1003 ""A server with the specified hostname could not be found."" UserInfo={NSErrorFailingURLStringKey=https://gsp64-ssl.ls.apple.com/a/v2/use, NSErrorFailingURLKey=https://gsp64-ssl.ls.apple.com/a/v2/use, _kCFStreamErrorCodeKey=8, _kCFStreamErrorDomainKey=12, NSLocalizedDescription=A server with the specified hostname could not be found.}}, NSErrorFailingURLStringKey=https://gsp64-ssl.ls.apple.com/a/v2/use, NSErrorFailingURLKey=https://gsp64-ssl.ls.apple.com/a/v2/use, _kCFStreamErrorDomainKey=12, _kCFStreamErrorCodeKey=8, NSLocalizedDescription=A server with the specified hostname could not be found.}",E3,"<*> <*>, <*>, <*>, [LogMessageLogging]: [<*>] - Request to send LogMessages of count (<*>) failed with Error: Error Domain=<*> Code=-<*> <*> UserInfo={NSUnderlyingError=<*> {Error Domain=<*> Code=<*> <*> UserInfo={NSErrorFailingURLStringKey=<*>, NSErrorFailingURLKey=<*>, _kCFStreamErrorCodeKey=<*>, _kCFStreamErrorDomainKey=<*>, NSLocalizedDescription=<*>}}, NSErrorFailingURLStringKey=<*>, NSErrorFailingURLKey=<*>, _kCFStreamErrorDomainKey=<*>, _kCFStreamErrorCodeKey=<*>, NSLocalizedDescription=<*>}",1,"<date> <ip> . <num> , <num> , <id> , [logmessagelogging]: [ <id> ] - request to send logmessages of count ( <num> ) failed with error: error domain=nsurlerrordomain code= <num> ""a server with the specified hostname could not be found."" userinfo={nsunderlyingerror= <hex> {error domain=kcferrordomaincfnetwork code= <num> ""a server with the specified hostname could not be found."" userinfo={nserrorfailingurlstringkey= <url> nserrorfailingurlkey= <url> _kcfstreamerrorcodekey= <num> , _kcfstreamerrordomainkey= <num> , nslocalizeddescription=a server with the specified hostname could not be found.}}, nserrorfailingurlstringkey= <url> nserrorfailingurlkey= <url> _kcfstreamerrordomainkey= <num> , _kcfstreamerrorcodekey= <num> , nslocalizeddescription=a server with the specified hostname could not be found.}",1,Mac_C0001633,1,1,"<date> <ip>. <num>, <num>, <id>, [logmessagelogging]: [<id>]-request to send logmessages of count (<num>) failed with error: error domain = nsurlerrordomain code = <num> "" a server with the specified hostname could not be found. "" userinfo = {nsunderlyingerror = <hex> {error domain = kcferrordomaincfnetwork code = <num> "" a server with the specified hostname could not be found. "" userinfo = {nserrorfailingurlstringkey = <url> nserrorfailingurlkey = <url> _kcfstreamerrorcodekey = <num>, _kcfstreamerrordomainkey = <num>, nslocalizeddescription = a server with the specified hostname could not be found.}}, nserrorfailingurlstringkey = <url> nserrorfailingurlkey = <url> _kcfstreamerrordomainkey = <num>, _kcfstreamerrorcodekey = <num>, nslocalizeddescription = a server with the specified hostname could not be found.}",1,1,frequency_representative
98627,-[NETClientConnection evaluateCrazyIvan46] CI46 - Perform CrazyIvan46! QQ.10018 tc26084 119.81.102.227:80,E468,-[NETClientConnection <*>] <*> - Perform <*>! <*> <*> <*>,1,-[netclientconnection <id> ] ci46 - perform <id> ! <id> tc26084 <ip>,1,Mac_C0001634,1,1,- [netclientconnection <id>] ci 46-perform <id>! <id> tc 26084 <ip>,1,1,frequency_representative
98628,__42-[NETClientConnection evaluateCrazyIvan46]_block_invoke CI46 - Hit by torpedo! QQ.10018 tc26084 119.81.102.227:80,E224,<*>[NETClientConnection evaluateCrazyIvan46]_block_invoke <*> - Hit by torpedo! <*> <*> <*>,1,__42-[netclientconnection <id> ]_block_invoke ci46 - hit by torpedo! <id> tc26084 <ip>,1,Mac_C0001635,1,1,__ 42-[netclientconnection <id>] _block_invoke ci 46-hit by torpedo! <id> tc 26084 <ip>,1,1,frequency_representative
98630,-[NETClientConnection evaluateCrazyIvan46] CI46 - Perform CrazyIvan46! QQ.10018 tc26085 123.151.137.102:80,E468,-[NETClientConnection <*>] <*> - Perform <*>! <*> <*> <*>,1,-[netclientconnection <id> ] ci46 - perform <id> ! <id> tc26085 <ip>,1,Mac_C0001636,1,1,- [netclientconnection <id>] ci 46-perform <id>! <id> tc 26085 <ip>,1,1,frequency_representative
98631,__42-[NETClientConnection evaluateCrazyIvan46]_block_invoke CI46 - Hit by torpedo! QQ.10018 tc26085 123.151.137.102:80,E224,<*>[NETClientConnection evaluateCrazyIvan46]_block_invoke <*> - Hit by torpedo! <*> <*> <*>,1,__42-[netclientconnection <id> ]_block_invoke ci46 - hit by torpedo! <id> tc26085 <ip>,1,Mac_C0001637,1,1,__ 42-[netclientconnection <id>] _block_invoke ci 46-hit by torpedo! <id> tc 26085 <ip>,1,1,frequency_representative
98633,-[NETClientConnection evaluateCrazyIvan46] CI46 - Perform CrazyIvan46! QQ.10018 tc26086 203.205.147.205:8080,E468,-[NETClientConnection <*>] <*> - Perform <*>! <*> <*> <*>,1,-[netclientconnection <id> ] ci46 - perform <id> ! <id> tc26086 <ip>,1,Mac_C0001638,1,1,- [netclientconnection <id>] ci 46-perform <id>! <id> tc 26086 <ip>,1,1,frequency_representative
98634,__42-[NETClientConnection evaluateCrazyIvan46]_block_invoke CI46 - Hit by torpedo! QQ.10018 tc26086 203.205.147.205:8080,E224,<*>[NETClientConnection evaluateCrazyIvan46]_block_invoke <*> - Hit by torpedo! <*> <*> <*>,1,__42-[netclientconnection <id> ]_block_invoke ci46 - hit by torpedo! <id> tc26086 <ip>,1,Mac_C0001639,1,1,__ 42-[netclientconnection <id>] _block_invoke ci 46-hit by torpedo! <id> tc 26086 <ip>,1,1,frequency_representative
98636,-[NETClientConnection evaluateCrazyIvan46] CI46 - Perform CrazyIvan46! QQ.10018 tc26087 14.17.32.201:80,E468,-[NETClientConnection <*>] <*> - Perform <*>! <*> <*> <*>,1,-[netclientconnection <id> ] ci46 - perform <id> ! <id> tc26087 <ip>,1,Mac_C0001640,1,1,- [netclientconnection <id>] ci 46-perform <id>! <id> tc 26087 <ip>,1,1,frequency_representative
98637,__42-[NETClientConnection evaluateCrazyIvan46]_block_invoke CI46 - Hit by torpedo! QQ.10018 tc26087 14.17.32.201:80,E224,<*>[NETClientConnection evaluateCrazyIvan46]_block_invoke <*> - Hit by torpedo! <*> <*> <*>,1,__42-[netclientconnection <id> ]_block_invoke ci46 - hit by torpedo! <id> tc26087 <ip>,1,Mac_C0001641,1,1,__ 42-[netclientconnection <id>] _block_invoke ci 46-hit by torpedo! <id> tc 26087 <ip>,1,1,frequency_representative
98639,-[NETClientConnection evaluateCrazyIvan46] CI46 - Perform CrazyIvan46! QQ.10018 tc26088 125.39.133.139:14000,E468,-[NETClientConnection <*>] <*> - Perform <*>! <*> <*> <*>,1,-[netclientconnection <id> ] ci46 - perform <id> ! <id> tc26088 <ip>,1,Mac_C0001642,1,1,- [netclientconnection <id>] ci 46-perform <id>! <id> tc 26088 <ip>,1,1,frequency_representative
98640,__42-[NETClientConnection evaluateCrazyIvan46]_block_invoke CI46 - Hit by torpedo! QQ.10018 tc26088 125.39.133.139:14000,E224,<*>[NETClientConnection evaluateCrazyIvan46]_block_invoke <*> - Hit by torpedo! <*> <*> <*>,1,__42-[netclientconnection <id> ]_block_invoke ci46 - hit by torpedo! <id> tc26088 <ip>,1,Mac_C0001643,1,1,__ 42-[netclientconnection <id>] _block_invoke ci 46-hit by torpedo! <id> tc 26088 <ip>,1,1,frequency_representative
98642,-[NETClientConnection evaluateCrazyIvan46] CI46 - Perform CrazyIvan46! QQ.10018 tc26089 117.144.244.101:443,E468,-[NETClientConnection <*>] <*> - Perform <*>! <*> <*> <*>,1,-[netclientconnection <id> ] ci46 - perform <id> ! <id> tc26089 <ip>,1,Mac_C0001644,1,1,- [netclientconnection <id>] ci 46-perform <id>! <id> tc 26089 <ip>,1,1,frequency_representative
98643,__42-[NETClientConnection evaluateCrazyIvan46]_block_invoke CI46 - Hit by torpedo! QQ.10018 tc26089 117.144.244.101:443,E224,<*>[NETClientConnection evaluateCrazyIvan46]_block_invoke <*> - Hit by torpedo! <*> <*> <*>,1,__42-[netclientconnection <id> ]_block_invoke ci46 - hit by torpedo! <id> tc26089 <ip>,1,Mac_C0001645,1,1,__ 42-[netclientconnection <id>] _block_invoke ci 46-hit by torpedo! <id> tc 26089 <ip>,1,1,frequency_representative
98695,"notify name ""com.apple.cloudd.accountChanged"" has been registered 20 times - this may be a leak",E324,notify name <*> has been registered <*> times - this may be a leak,1,"notify name ""com.apple.cloudd.accountchanged"" has been registered <num> times - this may be a leak",1,Mac_C0001646,1,1,"notify name "" com. apple. cloudd. accountchanged "" has been registered <num> times-this may be a leak",1,1,frequency_representative
98843,StopHardwareStream,E585,StopHardwareStream,3,stophardwarestream,1,Mac_C0001647,1,3,stophardwarestream,1,1,frequency_representative
98845,AppleCamIn::power_off_hardware,E469,AppleCamIn::power_off_hardware,3,applecamin::power_off_hardware,1,Mac_C0001648,1,3,applecamin:: power_off_hardware,1,1,frequency_representative
98846,[05:55:37.207] <<<< AVCaptureHALDevice >>>> -[AVCaptureHALDevice _removePropertyListeners]: Removing alive observer for device <AVCaptureHALDevice: 0x7f9d6fadd990 [VPAUAggregateAudioDevice-0x7f9cfc76d440][VPAUAggregateAudioDevice-0x7f9cfc76d440]> failed (560947818),E23,[<*>] <<<< AVCaptureHALDevice >>>> -[AVCaptureHALDevice _removePropertyListeners]: Removing alive observer for device <AVCaptureHALDevice: <*> [VPAUAggregateAudioDevice-<*>][VPAUAggregateAudioDevice-<*>]> failed (<*>),2,[ <ip> . <num> ] <<<< avcapturehaldevice >>>> -[avcapturehaldevice _removepropertylisteners]: removing alive observer for device <avcapturehaldevice: <hex> [vpauaggregateaudiodevice- <hex> ][vpauaggregateaudiodevice- <hex> ]> failed ( <num> ),2,Mac_C0001649,2,2,[<ip>. <num>] < < < <avcapturehaldevice> > > >-[avcapturehaldevice _removepropertylisteners]: removing alive observer for device < avcapturehaldevice: <hex> [vpauaggregateaudiodevice-<hex>] [vpauaggregateaudiodevice-<hex>] > failed (<num>),1,1,frequency_representative
98847,[05:55:37.207] <<<< AVCaptureHALDevice >>>> -[AVCaptureHALDevice _removePropertyListeners]: Removing data source observer for device <AVCaptureHALDevice: 0x7f9d6fadd990 [VPAUAggregateAudioDevice-0x7f9cfc76d440][VPAUAggregateAudioDevice-0x7f9cfc76d440]> failed (560947818),E21,[<*>] <<<< AVCaptureHALDevice >>>> -[AVCaptureHALDevice _removePropertyListeners]: Removing data source observer for device <AVCaptureHALDevice: <*> [VPAUAggregateAudioDevice-<*>][VPAUAggregateAudioDevice-<*>]> failed (<*>),2,[ <ip> . <num> ] <<<< avcapturehaldevice >>>> -[avcapturehaldevice _removepropertylisteners]: removing data source observer for device <avcapturehaldevice: <hex> [vpauaggregateaudiodevice- <hex> ][vpauaggregateaudiodevice- <hex> ]> failed ( <num> ),2,Mac_C0001650,2,2,[<ip>. <num>] < < < <avcapturehaldevice> > > >-[avcapturehaldevice _removepropertylisteners]: removing data source observer for device < avcapturehaldevice: <hex> [vpauaggregateaudiodevice-<hex>] [vpauaggregateaudiodevice-<hex>] > failed (<num>),1,1,frequency_representative
98929,process WeChat[24144] caught causing excessive wakeups. Observed wakeups rate (per sec): 651; Maximum permitted wakeups rate (per sec): 150; Observation period: 300 seconds; Task lifetime number of wakeups: 62138078,E27,process <*> caught causing excessive wakeups. Observed wakeups rate (per sec): <*>; Maximum permitted wakeups rate (per sec): <*>; Observation period: <*> seconds; Task lifetime number of wakeups: <*>,1,process wechat[ <num> ] caught causing excessive wakeups. observed wakeups rate (per sec): <num> ; maximum permitted wakeups rate (per sec): <num> ; observation period: <num> seconds; task lifetime number of wakeups: <num>,1,Mac_C0001651,1,1,process wechat [<num>] caught causing excessive wakeups. observed wakeups rate (per sec): <num>; maximum permitted wakeups rate (per sec): <num>; observation period: <num> seconds; task lifetime number of wakeups: <num>,1,1,frequency_representative
98942,-[NETClientConnection evaluateCrazyIvan46] CI46 - Perform CrazyIvan46! NeteaseMusic.17988 tc13050 103.251.128.144:80,E468,-[NETClientConnection <*>] <*> - Perform <*>! <*> <*> <*>,1,-[netclientconnection <id> ] ci46 - perform <id> ! <id> tc13050 <ip>,1,Mac_C0001652,1,1,- [netclientconnection <id>] ci 46-perform <id>! <id> tc 13050 <ip>,1,1,frequency_representative
98944,-[NETClientConnection evaluateCrazyIvan46] CI46 - Perform CrazyIvan46! QQ.10018 tc26105 119.81.102.227:80,E468,-[NETClientConnection <*>] <*> - Perform <*>! <*> <*> <*>,1,-[netclientconnection <id> ] ci46 - perform <id> ! <id> tc26105 <ip>,1,Mac_C0001653,1,1,- [netclientconnection <id>] ci 46-perform <id>! <id> tc 26105 <ip>,1,1,frequency_representative
98951,__42-[NETClientConnection evaluateCrazyIvan46]_block_invoke CI46 - Hit by torpedo! NeteaseMusic.17988 tc13050 103.251.128.144:80,E224,<*>[NETClientConnection evaluateCrazyIvan46]_block_invoke <*> - Hit by torpedo! <*> <*> <*>,1,__42-[netclientconnection <id> ]_block_invoke ci46 - hit by torpedo! <id> tc13050 <ip>,1,Mac_C0001654,1,1,__ 42-[netclientconnection <id>] _block_invoke ci 46-hit by torpedo! <id> tc 13050 <ip>,1,1,frequency_representative
98953,__42-[NETClientConnection evaluateCrazyIvan46]_block_invoke CI46 - Hit by torpedo! QQ.10018 tc26105 119.81.102.227:80,E224,<*>[NETClientConnection evaluateCrazyIvan46]_block_invoke <*> - Hit by torpedo! <*> <*> <*>,1,__42-[netclientconnection <id> ]_block_invoke ci46 - hit by torpedo! <id> tc26105 <ip>,1,Mac_C0001655,1,1,__ 42-[netclientconnection <id>] _block_invoke ci 46-hit by torpedo! <id> tc 26105 <ip>,1,1,frequency_representative
99002,CoreAnimation: context hosting changed while locked!,E332,CoreAnimation: context hosting changed while locked!,1,coreanimation: context hosting changed while locked!,1,Mac_C0001656,1,1,coreanimation: context hosting changed while locked!,1,1,frequency_representative
99099,process WeChat[24144] caught causing excessive wakeups. EXC_RESOURCE supressed due to audio playback,E171,process <*>[<*>] caught causing excessive wakeups. EXC_RESOURCE supressed due to audio playback,1,process wechat[ <num> ] caught causing excessive wakeups. exc_resource supressed due to audio playback,1,Mac_C0001657,1,1,process wechat [<num>] caught causing excessive wakeups. exc_resource supressed due to audio playback,1,1,frequency_representative
99423,<MMSplitView: 0x7f9d59408230>: the delegate <MMMainViewController: 0x7f9d6f96ad10> was sent -splitView:resizeSubviewsWithOldSize: and left the arranged view frames in an inconsistent state:,E38,<MMSplitView: <*>: the delegate <MMMainViewController: <*> was sent -splitView:resizeSubviewsWithOldSize: and left the arranged view frames in an inconsistent state:,1,<mmsplitview: <hex> >: the delegate <mmmainviewcontroller: <hex> > was sent -splitview:resizesubviewswitholdsize: and left the arranged view frames in an inconsistent state:,1,Mac_C0001658,1,1,< mmsplitview: <hex> >: the delegate < mmmainviewcontroller: <hex> > was sent-splitview: resizesubviewswitholdsize: and left the arranged view frames in an inconsistent state:,1,1,frequency_representative
99424,"Split view bounds: {{0, 0}, {710, 877}}",E527,"Split view bounds: {{<*>, <*>}, {<*>, <*>}}",1,"split view bounds: {{ <num> , <num> }, { <num> , <num> }}",1,Mac_C0001659,1,1,"split view bounds: {{<num>, <num>}, {<num>, <num>}}",1,1,frequency_representative
99425,"Arranged view frame: {{0, 0}, {260, 877}}",E516,"Arranged view frame: {{<*>, <*>}, {<*>, <*>}}",2,"arranged view frame: {{ <num> , <num> }, { <num> , <num> }}",2,Mac_C0001660,2,2,"arranged view frame: {{<num>, <num>}, {<num>, <num>}}",1,1,frequency_representative
99427,"The outer edges of the arranged view frames are supposed to line up with the split view's bounds' edges. NSSplitView is working around the problem, perhaps at the cost of more redrawing. (This message is only logged once per NSSplitView.)",E17,"The outer edges of the arranged view frames are supposed to line up with the split view's bounds' edges. NSSplitView is working around the problem, perhaps at the cost of more redrawing. (This message is only logged once per NSSplitView.)",1,"the outer edges of the arranged view frames are supposed to line up with the split view's bounds' edges. nssplitview is working around the problem, perhaps at the cost of more redrawing. (this message is only logged once per nssplitview.)",1,Mac_C0001661,1,1,"the outer edges of the arranged view frames are supposed to line up with the split view ' s bounds ' edges. nssplitview is working around the problem, perhaps at the cost of more redrawing. (this message is only logged once per nssplitview.)",1,1,frequency_representative
99720,-[NETClientConnection evaluateCrazyIvan46] CI46 - Perform CrazyIvan46! QQ.10018 tc26158 14.17.42.23:80,E468,-[NETClientConnection <*>] <*> - Perform <*>! <*> <*> <*>,1,-[netclientconnection <id> ] ci46 - perform <id> ! <id> tc26158 <ip>,1,Mac_C0001662,1,1,- [netclientconnection <id>] ci 46-perform <id>! <id> tc 26158 <ip>,1,1,frequency_representative
99853,-[NETClientConnection evaluateCrazyIvan46] CI46 - Perform CrazyIvan46! QQ.10018 tc26211 119.81.102.227:80,E468,-[NETClientConnection <*>] <*> - Perform <*>! <*> <*> <*>,1,-[netclientconnection <id> ] ci46 - perform <id> ! <id> tc26211 <ip>,1,Mac_C0001663,1,1,- [netclientconnection <id>] ci 46-perform <id>! <id> tc 26211 <ip>,1,1,frequency_representative
99854,__42-[NETClientConnection evaluateCrazyIvan46]_block_invoke CI46 - Hit by torpedo! QQ.10018 tc26211 119.81.102.227:80,E224,<*>[NETClientConnection evaluateCrazyIvan46]_block_invoke <*> - Hit by torpedo! <*> <*> <*>,1,__42-[netclientconnection <id> ]_block_invoke ci46 - hit by torpedo! <id> tc26211 <ip>,1,Mac_C0001664,1,1,__ 42-[netclientconnection <id>] _block_invoke ci 46-hit by torpedo! <id> tc 26211 <ip>,1,1,frequency_representative
