LineId,Content,EventId,EventTemplate,dup_count,normalized_content,normalized_unique_content_count,cluster_id,cluster_size_unique,cluster_weight_dup_sum,cluster_template_guess,cluster_keep_k,selected_rank,selection_reason
1,instruction cache parity error corrected,E208,instruction cache parity error corrected,105924,instruction cache parity error corrected,1,BGL_C0000001,1,105924,instruction cache parity error corrected,1,1,frequency_representative
1477,MidplaneSwitchController performing bit sparing on R27-M1-L3-U18-C bit 3,E93,MidplaneSwitchController performing bit sparing on <*> bit <*>,964,midplaneswitchcontroller performing bit sparing on <id> bit <num>,5,BGL_C0000002,5,964,midplaneswitchcontroller performing bit sparing on <id> bit <num>,1,1,frequency_representative
12947,generating core.0,E310,generating core.<*>,1706751,generating <id>,65536,BGL_C0000003,65536,1706751,generating <id>,1,1,frequency_representative
14661,"1 ddr errors(s) detected and corrected on rank 0, symbol 26, bit 3",E94,"<*> ddr errors(s) detected and corrected on rank <*>, symbol <*> bit <*>",33939,"<num> ddr errors(s) detected and corrected on rank <num> , symbol <num> , bit <num>",4420,BGL_C0000004,4420,33939,"<num> ddr errors (s) detected and corrected on rank <num>, symbol <num>, bit <num>",1,1,frequency_representative
15069,1 L3 EDRAM error(s) (dcr 0x0157) detected and corrected,E218,<*> L3 <*> error(s) (dcr <*>) detected and corrected,4534,<num> l3 edram error(s) (dcr <hex> ) detected and corrected,1263,BGL_C0000005,1312,4978,<num> l 3 <*> error (s) (dcr <hex>) detected and corrected,2,1,frequency_representative
14744,1 L3 directory error(s) (dcr 0x0152) detected and corrected,E218,<*> L3 <*> error(s) (dcr <*>) detected and corrected,444,<num> l3 directory error(s) (dcr <hex> ) detected and corrected,49,BGL_C0000005,1312,4978,<num> l 3 <*> error (s) (dcr <hex>) detected and corrected,2,2,complex_sample
199969,"CE sym 10, at 0x18f71180, mask 0x02",E314,"CE sym <*>, at <*>, mask <*>",201206,"ce sym <num> , at <hex> , mask <hex>",9553,BGL_C0000006,9553,201206,"ce sym <num>, at <hex>, mask <hex>",1,1,frequency_representative
4885,total of 1 ddr error(s) detected and corrected,E191,total of <*> ddr error(s) detected and corrected,28485,total of <num> ddr error(s) detected and corrected,264,BGL_C0000007,264,28485,total of <num> ddr error (s) detected and corrected,1,1,frequency_representative
15157,ddr: activating redundant bit steering: rank=0 symbol=9,E95,ddr: activating redundant bit steering: rank=<*> symbol=<*>,1314,ddr: activating redundant bit steering: rank= <num> symbol= <num>,35,BGL_C0000008,35,1314,ddr: activating redundant bit steering: rank = <num> symbol = <num>,1,1,frequency_representative
4904,"ddr: excessive soft failures, consider replacing the card",E86,"ddr: excessive soft failures, consider replacing the card",41,"ddr: excessive soft failures, consider replacing the card",1,BGL_C0000009,1,41,"ddr: excessive soft failures, consider replacing the card",1,1,frequency_representative
3288565,"ciod: Error loading /home/greeno/_dev2/_pasci2/_hyperclaw.mf.rich/run/_jag_work/raptor.dev.new3d.BGL.CXX_XL.MPI.ex: invalid or missing program image, No such file or directory",E35,"ciod: Error loading <*>: invalid or missing program image, No such file or directory",31336,"ciod: error loading <path> invalid or missing program image, no such file or directory",100,BGL_C0000010,100,31336,"ciod: error loading <path> invalid or missing program image, no such file or directory",1,1,frequency_representative
1247920,1146800 double-hummer alignment exceptions,E237,<*> double-hummer alignment exceptions,295764,<num> double-hummer alignment exceptions,117935,BGL_C0000011,117935,295764,<num> double-hummer alignment exceptions,1,1,frequency_representative
14297,1 tree receiver 2 in re-synch state event(s) (dcr 0x019a) detected,E99,<*> tree receiver <*> in re-synch state event(s) (dcr <*>) detected,7847,<num> tree receiver <num> in re-synch state event(s) (dcr <hex> ) detected,509,BGL_C0000012,509,7847,<num> tree receiver <num> in re-synch state event (s) (dcr <hex>) detected,1,1,frequency_representative
4110452,idoproxydb has been started: $Name: V1R2M0_460_2005 $ Input parameters: -enableflush -loguserinfo db.properties BlueGene1,E98,idoproxydb has been started: $Name: <*> $ Input parameters: <*>,107,idoproxydb has been started: $name: <id> $ input parameters: -enableflush -loguserinfo db.properties <id>,17,BGL_C0000013,17,107,idoproxydb has been started: $ name: <id> $ input parameters:-enableflush-loguserinfo db. properties <id>,1,1,frequency_representative
14730,ciodb has been restarted.,E280,ciodb has been restarted.,129,ciodb has been restarted.,1,BGL_C0000014,1,129,ciodb has been restarted.,1,1,frequency_representative
3016492,ciod: LOGIN chdir(/home/germann2/SPaSM_static) failed: No such file or directory,E118,ciod: LOGIN chdir(<*>) failed: No such file or directory,28583,ciod: login chdir( <path> ) failed: no such file or directory,94,BGL_C0000015,95,30639,ciod: login chdir (<*>) failed: no such file or directory,2,1,frequency_representative
2978274,ciod: LOGIN chdir(pwd) failed: No such file or directory,E118,ciod: LOGIN chdir(<*>) failed: No such file or directory,2056,ciod: login chdir(pwd) failed: no such file or directory,1,BGL_C0000015,95,30639,ciod: login chdir (<*>) failed: no such file or directory,2,2,complex_sample
15701,data TLB error interrupt,E285,data TLB error interrupt,152734,data tlb error interrupt,1,BGL_C0000016,1,152734,data tlb error interrupt,1,1,frequency_representative
395136,instruction address: 0x00004ed8,E301,instruction address: <*>,51227,instruction address: <hex>,213,BGL_C0000017,213,51227,instruction address: <hex>,1,1,frequency_representative
31851,machine check interrupt,E286,machine check interrupt,161,machine check interrupt,1,BGL_C0000018,1,161,machine check interrupt,1,1,frequency_representative
31853,machine check status register: 0x81000000,E265,machine check status register: <*>,246,machine check status register: <hex>,7,BGL_C0000019,7,246,machine check status register: <hex>,1,1,frequency_representative
31854,summary...........................1,E220,summary...........................<*>,406,<id>,9,BGL_C0000020,9,406,<id>,1,1,frequency_representative
31855,instruction plb error.............0,E234,instruction plb error.............<*>,298,instruction plb <id>,2,BGL_C0000021,2,298,instruction plb <id>,1,1,frequency_representative
31856,data read plb error...............0,E248,data read plb error...............<*>,297,data read plb <id>,2,BGL_C0000022,2,297,data read plb <id>,1,1,frequency_representative
31857,data write plb error..............0,E246,data write plb error..............<*>,296,data write plb <id>,2,BGL_C0000023,2,296,data write plb <id>,1,1,frequency_representative
31858,tlb error.........................0,E227,tlb error.........................<*>,296,tlb <id>,2,BGL_C0000024,2,296,tlb <id>,1,1,frequency_representative
31859,i-cache parity error..............0,E238,i-cache parity error..............<*>,296,i-cache parity <id>,1,BGL_C0000025,1,296,i-cache parity <id>,1,1,frequency_representative
31860,d-cache search parity error.......0,E249,d-cache search parity error.......<*>,294,d-cache search parity <id>,2,BGL_C0000026,4,588,d-cache <*> parity <id>,2,1,frequency_representative
31861,d-cache flush parity error........1,E255,d-cache flush parity error.......<*>,294,d-cache flush parity <id>,2,BGL_C0000026,4,588,d-cache <*> parity <id>,2,2,complex_sample
31862,imprecise machine check...........0,E243,imprecise machine check...........<*>,289,imprecise machine <id>,2,BGL_C0000027,2,289,imprecise machine <id>,1,1,frequency_representative
580872,machine state register: 0x00002000,E294,machine state register: <*>,8454,machine state register: <hex>,6,BGL_C0000028,6,8454,machine state register: <hex>,1,1,frequency_representative
31864,wait state enable.................0,E235,wait state enable.................<*>,6745,wait state <id>,1,BGL_C0000029,1,6745,wait state <id>,1,1,frequency_representative
31865,critical input interrupt enable...0,E251,critical input interrupt enable...<*>,6559,critical input interrupt <id>,2,BGL_C0000030,2,6559,critical input interrupt <id>,1,1,frequency_representative
32569,external input interrupt enable...0,E250,external input interrupt enable...<*>,6556,external input interrupt <id>,2,BGL_C0000031,2,6556,external input interrupt <id>,1,1,frequency_representative
32578,"problem state (0=sup,1=usr).......0",E256,"problem state (<*>=sup,<*>=usr).......<*>",6546,"problem state ( <num> =sup, <num> =usr)....... <num>",2,BGL_C0000032,2,6546,"problem state (<num> = sup, <num> = usr)....... <num>",1,1,frequency_representative
31868,floating point instr. enabled.....1,E247,floating point instr. enabled.....<*>,6541,floating point instr. <id>,2,BGL_C0000033,2,6541,floating point instr. <id>,1,1,frequency_representative
605077,machine check enable..............0,E239,machine check enable..............<*>,6538,machine check <id>,2,BGL_C0000034,2,6538,machine check <id>,1,1,frequency_representative
31870,floating pt ex mode 0 enable......0,E262,floating pt ex mode <*> enable......<*>,13044,floating pt ex mode <num> <id>,4,BGL_C0000035,4,13044,floating pt ex mode <num> <id>,1,1,frequency_representative
31871,debug wait enable.................0,E241,debug wait enable.................<*>,6524,debug wait <id>,1,BGL_C0000036,1,6524,debug wait <id>,1,1,frequency_representative
31872,debug interrupt enable............0,E236,debug interrupt enable............<*>,6521,debug interrupt <id>,1,BGL_C0000037,1,6521,debug interrupt <id>,1,1,frequency_representative
31874,instruction address space.........0,E233,instruction address space.........<*>,6506,instruction address <id>,1,BGL_C0000038,1,6506,instruction address <id>,1,1,frequency_representative
31875,data address space................0,E242,data address space................<*>,6503,data address <id>,1,BGL_C0000039,1,6503,data address <id>,1,1,frequency_representative
31876,core configuration register: 0x00002000,E267,core configuration register: <*>,6431,core configuration register: <hex>,2,BGL_C0000040,2,6431,core configuration register: <hex>,1,1,frequency_representative
31877,disable store gathering..................0,E174,disable store gathering..................<*>,6495,disable store <id>,1,BGL_C0000041,1,6495,disable store <id>,1,1,frequency_representative
31878,disable apu instruction broadcast........0,E197,disable apu instruction broadcast........<*>,2396,disable apu instruction <id>,1,BGL_C0000042,1,2396,disable apu instruction <id>,1,1,frequency_representative
31879,disable trace broadcast..................0,E171,disable trace broadcast..................<*>,2393,disable trace <id>,1,BGL_C0000043,1,2393,disable trace <id>,1,1,frequency_representative
31880,guaranteed instruction cache block touch.0,E203,guaranteed instruction cache block touch.<*>,2390,guaranteed instruction cache block touch. <num>,1,BGL_C0000044,1,2390,guaranteed instruction cache block touch. <num>,1,1,frequency_representative
31881,guaranteed data cache block touch........1,E205,guaranteed data cache block touch........<*>,2389,guaranteed data cache block <id>,1,BGL_C0000045,1,2389,guaranteed data cache block <id>,1,1,frequency_representative
31882,force load/store alignment...............0,E183,force load/store alignment...............<*>,2389,force load/store <id>,1,BGL_C0000046,1,2389,force load/store <id>,1,1,frequency_representative
31883,icache prefetch depth....................0,E169,icache prefetch depth....................<*>,2389,icache prefetch <id>,1,BGL_C0000047,1,2389,icache prefetch <id>,1,1,frequency_representative
31884,general purpose registers:,E269,general purpose registers:,2387,general purpose registers:,2,BGL_C0000048,2,2387,general purpose registers:,1,1,frequency_representative
31885,special purpose registers:,E273,special purpose registers:,2384,special purpose registers:,2,BGL_C0000049,2,2384,special purpose registers:,1,1,frequency_representative
692059,lr:00004ed0 cr:28244842 xer:20000002 ctr:00086000,E313,lr:<*> cr:<*> xer:<*> ctr:<*>,2316,<id> <id> <id> <id>,146,BGL_C0000050,146,2316,<id> <id> <id> <id>,1,1,frequency_representative
31887,rts panic! - stopping execution,E264,rts panic! - stopping execution,3983,rts panic! - stopping execution,1,BGL_C0000051,1,3983,rts panic!-stopping execution,1,1,frequency_representative
116980,1 torus receiver x+ input pipe error(s) (dcr 0x02ec) detected and corrected,E70,<*> torus receiver <*> input pipe error(s) (dcr <*>) detected and corrected,2400,<num> torus receiver x+ input pipe error(s) (dcr <hex> ) detected and corrected,127,BGL_C0000052,614,10487,<num> torus receiver <*> <*> input pipe error (s) (dcr <hex>) detected and corrected,3,1,frequency_representative
116969,1 torus receiver z- input pipe error(s) (dcr 0x02f1) detected and corrected,E70,<*> torus receiver <*> input pipe error(s) (dcr <*>) detected and corrected,1987,<num> torus receiver z- input pipe error(s) (dcr <hex> ) detected and corrected,104,BGL_C0000052,614,10487,<num> torus receiver <*> <*> input pipe error (s) (dcr <hex>) detected and corrected,3,2,complex_sample
116892,1 torus receiver y+ input pipe error(s) (dcr 0x02ee) detected and corrected,E70,<*> torus receiver <*> input pipe error(s) (dcr <*>) detected and corrected,1905,<num> torus receiver y+ input pipe error(s) (dcr <hex> ) detected and corrected,88,BGL_C0000052,614,10487,<num> torus receiver <*> <*> input pipe error (s) (dcr <hex>) detected and corrected,3,3,diverse_sample
32758,rts internal error,E306,rts internal error,2187,rts internal error,1,BGL_C0000053,1,2187,rts internal error,1,1,frequency_representative
143163,ciod: Message code 0 is not 51 or 4294967295,E279,ciod: Message code <*> is not <*> or <*>,2278,ciod: message code <num> is not <num> or <num>,2,BGL_C0000054,2,2278,ciod: message code <num> is not <num> or <num>,1,1,frequency_representative
120288,ciod: pollControlDescriptors: Detected the debugger died.,E80,ciod: pollControlDescriptors: Detected the debugger died.,6443,ciod: pollcontroldescriptors: detected the debugger died.,1,BGL_C0000055,1,6443,ciod: pollcontroldescriptors: detected the debugger died.,1,1,frequency_representative
139961,"ciod: for node 39, read continuation request but ioState is 0",E104,ciod: for node <*> read continuation request but ioState is <*>,395,"ciod: for node <num> , read continuation request but iostate is <num>",104,BGL_C0000056,104,395,"ciod: for node <num>, read continuation request but iostate is <num>",1,1,frequency_representative
143164,ciod: cpu 0 at treeaddr 475 sent unrecognized message 0xffffffff,E145,ciod: cpu <*> at treeaddr <*> sent unrecognized message <*>,2569,ciod: cpu <num> at treeaddr <num> sent unrecognized message <hex>,556,BGL_C0000057,556,2569,ciod: cpu <num> at treeaddr <num> sent unrecognized message <hex>,1,1,frequency_representative
866439,ciod: LOGIN chdir(/p/gb2/cjmundy/RUN_MED) failed: Permission denied,E159,ciod: LOGIN chdir(<*>) failed: Permission denied,440,ciod: login chdir( <path> ) failed: permission denied,5,BGL_C0000058,5,440,ciod: login chdir (<path>) failed: permission denied,1,1,frequency_representative
187314,machine check interrupt (bit=0x06): L3 major internal error,E97,machine check interrupt (bit=<*>): L3 major internal error,57,machine check interrupt (bit= <hex> ): l3 major internal error,1,BGL_C0000059,1,57,machine check interrupt (bit = <hex>): l 3 major internal error,1,1,frequency_representative
187367,L3 global control register: 0x001249f0,E274,L3 global control register: <*>,48,l3 global control register: <hex>,1,BGL_C0000060,6,143,l 3 <*> <*> register: <hex>,2,1,frequency_representative
187383,L3 ecc control register: 00000000,E293,L3 ecc control register: <*>,48,l3 ecc control register: <num>,1,BGL_C0000060,6,143,l 3 <*> <*> register: <hex>,2,2,complex_sample
187368,start initialization.....................0,E158,start initialization.....................<*>,192,start <id>,4,BGL_C0000061,4,192,start <id>,1,1,frequency_representative
187372,disable speculative access...............0,E177,disable speculative access...............<*>,48,disable speculative <id>,1,BGL_C0000062,1,48,disable speculative <id>,1,1,frequency_representative
187373,close EDRAM pages as soon as possible....0,E215,close EDRAM pages as soon as possible....<*>,48,close edram pages as soon as <id>,1,BGL_C0000063,1,48,close edram pages as soon as <id>,1,1,frequency_representative
187374,size of scratchpad portion of L3.........0 (0M),E200,size of scratchpad portion of L3.........<*> (<*>),48,size of scratchpad portion of <id> (0m),1,BGL_C0000064,1,48,size of scratchpad portion of <id> (0 m),1,1,frequency_representative
187375,disable all access to cache directory....0,E210,disable all access to cache directory....<*>,48,disable all access to cache <id>,1,BGL_C0000065,1,48,disable all access to cache <id>,1,1,frequency_representative
187376,write buffer commit threshold............2,E198,write buffer commit threshold............<*>,48,write buffer commit <id>,1,BGL_C0000066,1,48,write buffer commit <id>,1,1,frequency_representative
187377,size of DDR we are caching...............1 (512M),E199,size of DDR we are caching...............<*> (<*>),48,size of ddr we are <id> (512m),1,BGL_C0000067,1,48,size of ddr we are <id> (512 m),1,1,frequency_representative
187378,prefetch depth for core 0................1,E212,prefetch depth for core <*>................<*>,96,prefetch depth for core <num> ................ <num>,2,BGL_C0000068,2,96,prefetch depth for core <num>................ <num>,1,1,frequency_representative
187380,max number of outstanding prefetches.....7,E202,max number of outstanding prefetches.....<*>,48,max number of outstanding <id>,1,BGL_C0000069,1,48,max number of outstanding <id>,1,1,frequency_representative
187381,turn on hidden refreshes.................1,E193,turn on hidden refreshes.................<*>,48,turn on hidden <id>,1,BGL_C0000070,1,48,turn on hidden <id>,1,1,frequency_representative
187382,disable write lines 2:4..................0,E217,disable write lines <*>..................<*>,48,disable write lines <num> : <num> .................. <num>,1,BGL_C0000071,1,48,disable write lines <num>: <num>.................. <num>,1,1,frequency_representative
187384,disable flagging of DDR UE's as major internal error.0,E114,disable flagging of DDR UE's as major internal error.<*>,47,disable flagging of ddr ue's as major internal error. <num>,1,BGL_C0000072,1,47,disable flagging of ddr ue ' s as major internal error. <num>,1,1,frequency_representative
187386,correctable error detected in directory 0......0,E214,correctable error detected in directory <*>,94,correctable error detected in directory <num> ...... <num>,2,BGL_C0000073,6,188,correctable error detected in <*> <*> <*>..... <num>,2,1,frequency_representative
187390,correctable error detected in EDRAM bank 0.....0,E216,correctable error detected in EDRAM bank <*>,94,correctable error detected in edram bank <num> ..... <num>,4,BGL_C0000073,6,188,correctable error detected in <*> <*> <*>..... <num>,2,2,complex_sample
187388,uncorrectable error detected in directory 0....0,E143,uncorrectable error detected in directory <*>....<*>,94,uncorrectable error detected in directory <num> .... <num>,2,BGL_C0000074,6,188,uncorrectable error detected in <*> <*> <*>... <num>,2,1,frequency_representative
187392,uncorrectable error detected in EDRAM bank 0...0,E164,uncorrectable error detected in EDRAM bank <*>...<*>,94,uncorrectable error detected in edram bank <num> ... <num>,4,BGL_C0000074,6,188,uncorrectable error detected in <*> <*> <*>... <num>,2,2,complex_sample
187394,parity error in bank 0.........................0,E132,parity error in bank <*>.........................<*>,94,parity error in bank <num> ......................... <num>,3,BGL_C0000075,3,94,parity error in bank <num>......................... <num>,1,1,frequency_representative
187396,uncorrectable error detected in external DDR...1,E126,uncorrectable error detected in external DDR...<*>,47,uncorrectable error detected in external ddr... <num>,2,BGL_C0000076,2,47,uncorrectable error detected in external ddr... <num>,1,1,frequency_representative
187397,parity error in read queue 0...................0,E144,parity error in read queue <*>...................<*>,94,parity error in read queue <num> ................... <num>,2,BGL_C0000077,2,94,parity error in read queue <num>................... <num>,1,1,frequency_representative
187399,number of correctable errors detected in L3 directories...0,E83,number of correctable errors detected in L3 directories...<*>,94,number of correctable errors detected in l3 <id>,4,BGL_C0000078,4,94,number of correctable errors detected in l 3 <id>,1,1,frequency_representative
187400,interrupt threshold...0,E292,interrupt threshold...<*>,94,interrupt <id>,1,BGL_C0000079,1,94,interrupt <id>,1,1,frequency_representative
187403,number of lines with parity errors written to L3 EDRAMs...0,E90,number of lines with parity errors written to L3 EDRAMs...<*>,47,number of lines with parity errors written to l3 <id>,2,BGL_C0000080,2,47,number of lines with parity errors written to l 3 <id>,1,1,frequency_representative
187404,DDR machine check register: 0x00000000 0x00010000,E275,DDR machine check register: <*> <*>,47,ddr machine check register: <hex> <hex>,3,BGL_C0000081,3,47,ddr machine check register: <hex> <hex>,1,1,frequency_representative
187405,memory and bus summary...........................0,E109,memory and bus summary...........................<*>,47,memory and bus <id>,1,BGL_C0000082,1,47,memory and bus <id>,1,1,frequency_representative
187406,command manager unit summary.....................0,E105,command manager unit summary.....................<*>,47,command manager unit <id>,1,BGL_C0000083,1,47,command manager unit <id>,1,1,frequency_representative
187407,memory manager uncorrectable error...............1,E106,memory manager uncorrectable error...............<*>,47,memory manager uncorrectable <id>,2,BGL_C0000084,2,47,memory manager uncorrectable <id>,1,1,frequency_representative
187408,memory manager strobe gate.......................0,E107,memory manager strobe gate.......................<*>,47,memory manager strobe <id>,1,BGL_C0000085,1,47,memory manager strobe <id>,1,1,frequency_representative
187409,memory manager address parity error..............0,E117,memory manager address parity error..............<*>,47,memory manager address parity <id>,1,BGL_C0000086,1,47,memory manager address parity <id>,1,1,frequency_representative
187410,memory manager miscompare........................0,E102,memory manager miscompare........................<*>,47,memory manager <id>,1,BGL_C0000087,1,47,memory manager <id>,1,1,frequency_representative
187411,memory manager address error.....................0,E110,memory manager address error.....................<*>,47,memory manager address <id>,1,BGL_C0000088,1,47,memory manager address <id>,1,1,frequency_representative
187412,memory manager store buffer parity...............0,E115,memory manager store buffer parity...............<*>,47,memory manager store buffer <id>,1,BGL_C0000089,1,47,memory manager store buffer <id>,1,1,frequency_representative
187413,memory manager RMW buffer parity.................0,E116,memory manager RMW buffer parity.................<*>,47,memory manager rmw buffer <id>,1,BGL_C0000090,1,47,memory manager rmw buffer <id>,1,1,frequency_representative
187414,memory manager refresh counter timeout...........0,E113,memory manager refresh counter timeout...........<*>,47,memory manager refresh counter <id>,1,BGL_C0000091,1,47,memory manager refresh counter <id>,1,1,frequency_representative
187415,memory manager refresh contention................0,E108,memory manager refresh contention................<*>,47,memory manager refresh <id>,1,BGL_C0000092,1,47,memory manager refresh <id>,1,1,frequency_representative
187416,state machine....................................0,E96,state machine....................................<*>,47,state <id>,1,BGL_C0000093,1,47,state <id>,1,1,frequency_representative
187417,memory manager / command manager address parity..0,E122,memory manager / command manager address parity..<*>,47,memory manager / command manager address <id>,1,BGL_C0000094,1,47,memory manager/command manager address <id>,1,1,frequency_representative
187418,regctl scancom interface.........................0,E103,regctl scancom interface.........................<*>,47,regctl scancom <id>,1,BGL_C0000095,1,47,regctl scancom <id>,1,1,frequency_representative
2903464,capture valid.........0,E287,capture valid.........<*>,47,capture <id>,2,BGL_C0000096,2,47,capture <id>,1,1,frequency_representative
797758,mask..................0x00,E281,mask..................<*>,47,mask.................. <hex>,6,BGL_C0000097,6,47,mask.................. <hex>,1,1,frequency_representative
187423,address parity error..0,E299,address parity error..<*>,47,address parity <id>,1,BGL_C0000098,1,47,address parity <id>,1,1,frequency_representative
797761,correctable error.....0,E290,correctable error.....<*>,47,correctable <id>,2,BGL_C0000099,2,47,correctable <id>,1,1,frequency_representative
187425,qw trapped............0,E289,qw trapped............<*>,47,qw <id>,1,BGL_C0000100,1,47,qw <id>,1,1,frequency_representative
187426,chip select...........0,E288,chip select...........<*>,47,chip <id>,1,BGL_C0000101,1,47,chip <id>,1,1,frequency_representative
188422,"PrepareForService shutting down NodeCard(mLctn(R33-M1-ND), mCardSernum(203231503833343000000000594c31304b35303034303232), mLp(FF:F2:9F:16:BF:44:00:0D:60:E9:40:BB), mIp(10.3.0.80), mType(4)) as part of Service Action 219",E46,"PrepareForService shutting down NodeCard(<*>, <*>, <*>, <*>, <*>) as part of Service Action <*>",1522,"prepareforservice shutting down nodecard(mlctn( <id> ), mcardsernum( <hex> ), mlp( <ip> ), mip( <ip> ), mtype( <num> )) as part of service action <num>",1522,BGL_C0000102,1522,1522,"prepareforservice shutting down nodecard (mlctn (<id>), mcardsernum (<hex>), mlp (<ip>), mip (<ip>), mtype (<num>)) as part of service action <num>",1,1,frequency_representative
3244437,EndServiceAction is restarting the NodeCards in midplane R63-M0 as part of Service Action 408,E30,EndServiceAction is restarting the NodeCards in midplane <*> as part of Service Action <*>,13,endserviceaction is restarting the nodecards in midplane r63-m0 as part of service action <num>,13,BGL_C0000103,526,537,endserviceaction is restarting the <*> in midplane r <*>-m <*> as part of service action <num>,3,1,frequency_representative
811143,EndServiceAction is restarting the NodeCards in midplane R02-M1 as part of Service Action 223,E30,EndServiceAction is restarting the NodeCards in midplane <*> as part of Service Action <*>,11,endserviceaction is restarting the nodecards in midplane r02-m1 as part of service action <num>,7,BGL_C0000103,526,537,endserviceaction is restarting the <*> in midplane r <*>-m <*> as part of service action <num>,3,2,complex_sample
1243495,EndServiceAction is restarting the LinkCards in midplane R07-M1 as part of Service Action 236,E31,EndServiceAction is restarting the LinkCards in midplane <*> as part of Service Action <*>,4,endserviceaction is restarting the linkcards in midplane r07-m1 as part of service action <num>,4,BGL_C0000103,526,537,endserviceaction is restarting the <*> in midplane r <*>-m <*> as part of service action <num>,3,3,diverse_sample
811144,EndServiceAction 223 performed upon R02-M1-N1 by root,E252,EndServiceAction <*> performed upon <*> by <*>,122,endserviceaction <num> performed upon <id> by root,114,BGL_C0000104,114,122,endserviceaction <num> performed upon <id> by root,1,1,frequency_representative
188426,Node card is not fully functional,E259,Node card is not fully functional,17364,node card is not fully functional,1,BGL_C0000105,1,17364,node card is not fully functional,1,1,frequency_representative
188427,Can not get assembly information for node card,E167,Can not get assembly information for node card,17305,can not get assembly information for node card,1,BGL_C0000106,1,17305,can not get assembly information for node card,1,1,frequency_representative
797920,"Node card VPD check: U01 node in processor card slot J03 do not match. VPD ecid 07460D481A2FFFFF100B1BB116E1, found 076110511C2FFFFF0B0A1B5088DF",E45,"Node card VPD check: <*> node in processor card slot <*> do not match. VPD ecid <*>, found <*>",762,"node card vpd check: u01 node in processor card slot j03 do not match. vpd ecid <hex> , found <hex>",130,BGL_C0000107,4130,21356,"node card vpd check: u <*> node in processor card slot j <*> do not match. vpd ecid <hex>, found <hex>",3,1,frequency_representative
1246196,"Node card VPD check: U11 node in processor card slot J05 do not match. VPD ecid 075B04E8827BFFFF0D0B1C905AF5, found 04E280D7E02FFFFF0F0B1AA156CC",E45,"Node card VPD check: <*> node in processor card slot <*> do not match. VPD ecid <*>, found <*>",605,"node card vpd check: u11 node in processor card slot j05 do not match. vpd ecid <hex> , found <hex>",122,BGL_C0000107,4130,21356,"node card vpd check: u <*> node in processor card slot j <*> do not match. vpd ecid <hex>, found <hex>",3,2,complex_sample
797921,"Node card VPD check: U11 node in processor card slot J03 do not match. VPD ecid 07400D48202FFFFF020B1BF09EE5, found 07421032442FFFFF0D0F1B70C6E0",E45,"Node card VPD check: <*> node in processor card slot <*> do not match. VPD ecid <*>, found <*>",762,"node card vpd check: u11 node in processor card slot j03 do not match. vpd ecid <hex> , found <hex>",130,BGL_C0000107,4130,21356,"node card vpd check: u <*> node in processor card slot j <*> do not match. vpd ecid <hex>, found <hex>",3,3,diverse_sample
219561,machine check interrupt (bit=0x10): L2 DCU read error,E129,machine check interrupt (bit=<*>): L2 DCU read error,3,machine check interrupt (bit= <hex> ): l2 dcu read error,1,BGL_C0000108,1,3,machine check interrupt (bit = <hex>): l 2 dcu read error,1,1,frequency_representative
272706,1 torus sender x- retransmission error(s) (dcr 0x02f5) detected and corrected,E63,<*> torus sender <*> retransmission error(s) (dcr <*>) detected and corrected,253,<num> torus sender x- retransmission error(s) (dcr <hex> ) detected and corrected,64,BGL_C0000109,341,1145,<num> torus sender <*> <*> retransmission error (s) (dcr <hex>) detected and corrected,3,1,frequency_representative
866189,1 torus sender x+ retransmission error(s) (dcr 0x02f4) detected and corrected,E63,<*> torus sender <*> retransmission error(s) (dcr <*>) detected and corrected,237,<num> torus sender x+ retransmission error(s) (dcr <hex> ) detected and corrected,60,BGL_C0000109,341,1145,<num> torus sender <*> <*> retransmission error (s) (dcr <hex>) detected and corrected,3,2,complex_sample
272704,1 torus sender z+ retransmission error(s) (dcr 0x02f8) detected and corrected,E63,<*> torus sender <*> retransmission error(s) (dcr <*>) detected and corrected,180,<num> torus sender z+ retransmission error(s) (dcr <hex> ) detected and corrected,58,BGL_C0000109,341,1145,<num> torus sender <*> <*> retransmission error (s) (dcr <hex>) detected and corrected,3,3,diverse_sample
4080940,L3 correctable errors exceeds threshold (iar 0xc00d6bbc lr 0xc00d5854),E131,L3 correctable errors exceeds threshold (iar <*> lr <*>),20,l3 correctable errors exceeds threshold (iar <hex> lr <hex> ),5,BGL_C0000110,5,20,l 3 correctable errors exceeds threshold (iar <hex> lr <hex>),1,1,frequency_representative
375792,Starting SystemController,E272,Starting SystemController,71,starting systemcontroller,1,BGL_C0000111,1,71,starting systemcontroller,1,1,frequency_representative
375793,Controlling BG/L rows [ 0 1 2 3 ],E291,Controlling BG/L rows [ <*> ],20,controlling bg/l rows [ <num> <num> <num> <num> ],1,BGL_C0000112,1,20,controlling bg/l rows [<num> <num> <num> <num>],1,1,frequency_representative
375794,Running as background command,E266,Running as background command,70,running as background command,1,BGL_C0000113,1,70,running as background command,1,1,frequency_representative
378752,data storage interrupt,E296,data storage interrupt,63493,data storage interrupt,1,BGL_C0000114,1,63493,data storage interrupt,1,1,frequency_representative
465212,exception syndrome register: 0x00800000,E268,exception syndrome register: <*>,18013,exception syndrome register: <hex>,4,BGL_C0000115,4,18013,exception syndrome register: <hex>,1,1,frequency_representative
469308,machine check: i-fetch......................0,E130,machine check: i-fetch......................<*>,18017,machine check: <id>,1,BGL_C0000116,1,18017,machine check: <id>,1,1,frequency_representative
473404,program interrupt: illegal instruction......0,E140,program interrupt: illegal instruction......<*>,13920,program interrupt: illegal <id>,2,BGL_C0000117,2,13920,program interrupt: illegal <id>,1,1,frequency_representative
528710,program interrupt: privileged instruction...0,E135,program interrupt: privileged instruction...<*>,9824,program interrupt: privileged <id>,1,BGL_C0000118,1,9824,program interrupt: privileged <id>,1,1,frequency_representative
532120,program interrupt: trap instruction.........0,E138,program interrupt: trap instruction.........<*>,9824,program interrupt: trap <id>,2,BGL_C0000119,2,9824,program interrupt: trap <id>,1,1,frequency_representative
536224,floating point operation....................0,E128,floating point operation....................<*>,9824,floating point <id>,2,BGL_C0000120,2,9824,floating point <id>,1,1,frequency_representative
540229,store operation.............................1,E123,store operation.............................<*>,9824,store <id>,2,BGL_C0000121,2,9824,store <id>,1,1,frequency_representative
544330,data store interrupt caused by dcbf.........0,E176,data store interrupt caused by dcbf.........<*>,19646,data store interrupt caused by <id>,2,BGL_C0000122,2,19646,data store interrupt caused by <id>,1,1,frequency_representative
552450,auxiliary processor.........................0,E124,auxiliary processor.........................<*>,8419,auxiliary <id>,1,BGL_C0000123,1,8419,auxiliary <id>,1,1,frequency_representative
556445,program interrupt: unimplemented operation..0,E142,program interrupt: unimplemented operation..<*>,8102,program interrupt: unimplemented <id>,1,BGL_C0000124,1,8102,program interrupt: unimplemented <id>,1,1,frequency_representative
560535,byte ordering exception.....................0,E127,byte ordering exception.....................<*>,8102,byte ordering <id>,1,BGL_C0000125,1,8102,byte ordering <id>,1,1,frequency_representative
564555,program interrupt: imprecise exception......0,E139,program interrupt: imprecise exception......<*>,8102,program interrupt: imprecise <id>,1,BGL_C0000126,1,8102,program interrupt: imprecise <id>,1,1,frequency_representative
568656,program interrupt: fp cr update.............0,E156,program interrupt: fp cr update.............<*>,8102,program interrupt: fp cr <id>,1,BGL_C0000127,1,8102,program interrupt: fp cr <id>,1,1,frequency_representative
572739,program interrupt: fp compare...............0,E137,program interrupt: fp compare...............<*>,8102,program interrupt: fp <id>,1,BGL_C0000128,1,8102,program interrupt: fp <id>,1,1,frequency_representative
576865,program interrupt: fp cr field .............0,E170,program interrupt: fp cr field .............<*>,8102,program interrupt: fp cr field ............. <num>,1,BGL_C0000129,1,8102,program interrupt: fp cr field............. <num>,1,1,frequency_representative
736539,1 torus processor sram reception error(s) (dcr 0x02fc) detected and corrected,E56,<*> torus processor sram reception error(s) (dcr <*>) detected and corrected,66,<num> torus processor sram reception error(s) (dcr <hex> ) detected and corrected,43,BGL_C0000130,43,66,<num> torus processor sram reception error (s) (dcr <hex>) detected and corrected,1,1,frequency_representative
774645,external input interrupt (unit=0x02 bit=0x0e): torus sender z- retransmission error was corrected,E27,external input interrupt (unit=<*> bit=<*>): torus sender <*> retransmission error was corrected,289,external input interrupt (unit= <hex> bit= <hex> ): torus sender z- retransmission error was corrected,1,BGL_C0000131,6,1322,external input interrupt (unit = <hex> bit = <hex>): torus sender <*> <*> retransmission error was corrected,3,1,frequency_representative
774648,external input interrupt (unit=0x02 bit=0x0d): torus sender z+ retransmission error was corrected,E27,external input interrupt (unit=<*> bit=<*>): torus sender <*> retransmission error was corrected,281,external input interrupt (unit= <hex> bit= <hex> ): torus sender z+ retransmission error was corrected,1,BGL_C0000131,6,1322,external input interrupt (unit = <hex> bit = <hex>): torus sender <*> <*> retransmission error was corrected,3,2,complex_sample
774644,external input interrupt (unit=0x02 bit=0x0b): torus sender y+ retransmission error was corrected,E27,external input interrupt (unit=<*> bit=<*>): torus sender <*> retransmission error was corrected,261,external input interrupt (unit= <hex> bit= <hex> ): torus sender y+ retransmission error was corrected,1,BGL_C0000131,6,1322,external input interrupt (unit = <hex> bit = <hex>): torus sender <*> <*> retransmission error was corrected,3,3,diverse_sample
788238,external input interrupt (unit=0x01 bit=0x09): number of corrected SRAM errors has exceeded threshold,E24,external input interrupt (unit=<*> bit=<*>): number of corrected SRAM errors has exceeded threshold,39,external input interrupt (unit= <hex> bit= <hex> ): number of corrected sram errors has exceeded threshold,1,BGL_C0000132,1,39,external input interrupt (unit = <hex> bit = <hex>): number of corrected sram errors has exceeded threshold,1,1,frequency_representative
788239,suppressing further interrupts of same type,E188,suppressing further interrupts of same type,7694,suppressing further interrupts of same type,1,BGL_C0000133,1,7694,suppressing further interrupts of same type,1,1,frequency_representative
3320697,Ido chip status changed: FF:F2:9F:16:F0:36:00:0D:60:E9:0F:C9 ip=10.0.1.56 v=13 t=4 status=M Tue Sep 20 09:28:22 PDT 2005,E219,Ido chip status changed: <*> ip=<*> v=<*> t=<*> status=<*> <*>,3383,ido chip status changed: <ip> ip= <ip> v= <num> t= <num> status=m tue sep <num> <ip> pdt <num>,3383,BGL_C0000134,11306,11306,ido chip status changed: <ip> ip = <ip> v = <num> t = <num> status = m <*> <*> <num> <ip> pdt <num>,3,1,frequency_representative
2928481,Ido chip status changed: FF:F2:9F:16:D0:1F:00:0D:60:E9:2F:E0 ip=10.2.1.225 v=13 t=4 status=M Mon Aug 08 11:20:11 PDT 2005,E219,Ido chip status changed: <*> ip=<*> v=<*> t=<*> status=<*> <*>,122,ido chip status changed: <ip> ip= <ip> v= <num> t= <num> status=m mon aug <num> <ip> pdt <num>,122,BGL_C0000134,11306,11306,ido chip status changed: <ip> ip = <ip> v = <num> t = <num> status = m <*> <*> <num> <ip> pdt <num>,3,2,complex_sample
1243627,Ido chip status changed: FF:F2:9F:16:E8:D8:00:0D:60:E9:17:27 ip=10.0.0.166 v=9 t=4 status=M Fri Jul 01 07:48:33 PDT 2005,E219,Ido chip status changed: <*> ip=<*> v=<*> t=<*> status=<*> <*>,802,ido chip status changed: <ip> ip= <ip> v= <num> t= <num> status=m fri jul <num> <ip> pdt <num>,802,BGL_C0000134,11306,11306,ido chip status changed: <ip> ip = <ip> v = <num> t = <num> status = m <*> <*> <num> <ip> pdt <num>,3,3,diverse_sample
811137,BGLMaster has been started: ./BGLMaster --consoleip 127.0.0.1 --consoleport 32035 --configfile bglmaster.init,E32,BGLMaster has been started: ./BGLMaster --consoleip <*> --consoleport <*> --configfile <*>,6,bglmaster has been started: ./bglmaster --consoleip <ip> --consoleport <num> --configfile bglmaster.init,1,BGL_C0000135,1,6,bglmaster has been started:./bglmaster-- consoleip <ip>-- consoleport <num>-- configfile bglmaster. init,1,1,frequency_representative
811197,BglIdoChip table has 2 IDOs with the same IP address (10.0.0.237),E133,BglIdoChip table has <*> IDOs with the same IP address <*>,9,bglidochip table has <num> idos with the same ip address ( <ip> ),5,BGL_C0000136,5,9,bglidochip table has <num> idos with the same ip address (<ip>),1,1,frequency_representative
811198,SerialNumber(000000000000000000000000fff29f16e842000d60e917bd) IpAddress(10.0.0.237) Status(A),E230,SerialNumber(<*>) IpAddress(<*>) Status(<*>),64,serialnumber( <hex> ) ipaddress( <ip> ) status(a),58,BGL_C0000137,58,64,serialnumber (<hex>) ipaddress (<ip>) status (a),1,1,frequency_representative
811410,NodeCard VPD is corrupt,E297,NodeCard VPD is corrupt,10,nodecard vpd is corrupt,1,BGL_C0000138,1,10,nodecard vpd is corrupt,1,1,frequency_representative
830655,ciod: Unexpected eof at line 8193 of node map file /p/gb2/cabot/miranda/newmaps/8k_128x64x1_8x4x4.map,E207,ciod: Unexpected eof at line <*> of node map file <*>,256,ciod: unexpected eof at line <num> of node map file <path>,1,BGL_C0000139,1,256,ciod: unexpected eof at line <num> of node map file <path>,1,1,frequency_representative
830911,ciod: Error creating node map from file /p/gb2/cabot/miranda/newmaps/8k_128x64x1_8x4x4.map: No child processes,E87,ciod: Error creating node map from file <*>: No child processes,256,ciod: error creating node map from file <path> no child processes,1,BGL_C0000140,1,256,ciod: error creating node map from file <path> no child processes,1,1,frequency_representative
831169,"rror threshold, consider replacing the card",E189,"rror threshold, consider replacing the card",22,"rror threshold, consider replacing the card",1,BGL_C0000141,1,22,"rror threshold, consider replacing the card",1,1,frequency_representative
831446,"ddr: Unable to steer rank=0, symbol=12 - rank is already steering symbol 14. Due to multiple symbols being over the correctable",E17,"ddr: Unable to steer rank=<*>, symbol=<*> - rank is already steering symbol <*>. Due to multiple symbols being over the correctable",23,"ddr: unable to steer rank= <num> , symbol= <num> - rank is already steering symbol <num> . due to multiple symbols being over the correctable",3,BGL_C0000142,3,23,"ddr: unable to steer rank = <num>, symbol = <num>-rank is already steering symbol <num>. due to multiple symbols being over the correctable",1,1,frequency_representative
831447,"error threshold, consider replacing the card",E166,"error threshold, consider replacing the card",23,"error threshold, consider replacing the card",1,BGL_C0000143,1,23,"error threshold, consider replacing the card",1,1,frequency_representative
3560080,"ciod: Error loading /home/rfisher/sodscaling/flash2: program image too big, 381013696 > 266076160",E201,"ciod: Error loading <*>: program image too big, <*> > <*>",1416,"ciod: error loading <path> program image too big, <num> > <num>",28,BGL_C0000144,28,1416,"ciod: error loading <path> program image too big, <num> > <num>",1,1,frequency_representative
4116811,"ciod: Error loading -mode VN: invalid or missing program image, No such file or directory",E35,"ciod: Error loading <*>: invalid or missing program image, No such file or directory",1024,"ciod: error loading -mode vn: invalid or missing program image, no such file or directory",1,BGL_C0000145,26,1816,"ciod: error loading <*> <*> <*>: invalid or missing program image, no such file or directory",3,1,frequency_representative
844097,"ciod: Error loading ./userfunc_topologies: invalid or missing program image, No such file or directory",E35,"ciod: Error loading <*>: invalid or missing program image, No such file or directory",16,"ciod: error loading ./userfunc_topologies: invalid or missing program image, no such file or directory",1,BGL_C0000145,26,1816,"ciod: error loading <*> <*> <*>: invalid or missing program image, no such file or directory",3,2,complex_sample
2675788,"ciod: Error loading main3d: invalid or missing program image, No such file or directory",E35,"ciod: Error loading <*>: invalid or missing program image, No such file or directory",288,"ciod: error loading main3d: invalid or missing program image, no such file or directory",1,BGL_C0000145,26,1816,"ciod: error loading <*> <*> <*>: invalid or missing program image, no such file or directory",3,3,diverse_sample
3574507,"ciod: Error loading allreduce_double_V1R1.rts: invalid or missing program image, No such file or directory",E35,"ciod: Error loading <*>: invalid or missing program image, No such file or directory",2056,"ciod: error loading <id> : invalid or missing program image, no such file or directory",3,BGL_C0000146,6,2112,"ciod: error loading <*>: invalid or missing program image, no such file or directory",2,1,frequency_representative
4159706,"ciod: Error loading verbose: invalid or missing program image, No such file or directory",E35,"ciod: Error loading <*>: invalid or missing program image, No such file or directory",32,"ciod: error loading verbose: invalid or missing program image, no such file or directory",1,BGL_C0000146,6,2112,"ciod: error loading <*>: invalid or missing program image, no such file or directory",2,2,complex_sample
1067666,critical input interrupt (unit=0x0b bit=0x0b): warning for torus z- wire,E79,critical input interrupt (unit=<*> bit=<*>): warning for torus <*> wire,1315,critical input interrupt (unit= <hex> bit= <hex> ): warning for torus z- wire,1,BGL_C0000147,12,7682,critical input interrupt (unit = <hex> bit = <hex>): warning for <*> <*> <*> wire,3,1,frequency_representative
1066112,critical input interrupt (unit=0x0b bit=0x0a): warning for torus z+ wire,E79,critical input interrupt (unit=<*> bit=<*>): warning for torus <*> wire,1141,critical input interrupt (unit= <hex> bit= <hex> ): warning for torus z+ wire,1,BGL_C0000147,12,7682,critical input interrupt (unit = <hex> bit = <hex>): warning for <*> <*> <*> wire,3,2,complex_sample
844357,critical input interrupt (unit=0x0b bit=0x17): warning for tree C1 wire,E81,critical input interrupt (unit=<*> bit=<*>): warning for tree <*> wire,1009,critical input interrupt (unit= <hex> bit= <hex> ): warning for tree c1 wire,1,BGL_C0000147,12,7682,critical input interrupt (unit = <hex> bit = <hex>): warning for <*> <*> <*> wire,3,3,diverse_sample
844937,job 20251 timed out. Block freed.,E278,job <*> timed out. Block freed.,306,job <num> timed out. block freed.,306,BGL_C0000148,306,306,job <num> timed out. block freed.,1,1,frequency_representative
846426,program interrupt,E308,program interrupt,3667,program interrupt,1,BGL_C0000149,1,3667,program interrupt,1,1,frequency_representative
2179947,ciod: Y coordinate 31 exceeds physical dimension 16 at line 1 of node map file /home/pakin1/sweep3d-2.2b/results/sweep-8x32x32x2.map,E64,ciod: <*> coordinate <*> exceeds physical dimension <*> at line <*> of node map file <*>,1272,ciod: y coordinate <num> exceeds physical dimension <num> at line <num> of node map file <path>,14,BGL_C0000150,52,3456,ciod: <*> coordinate <num> exceeds physical dimension <num> at line <num> of node map file <path>,2,1,frequency_representative
2183234,ciod: Z coordinate 32 exceeds physical dimension 32 at line 33 of node map file /p/gb2/pakin1/contention-32768cpes-torus/xyzt-1x1x32768x1.map,E64,ciod: <*> coordinate <*> exceeds physical dimension <*> at line <*> of node map file <*>,1024,ciod: z coordinate <num> exceeds physical dimension <num> at line <num> of node map file <path>,2,BGL_C0000150,52,3456,ciod: <*> coordinate <num> exceeds physical dimension <num> at line <num> of node map file <path>,2,2,complex_sample
1949278,8 floating point alignment exceptions,E240,<*> floating point alignment exceptions,267725,<num> floating point alignment exceptions,9041,BGL_C0000151,9041,267725,<num> floating point alignment exceptions,1,1,frequency_representative
1057968,NodeCard temperature sensor chip U52 is not accessible,E120,NodeCard temperature sensor chip <*> is not accessible,1,nodecard temperature sensor chip u52 is not accessible,1,BGL_C0000152,5,5,nodecard temperature sensor chip u <*> is not accessible,3,1,frequency_representative
1057969,NodeCard temperature sensor chip U54 is not accessible,E120,NodeCard temperature sensor chip <*> is not accessible,1,nodecard temperature sensor chip u54 is not accessible,1,BGL_C0000152,5,5,nodecard temperature sensor chip u <*> is not accessible,3,2,complex_sample
1057970,NodeCard temperature sensor chip U56 is not accessible,E120,NodeCard temperature sensor chip <*> is not accessible,1,nodecard temperature sensor chip u56 is not accessible,1,BGL_C0000152,5,5,nodecard temperature sensor chip u <*> is not accessible,3,3,diverse_sample
1057974,NodeCard power module U68 is not accessible,E221,NodeCard power module <*> is not accessible,106,nodecard power module u68 is not accessible,1,BGL_C0000153,4,230,nodecard power module u <*> is not accessible,2,1,frequency_representative
1057976,NodeCard power module U70 is not accessible,E221,NodeCard power module <*> is not accessible,66,nodecard power module u70 is not accessible,1,BGL_C0000153,4,230,nodecard power module u <*> is not accessible,2,2,complex_sample
1057977,NodeCard VPD chip is not accessible,E253,NodeCard VPD chip is not accessible,1,nodecard vpd chip is not accessible,1,BGL_C0000154,1,1,nodecard vpd chip is not accessible,1,1,frequency_representative
1057979,"Node card status: ALERT 0, ALERT 1, ALERT 2, ALERT 3 is (are) active. Clock Mode is Low. Clock Select is Midplane. Phy JTAG Reset is asserted. ASIC JTAG Reset is not asserted. TEMPERATURE MASK IS ACTIVE. No temperature error. Temperature Limit Error Latch is clear. PGOOD is asserted. PGOOD error latch is clear. MPGOOD is OK. MPGOOD error latch is clear. The 2.5 volt rail is OK. The 1.5 volt rail is OK.",E3,Node card status: <*> is (are) active. Clock Mode is <*>. Clock Select is <*>. Phy JTAG Reset is <*>. ASIC JTAG Reset is <*>. TEMPERATURE MASK IS ACTIVE. No temperature error. Temperature Limit Error Latch is clear. PGOOD is <*>. PGOOD error latch is clear. MPGOOD is <*>. MPGOOD error latch is clear. The <*> volt rail is <*>. The <*> volt rail is <*>.,1,"node card status: alert <num> , alert <num> , alert <num> , alert <num> is (are) active. clock mode is low. clock select is midplane. phy jtag reset is asserted. asic jtag reset is not asserted. temperature mask is active. no temperature error. temperature limit error latch is clear. pgood is asserted. pgood error latch is clear. mpgood is ok. mpgood error latch is clear. the <num> volt rail is ok. the <num> volt rail is ok.",1,BGL_C0000155,1,1,"node card status: alert <num>, alert <num>, alert <num>, alert <num> is (are) active. clock mode is low. clock select is midplane. phy jtag reset is asserted. asic jtag reset is not asserted. temperature mask is active. no temperature error. temperature limit error latch is clear. pgood is asserted. pgood error latch is clear. mpgood is ok. mpgood error latch is clear. the <num> volt rail is ok. the <num> volt rail is ok.",1,1,frequency_representative
1057980,Target=ido://FF:F2:9F:16:E6:86:00:0D:60:E9:19:79/JTAG/14 Message=Pll failed to lock,E311,Target=<*> Message=<*>,3,target=ido:// <ip> <path> message=pll failed to lock,2,BGL_C0000156,2,3,target = ido:// <ip> <path> message = pll failed to lock,1,1,frequency_representative
1057983,Target=ido://FF:F2:9F:16:E8:1A:00:0D:60:E9:17:E5/JTAG/0 Message=ScomError,E311,Target=<*> Message=<*>,3,target=ido:// <ip> <path> message=scomerror,2,BGL_C0000157,2,3,target = ido:// <ip> <path> message = scomerror,1,1,frequency_representative
1532940,Target=ido://FF:F2:9F:16:EC:41:00:0D:60:E9:13:BE/JTAG/0 Message=Invalid JtagId = ffffffff,E284,Target=<*> Message=<*> JtagId = <*>,63,target=ido:// <ip> <path> message=invalid jtagid = ffffffff,6,BGL_C0000158,6,63,target = ido:// <ip> <path> message = invalid jtagid = ffffffff,1,1,frequency_representative
1058315,MailboxMonitor::serviceMailboxes() lib_ido_error: -1019 socket closed,E55,MailboxMonitor::serviceMailboxes() lib_ido_error: <*> socket closed,168,mailboxmonitor::servicemailboxes() lib_ido_error: <num> socket closed,1,BGL_C0000159,1,168,mailboxmonitor:: servicemailboxes () lib_ido_error: <num> socket closed,1,1,frequency_representative
1062541,MidplaneSwitchController::sendTrain() port disconnected: R07-M1-L1-U19-E,E73,MidplaneSwitchController::sendTrain() port disconnected: <*>,24,midplaneswitchcontroller::sendtrain() port disconnected: <id>,1,BGL_C0000160,1,24,midplaneswitchcontroller:: sendtrain () port disconnected: <id>,1,1,frequency_representative
1192366,ciod: Error creating node map from file /p/gb2/welcome3/32k_128x256x1_8x4x4.map: Bad file descriptor,E84,ciod: Error creating node map from file <*>: Bad file descriptor,1928,ciod: error creating node map from file <path> bad file descriptor,6,BGL_C0000161,6,1928,ciod: error creating node map from file <path> bad file descriptor,1,1,frequency_representative
2918727,1 torus non-crc error(s) (dcr 0x02fd) detected and corrected,E119,<*> torus non-crc error(s) (dcr <*>) detected and corrected,62,<num> torus non-crc error(s) (dcr <hex> ) detected and corrected,27,BGL_C0000162,27,62,<num> torus non-crc error (s) (dcr <hex>) detected and corrected,1,1,frequency_representative
1196594,shutdown complete,E305,shutdown complete,99,shutdown complete,1,BGL_C0000163,1,99,shutdown complete,1,1,frequency_representative
1241700,machine check interrupt (bit=0x09): Torus/Tree/GI read error 0,E89,machine check interrupt (bit=<*>): Torus/Tree/GI read error <*>,2,machine check interrupt (bit= <hex> ): torus/tree/gi read error <num>,1,BGL_C0000164,1,2,machine check interrupt (bit = <hex>): torus/tree/gi read error <num>,1,1,frequency_representative
2921520,EndServiceAction 311 performed upon R26-M1 by root,E252,EndServiceAction <*> performed upon <*> by <*>,2,endserviceaction <num> performed upon r26-m1 by root,1,BGL_C0000165,12,13,endserviceaction <num> performed upon r <*>-m 1 by root,3,1,frequency_representative
1243497,EndServiceAction 236 performed upon R07-M1 by root,E252,EndServiceAction <*> performed upon <*> by <*>,1,endserviceaction <num> performed upon r07-m1 by root,1,BGL_C0000165,12,13,endserviceaction <num> performed upon r <*>-m 1 by root,3,2,complex_sample
2075783,EndServiceAction 277 performed upon R17-M1 by root,E252,EndServiceAction <*> performed upon <*> by <*>,1,endserviceaction <num> performed upon r17-m1 by root,1,BGL_C0000165,12,13,endserviceaction <num> performed upon r <*>-m 1 by root,3,3,diverse_sample
3245420,EndServiceAction 409 performed upon R63-M0 by root,E252,EndServiceAction <*> performed upon <*> by <*>,4,endserviceaction <num> performed upon r63-m0 by root,4,BGL_C0000166,8,8,endserviceaction <num> performed upon r <*>-m 0 by root,3,1,frequency_representative
1243524,EndServiceAction 237 performed upon R17-M0 by root,E252,EndServiceAction <*> performed upon <*> by <*>,1,endserviceaction <num> performed upon r17-m0 by root,1,BGL_C0000166,8,8,endserviceaction <num> performed upon r <*>-m 0 by root,3,2,complex_sample
2903591,EndServiceAction 301 performed upon R02-M0 by root,E252,EndServiceAction <*> performed upon <*> by <*>,1,endserviceaction <num> performed upon r02-m0 by root,1,BGL_C0000166,8,8,endserviceaction <num> performed upon r <*>-m 0 by root,3,3,diverse_sample
1244212,LinkCard power module U58 is not accessible,E223,LinkCard power module <*> is not accessible,319,linkcard power module u58 is not accessible,1,BGL_C0000167,1,319,linkcard power module u 58 is not accessible,1,1,frequency_representative
1244907,EndServiceAction 246 performed upon R17 by root,E252,EndServiceAction <*> performed upon <*> by <*>,2,endserviceaction <num> performed upon r17 by root,2,BGL_C0000168,27,27,endserviceaction <num> performed upon r <*> by root,3,1,frequency_representative
1244912,EndServiceAction 238 performed upon R07 by root,E252,EndServiceAction <*> performed upon <*> by <*>,2,endserviceaction <num> performed upon r07 by root,2,BGL_C0000168,27,27,endserviceaction <num> performed upon r <*> by root,3,2,complex_sample
1245761,EndServiceAction 244 performed upon R01 by root,E252,EndServiceAction <*> performed upon <*> by <*>,2,endserviceaction <num> performed upon r01 by root,2,BGL_C0000168,27,27,endserviceaction <num> performed upon r <*> by root,3,3,diverse_sample
1245531,NodeCard is not fully functional,E261,NodeCard is not fully functional,60,nodecard is not fully functional,1,BGL_C0000169,1,60,nodecard is not fully functional,1,1,frequency_representative
1246073,LinkCard is not fully functional,E260,LinkCard is not fully functional,248,linkcard is not fully functional,1,BGL_C0000170,1,248,linkcard is not fully functional,1,1,frequency_representative
1246074,this link card is not fully functional,E232,this link card is not fully functional,22,this link card is not fully functional,1,BGL_C0000171,1,22,this link card is not fully functional,1,1,frequency_representative
1246985,no ethernet link,E312,no ethernet link,14,no ethernet link,1,BGL_C0000172,1,14,no ethernet link,1,1,frequency_representative
1263642,"rts: kernel terminated for reason 1004rts: bad message header: expecting type 1, type=3, cpu=0, index=0, total=1",E258,rts: kernel terminated for reason <*>,1139,"rts: kernel terminated for reason 1004rts: bad message header: expecting type <num> , type= <num> , cpu= <num> , index= <num> , total= <num>",7,BGL_C0000173,30,1256,"rts: kernel terminated for reason <*> rts: bad message header: <*> <*> <*>, type = <num>, cpu = <num>, index = <num>, total = <num>",2,1,frequency_representative
2361853,"rts: kernel terminated for reason 1002rts: bad message header: too many packets, type=0, cpu=0, index=1207960132, total=33654976",E258,rts: kernel terminated for reason <*>,117,"rts: kernel terminated for reason 1002rts: bad message header: too many packets, type= <num> , cpu= <num> , index= <num> , total= <num>",23,BGL_C0000173,30,1256,"rts: kernel terminated for reason <*> rts: bad message header: <*> <*> <*>, type = <num>, cpu = <num>, index = <num>, total = <num>",2,2,complex_sample
2192609,"ciod: In packet from node 1352.0 (R07-M1-Nb-C:J14-U11), message code 2 is not 3 or 4294967295 (softheader=00280548 00030000 00000001 00000000)",E71,"ciod: In packet from node <*> (<*>), message code <*> is not <*> or <*> (softheader=<*>)",86,"ciod: in packet from node <num> ( <id> ), message code <num> is not <num> or <num> (softheader= <num> <num> <num> <num> )",86,BGL_C0000174,173,176,"ciod: in packet from node <num> (<id>), message code <num> is not <num> or <num> (softheader = <id> <num> <num> <num>)",3,1,frequency_representative
3283939,"ciod: In packet from node 925.0 (R60-M1-N8-C:J11-U11), message code 2 is not 3 or 4294967295 (softheader=003d039d 000367f2 00000001 00000000)",E71,"ciod: In packet from node <*> (<*>), message code <*> is not <*> or <*> (softheader=<*>)",5,"ciod: in packet from node <num> ( <id> ), message code <num> is not <num> or <num> (softheader= <id> <id> <num> <num> )",5,BGL_C0000174,173,176,"ciod: in packet from node <num> (<id>), message code <num> is not <num> or <num> (softheader = <id> <num> <num> <num>)",3,2,complex_sample
2192600,"ciod: In packet from node 479.0 (R03-M1-N8-C:J03-U11), message code 2 is not 3 or 4294967295 (softheader=003f01df 00030000 00000001 00000000)",E71,"ciod: In packet from node <*> (<*>), message code <*> is not <*> or <*> (softheader=<*>)",85,"ciod: in packet from node <num> ( <id> ), message code <num> is not <num> or <num> (softheader= <id> <num> <num> <num> )",82,BGL_C0000174,173,176,"ciod: in packet from node <num> (<id>), message code <num> is not <num> or <num> (softheader = <id> <num> <num> <num>)",3,3,diverse_sample
1464544,ciod: Missing or invalid fields on line 1 of node map file /home/auselton/bgl/64mps.sequential.mapfile,E111,ciod: Missing or invalid fields on line <*> of node map file <*>,2048,ciod: missing or invalid fields on line <num> of node map file <path>,2,BGL_C0000175,2,2048,ciod: missing or invalid fields on line <num> of node map file <path>,1,1,frequency_representative
1468471,Power deactivated: R05-M0-N4,E304,Power deactivated: <*>,192,power deactivated: <id>,96,BGL_C0000176,96,192,power deactivated: <id>,1,1,frequency_representative
1477902,"Problem reading the ethernet arl entries fro the service card: java.lang.IllegalStateException: while executing I2C Operation caught java.lang.RuntimeException: Communication error: (DirectIDo for com.ibm.ido.DirectIDo object [FF:F2:9F:15:1F:36:00:0D:60:EA:E0:C9@/10.0.0.203:0 with image version 9 and card type 2] is in state = COMMUNICATION_ERROR, sequenceNumberIsOk = false, ExpectedSequenceNumber = 8888, Reply Sequence Number = 9890, timedOut = true, retries = 200, timeout = 1000, Expected Op Command = 2, Actual Op Reply = 2, Expected Sync Command = 32, Actual Sync Reply = 32)",E1,"Problem reading the ethernet arl entries fro the service card: <*>: while executing I2C Operation caught <*>: Communication error: (<*> is in state = <*>, sequenceNumberIsOk = <*>, ExpectedSequenceNumber = <*>, Reply Sequence Number = <*>, timedOut = <*>, retries = <*>, timeout = <*>, Expected Op Command = <*>, Actual Op Reply = <*>, Expected Sync Command = <*>, Actual Sync Reply = <*>)",4,"problem reading the ethernet arl entries fro the service card: java.lang.illegalstateexception: while executing i2c operation caught java.lang.runtimeexception: communication error: (directido for com.ibm.ido.directido object [ <email> with image version <num> and card type <num> ] is in state = communication_error, sequencenumberisok = false, expectedsequencenumber = <num> , reply sequence number = <num> , timedout = true, retries = <num> , timeout = <num> , expected op command = <num> , actual op reply = <num> , expected sync command = <num> , actual sync reply = <num> )",4,BGL_C0000177,4,4,"problem reading the ethernet arl entries fro the service card: java. lang. illegalstateexception: while executing i 2 c operation caught java. lang. runtimeexception: communication error: (directido for com. ibm. ido. directido object [<email> with image version <num> and card type <num>] is in state = communication_error, sequencenumberisok = false, expectedsequencenumber = <num>, reply sequence number = <num>, timedout = true, retries = <num>, timeout = <num>, expected op command = <num>, actual op reply = <num>, expected sync command = <num>, actual sync reply = <num>)",1,1,frequency_representative
1478821,parity error.......0,E303,parity error.......<*>,1,parity <id>,1,BGL_C0000178,1,1,parity <id>,1,1,frequency_representative
1478842,machine state register: machine state register: machine state register: machine state register: machine state register: machine,E294,machine state register: <*>,5,machine state register: machine state register: machine state register: machine state register: machine state register: machine,1,BGL_C0000179,1,5,machine state register: machine state register: machine state register: machine state register: machine state register: machine,1,1,frequency_representative
2863012,New ido chip inserted into the database: FF:F2:9F:15:1F:49:00:0D:60:EA:E0:B6 ip=10.0.0.10 v=9 t=2,E146,New ido chip inserted into the database: <*> ip=<*> v=<*> t=<*>,3455,new ido chip inserted into the database: <ip> ip= <ip> v= <num> t= <num>,3232,BGL_C0000180,3232,3455,new ido chip inserted into the database: <ip> ip = <ip> v = <num> t = <num>,1,1,frequency_representative
1533251,"rts: kernel terminated for reason 1001rts: bad message header: invalid cpu, type=10144, cpu=127, index=0, total=0",E258,rts: kernel terminated for reason <*>,3334,"rts: kernel terminated for reason 1001rts: bad message header: invalid cpu, type= <num> , cpu= <num> , index= <num> , total= <num>",141,BGL_C0000181,141,3334,"rts: kernel terminated for reason 1001 rts: bad message header: invalid cpu, type = <num>, cpu = <num>, index = <num>, total = <num>",1,1,frequency_representative
2195796,"rts: kernel terminated for reason 1002rts: bad message header: too many packets, type=9, cpu=0, index=492612, total=1121468684,",E258,rts: kernel terminated for reason <*>,133,"rts: kernel terminated for reason 1002rts: bad message header: too many packets, type= <num> , cpu= <num> , index= <num> , total= <num> ,",132,BGL_C0000182,132,133,"rts: kernel terminated for reason 1002 rts: bad message header: too many packets, type = <num>, cpu = <num>, index = <num>, total = <num>,",1,1,frequency_representative
1533334,"rts: kernel terminated for reason 1002rts: bad message header: too many packets, type=0, cpu=0, index=32768, total=22302, max=36",E258,rts: kernel terminated for reason <*>,5,"rts: kernel terminated for reason 1002rts: bad message header: too many packets, type= <num> , cpu= <num> , index= <num> , total= <num> , max= <num>",5,BGL_C0000183,5,5,"rts: kernel terminated for reason 1002 rts: bad message header: too many packets, type = <num>, cpu = <num>, index = <num>, total = <num>, max = <num>",1,1,frequency_representative
1533510,"MidplaneSwitchController::parityAlignment() pap failed: R22-M0-L0-U22-D, status=00000000 00000000",E57,MidplaneSwitchController::parityAlignment() pap failed: <*> status=<*>,4,"midplaneswitchcontroller::parityalignment() pap failed: <id> , status= <num> <num>",2,BGL_C0000184,4,8,"midplaneswitchcontroller:: parityalignment () pap failed: <id>, status = <num> <num>",2,1,frequency_representative
1533514,"MidplaneSwitchController::parityAlignment() pap failed: R22-M0-L0-U22-D, status=000a0000 001a0000",E57,MidplaneSwitchController::parityAlignment() pap failed: <*> status=<*>,4,"midplaneswitchcontroller::parityalignment() pap failed: <id> , status= <id> <id>",2,BGL_C0000184,4,8,"midplaneswitchcontroller:: parityalignment () pap failed: <id>, status = <num> <num>",2,2,complex_sample
1534042,ciod: duplicate canonical-rank 31 to logical-rank 0 mapping at line 3 of node map file /p/gb2/pakin1/sweep3d-5x5x400-10mk-3mmi-1024pes-sweep/sweep.map,E38,ciod: duplicate canonical-rank <*> to logical-rank <*> mapping at line <*> of node map file <*>,512,ciod: duplicate canonical-rank <num> to logical-rank <num> mapping at line <num> of node map file <path>,1,BGL_C0000185,1,512,ciod: duplicate canonical-rank <num> to logical-rank <num> mapping at line <num> of node map file <path>,1,1,frequency_representative
1534554,ciod: Error creating node map from file /p/gb2/pakin1/sweep3d-5x5x400-10mk-3mmi-1024pes-sweep/sweep.map: Device or resource busy,E74,ciod: Error creating node map from file <*>: Device or resource busy,512,ciod: error creating node map from file <path> device or resource busy,1,BGL_C0000186,1,512,ciod: error creating node map from file <path> device or resource busy,1,1,frequency_representative
1535136,ciod: Error creating node map from file /p/gb2/pakin1/sweep3d-5x5x400-10mk-3mmi-1024pes-xyzt/xyzt.map: Block device required,E77,ciod: Error creating node map from file <*>: Block device required,1016,ciod: error creating node map from file <path> block device required,25,BGL_C0000187,25,1016,ciod: error creating node map from file <path> block device required,1,1,frequency_representative
2180011,ciod: Error creating node map from file /home/pakin1/sweep3d-2.2b/results/sweep-8x32x32x2.map: Permission denied,E88,ciod: Error creating node map from file <*>: Permission denied,1272,ciod: error creating node map from file <path> permission denied,8,BGL_C0000188,8,1272,ciod: error creating node map from file <path> permission denied,1,1,frequency_representative
2361984,"91, max=366",E318,"<*>, max=<*>",103,"<num> , max= <num>",17,BGL_C0000189,17,103,"<num>, max = <num>",1,1,frequency_representative
1770547,external input interrupt (unit=0x02 bit=0x00): uncorrectable torus error,E65,external input interrupt (unit=<*> bit=<*>): uncorrectable torus error,10,external input interrupt (unit= <hex> bit= <hex> ): uncorrectable torus error,1,BGL_C0000190,1,10,external input interrupt (unit = <hex> bit = <hex>): uncorrectable torus error,1,1,frequency_representative
1770548,Torus non-recoverable error DCRs follow.,E209,Torus non-recoverable error DCRs follow.,10,torus non-recoverable error dcrs follow.,1,BGL_C0000191,1,10,torus non-recoverable error dcrs follow.,1,1,frequency_representative
1951655,"rts: kernel terminated for reason 1002rts: bad message header: too many packets, type=9, cpu=0, index=15022, total=1121124959, m",E258,rts: kernel terminated for reason <*>,20,"rts: kernel terminated for reason 1002rts: bad message header: too many packets, type= <num> , cpu= <num> , index= <num> , total= <num> , m",20,BGL_C0000192,20,20,"rts: kernel terminated for reason 1002 rts: bad message header: too many packets, type = <num>, cpu = <num>, index = <num>, total = <num>, m",1,1,frequency_representative
1951694,"rts: kernel terminated for reason 1002rts: bad message header: too many packets, type=32796, cpu=0, index=2214748, total=0, max=",E258,rts: kernel terminated for reason <*>,1,"rts: kernel terminated for reason 1002rts: bad message header: too many packets, type= <num> , cpu= <num> , index= <num> , total= <num> , max=",1,BGL_C0000193,1,1,"rts: kernel terminated for reason 1002 rts: bad message header: too many packets, type = <num>, cpu = <num>, index = <num>, total = <num>, max =",1,1,frequency_representative
1951759,ax=366,E319,ax=<*>,13,ax= <num>,1,BGL_C0000194,1,13,ax = <num>,1,1,frequency_representative
2957299,"ciod: Error loading /bgl/apps/scaletest/performance/MINIBEN/mb_243_0810/allreduce.rts: invalid or missing program image, Exec format error",E50,"ciod: Error loading <*>: invalid or missing program image, Exec format error",22016,"ciod: error loading <path> invalid or missing program image, exec format error",3,BGL_C0000195,3,22016,"ciod: error loading <path> invalid or missing program image, exec format error",1,1,frequency_representative
2026050,"ciod: Error loading aleamr.bgl-mpxlC-opt.3d.ex: invalid or missing program image, Exec format error",E50,"ciod: Error loading <*>: invalid or missing program image, Exec format error",8,"ciod: error loading <id> : invalid or missing program image, exec format error",1,BGL_C0000196,1,8,"ciod: error loading <id>: invalid or missing program image, exec format error",1,1,frequency_representative
2195698,", max=366",E318,"<*>, max=<*>",13,", max= <num>",1,BGL_C0000197,1,13,", max = <num>",1,1,frequency_representative
2364591,"rts: kernel terminated for reason 1002rts: bad message header: too many packets, type=0, cpu=0, index=4435700, total=4432264, ma",E258,rts: kernel terminated for reason <*>,2,"rts: kernel terminated for reason 1002rts: bad message header: too many packets, type= <num> , cpu= <num> , index= <num> , total= <num> , ma",1,BGL_C0000198,1,2,"rts: kernel terminated for reason 1002 rts: bad message header: too many packets, type = <num>, cpu = <num>, index = <num>, total = <num>, ma",1,1,frequency_representative
2364747,x=366,E320,x=<*>,2,x= <num>,1,BGL_C0000199,1,2,x = <num>,1,1,frequency_representative
2365091,"ciod: Error loading ../homme/build.Linux.preqx: invalid or missing program image, No such file or directory",E35,"ciod: Error loading <*>: invalid or missing program image, No such file or directory",32,"ciod: error loading .. <path> invalid or missing program image, no such file or directory",1,BGL_C0000200,1,32,"ciod: error loading.. <path> invalid or missing program image, no such file or directory",1,1,frequency_representative
2365217,"ciod: Error loading ../homme/build.Linux/preqx -n 1800: invalid or missing program image, No such file or directory",E35,"ciod: Error loading <*>: invalid or missing program image, No such file or directory",64,"ciod: error loading .. <path> -n <num> : invalid or missing program image, no such file or directory",1,BGL_C0000201,1,64,"ciod: error loading.. <path>-n <num>: invalid or missing program image, no such file or directory",1,1,frequency_representative
2365283,ciodb exited normally with exit code 0,E245,ciodb exited normally with exit code <*>,2,ciodb exited normally with exit code <num>,2,BGL_C0000202,2,2,ciodb exited normally with exit code <num>,1,1,frequency_representative
2365374,ciod: Unexpected eof at line 513 of node map file ./map-xyzt-8x8x16x1-2-mid,E207,ciod: Unexpected eof at line <*> of node map file <*>,32,ciod: unexpected eof at line <num> of node map file ./ <id>,1,BGL_C0000203,1,32,ciod: unexpected eof at line <num> of node map file./<id>,1,1,frequency_representative
2365406,ciod: Error creating node map from file ./map-xyzt-8x8x16x1-2-mid: No child processes,E87,ciod: Error creating node map from file <*>: No child processes,32,ciod: error creating node map from file ./ <id> : no child processes,1,BGL_C0000204,2,64,ciod: error creating node map from file <*> <*> <*>: no child processes,2,1,frequency_representative
4104864,ciod: Error creating node map from file map.dat: No child processes,E87,ciod: Error creating node map from file <*>: No child processes,32,ciod: error creating node map from file map.dat: no child processes,1,BGL_C0000204,2,64,ciod: error creating node map from file <*> <*> <*>: no child processes,2,2,complex_sample
2368780,Ido packet timeout,E307,Ido packet timeout,4276,ido packet timeout,1,BGL_C0000205,1,4276,ido packet timeout,1,1,frequency_representative
2859319,"Node card VPD check: missing U01 node, VPD ecid 04C881D4DE2FFFFF020C1C6052EB in processor card slot J18",E85,"Node card VPD check: missing <*>, VPD ecid <*> in processor card slot <*>",188,"node card vpd check: missing u01 node, vpd ecid <hex> in processor card slot j18",25,BGL_C0000206,50,376,"node card vpd check: missing u <*> node, vpd ecid <hex> in processor card slot j 18",2,1,frequency_representative
2859320,"Node card VPD check: missing U11 node, VPD ecid 04DD81D51B2FFFFF06061BB04AE0 in processor card slot J18",E85,"Node card VPD check: missing <*>, VPD ecid <*> in processor card slot <*>",188,"node card vpd check: missing u11 node, vpd ecid <hex> in processor card slot j18",25,BGL_C0000206,50,376,"node card vpd check: missing u <*> node, vpd ecid <hex> in processor card slot j 18",2,2,complex_sample
2860290,DeclareServiceNetworkCharacteristics has been run but the DB is not empty,E41,DeclareServiceNetworkCharacteristics has been run but the DB is not empty,1,declareservicenetworkcharacteristics has been run but the db is not empty,1,BGL_C0000207,1,1,declareservicenetworkcharacteristics has been run but the db is not empty,1,1,frequency_representative
2860291,DeclareServiceNetworkCharacteristics has been run with the force option but the DB is not empty,E23,DeclareServiceNetworkCharacteristics has been run with the force option but the DB is not empty,1,declareservicenetworkcharacteristics has been run with the force option but the db is not empty,1,BGL_C0000208,1,1,declareservicenetworkcharacteristics has been run with the force option but the db is not empty,1,1,frequency_representative
2860292,Added 8 subnets and 409600 addresses to DB,E263,Added <*> subnets and <*> addresses to DB,1,added <num> subnets and <num> addresses to db,1,BGL_C0000209,1,1,added <num> subnets and <num> addresses to db,1,1,frequency_representative
2860294,Controlling BG/L rows [ 0 1 2 3 4 5 6 7 ],E291,Controlling BG/L rows [ <*> ],50,controlling bg/l rows [ <num> <num> <num> <num> <num> <num> <num> <num> ],1,BGL_C0000210,1,50,controlling bg/l rows [<num> <num> <num> <num> <num> <num> <num> <num>],1,1,frequency_representative
2863003,BGLMaster has been started: ./BGLMaster --consoleip 127.0.0.1 --consoleport 32035 --configfile bglmaster.init --autorestart y,E22,BGLMaster has been started: ./BGLMaster --consoleip <*> --consoleport <*> --configfile <*> --autorestart <*>,59,bglmaster has been started: ./bglmaster --consoleip <ip> --consoleport <num> --configfile bglmaster.init --autorestart y,1,BGL_C0000211,1,59,bglmaster has been started:./bglmaster-- consoleip <ip>-- consoleport <num>-- configfile bglmaster. init-- autorestart y,1,1,frequency_representative
2863092,"Found invalid node ecid in processor card slot J02, ecid 0000000000000000000000000000",E121,"Found invalid node ecid in processor card slot <*>, ecid <*>",342,"found invalid node ecid in processor card slot j02, ecid <hex>",1,BGL_C0000212,17,5558,"found invalid node ecid in processor card slot j <*>, ecid <hex>",3,1,frequency_representative
2863149,"Found invalid node ecid in processor card slot J03, ecid 0000000000000000000000000000",E121,"Found invalid node ecid in processor card slot <*>, ecid <*>",342,"found invalid node ecid in processor card slot j03, ecid <hex>",1,BGL_C0000212,17,5558,"found invalid node ecid in processor card slot j <*>, ecid <hex>",3,2,complex_sample
2863192,"Found invalid node ecid in processor card slot J04, ecid 0000000000000000000000000000",E121,"Found invalid node ecid in processor card slot <*>, ecid <*>",342,"found invalid node ecid in processor card slot j04, ecid <hex>",1,BGL_C0000212,17,5558,"found invalid node ecid in processor card slot j <*>, ecid <hex>",3,3,diverse_sample
2863095,"Node card status: ALERT 0, ALERT 1, ALERT 2, ALERT 3 is (are) active. Clock Mode is Low. Clock Select is Midplane. Phy JTAG Reset is asserted. ASIC JTAG Reset is not asserted. Temperature Mask is not active. No temperature error. Temperature Limit Error Latch is clear. PGOOD is asserted. PGOOD error latch is clear. MPGOOD is OK. MPGOOD error latch is clear. The 2.5 volt rail is OK. The 1.5 volt rail is OK.",E2,Node card status: <*> is (are) active. Clock Mode is <*>. Clock Select is <*>. Phy JTAG Reset is <*>. ASIC JTAG Reset is <*>. Temperature Mask is not active. No temperature error. Temperature Limit Error Latch is clear. PGOOD is <*>. PGOOD error latch is clear. MPGOOD is <*>. MPGOOD error latch is clear. The <*> volt rail is <*>. The <*> volt rail is <*>.,171,"node card status: alert <num> , alert <num> , alert <num> , alert <num> is (are) active. clock mode is low. clock select is midplane. phy jtag reset is asserted. asic jtag reset is not asserted. temperature mask is not active. no temperature error. temperature limit error latch is clear. pgood is asserted. pgood error latch is clear. mpgood is ok. mpgood error latch is clear. the <num> volt rail is ok. the <num> volt rail is ok.",1,BGL_C0000213,1,171,"node card status: alert <num>, alert <num>, alert <num>, alert <num> is (are) active. clock mode is low. clock select is midplane. phy jtag reset is asserted. asic jtag reset is not asserted. temperature mask is not active. no temperature error. temperature limit error latch is clear. pgood is asserted. pgood error latch is clear. mpgood is ok. mpgood error latch is clear. the <num> volt rail is ok. the <num> volt rail is ok.",1,1,frequency_representative
2874560,idoproxy exited normally with exit code 0,E224,idoproxy exited normally with exit code <*>,1,idoproxy exited normally with exit code <num>,1,BGL_C0000214,1,1,idoproxy exited normally with exit code <num>,1,1,frequency_representative
2875149,"Problem communicating with service card, ido chip: 00000000:00000000:00000000:FFF29F15:1F48000D:60EAE0B7. java.io.IOException: Could not find EthernetSwitch on port:address 1:136",E16,"Problem communicating with service card, ido chip: <*>. java.io.IOException: Could not find EthernetSwitch on port:address <*>",166,"problem communicating with service card, ido chip: <id> . java.io.ioexception: could not find ethernetswitch on port:address <num> : <num>",2,BGL_C0000215,2,166,"problem communicating with service card, ido chip: <id>. java. io. ioexception: could not find ethernetswitch on port: address <num>: <num>",1,1,frequency_representative
2881128,"Node card VPD check: missing U01 node, VPD ecid 07511093502FFFFF03071BA058E3 in processor card slot J19",E85,"Node card VPD check: missing <*>, VPD ecid <*> in processor card slot <*>",239,"node card vpd check: missing u01 node, vpd ecid <hex> in processor card slot j19",32,BGL_C0000216,64,478,"node card vpd check: missing u <*> node, vpd ecid <hex> in processor card slot j 19",2,1,frequency_representative
2881129,"Node card VPD check: missing U11 node, VPD ecid 074B1093052FFFFF07101C2058EC in processor card slot J19",E85,"Node card VPD check: missing <*>, VPD ecid <*> in processor card slot <*>",239,"node card vpd check: missing u11 node, vpd ecid <hex> in processor card slot j19",32,BGL_C0000216,64,478,"node card vpd check: missing u <*> node, vpd ecid <hex> in processor card slot j 19",2,2,complex_sample
2882235,Bad cable going into LinkCard (203937503438383700000000594C31314B34333237303248) Jtag (0) Port (C) - 1 bad wires,E100,Bad cable going into LinkCard (<*>) Jtag (<*>) Port (<*>) - <*> bad wires,206,bad cable going into linkcard ( <hex> ) jtag ( <num> ) port (c) - <num> bad wires,120,BGL_C0000217,142,232,bad cable going into linkcard (<hex>) jtag (<num>) port (<*>)-<num> bad wires,2,1,frequency_representative
2883061,Bad cable going into LinkCard (203937503438383700000000594C31314B34333435313758) Jtag (1) Port (D) - 1 bad wires,E100,Bad cable going into LinkCard (<*>) Jtag (<*>) Port (<*>) - <*> bad wires,26,bad cable going into linkcard ( <hex> ) jtag ( <num> ) port (d) - <num> bad wires,22,BGL_C0000217,142,232,bad cable going into linkcard (<hex>) jtag (<num>) port (<*>)-<num> bad wires,2,2,complex_sample
2916353,Missing reverse cable: Cable R10-M0-L2 4 E (J13) --> R00-M1-L2 4 D (J15) is present BUT the reverse cable R00-M1-L2 1 E (J05) --> R10-M0-L2 1 D (J07) is missing,E52,Missing reverse cable: Cable <*> is present BUT the reverse cable <*> is missing,168,missing reverse cable: cable <id> <num> e (j13) --> <id> <num> d (j15) is present but the reverse cable <id> <num> e (j05) --> <id> <num> d (j07) is missing,21,BGL_C0000218,104,522,missing reverse cable: cable <id> <num> <*> (j <*>)-- > <id> <num> <*> (j <*>) is present but the reverse cable <id> <num> <*> (j <*>)-- > <id> <num> <*> (j <*>) is missing,3,1,frequency_representative
2916388,Missing reverse cable: Cable R20-M0-L2 4 F (J12) --> R00-M1-L2 4 C (J14) is present BUT the reverse cable R00-M1-L2 1 F (J04) --> R20-M0-L2 1 C (J06) is missing,E52,Missing reverse cable: Cable <*> is present BUT the reverse cable <*> is missing,160,missing reverse cable: cable <id> <num> f (j12) --> <id> <num> c (j14) is present but the reverse cable <id> <num> f (j04) --> <id> <num> c (j06) is missing,20,BGL_C0000218,104,522,missing reverse cable: cable <id> <num> <*> (j <*>)-- > <id> <num> <*> (j <*>) is present but the reverse cable <id> <num> <*> (j <*>)-- > <id> <num> <*> (j <*>) is missing,3,2,complex_sample
2916306,Missing reverse cable: Cable R00-M0-L2 5 F (J17) --> R04-M0-L2 5 C (J16) is present BUT the reverse cable R04-M0-L2 0 F (J03) --> R00-M0-L2 0 C (J02) is missing,E52,Missing reverse cable: Cable <*> is present BUT the reverse cable <*> is missing,44,missing reverse cable: cable <id> <num> f (j17) --> <id> <num> c (j16) is present but the reverse cable <id> <num> f (j03) --> <id> <num> c (j02) is missing,11,BGL_C0000218,104,522,missing reverse cable: cable <id> <num> <*> (j <*>)-- > <id> <num> <*> (j <*>) is present but the reverse cable <id> <num> <*> (j <*>)-- > <id> <num> <*> (j <*>) is missing,3,3,diverse_sample
2883063,Error: unable to mount filesystem,E257,Error: unable to mount filesystem,720,error: unable to mount filesystem,1,BGL_C0000219,1,720,error: unable to mount filesystem,1,1,frequency_representative
2883082,Lustre mount FAILED : bglio4 : block_id : location,E211,Lustre mount FAILED : <*> : block_id : location,17,lustre mount failed : bglio4 : block_id : location,1,BGL_C0000220,99,834,lustre mount failed: bglio <*>: block_id: location,3,1,frequency_representative
2883086,Lustre mount FAILED : bglio10 : block_id : location,E211,Lustre mount FAILED : <*> : block_id : location,15,lustre mount failed : bglio10 : block_id : location,1,BGL_C0000220,99,834,lustre mount failed: bglio <*>: block_id: location,3,2,complex_sample
2883085,Lustre mount FAILED : bglio9 : block_id : location,E211,Lustre mount FAILED : <*> : block_id : location,16,lustre mount failed : bglio9 : block_id : location,1,BGL_C0000220,99,834,lustre mount failed: bglio <*>: block_id: location,3,3,diverse_sample
2883087,"idoproxydb hit ASSERT condition: ASSERT expression=0 Source file=idotransportmgr.cpp Source line=1043 Function=int IdoTransportMgr::SendPacket(IdoUdpMgr*, BglCtlPavTrace*)",E26,idoproxydb hit ASSERT condition: ASSERT expression=<*> Source file=<*> Source line=<*> Function=<*>,84168,"idoproxydb hit assert condition: assert expression= <num> source file=idotransportmgr.cpp source line= <num> function=int idotransportmgr::sendpacket(idoudpmgr*, bglctlpavtrace*)",1,BGL_C0000221,1,84168,"idoproxydb hit assert condition: assert expression = <num> source file = idotransportmgr. cpp source line = <num> function = int idotransportmgr:: sendpacket (idoudpmgr *, bglctlpavtrace *)",1,1,frequency_representative
2883171,"Target=ido://FF:F2:9F:16:E6:04:00:0D:60:E9:19:FB/JTAG/0 Message=JtagId All all zeros, power good may be low",E311,Target=<*> Message=<*>,4,"target=ido:// <ip> <path> message=jtagid all all zeros, power good may be low",1,BGL_C0000222,1,4,"target = ido:// <ip> <path> message = jtagid all all zeros, power good may be low",1,1,frequency_representative
2903376,Microloader Assertion,E298,Microloader Assertion,1504,microloader assertion,1,BGL_C0000223,1,1504,microloader assertion,1,1,frequency_representative
2918257,idoproxydb hit ASSERT condition: ASSERT expression=!(nMsgLen > 0x10000) Source file=idomarshalerio.cpp Source line=1929 Function=int IdoMarshalerRecvBuffer::ReadBlock(IdoMsg::IdoMsgHdr*&),E26,idoproxydb hit ASSERT condition: ASSERT expression=<*> Source file=<*> Source line=<*> Function=<*>,2,idoproxydb hit assert condition: assert expression=!(nmsglen > <hex> ) source file=idomarshalerio.cpp source line= <num> function=int idomarshalerrecvbuffer::readblock(idomsg::idomsghdr*&),1,BGL_C0000224,1,2,idoproxydb hit assert condition: assert expression =! (nmsglen > <hex>) source file = idomarshalerio. cpp source line = <num> function = int idomarshalerrecvbuffer:: readblock (idomsg:: idomsghdr * &),1,1,frequency_representative
2918265,idoproxydb has been started: $Name: V1R1 $ Input parameters: -enableflush -loguserinfo db.properties BlueGene1,E98,idoproxydb has been started: $Name: <*> $ Input parameters: <*>,7,idoproxydb has been started: $name: v1r1 $ input parameters: -enableflush -loguserinfo db.properties <id>,1,BGL_C0000225,1,7,idoproxydb has been started: $ name: v 1 r 1 $ input parameters:-enableflush-loguserinfo db. properties <id>,1,1,frequency_representative
2918269,idoproxydb hit ASSERT condition: ASSERT expression=!(RecvMsgHdr.ulLen > 0x10000) Source file=idomarshalerio.cpp Source line=387 Function=virtual int IdoMarshalerIo::RunRecv(),E26,idoproxydb hit ASSERT condition: ASSERT expression=<*> Source file=<*> Source line=<*> Function=<*>,1,idoproxydb hit assert condition: assert expression=!(recvmsghdr.ullen > <hex> ) source file=idomarshalerio.cpp source line= <num> function=virtual int idomarshalerio::runrecv(),1,BGL_C0000226,1,1,idoproxydb hit assert condition: assert expression =! (recvmsghdr. ullen > <hex>) source file = idomarshalerio. cpp source line = <num> function = virtual int idomarshalerio:: runrecv (),1,1,frequency_representative
2957240,ciod: Error reading message prefix after LOAD_MESSAGE on CioStream socket to 172.16.96.116:58588: Link has been severed,E21,ciod: Error reading message prefix after LOAD_MESSAGE on CioStream socket to <*>: Link has been severed,15273,ciod: error reading message prefix after load_message on ciostream socket to <ip> : link has been severed,12220,BGL_C0000227,12220,15273,ciod: error reading message prefix after load_message on ciostream socket to <ip>: link has been severed,1,1,frequency_representative
2924065,EndServiceAction 321 performed upon R41-M1-NA by orbeck1,E252,EndServiceAction <*> performed upon <*> by <*>,14,endserviceaction <num> performed upon <id> by orbeck1,14,BGL_C0000228,14,14,endserviceaction <num> performed upon <id> by orbeck 1,1,1,frequency_representative
2924162,EndServiceAction 323 performed upon R25 by orbeck1,E252,EndServiceAction <*> performed upon <*> by <*>,1,endserviceaction <num> performed upon r25 by orbeck1,1,BGL_C0000229,1,1,endserviceaction <num> performed upon r 25 by orbeck 1,1,1,frequency_representative
2924279,EndServiceAction 324 performed upon R25-M1 by orbeck1,E252,EndServiceAction <*> performed upon <*> by <*>,1,endserviceaction <num> performed upon r25-m1 by orbeck1,1,BGL_C0000230,1,1,endserviceaction <num> performed upon r 25-m 1 by orbeck 1,1,1,frequency_representative
2927263,"MidplaneSwitchController::parityAlignment() pap failed: R56-M1-L3-U22-C, status=dfffffff fffffd80",E57,MidplaneSwitchController::parityAlignment() pap failed: <*> status=<*>,2,"midplaneswitchcontroller::parityalignment() pap failed: <id> , status=dfffffff <id>",1,BGL_C0000231,1,2,"midplaneswitchcontroller:: parityalignment () pap failed: <id>, status = dfffffff <id>",1,1,frequency_representative
2927265,"MidplaneSwitchController::parityAlignment() pap failed: R56-M1-L3-U22-C, status=ffffffff ffffff80",E57,MidplaneSwitchController::parityAlignment() pap failed: <*> status=<*>,4,"midplaneswitchcontroller::parityalignment() pap failed: <id> , status=ffffffff <id>",2,BGL_C0000232,2,4,"midplaneswitchcontroller:: parityalignment () pap failed: <id>, status = ffffffff <id>",1,1,frequency_representative
2929166,EndServiceAction 345 performed upon R41-M1-N8 by gooding3,E252,EndServiceAction <*> performed upon <*> by <*>,25,endserviceaction <num> performed upon <id> by <id>,24,BGL_C0000233,24,25,endserviceaction <num> performed upon <id> by <id>,1,1,frequency_representative
3263961,EndServiceAction 413 performed upon R63-M0 by gooding3,E252,EndServiceAction <*> performed upon <*> by <*>,2,endserviceaction <num> performed upon r63-m0 by <id>,2,BGL_C0000234,6,6,endserviceaction <num> performed upon r <*>-m <*> by <id>,3,1,frequency_representative
2928499,EndServiceAction 338 performed upon R23-M0 by gooding3,E252,EndServiceAction <*> performed upon <*> by <*>,1,endserviceaction <num> performed upon r23-m0 by <id>,1,BGL_C0000234,6,6,endserviceaction <num> performed upon r <*>-m <*> by <id>,3,2,complex_sample
2929458,EndServiceAction 347 performed upon R55-M1 by gooding3,E252,EndServiceAction <*> performed upon <*> by <*>,1,endserviceaction <num> performed upon r55-m1 by <id>,1,BGL_C0000234,6,6,endserviceaction <num> performed upon r <*>-m <*> by <id>,3,3,diverse_sample
2928612,"MidplaneSwitchController::receiveTrain() iap failed: R72-M1-L1-U18-A, status=beeaabff ec000000",E61,"MidplaneSwitchController::receiveTrain() iap failed: <*>, status=<*>",6,"midplaneswitchcontroller::receivetrain() iap failed: <id> , status=beeaabff <id>",1,BGL_C0000235,1,6,"midplaneswitchcontroller:: receivetrain () iap failed: <id>, status = beeaabff <id>",1,1,frequency_representative
2930374,EndServiceAction 350 performed upon R71-M0-N4 by pjmccart,E252,EndServiceAction <*> performed upon <*> by <*>,9,endserviceaction <num> performed upon <id> by pjmccart,9,BGL_C0000236,9,9,endserviceaction <num> performed upon <id> by pjmccart,1,1,frequency_representative
2938708,rts tree/torus link training failed: wanted: A C X+ X- Y+ Y- Z+ Z- got: A C X+ Y+ Y- Z+ Z-,E125,rts tree/torus link training failed: wanted: <*> got: <*>,54,rts tree/torus link training failed: wanted: a c x+ x- y+ y- z+ z- got: a c x+ y+ y- z+ z-,1,BGL_C0000237,9,186,rts tree/torus link training failed: wanted: <*> c x + x-y + y-z + z-got: <*> c x <*> <*> <*> y <*> <*> <*> z -,3,1,frequency_representative
2938833,rts tree/torus link training failed: wanted: B C X+ X- Y+ Y- Z+ Z- got: B C X+ X- Y+ Y- Z-,E125,rts tree/torus link training failed: wanted: <*> got: <*>,32,rts tree/torus link training failed: wanted: b c x+ x- y+ y- z+ z- got: b c x+ x- y+ y- z-,1,BGL_C0000237,9,186,rts tree/torus link training failed: wanted: <*> c x + x-y + y-z + z-got: <*> c x <*> <*> <*> y <*> <*> <*> z -,3,2,complex_sample
2938700,rts tree/torus link training failed: wanted: A C X+ X- Y+ Y- Z+ Z- got: A C X+ X- Y- Z+ Z-,E125,rts tree/torus link training failed: wanted: <*> got: <*>,18,rts tree/torus link training failed: wanted: a c x+ x- y+ y- z+ z- got: a c x+ x- y- z+ z-,1,BGL_C0000237,9,186,rts tree/torus link training failed: wanted: <*> c x + x-y + y-z + z-got: <*> c x <*> <*> <*> y <*> <*> <*> z -,3,3,diverse_sample
2938701,rts tree/torus link training failed: wanted: C X+ X- Y+ Y- Z+ Z- got: C X+ Y- Z+ Z-,E125,rts tree/torus link training failed: wanted: <*> got: <*>,6,rts tree/torus link training failed: wanted: c x+ x- y+ y- z+ z- got: c x+ y- z+ z-,1,BGL_C0000238,3,10,rts tree/torus link training failed: wanted: c x + x-y + y-z + z-got: c x + <*> <*> <*> <*> z -,2,1,frequency_representative
2938891,rts tree/torus link training failed: wanted: C X+ X- Y+ Y- Z+ Z- got: C X+ Y+ Y- Z-,E125,rts tree/torus link training failed: wanted: <*> got: <*>,2,rts tree/torus link training failed: wanted: c x+ x- y+ y- z+ z- got: c x+ y+ y- z-,1,BGL_C0000238,3,10,rts tree/torus link training failed: wanted: c x + x-y + y-z + z-got: c x + <*> <*> <*> <*> z -,2,2,complex_sample
2938764,rts tree/torus link training failed: wanted: A B C X+ X- Y+ Y- Z+ Z- got: A B C X+ X- Y+ Z+ Z-,E125,rts tree/torus link training failed: wanted: <*> got: <*>,50,rts tree/torus link training failed: wanted: a b c x+ x- y+ y- z+ z- got: a b c x+ x- y+ z+ z-,1,BGL_C0000239,5,136,rts tree/torus link training failed: wanted: a b c x + x-y + y-z + z-got: <*> <*> <*> x <*> <*> <*> y <*> <*> <*> z -,3,1,frequency_representative
2938703,rts tree/torus link training failed: wanted: A B C X+ X- Y+ Y- Z+ Z- got: A B C X+ X- Y- Z+ Z-,E125,rts tree/torus link training failed: wanted: <*> got: <*>,30,rts tree/torus link training failed: wanted: a b c x+ x- y+ y- z+ z- got: a b c x+ x- y- z+ z-,1,BGL_C0000239,5,136,rts tree/torus link training failed: wanted: a b c x + x-y + y-z + z-got: <*> <*> <*> x <*> <*> <*> y <*> <*> <*> z -,3,2,complex_sample
2938784,rts tree/torus link training failed: wanted: A B C X+ X- Y+ Y- Z+ Z- got: C X+ X- Y+ Y- Z+ Z-,E125,rts tree/torus link training failed: wanted: <*> got: <*>,2,rts tree/torus link training failed: wanted: a b c x+ x- y+ y- z+ z- got: c x+ x- y+ y- z+ z-,1,BGL_C0000239,5,136,rts tree/torus link training failed: wanted: a b c x + x-y + y-z + z-got: <*> <*> <*> x <*> <*> <*> y <*> <*> <*> z -,3,3,diverse_sample
2938762,rts tree/torus link training failed: wanted: A C X+ X- Y+ Y- Z+ Z- got: A C X+ Y+ Z+ Z-,E125,rts tree/torus link training failed: wanted: <*> got: <*>,12,rts tree/torus link training failed: wanted: a c x+ x- y+ y- z+ z- got: a c x+ y+ z+ z-,1,BGL_C0000240,10,58,rts tree/torus link training failed: wanted: <*> c x + x-y + y-z + z-got: <*> c x <*> <*> <*> <*> <*> z -,3,1,frequency_representative
2938831,rts tree/torus link training failed: wanted: A C X+ X- Y+ Y- Z+ Z- got: A C X+ Y+ Y- Z-,E125,rts tree/torus link training failed: wanted: <*> got: <*>,10,rts tree/torus link training failed: wanted: a c x+ x- y+ y- z+ z- got: a c x+ y+ y- z-,1,BGL_C0000240,10,58,rts tree/torus link training failed: wanted: <*> c x + x-y + y-z + z-got: <*> c x <*> <*> <*> <*> <*> z -,3,2,complex_sample
2938736,rts tree/torus link training failed: wanted: B C X+ X- Y+ Y- Z+ Z- got: B C X- Y- Z+ Z-,E125,rts tree/torus link training failed: wanted: <*> got: <*>,6,rts tree/torus link training failed: wanted: b c x+ x- y+ y- z+ z- got: b c x- y- z+ z-,1,BGL_C0000240,10,58,rts tree/torus link training failed: wanted: <*> c x + x-y + y-z + z-got: <*> c x <*> <*> <*> <*> <*> z -,3,3,diverse_sample
2938710,rts tree/torus link training failed: wanted: C X+ X- Y+ Y- Z+ Z- got: C X+ Y+ Y- Z+ Z-,E125,rts tree/torus link training failed: wanted: <*> got: <*>,18,rts tree/torus link training failed: wanted: c x+ x- y+ y- z+ z- got: c x+ y+ y- z+ z-,1,BGL_C0000241,4,38,rts tree/torus link training failed: wanted: c x + x-y + y-z + z-got: c x <*> <*> <*> y <*> <*> <*> z -,2,1,frequency_representative
2938733,rts tree/torus link training failed: wanted: C X+ X- Y+ Y- Z+ Z- got: C X- Y+ Y- Z+ Z-,E125,rts tree/torus link training failed: wanted: <*> got: <*>,12,rts tree/torus link training failed: wanted: c x+ x- y+ y- z+ z- got: c x- y+ y- z+ z-,1,BGL_C0000241,4,38,rts tree/torus link training failed: wanted: c x + x-y + y-z + z-got: c x <*> <*> <*> y <*> <*> <*> z -,2,2,complex_sample
2938794,rts tree/torus link training failed: wanted: A B C X+ X- Y+ Y- Z+ Z- got: A B C X- Y+ Z+ Z-,E125,rts tree/torus link training failed: wanted: <*> got: <*>,10,rts tree/torus link training failed: wanted: a b c x+ x- y+ y- z+ z- got: a b c x- y+ z+ z-,1,BGL_C0000242,5,32,rts tree/torus link training failed: wanted: a b c x + x-y + y-z + z-got: <*> <*> <*> <*> <*> <*> <*> <*> <*> z -,3,1,frequency_representative
2938907,rts tree/torus link training failed: wanted: A B C X+ X- Y+ Y- Z+ Z- got: A B C X+ X- Y+ Z-,E125,rts tree/torus link training failed: wanted: <*> got: <*>,8,rts tree/torus link training failed: wanted: a b c x+ x- y+ y- z+ z- got: a b c x+ x- y+ z-,1,BGL_C0000242,5,32,rts tree/torus link training failed: wanted: a b c x + x-y + y-z + z-got: <*> <*> <*> <*> <*> <*> <*> <*> <*> z -,3,2,complex_sample
2938798,rts tree/torus link training failed: wanted: A B C X+ X- Y+ Y- Z+ Z- got: C X- Y+ Y- Z+ Z-,E125,rts tree/torus link training failed: wanted: <*> got: <*>,4,rts tree/torus link training failed: wanted: a b c x+ x- y+ y- z+ z- got: c x- y+ y- z+ z-,1,BGL_C0000242,5,32,rts tree/torus link training failed: wanted: a b c x + x-y + y-z + z-got: <*> <*> <*> <*> <*> <*> <*> <*> <*> z -,3,3,diverse_sample
2938848,rts tree/torus link training failed: wanted: A C X+ X- Y+ Y- Z+ Z- got: A C X+ Y+ Y- Z+,E125,rts tree/torus link training failed: wanted: <*> got: <*>,8,rts tree/torus link training failed: wanted: a c x+ x- y+ y- z+ z- got: a c x+ y+ y- z+,1,BGL_C0000243,5,24,rts tree/torus link training failed: wanted: <*> c x + x-y + y-z + z-got: <*> c x <*> <*> <*> y <*> z +,3,1,frequency_representative
2938799,rts tree/torus link training failed: wanted: A C X+ X- Y+ Y- Z+ Z- got: A C X+ X- Y- Z+,E125,rts tree/torus link training failed: wanted: <*> got: <*>,6,rts tree/torus link training failed: wanted: a c x+ x- y+ y- z+ z- got: a c x+ x- y- z+,1,BGL_C0000243,5,24,rts tree/torus link training failed: wanted: <*> c x + x-y + y-z + z-got: <*> c x <*> <*> <*> y <*> z +,3,2,complex_sample
2938863,rts tree/torus link training failed: wanted: B C X+ X- Y+ Y- Z+ Z- got: B C X+ X- Y+ Z+,E125,rts tree/torus link training failed: wanted: <*> got: <*>,4,rts tree/torus link training failed: wanted: b c x+ x- y+ y- z+ z- got: b c x+ x- y+ z+,1,BGL_C0000243,5,24,rts tree/torus link training failed: wanted: <*> c x + x-y + y-z + z-got: <*> c x <*> <*> <*> y <*> z +,3,3,diverse_sample
2938802,rts tree/torus link training failed: wanted: A B C X+ X- Y+ Y- Z+ Z- got: A B C X+ X- Y- Z+,E125,rts tree/torus link training failed: wanted: <*> got: <*>,6,rts tree/torus link training failed: wanted: a b c x+ x- y+ y- z+ z- got: a b c x+ x- y- z+,1,BGL_C0000244,3,16,rts tree/torus link training failed: wanted: a b c x + x-y + y-z + z-got: a b c x <*> <*> <*> y <*> z +,2,1,frequency_representative
2938862,rts tree/torus link training failed: wanted: A B C X+ X- Y+ Y- Z+ Z- got: A B C X+ X- Y+ Z+,E125,rts tree/torus link training failed: wanted: <*> got: <*>,6,rts tree/torus link training failed: wanted: a b c x+ x- y+ y- z+ z- got: a b c x+ x- y+ z+,1,BGL_C0000244,3,16,rts tree/torus link training failed: wanted: a b c x + x-y + y-z + z-got: a b c x <*> <*> <*> y <*> z +,2,2,complex_sample
2938804,rts tree/torus link training failed: wanted: C X+ X- Y+ Y- Z+ Z- got: C X- Y+ Y- Z+,E125,rts tree/torus link training failed: wanted: <*> got: <*>,4,rts tree/torus link training failed: wanted: c x+ x- y+ y- z+ z- got: c x- y+ y- z+,1,BGL_C0000245,2,8,rts tree/torus link training failed: wanted: c x + x-y + y-z + z-got: c x <*> y + y-z +,2,1,frequency_representative
2938855,rts tree/torus link training failed: wanted: C X+ X- Y+ Y- Z+ Z- got: C X+ Y+ Y- Z+,E125,rts tree/torus link training failed: wanted: <*> got: <*>,4,rts tree/torus link training failed: wanted: c x+ x- y+ y- z+ z- got: c x+ y+ y- z+,1,BGL_C0000245,2,8,rts tree/torus link training failed: wanted: c x + x-y + y-z + z-got: c x <*> y + y-z +,2,2,complex_sample
2938806,rts tree/torus link training failed: wanted: A B C X+ X- Y+ Y- Z+ Z- got: A B C X- Y- Z+,E125,rts tree/torus link training failed: wanted: <*> got: <*>,2,rts tree/torus link training failed: wanted: a b c x+ x- y+ y- z+ z- got: a b c x- y- z+,1,BGL_C0000246,2,4,rts tree/torus link training failed: wanted: a b c x + x-y + y-z + z-got: a b c x-y <*> z +,2,1,frequency_representative
2938886,rts tree/torus link training failed: wanted: A B C X+ X- Y+ Y- Z+ Z- got: A B C X- Y+ Z+,E125,rts tree/torus link training failed: wanted: <*> got: <*>,2,rts tree/torus link training failed: wanted: a b c x+ x- y+ y- z+ z- got: a b c x- y+ z+,1,BGL_C0000246,2,4,rts tree/torus link training failed: wanted: a b c x + x-y + y-z + z-got: a b c x-y <*> z +,2,2,complex_sample
2938809,rts tree/torus link training failed: wanted: A C X+ X- Y+ Y- Z+ Z- got: A C X+ X- Y+ Y- Z+,E125,rts tree/torus link training failed: wanted: <*> got: <*>,24,rts tree/torus link training failed: wanted: a c x+ x- y+ y- z+ z- got: a c x+ x- y+ y- z+,1,BGL_C0000247,2,28,rts tree/torus link training failed: wanted: <*> c x + x-y + y-z + z-got: <*> c x + x-y + y-z +,2,1,frequency_representative
2938817,rts tree/torus link training failed: wanted: B C X+ X- Y+ Y- Z+ Z- got: B C X+ X- Y+ Y- Z+,E125,rts tree/torus link training failed: wanted: <*> got: <*>,4,rts tree/torus link training failed: wanted: b c x+ x- y+ y- z+ z- got: b c x+ x- y+ y- z+,1,BGL_C0000247,2,28,rts tree/torus link training failed: wanted: <*> c x + x-y + y-z + z-got: <*> c x + x-y + y-z +,2,2,complex_sample
2938810,rts tree/torus link training failed: wanted: A B C X+ X- Y+ Y- Z+ Z- got: A B C X+ X- Y+ Y- Z+,E125,rts tree/torus link training failed: wanted: <*> got: <*>,28,rts tree/torus link training failed: wanted: a b c x+ x- y+ y- z+ z- got: a b c x+ x- y+ y- z+,1,BGL_C0000248,1,28,rts tree/torus link training failed: wanted: a b c x + x-y + y-z + z-got: a b c x + x-y + y-z +,1,1,frequency_representative
2938811,rts tree/torus link training failed: wanted: C X+ X- Y+ Y- Z+ Z- got: C X+ X- Y+ Y- Z+,E125,rts tree/torus link training failed: wanted: <*> got: <*>,16,rts tree/torus link training failed: wanted: c x+ x- y+ y- z+ z- got: c x+ x- y+ y- z+,1,BGL_C0000249,1,16,rts tree/torus link training failed: wanted: c x + x-y + y-z + z-got: c x + x-y + y-z +,1,1,frequency_representative
2938823,rts tree/torus link training failed: wanted: C X+ X- Y+ Y- Z+ Z- got: C X+ Y- Z-,E125,rts tree/torus link training failed: wanted: <*> got: <*>,2,rts tree/torus link training failed: wanted: c x+ x- y+ y- z+ z- got: c x+ y- z-,1,BGL_C0000250,1,2,rts tree/torus link training failed: wanted: c x + x-y + y-z + z-got: c x + y-z -,1,1,frequency_representative
2938860,rts tree/torus link training failed: wanted: A C X+ X- Y+ Y- Z+ Z- got: A C X+ Y+ Z+,E125,rts tree/torus link training failed: wanted: <*> got: <*>,2,rts tree/torus link training failed: wanted: a c x+ x- y+ y- z+ z- got: a c x+ y+ z+,1,BGL_C0000251,2,4,rts tree/torus link training failed: wanted: a c x + x-y + y-z + z-got: a c x + y <*> z +,2,1,frequency_representative
2938918,rts tree/torus link training failed: wanted: A C X+ X- Y+ Y- Z+ Z- got: A C X+ Y- Z+,E125,rts tree/torus link training failed: wanted: <*> got: <*>,2,rts tree/torus link training failed: wanted: a c x+ x- y+ y- z+ z- got: a c x+ y- z+,1,BGL_C0000251,2,4,rts tree/torus link training failed: wanted: a c x + x-y + y-z + z-got: a c x + y <*> z +,2,2,complex_sample
2938905,rts tree/torus link training failed: wanted: A C X+ X- Y+ Y- Z+ Z- got: A C X+ Y+ Z-,E125,rts tree/torus link training failed: wanted: <*> got: <*>,2,rts tree/torus link training failed: wanted: a c x+ x- y+ y- z+ z- got: a c x+ y+ z-,1,BGL_C0000252,3,6,rts tree/torus link training failed: wanted: <*> c x + x-y + y-z + z-got: <*> c x <*> y <*> z -,2,1,frequency_representative
2938959,rts tree/torus link training failed: wanted: B C X+ X- Y+ Y- Z+ Z- got: B C X- Y- Z-,E125,rts tree/torus link training failed: wanted: <*> got: <*>,2,rts tree/torus link training failed: wanted: b c x+ x- y+ y- z+ z- got: b c x- y- z-,1,BGL_C0000252,3,6,rts tree/torus link training failed: wanted: <*> c x + x-y + y-z + z-got: <*> c x <*> y <*> z -,2,2,complex_sample
3475895,"ddr: Unable to steer rank=0, symbol=5 - rank is already steering symbol 7. Due to multiple symbols being over the correctable error threshold, consider replacing the card",E8,"ddr: Unable to steer rank=<*>, symbol=<*> - rank is already steering symbol <*>. Due to multiple symbols being over the correctable error threshold, consider replacing the card",197,"ddr: unable to steer rank= <num> , symbol= <num> - rank is already steering symbol <num> . due to multiple symbols being over the correctable error threshold, consider replacing the card",40,BGL_C0000253,40,197,"ddr: unable to steer rank = <num>, symbol = <num>-rank is already steering symbol <num>. due to multiple symbols being over the correctable error threshold, consider replacing the card",1,1,frequency_representative
2940997,rts tree/torus link training failed: wanted: A B C X+ X- Y+ Y- Z+ Z- got: A C X+ X- Y+ Y- Z+ Z-,E125,rts tree/torus link training failed: wanted: <*> got: <*>,9,rts tree/torus link training failed: wanted: a b c x+ x- y+ y- z+ z- got: a c x+ x- y+ y- z+ z-,1,BGL_C0000254,1,9,rts tree/torus link training failed: wanted: a b c x + x-y + y-z + z-got: a c x + x-y + y-z + z -,1,1,frequency_representative
2954042,ciodb exited abnormally due to signal: Aborted,E226,ciodb exited abnormally due to signal: <*>,23,ciodb exited abnormally due to signal: aborted,1,BGL_C0000255,1,23,ciodb exited abnormally due to signal: aborted,1,1,frequency_representative
2954067,EndServiceAction 365 performed upon R10-M1-NC by bwallen,E252,EndServiceAction <*> performed upon <*> by <*>,5,endserviceaction <num> performed upon <id> by bwallen,5,BGL_C0000256,5,5,endserviceaction <num> performed upon <id> by bwallen,1,1,frequency_representative
3470538,"ciod: Error loading /home/spelce1/HPCC_IBM/Urgent/VNM/64K/vnm.rts: invalid or missing program image, Permission denied",E48,"ciod: Error loading <*>: invalid or missing program image, Permission denied",42016,"ciod: error loading <path> invalid or missing program image, permission denied",87,BGL_C0000257,87,42016,"ciod: error loading <path> invalid or missing program image, permission denied",1,1,frequency_representative
3023697,ciod: generated 128 core files for program /home/germann2/BGL-demo/SPaSM_mpi,E228,ciod: generated <*> core files for program <*>,56797,ciod: generated <num> core files for program <path>,725,BGL_C0000258,760,61760,ciod: generated <num> core files for program <path>,2,1,frequency_representative
3256462,ciod: generated 64 core files for program IMB-MPI1.4KB_perf,E228,ciod: generated <*> core files for program <*>,4963,ciod: generated <num> core files for program <id>,35,BGL_C0000258,760,61760,ciod: generated <num> core files for program <path>,2,2,complex_sample
2982544,rts: kernel terminated for reason 1001,E258,rts: kernel terminated for reason <*>,18587,rts: kernel terminated for reason <num>,5,BGL_C0000259,5,18587,rts: kernel terminated for reason <num>,1,1,frequency_representative
3040463,rts: bad message header: cpu 127 invalid (softheader=7ffffc30 10023320 00001001 a2f8074f) PSR0=00000000 PSR1=00000000 PRXF=0000002a PIXF=00000007,E47,rts: bad message header: cpu <*> invalid (softheader=<*>) PSR0=<*> PSR1=<*> PRXF=<*> PIXF=<*>,122,rts: bad message header: cpu <num> invalid (softheader= <id> <num> <num> <id> ) psr0= <num> psr1= <num> prxf= <id> pixf= <num>,30,BGL_C0000260,132,619,rts: bad message header: cpu <num> invalid (softheader = <*> <id> <num> <num>) psr 0 = <num> psr 1 = <num> prxf = <id> pixf = <num>,3,1,frequency_representative
3013347,rts: bad message header: cpu 124 invalid (softheader=7c1f6b86 39200000 7d3c6b86 3c00000a) PSR0=00000000 PSR1=00000000 PRXF=00000000 PIXF=00000007,E47,rts: bad message header: cpu <*> invalid (softheader=<*>) PSR0=<*> PSR1=<*> PRXF=<*> PIXF=<*>,1,rts: bad message header: cpu <num> invalid (softheader= <id> <num> <id> <id> ) psr0= <num> psr1= <num> prxf= <num> pixf= <num>,1,BGL_C0000260,132,619,rts: bad message header: cpu <num> invalid (softheader = <*> <id> <num> <num>) psr 0 = <num> psr 1 = <num> prxf = <id> pixf = <num>,3,2,complex_sample
2990131,rts: bad message header: cpu 255 invalid (softheader=ffffffff 00000016 00000001 00019998) PSR0=00000000 PSR1=00000000 PRXF=0000002a PIXF=00000007,E47,rts: bad message header: cpu <*> invalid (softheader=<*>) PSR0=<*> PSR1=<*> PRXF=<*> PIXF=<*>,11,rts: bad message header: cpu <num> invalid (softheader=ffffffff <num> <num> <num> ) psr0= <num> psr1= <num> prxf= <id> pixf= <num>,3,BGL_C0000260,132,619,rts: bad message header: cpu <num> invalid (softheader = <*> <id> <num> <num>) psr 0 = <num> psr 1 = <num> prxf = <id> pixf = <num>,3,3,diverse_sample
2983338,rts: bad message header: index 0 greater than total 0 (softheader=00000002 00000001 00000000 00000000) PSR0=00000000 PSR1=00000000 PRXF=0000002a PIXF=00000007,E28,rts: bad message header: index <*> greater than total <*> (softheader=<*>) PSR0=<*> PSR1=<*> PRXF=<*> PIXF=<*>,211,rts: bad message header: index <num> greater than total <num> (softheader= <num> <num> <num> <num> ) psr0= <num> psr1= <num> prxf= <id> pixf= <num>,5,BGL_C0000261,16,238,rts: bad message header: index <num> greater than total <num> (softheader = <num> <num> <num> <num>) psr 0 = <id> psr 1 = <num> prxf = <num> pixf = <num>,3,1,frequency_representative
2989989,rts: bad message header: index 0 greater than total 0 (softheader=00000002 00000001 00000000 00000000) PSR0=00000f00 PSR1=00000000 PRXF=0000002a PIXF=00000007,E28,rts: bad message header: index <*> greater than total <*> (softheader=<*>) PSR0=<*> PSR1=<*> PRXF=<*> PIXF=<*>,20,rts: bad message header: index <num> greater than total <num> (softheader= <num> <num> <num> <num> ) psr0= <id> psr1= <num> prxf= <id> pixf= <num>,6,BGL_C0000261,16,238,rts: bad message header: index <num> greater than total <num> (softheader = <num> <num> <num> <num>) psr 0 = <id> psr 1 = <num> prxf = <num> pixf = <num>,3,2,complex_sample
2998763,rts: bad message header: index 0 greater than total 0 (softheader=00000000 00000000 00000000 00000000) PSR0=00000100 PSR1=00000000 PRXF=00020002 PIXF=00000007,E28,rts: bad message header: index <*> greater than total <*> (softheader=<*>) PSR0=<*> PSR1=<*> PRXF=<*> PIXF=<*>,2,rts: bad message header: index <num> greater than total <num> (softheader= <num> <num> <num> <num> ) psr0= <num> psr1= <num> prxf= <num> pixf= <num>,2,BGL_C0000261,16,238,rts: bad message header: index <num> greater than total <num> (softheader = <num> <num> <num> <num>) psr 0 = <id> psr 1 = <num> prxf = <num> pixf = <num>,3,3,diverse_sample
3402453,rts: bad message header: expecting type 57 instead of type 3 (softheader=00131db8 81aa0003 00000002 00000000) PSR0=00001f01 PSR1=00000000 PRXF=00000002 PIXF=00000007,E25,rts: bad message header: expecting type <*> instead of type <*> (softheader=<*>) PSR0=<*> PSR1=<*> PRXF=<*> PIXF=<*>,575,rts: bad message header: expecting type <num> instead of type <num> (softheader= <id> <id> <num> <num> ) psr0= <id> psr1= <num> prxf= <num> pixf= <num>,9,BGL_C0000262,58,1146,rts: bad message header: expecting type <num> instead of type <num> (softheader = <id> <id> <num> <num>) psr 0 = <num> psr 1 = <num> prxf = <num> pixf = <num>,3,1,frequency_representative
2989990,rts: bad message header: expecting type 53 instead of type 11406 (softheader=013b98d3 00332c8e 00000001 00000000) PSR0=00000000 PSR1=00000000 PRXF=0000002a PIXF=00000007,E25,rts: bad message header: expecting type <*> instead of type <*> (softheader=<*>) PSR0=<*> PSR1=<*> PRXF=<*> PIXF=<*>,20,rts: bad message header: expecting type <num> instead of type <num> (softheader= <id> <id> <num> <num> ) psr0= <num> psr1= <num> prxf= <id> pixf= <num>,19,BGL_C0000262,58,1146,rts: bad message header: expecting type <num> instead of type <num> (softheader = <id> <id> <num> <num>) psr 0 = <num> psr 1 = <num> prxf = <num> pixf = <num>,3,2,complex_sample
3285043,rts: bad message header: expecting type 57 instead of type 3 (softheader=00a8ed88 86280003 00000002 00000000) PSR0=00001f01 PSR1=00000000 PRXF=00000002 PIXF=00000007,E25,rts: bad message header: expecting type <*> instead of type <*> (softheader=<*>) PSR0=<*> PSR1=<*> PRXF=<*> PIXF=<*>,512,rts: bad message header: expecting type <num> instead of type <num> (softheader= <id> <num> <num> <num> ) psr0= <id> psr1= <num> prxf= <num> pixf= <num>,2,BGL_C0000262,58,1146,rts: bad message header: expecting type <num> instead of type <num> (softheader = <id> <id> <num> <num>) psr 0 = <num> psr 1 = <num> prxf = <num> pixf = <num>,3,3,diverse_sample
2987446,kernel panic,E315,kernel panic,18,kernel panic,1,BGL_C0000263,1,18,kernel panic,1,1,frequency_representative
2994427,external input interrupt (unit=0x05 bit=0x06): 1M tree receiver 2 in resynch mode,E53,external input interrupt (unit=<*> bit=<*>): 1M tree receiver <*> in resynch mode,1,external input interrupt (unit= <hex> bit= <hex> ): 1m tree receiver <num> in resynch mode,1,BGL_C0000264,1,1,external input interrupt (unit = <hex> bit = <hex>): 1 m tree receiver <num> in resynch mode,1,1,frequency_representative
3239344,mmcs_db_server has been started: ./mmcs_db_server --useDatabase BGL --dbproperties serverdb.properties --iolog /bgl/BlueLight/logs/BGL --reconnect-blocks all --shutdown-timeout 120,E14,mmcs_db_server has been started: ./mmcs_db_server --useDatabase <*> --dbproperties <*> --iolog <*> --reconnect-blocks <*> --shutdown-timeout <*>,56,mmcs_db_server has been started: ./mmcs_db_server --usedatabase bgl --dbproperties serverdb.properties --iolog /bgl/bluelight/logs/bgl --reconnect-blocks all --shutdown-timeout <num>,3,BGL_C0000265,4,72,mmcs_db_server has been started:./mmcs_db_server-- usedatabase bgl-- dbproperties <*>. properties-- iolog/bgl/bluelight/logs/bgl-- reconnect-blocks all-- shutdown-timeout <num>,2,1,frequency_representative
4090199,mmcs_db_server has been started: ./mmcs_db_server --useDatabase BGL --dbproperties db.properties --iolog /bgl/BlueLight/logs/BGL --reconnect-blocks all --shutdown-timeout 120,E14,mmcs_db_server has been started: ./mmcs_db_server --useDatabase <*> --dbproperties <*> --iolog <*> --reconnect-blocks <*> --shutdown-timeout <*>,16,mmcs_db_server has been started: ./mmcs_db_server --usedatabase bgl --dbproperties db.properties --iolog /bgl/bluelight/logs/bgl --reconnect-blocks all --shutdown-timeout <num>,1,BGL_C0000265,4,72,mmcs_db_server has been started:./mmcs_db_server-- usedatabase bgl-- dbproperties <*>. properties-- iolog/bgl/bluelight/logs/bgl-- reconnect-blocks all-- shutdown-timeout <num>,2,2,complex_sample
3043853,Lustre mount FAILED : bglio624 : block_id : location,E211,Lustre mount FAILED : <*> : block_id : location,4271,lustre mount failed : <id> : block_id : location,925,BGL_C0000266,925,4271,lustre mount failed: <id>: block_id: location,1,1,frequency_representative
3638372,iar 001061dc dear 0244c25c,E317,iar <*> dear <*>,243400,iar <id> dear <id>,15969,BGL_C0000267,20931,442966,iar <id> dear <id>,3,1,frequency_representative
3630179,iar 00106210 dear 0244c20c,E317,iar <*> dear <*>,189438,iar <num> dear <id>,3797,BGL_C0000267,20931,442966,iar <id> dear <id>,3,2,complex_sample
3195568,iar 0014a150 dear 00983048,E317,iar <*> dear <*>,10128,iar <id> dear <num>,1165,BGL_C0000267,20931,442966,iar <id> dear <id>,3,3,diverse_sample
3434595,ciod: generated 128 core files for program /bgl/apps/SWL/stability/DDCMD//ddcMDbglV,E228,ciod: generated <*> core files for program <*>,513,ciod: generated <num> core files for program <path> /ddcmdbglv,2,BGL_C0000268,5,590,ciod: generated <num> core files for program <*>/ddcmdbglv,2,1,frequency_representative
3809980,ciod: generated 128 core files for program ./ddcMDbglV,E228,ciod: generated <*> core files for program <*>,77,ciod: generated <num> core files for program ./ddcmdbglv,3,BGL_C0000268,5,590,ciod: generated <num> core files for program <*>/ddcmdbglv,2,2,complex_sample
3226925,"NFS Mount failed on bglio206, slept 19 seconds, retrying (1)",E165,"NFS Mount failed on <*>, slept <*> seconds, retrying (<*>)",2392,"nfs mount failed on <id> , slept <num> seconds, retrying ( <num> )",2319,BGL_C0000269,2319,2392,"nfs mount failed on <id>, slept <num> seconds, retrying (<num>)",1,1,frequency_representative
3227214,"NFS Mount failed on bglio89, slept 1 seconds, retrying (2)",E165,"NFS Mount failed on <*>, slept <*> seconds, retrying (<*>)",7,"nfs mount failed on bglio89, slept <num> seconds, retrying ( <num> )",4,BGL_C0000270,264,278,"nfs mount failed on bglio <*>, slept <num> seconds, retrying (<num>)",3,1,frequency_representative
3226934,"NFS Mount failed on bglio31, slept 19 seconds, retrying (1)",E165,"NFS Mount failed on <*>, slept <*> seconds, retrying (<*>)",6,"nfs mount failed on bglio31, slept <num> seconds, retrying ( <num> )",6,BGL_C0000270,264,278,"nfs mount failed on bglio <*>, slept <num> seconds, retrying (<num>)",3,2,complex_sample
3227191,"NFS Mount failed on bglio9, slept 1 seconds, retrying (2)",E165,"NFS Mount failed on <*>, slept <*> seconds, retrying (<*>)",4,"nfs mount failed on bglio9, slept <num> seconds, retrying ( <num> )",3,BGL_C0000270,264,278,"nfs mount failed on bglio <*>, slept <num> seconds, retrying (<num>)",3,3,diverse_sample
3236378,"MidplaneSwitchController::receiveTrain() iap failed: R63-M0-L2-U21-A, status=ffbffbff ec000000",E61,"MidplaneSwitchController::receiveTrain() iap failed: <*>, status=<*>",160,"midplaneswitchcontroller::receivetrain() iap failed: <id> , status=ffbffbff <id>",1,BGL_C0000271,1,160,"midplaneswitchcontroller:: receivetrain () iap failed: <id>, status = ffbffbff <id>",1,1,frequency_representative
3240065,Lustre mount FAILED : bglio818 : point /p/gb1,E276,Lustre mount FAILED : <*> : point <*>,23641,lustre mount failed : <id> : point <path>,925,BGL_C0000272,925,23641,lustre mount failed: <id>: point <path>,1,1,frequency_representative
3239569,Lustre mount FAILED : bglio11 : point /p/gb1,E276,Lustre mount FAILED : <*> : point <*>,37,lustre mount failed : bglio11 : point <path>,1,BGL_C0000273,99,2785,lustre mount failed: bglio <*>: point <path>,3,1,frequency_representative
3239570,Lustre mount FAILED : bglio12 : point /p/gb1,E276,Lustre mount FAILED : <*> : point <*>,36,lustre mount failed : bglio12 : point <path>,1,BGL_C0000273,99,2785,lustre mount failed: bglio <*>: point <path>,3,2,complex_sample
3239572,Lustre mount FAILED : bglio4 : point /p/gb1,E276,Lustre mount FAILED : <*> : point <*>,37,lustre mount failed : bglio4 : point <path>,1,BGL_C0000273,99,2785,lustre mount failed: bglio <*>: point <path>,3,3,diverse_sample
3255075,EndServiceAction 410 was performed upon R63-M0-L2 by root,E252,EndServiceAction <*> performed upon <*> by <*>,3,endserviceaction <num> was performed upon <id> by root,3,BGL_C0000274,3,3,endserviceaction <num> was performed upon <id> by root,1,1,frequency_representative
3277844,EndServiceAction 416 was performed upon R63-M0-L2 by pjmccart,E252,EndServiceAction <*> performed upon <*> by <*>,1,endserviceaction <num> was performed upon <id> by pjmccart,1,BGL_C0000275,1,1,endserviceaction <num> was performed upon <id> by pjmccart,1,1,frequency_representative
3292803,external input interrupt (unit=0x03 bit=0x01): tree header with no target waiting,E49,external input interrupt (unit=<*> bit=<*>): tree header with no target waiting,1,external input interrupt (unit= <hex> bit= <hex> ): tree header with no target waiting,1,BGL_C0000276,1,1,external input interrupt (unit = <hex> bit = <hex>): tree header with no target waiting,1,1,frequency_representative
3310609,EndServiceAction 427 performed upon R65 by pjmccart,E252,EndServiceAction <*> performed upon <*> by <*>,1,endserviceaction <num> performed upon r65 by pjmccart,1,BGL_C0000277,1,1,endserviceaction <num> performed upon r 65 by pjmccart,1,1,frequency_representative
4113273,power module status fault detected on node card. status registers are: 0/1/0/0,E54,power module status fault detected on node card. status registers are: <*>,4,power module status fault detected on node card. status registers are: <num> / <num> / <num> / <num>,3,BGL_C0000278,3,4,power module status fault detected on node card. status registers are: <num>/<num>/<num>/<num>,1,1,frequency_representative
3391324,"Node card VPD check: missing U01 node, VPD ecid 04E380D8DD2FFFFF05081A808AC7 in processor card slot J02",E85,"Node card VPD check: missing <*>, VPD ecid <*> in processor card slot <*>",2,"node card vpd check: missing u01 node, vpd ecid <hex> in processor card slot j02",2,BGL_C0000279,3,3,"node card vpd check: missing u <*> node, vpd ecid <hex> in processor card slot j 02",2,1,frequency_representative
3490055,"Node card VPD check: missing U11 node, VPD ecid 04C17DB75A7BFFFF09071B908CE0 in processor card slot J02",E85,"Node card VPD check: missing <*>, VPD ecid <*> in processor card slot <*>",1,"node card vpd check: missing u11 node, vpd ecid <hex> in processor card slot j02",1,BGL_C0000279,3,3,"node card vpd check: missing u <*> node, vpd ecid <hex> in processor card slot j 02",2,2,complex_sample
3400805,"ciod: Error loading /home/yates//broadcast.rts: invalid or missing program image, No such file or directory",E35,"ciod: Error loading <*>: invalid or missing program image, No such file or directory",3120,"ciod: error loading <path> /broadcast.rts: invalid or missing program image, no such file or directory",1,BGL_C0000280,3,5136,"ciod: error loading <path>/<*>. rts: invalid or missing program image, no such file or directory",2,1,frequency_representative
3395840,"ciod: Error loading /home/yates//bandwidth.rts: invalid or missing program image, No such file or directory",E35,"ciod: Error loading <*>: invalid or missing program image, No such file or directory",2016,"ciod: error loading <path> /bandwidth.rts: invalid or missing program image, no such file or directory",2,BGL_C0000280,3,5136,"ciod: error loading <path>/<*>. rts: invalid or missing program image, no such file or directory",2,2,complex_sample
3396830,"ciod: Error loading /home/yates//torus-latency.rts: invalid or missing program image, No such file or directory",E35,"ciod: Error loading <*>: invalid or missing program image, No such file or directory",6496,"ciod: error loading <path> /torus-latency.rts: invalid or missing program image, no such file or directory",2,BGL_C0000281,2,6496,"ciod: error loading <path>/torus-latency. rts: invalid or missing program image, no such file or directory",1,1,frequency_representative
3408458,ciod: LOGIN chdir(/bgl/apps/SWL/performance/MINIBEN///2005.09.20-18.06.01) failed: No such file or directory,E118,ciod: LOGIN chdir(<*>) failed: No such file or directory,11088,ciod: login chdir( <path> // <num> . <num> - <num> . <num> ) failed: no such file or directory,6,BGL_C0000282,6,11088,ciod: login chdir (<path>// <num>. <num>-<num>. <num>) failed: no such file or directory,1,1,frequency_representative
3445357,program,E316,program,1,program,1,BGL_C0000283,1,1,program,1,1,frequency_representative
3458560,"ciod: Error loading /bgl/apps/SWL/stability/DDCMD//ddcMDbglV: invalid or missing program image, Permission denied",E48,"ciod: Error loading <*>: invalid or missing program image, Permission denied",512,"ciod: error loading <path> /ddcmdbglv: invalid or missing program image, permission denied",1,BGL_C0000284,2,1024,"ciod: error loading <*>/ddcmdbglv: invalid or missing program image, permission denied",2,1,frequency_representative
3569784,"ciod: Error loading ./ddcMDbglV: invalid or missing program image, Permission denied",E48,"ciod: Error loading <*>: invalid or missing program image, Permission denied",512,"ciod: error loading ./ddcmdbglv: invalid or missing program image, permission denied",1,BGL_C0000284,2,1024,"ciod: error loading <*>/ddcmdbglv: invalid or missing program image, permission denied",2,2,complex_sample
3461222,1 torus receiver sram ecc error(s) (dcr 0x02f3) detected and corrected,E78,<*> torus receiver sram ecc error(s) (dcr <*>) detected and corrected,5,<num> torus receiver sram ecc error(s) (dcr <hex> ) detected and corrected,1,BGL_C0000285,1,5,<num> torus receiver sram ecc error (s) (dcr <hex>) detected and corrected,1,1,frequency_representative
3490056,"Node card VPD check: missing U01 node, VPD ecid 04E17DB75E7BFFFF09051BB08EE2 in processor card slot J03",E85,"Node card VPD check: missing <*>, VPD ecid <*> in processor card slot <*>",1,"node card vpd check: missing u01 node, vpd ecid <hex> in processor card slot j03",1,BGL_C0000286,2,2,"node card vpd check: missing u <*> node, vpd ecid <hex> in processor card slot j 03",2,1,frequency_representative
3490057,"Node card VPD check: missing U11 node, VPD ecid 04E17DB75E7BFFFF08071B90C4DF in processor card slot J03",E85,"Node card VPD check: missing <*>, VPD ecid <*> in processor card slot <*>",1,"node card vpd check: missing u11 node, vpd ecid <hex> in processor card slot j03",1,BGL_C0000286,2,2,"node card vpd check: missing u <*> node, vpd ecid <hex> in processor card slot j 03",2,2,complex_sample
3490058,"Node card VPD check: missing U01 node, VPD ecid 04CC8088552FFFFF09091B808CDD in processor card slot J04",E85,"Node card VPD check: missing <*>, VPD ecid <*> in processor card slot <*>",1,"node card vpd check: missing u01 node, vpd ecid <hex> in processor card slot j04",1,BGL_C0000287,2,2,"node card vpd check: missing u <*> node, vpd ecid <hex> in processor card slot j 04",2,1,frequency_representative
3490059,"Node card VPD check: missing U11 node, VPD ecid 04E28087C12FFFFF08071B7088DC in processor card slot J04",E85,"Node card VPD check: missing <*>, VPD ecid <*> in processor card slot <*>",1,"node card vpd check: missing u11 node, vpd ecid <hex> in processor card slot j04",1,BGL_C0000287,2,2,"node card vpd check: missing u <*> node, vpd ecid <hex> in processor card slot j 04",2,2,complex_sample
3490060,"Node card VPD check: missing U01 node, VPD ecid 04D47DB7467BFFFF0B0F1BA09CE4 in processor card slot J05",E85,"Node card VPD check: missing <*>, VPD ecid <*> in processor card slot <*>",1,"node card vpd check: missing u01 node, vpd ecid <hex> in processor card slot j05",1,BGL_C0000288,2,2,"node card vpd check: missing u <*> node, vpd ecid <hex> in processor card slot j 05",2,1,frequency_representative
3490061,"Node card VPD check: missing U11 node, VPD ecid 04D37DB7477BFFFF0B091B1110D6 in processor card slot J05",E85,"Node card VPD check: missing <*>, VPD ecid <*> in processor card slot <*>",1,"node card vpd check: missing u11 node, vpd ecid <hex> in processor card slot j05",1,BGL_C0000288,2,2,"node card vpd check: missing u <*> node, vpd ecid <hex> in processor card slot j 05",2,2,complex_sample
3490062,"Node card VPD check: missing U01 node, VPD ecid 04CA7DB7507BFFFF090D1B708CDE in processor card slot J06",E85,"Node card VPD check: missing <*>, VPD ecid <*> in processor card slot <*>",1,"node card vpd check: missing u01 node, vpd ecid <hex> in processor card slot j06",1,BGL_C0000289,2,2,"node card vpd check: missing u <*> node, vpd ecid <hex> in processor card slot j 06",2,1,frequency_representative
3490063,"Node card VPD check: missing U11 node, VPD ecid 04E17DB75E7BFFFF0F081BB0D4E4 in processor card slot J06",E85,"Node card VPD check: missing <*>, VPD ecid <*> in processor card slot <*>",1,"node card vpd check: missing u11 node, vpd ecid <hex> in processor card slot j06",1,BGL_C0000289,2,2,"node card vpd check: missing u <*> node, vpd ecid <hex> in processor card slot j 06",2,2,complex_sample
3490064,"Node card VPD check: missing U01 node, VPD ecid 04D37DB6C87BFFFF08051BC05EE4 in processor card slot J07",E85,"Node card VPD check: missing <*>, VPD ecid <*> in processor card slot <*>",1,"node card vpd check: missing u01 node, vpd ecid <hex> in processor card slot j07",1,BGL_C0000290,2,2,"node card vpd check: missing u <*> node, vpd ecid <hex> in processor card slot j 07",2,1,frequency_representative
3490065,"Node card VPD check: missing U11 node, VPD ecid 04E17DB75E7BFFFF0C081B8088DF in processor card slot J07",E85,"Node card VPD check: missing <*>, VPD ecid <*> in processor card slot <*>",1,"node card vpd check: missing u11 node, vpd ecid <hex> in processor card slot j07",1,BGL_C0000290,2,2,"node card vpd check: missing u <*> node, vpd ecid <hex> in processor card slot j 07",2,2,complex_sample
3490066,"Node card VPD check: missing U01 node, VPD ecid 04D37DB7477BFFFF060B1B5086DA in processor card slot J08",E85,"Node card VPD check: missing <*>, VPD ecid <*> in processor card slot <*>",1,"node card vpd check: missing u01 node, vpd ecid <hex> in processor card slot j08",1,BGL_C0000291,2,2,"node card vpd check: missing u <*> node, vpd ecid <hex> in processor card slot j 08",2,1,frequency_representative
3490067,"Node card VPD check: missing U11 node, VPD ecid 04D37DB7477BFFFF040D1B20CAD8 in processor card slot J08",E85,"Node card VPD check: missing <*>, VPD ecid <*> in processor card slot <*>",1,"node card vpd check: missing u11 node, vpd ecid <hex> in processor card slot j08",1,BGL_C0000291,2,2,"node card vpd check: missing u <*> node, vpd ecid <hex> in processor card slot j 08",2,2,complex_sample
3490068,"Node card VPD check: missing U01 node, VPD ecid 04D47DB7467BFFFF09101B60DCE0 in processor card slot J09",E85,"Node card VPD check: missing <*>, VPD ecid <*> in processor card slot <*>",1,"node card vpd check: missing u01 node, vpd ecid <hex> in processor card slot j09",1,BGL_C0000292,2,2,"node card vpd check: missing u <*> node, vpd ecid <hex> in processor card slot j 09",2,1,frequency_representative
3490069,"Node card VPD check: missing U11 node, VPD ecid 04D37DB7477BFFFF090D1B4092DA in processor card slot J09",E85,"Node card VPD check: missing <*>, VPD ecid <*> in processor card slot <*>",1,"node card vpd check: missing u11 node, vpd ecid <hex> in processor card slot j09",1,BGL_C0000292,2,2,"node card vpd check: missing u <*> node, vpd ecid <hex> in processor card slot j 09",2,2,complex_sample
3490070,"Node card VPD check: missing U01 node, VPD ecid 04D47DB7467BFFFF080D1BA09EE1 in processor card slot J10",E85,"Node card VPD check: missing <*>, VPD ecid <*> in processor card slot <*>",1,"node card vpd check: missing u01 node, vpd ecid <hex> in processor card slot j10",1,BGL_C0000293,2,2,"node card vpd check: missing u <*> node, vpd ecid <hex> in processor card slot j 10",2,1,frequency_representative
3490071,"Node card VPD check: missing U11 node, VPD ecid 04CA7DB7507BFFFF08081B5086DC in processor card slot J10",E85,"Node card VPD check: missing <*>, VPD ecid <*> in processor card slot <*>",1,"node card vpd check: missing u11 node, vpd ecid <hex> in processor card slot j10",1,BGL_C0000293,2,2,"node card vpd check: missing u <*> node, vpd ecid <hex> in processor card slot j 10",2,2,complex_sample
3490072,"Node card VPD check: missing U01 node, VPD ecid 04E28093092FFFFF050B1B3094DC in processor card slot J11",E85,"Node card VPD check: missing <*>, VPD ecid <*> in processor card slot <*>",1,"node card vpd check: missing u01 node, vpd ecid <hex> in processor card slot j11",1,BGL_C0000294,2,2,"node card vpd check: missing u <*> node, vpd ecid <hex> in processor card slot j 11",2,1,frequency_representative
3490073,"Node card VPD check: missing U11 node, VPD ecid 04D78092C22FFFFF0F081B208AD9 in processor card slot J11",E85,"Node card VPD check: missing <*>, VPD ecid <*> in processor card slot <*>",1,"node card vpd check: missing u11 node, vpd ecid <hex> in processor card slot j11",1,BGL_C0000294,2,2,"node card vpd check: missing u <*> node, vpd ecid <hex> in processor card slot j 11",2,2,complex_sample
3490074,"Node card VPD check: missing U01 node, VPD ecid 04E17DB75E7BFFFF05091C008CE9 in processor card slot J12",E85,"Node card VPD check: missing <*>, VPD ecid <*> in processor card slot <*>",1,"node card vpd check: missing u01 node, vpd ecid <hex> in processor card slot j12",1,BGL_C0000295,2,2,"node card vpd check: missing u <*> node, vpd ecid <hex> in processor card slot j 12",2,1,frequency_representative
3490075,"Node card VPD check: missing U11 node, VPD ecid 04D37DB7477BFFFF0A071B708ADD in processor card slot J12",E85,"Node card VPD check: missing <*>, VPD ecid <*> in processor card slot <*>",1,"node card vpd check: missing u11 node, vpd ecid <hex> in processor card slot j12",1,BGL_C0000295,2,2,"node card vpd check: missing u <*> node, vpd ecid <hex> in processor card slot j 12",2,2,complex_sample
3490076,"Node card VPD check: missing U01 node, VPD ecid 04E17DB75E7BFFFF030D1BA094E2 in processor card slot J13",E85,"Node card VPD check: missing <*>, VPD ecid <*> in processor card slot <*>",1,"node card vpd check: missing u01 node, vpd ecid <hex> in processor card slot j13",1,BGL_C0000296,2,2,"node card vpd check: missing u <*> node, vpd ecid <hex> in processor card slot j 13",2,1,frequency_representative
3490077,"Node card VPD check: missing U11 node, VPD ecid 04E17DB75E7BFFFF0D0D1BA0CEE2 in processor card slot J13",E85,"Node card VPD check: missing <*>, VPD ecid <*> in processor card slot <*>",1,"node card vpd check: missing u11 node, vpd ecid <hex> in processor card slot j13",1,BGL_C0000296,2,2,"node card vpd check: missing u <*> node, vpd ecid <hex> in processor card slot j 13",2,2,complex_sample
3490078,"Node card VPD check: missing U01 node, VPD ecid 04E17DB75E7BFFFF06031BA094E1 in processor card slot J14",E85,"Node card VPD check: missing <*>, VPD ecid <*> in processor card slot <*>",1,"node card vpd check: missing u01 node, vpd ecid <hex> in processor card slot j14",1,BGL_C0000297,2,2,"node card vpd check: missing u <*> node, vpd ecid <hex> in processor card slot j 14",2,1,frequency_representative
3490079,"Node card VPD check: missing U11 node, VPD ecid 04D37DB6C87BFFFF0B061BE048E7 in processor card slot J14",E85,"Node card VPD check: missing <*>, VPD ecid <*> in processor card slot <*>",1,"node card vpd check: missing u11 node, vpd ecid <hex> in processor card slot j14",1,BGL_C0000297,2,2,"node card vpd check: missing u <*> node, vpd ecid <hex> in processor card slot j 14",2,2,complex_sample
3490080,"Node card VPD check: missing U01 node, VPD ecid 04D37DB7477BFFFF09031BA08EE3 in processor card slot J15",E85,"Node card VPD check: missing <*>, VPD ecid <*> in processor card slot <*>",1,"node card vpd check: missing u01 node, vpd ecid <hex> in processor card slot j15",1,BGL_C0000298,2,2,"node card vpd check: missing u <*> node, vpd ecid <hex> in processor card slot j 15",2,1,frequency_representative
3490081,"Node card VPD check: missing U11 node, VPD ecid 04CF7DB6CC7BFFFF0A041BC092E5 in processor card slot J15",E85,"Node card VPD check: missing <*>, VPD ecid <*> in processor card slot <*>",1,"node card vpd check: missing u11 node, vpd ecid <hex> in processor card slot j15",1,BGL_C0000298,2,2,"node card vpd check: missing u <*> node, vpd ecid <hex> in processor card slot j 15",2,2,complex_sample
3490082,"Node card VPD check: missing U01 node, VPD ecid 04E17DB75E7BFFFF01071B9152E0 in processor card slot J16",E85,"Node card VPD check: missing <*>, VPD ecid <*> in processor card slot <*>",1,"node card vpd check: missing u01 node, vpd ecid <hex> in processor card slot j16",1,BGL_C0000299,2,2,"node card vpd check: missing u <*> node, vpd ecid <hex> in processor card slot j 16",2,1,frequency_representative
3490083,"Node card VPD check: missing U11 node, VPD ecid 04CA7DB7507BFFFF0C081B608ADD in processor card slot J16",E85,"Node card VPD check: missing <*>, VPD ecid <*> in processor card slot <*>",1,"node card vpd check: missing u11 node, vpd ecid <hex> in processor card slot j16",1,BGL_C0000299,2,2,"node card vpd check: missing u <*> node, vpd ecid <hex> in processor card slot j 16",2,2,complex_sample
3490084,"Node card VPD check: missing U01 node, VPD ecid 04D37DB7477BFFFF0A0E1B1084D7 in processor card slot J17",E85,"Node card VPD check: missing <*>, VPD ecid <*> in processor card slot <*>",1,"node card vpd check: missing u01 node, vpd ecid <hex> in processor card slot j17",1,BGL_C0000300,2,2,"node card vpd check: missing u <*> node, vpd ecid <hex> in processor card slot j 17",2,1,frequency_representative
3490085,"Node card VPD check: missing U11 node, VPD ecid 04E17DB75E7BFFFF05061B7084DD in processor card slot J17",E85,"Node card VPD check: missing <*>, VPD ecid <*> in processor card slot <*>",1,"node card vpd check: missing u11 node, vpd ecid <hex> in processor card slot j17",1,BGL_C0000300,2,2,"node card vpd check: missing u <*> node, vpd ecid <hex> in processor card slot j 17",2,2,complex_sample
3490223,Node card status: no ALERTs are active. Clock Mode is Low. Clock Select is Midplane. Phy JTAG Reset is asserted. ASIC JTAG Reset is not asserted. Temperature Mask is not active. No temperature error. Temperature Limit Error Latch is clear. PGOOD IS NOT ASSERTED. PGOOD ERROR LATCH IS ACTIVE. MPGOOD IS NOT OK. MPGOOD ERROR LATCH IS ACTIVE. The 2.5 volt rail is OK. THE 1.5 VOLT RAIL IS NOT OK.,E4,Node card status: no ALERTs are active. Clock Mode is <*>. Clock Select is <*>. Phy JTAG Reset is <*>. ASIC JTAG Reset is <*>. Temperature Mask is <*>. No temperature error. Temperature Limit Error Latch is clear. PGOOD IS <*>. PGOOD ERROR LATCH IS <*>. MPGOOD IS <*>. MPGOOD ERROR LATCH IS <*>. The <*> volt rail is <*>. THE <*> VOLT RAIL IS <*>.,3,node card status: no alerts are active. clock mode is low. clock select is midplane. phy jtag reset is asserted. asic jtag reset is not asserted. temperature mask is not active. no temperature error. temperature limit error latch is clear. pgood is not asserted. pgood error latch is active. mpgood is not ok. mpgood error latch is active. the <num> volt rail is ok. the <num> volt rail is not ok.,1,BGL_C0000301,1,3,node card status: no alerts are active. clock mode is low. clock select is midplane. phy jtag reset is asserted. asic jtag reset is not asserted. temperature mask is not active. no temperature error. temperature limit error latch is clear. pgood is not asserted. pgood error latch is active. mpgood is not ok. mpgood error latch is active. the <num> volt rail is ok. the <num> volt rail is not ok.,1,1,frequency_representative
3810044,ciod: generated 128 core files for program ./ddcMDbglV1.1.17,E228,ciod: generated <*> core files for program <*>,74,ciod: generated <num> core files for program ./ <id>,2,BGL_C0000302,2,74,ciod: generated <num> core files for program./<id>,1,1,frequency_representative
3511729,"Error sending packet on tree network, packet at address 00088480 is not aligned",E58,"Error sending packet on tree network, packet at address <*> is not aligned",5,"error sending packet on tree network, packet at address <num> is not aligned",1,BGL_C0000303,1,5,"error sending packet on tree network, packet at address <num> is not aligned",1,1,frequency_representative
3514104,data cache search parity error detected. attempting to correct,E72,data cache search parity error detected. attempting to correct,13941,data cache search parity error detected. attempting to correct,1,BGL_C0000304,2,14006,data cache <*> parity error detected. attempting to correct,2,1,frequency_representative
3512251,data cache flush parity error detected. attempting to correct,E75,data cache flush parity error detected. attempting to correct,65,data cache flush parity error detected. attempting to correct,1,BGL_C0000304,2,14006,data cache <*> parity error detected. attempting to correct,2,2,complex_sample
3548469,"ciod: Error loading /home/cabot/miranova/bgl/bin_lukei?/miranda_newhack: invalid or missing program image, No such file or directory",E35,"ciod: Error loading <*>: invalid or missing program image, No such file or directory",512,"ciod: error loading <path> ?/miranda_newhack: invalid or missing program image, no such file or directory",1,BGL_C0000305,1,512,"ciod: error loading <path>?/miranda_newhack: invalid or missing program image, no such file or directory",1,1,frequency_representative
3567998,L3 major internal error,E295,L3 major internal error,3,l3 major internal error,1,BGL_C0000306,1,3,l 3 major internal error,1,1,frequency_representative
3572588,EndServiceAction 526 performed upon R56-M0-NA by cupps,E252,EndServiceAction <*> performed upon <*> by <*>,1,endserviceaction <num> performed upon <id> by cupps,1,BGL_C0000307,1,1,endserviceaction <num> performed upon <id> by cupps,1,1,frequency_representative
4100830,"Error receiving packet on tree network, expecting type 57 instead of type 3 (softheader=009756d5 8bfa0003 00000002 00000000) PSR0=00001f01 PSR1=00000000 PRXF=00000002 PIXF=00000007",E18,"Error receiving packet on tree network, expecting type <*> instead of type <*> (softheader=<*> <*> <*> <*>) PSR0=<*> PSR1=<*> PRXF=<*> PIXF=<*>",5120,"error receiving packet on tree network, expecting type <num> instead of type <num> (softheader= <id> <id> <num> <num> ) psr0= <id> psr1= <num> prxf= <num> pixf= <num>",20,BGL_C0000308,26,6144,"error receiving packet on tree network, expecting type <num> instead of type <num> (softheader = <id> <id> <num> <num>) psr 0 = <id> psr 1 = <num> prxf = <num> pixf = <num>",2,1,frequency_representative
4000136,"Error receiving packet on tree network, expecting type 57 instead of type 3 (softheader=00000001 7a3d0003 00000002 00000000) PSR0=00001f01 PSR1=00000000 PRXF=00000002 PIXF=00000007",E18,"Error receiving packet on tree network, expecting type <*> instead of type <*> (softheader=<*> <*> <*> <*>) PSR0=<*> PSR1=<*> PRXF=<*> PIXF=<*>",512,"error receiving packet on tree network, expecting type <num> instead of type <num> (softheader= <num> <id> <num> <num> ) psr0= <id> psr1= <num> prxf= <num> pixf= <num>",3,BGL_C0000308,26,6144,"error receiving packet on tree network, expecting type <num> instead of type <num> (softheader = <id> <id> <num> <num>) psr 0 = <id> psr 1 = <num> prxf = <num> pixf = <num>",2,2,complex_sample
3592872,ddr: activating redundant bit steering for next allocation: rank=0 symbol=9,E42,ddr: activating redundant bit steering for next allocation: rank=<*> symbol=<*>,492,ddr: activating redundant bit steering for next allocation: rank= <num> symbol= <num>,35,BGL_C0000309,35,492,ddr: activating redundant bit steering for next allocation: rank = <num> symbol = <num>,1,1,frequency_representative
3586298,ciod: LOGIN chdir(RUNS/3Bvn_fmm/rs0000) failed: No such file or directory,E118,ciod: LOGIN chdir(<*>) failed: No such file or directory,1920,ciod: login chdir(runs/ <id> /rs0000) failed: no such file or directory,1,BGL_C0000310,1,1920,ciod: login chdir (runs/<id>/rs 0000) failed: no such file or directory,1,1,frequency_representative
3955117,L1 DCACHE summary averages: #ofDirtyLines: 0 out of 1024 #ofDirtyDblWord: 0 out of 4096,E44,L1 DCACHE summary averages: #ofDirtyLines: <*> out of <*> #ofDirtyDblWord: <*> out of <*>,3149,l1 dcache summary averages: #ofdirtylines: <num> out of <num> #ofdirtydblword: <num> out of <num>,2395,BGL_C0000311,2395,3149,l 1 dcache summary averages: # ofdirtylines: <num> out of <num> # ofdirtydblword: <num> out of <num>,1,1,frequency_representative
3958959,idoproxydb hit ASSERT condition: ASSERT expression=pTargetMgr Source file=idoclientmgr.cpp Source line=353 Function=int IdoClientMgr::TargetClose(const char*),E26,idoproxydb hit ASSERT condition: ASSERT expression=<*> Source file=<*> Source line=<*> Function=<*>,82,idoproxydb hit assert condition: assert expression=ptargetmgr source file=idoclientmgr.cpp source line= <num> function=int idoclientmgr::targetclose(const char*),1,BGL_C0000312,1,82,idoproxydb hit assert condition: assert expression = ptargetmgr source file = idoclientmgr. cpp source line = <num> function = int idoclientmgr:: targetclose (const char *),1,1,frequency_representative
3958962,No power module U58 found found on link card,E225,No power module <*> found found on link card,6,no power module u58 found found on link card,1,BGL_C0000313,1,6,no power module u 58 found found on link card,1,1,frequency_representative
3958963,Temperature Over Limit on link card,E254,Temperature Over Limit on link card,972,temperature over limit on link card,1,BGL_C0000314,1,972,temperature over limit on link card,1,1,frequency_representative
3959411,Link PGOOD error latched on link card,E244,Link PGOOD error latched on link card,349,link pgood error latched on link card,1,BGL_C0000315,1,349,link pgood error latched on link card,1,1,frequency_representative
3973340,ciod: generated 128 core files for program ./cpmd_cur.x,E228,ciod: generated <*> core files for program <*>,32,ciod: generated <num> core files for program ./cpmd_cur.x,1,BGL_C0000316,1,32,ciod: generated <num> core files for program./cpmd_cur. x,1,1,frequency_representative
3973485,ciod: generated 64 core files for program ../ddcMDbglV,E228,ciod: generated <*> core files for program <*>,24,ciod: generated <num> core files for program ../ddcmdbglv,3,BGL_C0000317,3,24,ciod: generated <num> core files for program../ddcmdbglv,1,1,frequency_representative
4075996,ciod: generated 24 core files for program ../mdcask,E228,ciod: generated <*> core files for program <*>,4,ciod: generated <num> core files for program ../mdcask,4,BGL_C0000318,4,4,ciod: generated <num> core files for program../mdcask,1,1,frequency_representative
4490280,Ido chip status changed: FF:F2:9F:16:F1:C3:00:0D:60:E9:0E:3C ip=10.0.0.232 v=13 t=4 status=M Sat Dec 03 09:22:24 PST 2005,E219,Ido chip status changed: <*> ip=<*> v=<*> t=<*> status=<*> <*>,272,ido chip status changed: <ip> ip= <ip> v= <num> t= <num> status=m sat dec <num> <ip> pst <num>,272,BGL_C0000319,598,598,ido chip status changed: <ip> ip = <ip> v = <num> t = <num> status = m <*> <*> <num> <ip> pst <num>,3,1,frequency_representative
4096782,Ido chip status changed: FF:F2:9F:15:7F:D8:00:0D:60:EA:80:27 ip=10.0.0.200 v=13 t=1 status=M Tue Nov 15 08:08:07 PST 2005,E219,Ido chip status changed: <*> ip=<*> v=<*> t=<*> status=<*> <*>,168,ido chip status changed: <ip> ip= <ip> v= <num> t= <num> status=m tue nov <num> <ip> pst <num>,168,BGL_C0000319,598,598,ido chip status changed: <ip> ip = <ip> v = <num> t = <num> status = m <*> <*> <num> <ip> pst <num>,3,2,complex_sample
4513168,Ido chip status changed: FF:F2:9F:16:C6:29:00:0D:60:E9:39:D6 ip=10.5.1.26 v=13 t=4 status=M Tue Dec 06 09:37:20 PST 2005,E219,Ido chip status changed: <*> ip=<*> v=<*> t=<*> status=<*> <*>,32,ido chip status changed: <ip> ip= <ip> v= <num> t= <num> status=m tue dec <num> <ip> pst <num>,32,BGL_C0000319,598,598,ido chip status changed: <ip> ip = <ip> v = <num> t = <num> status = m <*> <*> <num> <ip> pst <num>,3,3,diverse_sample
4090197,BGLMaster has been started: ./BGLMaster --consoleip 127.0.0.1 --consoleport 32035 --configfile bglmaster.init --autorestart y --db2profile /u/bgdb2cli/sqllib/db2profile --dbproperties db.properties,E15,BGLMaster has been started: ./BGLMaster --consoleip <*> --consoleport <*> --configfile <*> --autorestart <*> --db2profile <*> --dbproperties <*>,31,bglmaster has been started: ./bglmaster --consoleip <ip> --consoleport <num> --configfile bglmaster.init --autorestart y -- <id> <path> --dbproperties db.properties,1,BGL_C0000320,1,31,bglmaster has been started:./bglmaster-- consoleip <ip>-- consoleport <num>-- configfile bglmaster. init-- autorestart y-- <id> <path>-- dbproperties db. properties,1,1,frequency_representative
4090203,"critical input interrupt (unit=0x0b bit=0x17): warning for tree C1 wire, suppressing further interrupts of same type",E20,"critical input interrupt (unit=<*> bit=<*>): warning for tree <*> wire, suppressing further interrupts of same type",748,"critical input interrupt (unit= <hex> bit= <hex> ): warning for tree c1 wire, suppressing further interrupts of same type",1,BGL_C0000321,12,3546,"critical input interrupt (unit = <hex> bit = <hex>): warning for <*> <*> <*> wire, suppressing further interrupts of same type",3,1,frequency_representative
4090293,"critical input interrupt (unit=0x0b bit=0x0b): warning for torus z- wire, suppressing further interrupts of same type",E19,"critical input interrupt (unit=<*> bit=<*>): warning for torus <*> wire, suppressing further interrupts of same type",649,"critical input interrupt (unit= <hex> bit= <hex> ): warning for torus z- wire, suppressing further interrupts of same type",1,BGL_C0000321,12,3546,"critical input interrupt (unit = <hex> bit = <hex>): warning for <*> <*> <*> wire, suppressing further interrupts of same type",3,2,complex_sample
4090214,"critical input interrupt (unit=0x0b bit=0x06): warning for torus y+ wire, suppressing further interrupts of same type",E19,"critical input interrupt (unit=<*> bit=<*>): warning for torus <*> wire, suppressing further interrupts of same type",500,"critical input interrupt (unit= <hex> bit= <hex> ): warning for torus y+ wire, suppressing further interrupts of same type",1,BGL_C0000321,12,3546,"critical input interrupt (unit = <hex> bit = <hex>): warning for <*> <*> <*> wire, suppressing further interrupts of same type",3,3,diverse_sample
4205140,1 tree receiver 2 in re-synch state event(s) (dcr 0x019a) detected over 374 seconds,E59,<*> tree receiver <*> in re-synch state event(s) (dcr <*>) detected over <*> seconds,3148,<num> tree receiver <num> in re-synch state event(s) (dcr <hex> ) detected over <num> seconds,2335,BGL_C0000322,2335,3148,<num> tree receiver <num> in re-synch state event (s) (dcr <hex>) detected over <num> seconds,1,1,frequency_representative
4106686,1 torus receiver x+ input pipe error(s) (dcr 0x02ec) detected and corrected over 43 seconds,E40,<*> torus receiver <*> input pipe error(s) (dcr <*>) detected and corrected over <*> seconds,868,<num> torus receiver x+ input pipe error(s) (dcr <hex> ) detected and corrected over <num> seconds,625,BGL_C0000323,2472,3512,<num> torus receiver <*> <*> input pipe error (s) (dcr <hex>) detected and corrected over <num> seconds,3,1,frequency_representative
4106852,1 torus receiver z- input pipe error(s) (dcr 0x02f1) detected and corrected over 43 seconds,E40,<*> torus receiver <*> input pipe error(s) (dcr <*>) detected and corrected over <*> seconds,751,<num> torus receiver z- input pipe error(s) (dcr <hex> ) detected and corrected over <num> seconds,580,BGL_C0000323,2472,3512,<num> torus receiver <*> <*> input pipe error (s) (dcr <hex>) detected and corrected over <num> seconds,3,2,complex_sample
4105903,1 torus receiver y+ input pipe error(s) (dcr 0x02ee) detected and corrected over 43 seconds,E40,<*> torus receiver <*> input pipe error(s) (dcr <*>) detected and corrected over <*> seconds,627,<num> torus receiver y+ input pipe error(s) (dcr <hex> ) detected and corrected over <num> seconds,456,BGL_C0000323,2472,3512,<num> torus receiver <*> <*> input pipe error (s) (dcr <hex>) detected and corrected over <num> seconds,3,3,diverse_sample
4486667,"1 ddr error(s) detected and corrected on rank 0, symbol 13 over 420 seconds",E68,"<*> ddr error(s) detected and corrected on rank <*>, symbol <*> over <*> seconds",10436,"<num> ddr error(s) detected and corrected on rank <num> , symbol <num> over <num> seconds",8815,BGL_C0000324,8815,10436,"<num> ddr error (s) detected and corrected on rank <num>, symbol <num> over <num> seconds",1,1,frequency_representative
4240688,total of 1 ddr error(s) detected and corrected over 372 seconds,E92,total of <*> ddr error(s) detected and corrected over <*> seconds,10415,total of <num> ddr error(s) detected and corrected over <num> seconds,4023,BGL_C0000325,4023,10415,total of <num> ddr error (s) detected and corrected over <num> seconds,1,1,frequency_representative
4578587,1 L3 EDRAM error(s) (dcr 0x0157) detected and corrected over 781 seconds,E112,<*> L3 <*> error(s) (dcr <*>) detected and corrected over <*> seconds,1327,<num> l3 edram error(s) (dcr <hex> ) detected and corrected over <num> seconds,827,BGL_C0000326,927,1514,<num> l 3 <*> error (s) (dcr <hex>) detected and corrected over <num> seconds,2,1,frequency_representative
4579938,1 L3 directory error(s) (dcr 0x0152) detected and corrected over 8732 seconds,E112,<*> L3 <*> error(s) (dcr <*>) detected and corrected over <*> seconds,187,<num> l3 directory error(s) (dcr <hex> ) detected and corrected over <num> seconds,100,BGL_C0000326,927,1514,<num> l 3 <*> error (s) (dcr <hex>) detected and corrected over <num> seconds,2,2,complex_sample
4098314,idoproxy communication failure: socket closed,E134,idoproxy communication failure: socket closed,41,idoproxy communication failure: socket closed,1,BGL_C0000327,1,41,idoproxy communication failure: socket closed,1,1,frequency_representative
4103338,ciod: Z coordinate 8 exceeds physical dimension 8 at line 9 of node map file map.dat,E64,ciod: <*> coordinate <*> exceeds physical dimension <*> at line <*> of node map file <*>,32,ciod: z coordinate <num> exceeds physical dimension <num> at line <num> of node map file map.dat,1,BGL_C0000328,1,32,ciod: z coordinate <num> exceeds physical dimension <num> at line <num> of node map file map. dat,1,1,frequency_representative
4104896,ciod: Unexpected eof at line 1025 of node map file map.dat,E207,ciod: Unexpected eof at line <*> of node map file <*>,32,ciod: unexpected eof at line <num> of node map file map.dat,1,BGL_C0000329,1,32,ciod: unexpected eof at line <num> of node map file map. dat,1,1,frequency_representative
4105374,msr=0x00003000 dear=0x00000000 esr=0x00000000 fpscr=0x00000000,E302,msr=<*> dear=<*> esr=<*> fpscr=<*>,68,msr= <hex> dear= <hex> esr= <hex> fpscr= <hex>,26,BGL_C0000330,26,68,msr = <hex> dear = <hex> esr = <hex> fpscr = <hex>,1,1,frequency_representative
4105375,dbcr0=0x00000000 dbsr=0x00000000 ccr0=0x00002000,E309,dbcr0=<*> dbsr=<*> ccr0=<*>,68,dbcr0= <hex> dbsr= <hex> ccr0= <hex>,2,BGL_C0000331,2,68,dbcr 0 = <hex> dbsr = <hex> ccr 0 = <hex>,1,1,frequency_representative
4105376,Floating Point Status and Control Register: 0x00000000,E196,Floating Point Status and Control Register: <*>,68,floating point status and control register: <hex>,21,BGL_C0000332,21,68,floating point status and control register: <hex>,1,1,frequency_representative
4163067,exception summary........................1,E155,exception summary........................<*>,68,exception <id>,2,BGL_C0000333,2,68,exception <id>,1,1,frequency_representative
4105378,enabled exception summary................0,E185,enabled exception summary................<*>,68,enabled exception <id>,1,BGL_C0000334,1,68,enabled exception <id>,1,1,frequency_representative
4105379,invalid operation exception summary......0,E190,invalid operation exception summary......<*>,68,invalid operation exception <id>,2,BGL_C0000335,2,68,invalid operation exception <id>,1,1,frequency_representative
4105380,underflow exception......................0,E150,underflow exception......................<*>,68,underflow <id>,2,BGL_C0000336,2,68,underflow <id>,1,1,frequency_representative
4105381,divide-by-zero exception.................0,E153,divide-by-zero exception.................<*>,68,divide-by-zero <id>,2,BGL_C0000337,2,68,divide-by-zero <id>,1,1,frequency_representative
4163072,inexact exception........................1,E163,inexact exception........................<*>,68,inexact <id>,2,BGL_C0000338,2,68,inexact <id>,1,1,frequency_representative
4105383,invalid (SNAN)...........................0,E229,invalid (<*>)........................<*>,68,invalid (snan)........................... <num>,2,BGL_C0000339,2,68,invalid (snan)........................... <num>,1,1,frequency_representative
4105384,invalid (Inf-Inf)........................0,E229,invalid (<*>)........................<*>,68,invalid (inf-inf)........................ <num>,1,BGL_C0000340,2,136,invalid (inf <*> inf)........................ <num>,2,1,frequency_representative
4105385,invalid (Inf/Inf)........................0,E229,invalid (<*>)........................<*>,68,invalid (inf/inf)........................ <num>,1,BGL_C0000340,2,136,invalid (inf <*> inf)........................ <num>,2,2,complex_sample
4105386,invalid (compare)........................0,E229,invalid (<*>)........................<*>,68,invalid (compare)........................ <num>,1,BGL_C0000341,1,68,invalid (compare)........................ <num>,1,1,frequency_representative
4105387,fraction rounded.........................0,E157,fraction rounded.........................<*>,136,fraction <id>,4,BGL_C0000342,4,136,fraction <id>,1,1,frequency_representative
4105389,quiet NaN................................0,E206,quiet <*>................................<*>,68,quiet <id>,1,BGL_C0000343,1,68,quiet <id>,1,1,frequency_representative
4105390,minus inf................................0,E149,minus inf................................<*>,68,minus <id>,1,BGL_C0000344,1,68,minus <id>,1,1,frequency_representative
4105391,minus normalized number..................0,E182,minus normalized number..................<*>,68,minus normalized <id>,2,BGL_C0000345,2,68,minus normalized <id>,1,1,frequency_representative
4105392,minus denormalized number................0,E186,minus denormalized number................<*>,68,minus denormalized <id>,1,BGL_C0000346,1,68,minus denormalized <id>,1,1,frequency_representative
4105396,plus infinity............................0,E151,plus infinity............................<*>,136,plus <id>,3,BGL_C0000347,3,136,plus <id>,1,1,frequency_representative
4105394,plus denormalized number.................0,E180,plus denormalized number.................<*>,68,plus denormalized <id>,1,BGL_C0000348,1,68,plus denormalized <id>,1,1,frequency_representative
4105395,plus normalized number...................0,E179,plus normalized number...................<*>,68,plus normalized <id>,2,BGL_C0000349,2,68,plus normalized <id>,1,1,frequency_representative
4105398,invalid operation exception (software)...0,E194,invalid operation exception (software)...<*>,68,invalid operation exception (software)... <num>,1,BGL_C0000350,1,68,invalid operation exception (software)... <num>,1,1,frequency_representative
4105399,invalid operation exception (sqrt).......0,E195,invalid operation exception (sqrt).......<*>,68,invalid operation exception (sqrt)....... <num>,1,BGL_C0000351,1,68,invalid operation exception (sqrt)....... <num>,1,1,frequency_representative
4105400,invalid operation exception (int cnvt)...0,E204,invalid operation exception (int cnvt)...<*>,68,invalid operation exception (int cnvt)... <num>,1,BGL_C0000352,1,68,invalid operation exception (int cnvt)... <num>,1,1,frequency_representative
4105401,enable invalid operation exceptions......0,E192,enable invalid operation exceptions......<*>,68,enable invalid operation <id>,1,BGL_C0000353,1,68,enable invalid operation <id>,1,1,frequency_representative
4105402,enable overflow exceptions...............0,E173,enable overflow exceptions...............<*>,68,enable overflow <id>,1,BGL_C0000354,1,68,enable overflow <id>,1,1,frequency_representative
4105403,enable underflow exceptions..............0,E175,enable underflow exceptions..............<*>,68,enable underflow <id>,1,BGL_C0000355,1,68,enable underflow <id>,1,1,frequency_representative
4105404,enable divide-by-zero exceptions.........0,E172,enable divide-by-zero exceptions.........<*>,68,enable divide-by-zero <id>,1,BGL_C0000356,1,68,enable divide-by-zero <id>,1,1,frequency_representative
4105405,enable inexact exceptions................0,E187,enable inexact exceptions................<*>,68,enable inexact <id>,1,BGL_C0000357,1,68,enable inexact <id>,1,1,frequency_representative
4105406,enable non-IEEE mode.....................0,E181,enable non-IEEE mode.....................<*>,68,enable non-ieee <id>,1,BGL_C0000358,1,68,enable non-ieee <id>,1,1,frequency_representative
4105407,round nearest............................0,E152,round nearest............................<*>,68,round <id>,1,BGL_C0000359,1,68,round <id>,1,1,frequency_representative
4105408,round toward zero........................0,E222,round toward zero...................<*>,68,round toward <id>,1,BGL_C0000360,1,68,round toward <id>,1,1,frequency_representative
4105409,round toward +infinity...................0,E184,round toward +infinity...................<*>,68,round toward + <id>,1,BGL_C0000361,1,68,round toward + <id>,1,1,frequency_representative
4105410,round toward -infinity...................0,E168,round toward -infinity...................<*>,68,round toward - <id>,1,BGL_C0000362,1,68,round toward-<id>,1,1,frequency_representative
4105411,Floating Point Registers:,E277,Floating Point Registers:,68,floating point registers:,1,BGL_C0000363,1,68,floating point registers:,1,1,frequency_representative
4145258,"ciod: Received signal 15, code=0, errno=0, address=0x000001f2",E147,"ciod: Received signal <*>, code=<*>, errno=<*>, address=<*>",39457,"ciod: received signal <num> , code= <num> , errno= <num> , address= <hex>",107,BGL_C0000364,107,39457,"ciod: received signal <num>, code = <num>, errno = <num>, address = <hex>",1,1,frequency_representative
4627056,"PrepareForService is being done on this Midplane (mLctn(R22-M1), mCardSernum(203937503631353900000000594c31304b34333333303341), iWhichCardsToPwrOff(500)) by root",E101,"PrepareForService is being done on this Midplane (<*>, <*>, <*>) by <*>",5,"prepareforservice is being done on this midplane (mlctn(r22-m1), mcardsernum( <hex> ), iwhichcardstopwroff( <num> )) by root",2,BGL_C0000365,38,48,"prepareforservice is being done on this midplane (mlctn (r <*>-m <*>), mcardsernum (<hex>), iwhichcardstopwroff (<num>)) by root",3,1,frequency_representative
4485400,"PrepareForService is being done on this Midplane (mLctn(R01-M1), mCardSernum(203937503631353900000000594c31304b34323635304d41), iWhichCardsToPwrOff(500)) by root",E101,"PrepareForService is being done on this Midplane (<*>, <*>, <*>) by <*>",2,"prepareforservice is being done on this midplane (mlctn(r01-m1), mcardsernum( <hex> ), iwhichcardstopwroff( <num> )) by root",1,BGL_C0000365,38,48,"prepareforservice is being done on this midplane (mlctn (r <*>-m <*>), mcardsernum (<hex>), iwhichcardstopwroff (<num>)) by root",3,2,complex_sample
4490410,"PrepareForService is being done on this Midplane (mLctn(R71-M0), mCardSernum(203937503631353900000000594c31304b3432393530304d), iWhichCardsToPwrOff(502)) by root",E101,"PrepareForService is being done on this Midplane (<*>, <*>, <*>) by <*>",2,"prepareforservice is being done on this midplane (mlctn(r71-m0), mcardsernum( <hex> ), iwhichcardstopwroff( <num> )) by root",1,BGL_C0000365,38,48,"prepareforservice is being done on this midplane (mlctn (r <*>-m <*>), mcardsernum (<hex>), iwhichcardstopwroff (<num>)) by root",3,3,diverse_sample
4105868,Power Good signal deactivated: R73-M1-N5. A service action may be required.,E66,Power Good signal deactivated: <*>. A service action may be required.,94,power good signal deactivated: <id> . a service action may be required.,37,BGL_C0000366,37,94,power good signal deactivated: <id>. a service action may be required.,1,1,frequency_representative
4496652,1 torus sender x- retransmission error(s) (dcr 0x02f5) detected and corrected over 6902 seconds,E34,<*> torus sender <*> retransmission error(s) (dcr <*>) detected and corrected over <*> seconds,201,<num> torus sender x- retransmission error(s) (dcr <hex> ) detected and corrected over <num> seconds,196,BGL_C0000367,1024,1034,<num> torus sender <*> <*> retransmission error (s) (dcr <hex>) detected and corrected over <num> seconds,3,1,frequency_representative
4106853,16891764 torus sender z- retransmission error(s) (dcr 0x02f9) detected and corrected over 184 seconds,E34,<*> torus sender <*> retransmission error(s) (dcr <*>) detected and corrected over <*> seconds,155,<num> torus sender z- retransmission error(s) (dcr <hex> ) detected and corrected over <num> seconds,155,BGL_C0000367,1024,1034,<num> torus sender <*> <*> retransmission error (s) (dcr <hex>) detected and corrected over <num> seconds,3,2,complex_sample
4105904,501710 torus sender y+ retransmission error(s) (dcr 0x02f6) detected and corrected over 44 seconds,E34,<*> torus sender <*> retransmission error(s) (dcr <*>) detected and corrected over <*> seconds,157,<num> torus sender y+ retransmission error(s) (dcr <hex> ) detected and corrected over <num> seconds,157,BGL_C0000367,1024,1034,<num> torus sender <*> <*> retransmission error (s) (dcr <hex>) detected and corrected over <num> seconds,3,3,diverse_sample
4159819,"ciod: Error reading message prefix on CioStream socket to 172.16.96.116:54532, Link has been severed",E36,"ciod: Error reading message prefix on CioStream socket to <*>, Link has been severed",26546,"ciod: error reading message prefix on ciostream socket to <ip> , link has been severed",16380,BGL_C0000368,16380,26546,"ciod: error reading message prefix on ciostream socket to <ip>, link has been severed",1,1,frequency_representative
4207036,EndServiceAction is restarting the Node cards in Midplane R22-M0 as part of Service Action 641,E39,EndServiceAction is restarting the <*> cards in Midplane <*> as part of Service Action <*>,3,endserviceaction is restarting the node cards in midplane r22-m0 as part of service action <num>,2,BGL_C0000369,50,51,endserviceaction is restarting the <*> cards in midplane r <*>-m <*> as part of service action <num>,3,1,frequency_representative
4158667,EndServiceAction is restarting the Node cards in Midplane R47-M1 as part of Service Action 601,E39,EndServiceAction is restarting the <*> cards in Midplane <*> as part of Service Action <*>,2,endserviceaction is restarting the node cards in midplane r47-m1 as part of service action <num>,2,BGL_C0000369,50,51,endserviceaction is restarting the <*> cards in midplane r <*>-m <*> as part of service action <num>,3,2,complex_sample
4193071,EndServiceAction is restarting the Link cards in Midplane R43-M1 as part of Service Action 604,E39,EndServiceAction is restarting the <*> cards in Midplane <*> as part of Service Action <*>,1,endserviceaction is restarting the link cards in midplane r43-m1 as part of service action <num>,1,BGL_C0000369,50,51,endserviceaction is restarting the <*> cards in midplane r <*>-m <*> as part of service action <num>,3,3,diverse_sample
4107739,Target=ido://FF:F2:9F:16:D5:01:00:0D:60:E9:2A:FE/JTAG/0 Message=Invalid JtagId = ffffffff Run environmental monitor to diagnose possible hardware failure.,E284,Target=<*> Message=<*> JtagId = <*>,2,target=ido:// <ip> <path> message=invalid jtagid = ffffffff run environmental monitor to diagnose possible hardware failure.,1,BGL_C0000370,1,2,target = ido:// <ip> <path> message = invalid jtagid = ffffffff run environmental monitor to diagnose possible hardware failure.,1,1,frequency_representative
4110190,ciod: Error creating node map from file map.dat: Bad file descriptor,E84,ciod: Error creating node map from file <*>: Bad file descriptor,8,ciod: error creating node map from file map.dat: bad file descriptor,1,BGL_C0000371,1,8,ciod: error creating node map from file map. dat: bad file descriptor,1,1,frequency_representative
4145226,"ciod: Error reading message prefix on CioStream socket to 172.16.96.116:41678, Connection reset by peer",E29,"ciod: Error reading message prefix on CioStream socket to <*>, Connection reset by peer",2256,"ciod: error reading message prefix on ciostream socket to <ip> , connection reset by peer",2187,BGL_C0000372,2187,2256,"ciod: error reading message prefix on ciostream socket to <ip>, connection reset by peer",1,1,frequency_representative
4113275,"com.ibm.bgldevices.BulkPowerModule with VPD of com.ibm.bgldevices.BulkPowerModule$VpdReply: IBM Part Number: 53P5763, Vendor: Cherokee International, Vendor Serial Number: 4274124, Assembly Revision: ",E7,"<*> with VPD of <*>: IBM Part Number: <*>, Vendor: <*>, Vendor Serial Number: <*>, Assembly Revision: <*>, Code Revision: <*>, Manufacture Date: <*>, Manufacture Location: <*> is usable but not a supported version",4,"com.ibm.bgldevices.bulkpowermodule with vpd of com.ibm.bgldevices.bulkpowermodule$vpdreply: ibm part number: 53p5763, vendor: cherokee international, vendor serial number: <num> , assembly revision:",1,BGL_C0000373,1,4,"com. ibm. bgldevices. bulkpowermodule with vpd of com. ibm. bgldevices. bulkpowermodule $ vpdreply: ibm part number: 53 p 5763, vendor: cherokee international, vendor serial number: <num>, assembly revision:",1,1,frequency_representative
4116617,monitor caught java.lang.IllegalStateException: while executing I2C Operation caught java.net.SocketException: Broken pipe and is stopping,E62,monitor caught <*>: while executing <*> caught <*>: Broken pipe and is stopping,117,monitor caught java.lang.illegalstateexception: while executing i2c operation caught java.net.socketexception: broken pipe and is stopping,1,BGL_C0000374,1,117,monitor caught java. lang. illegalstateexception: while executing i 2 c operation caught java. net. socketexception: broken pipe and is stopping,1,1,frequency_representative
4116621,monitor caught java.lang.IllegalStateException: while executing CONTROL Operation caught java.net.SocketException: Broken pipe and is stopping,E62,monitor caught <*>: while executing <*> caught <*>: Broken pipe and is stopping,73,monitor caught java.lang.illegalstateexception: while executing control operation caught java.net.socketexception: broken pipe and is stopping,1,BGL_C0000375,1,73,monitor caught java. lang. illegalstateexception: while executing control operation caught java. net. socketexception: broken pipe and is stopping,1,1,frequency_representative
4128863,MACHINE CHECK PLB write IRQ (mc=1b08x iar 0x00000000 lr 0xc00f837c),E231,MACHINE CHECK PLB write IRQ (mc=<*> iar <*> lr <*>),1,machine check plb write irq (mc=1b08x iar <hex> lr <hex> ),1,BGL_C0000376,1,1,machine check plb write irq (mc = 1 b 08 x iar <hex> lr <hex>),1,1,frequency_representative
4128864,MACHINE CHECK DCR read timeout (mc=e08x iar 0x00000000 lr 0xc00045a4),E213,MACHINE CHECK DCR read timeout (mc=<*> iar <*> lr <*>),14481,machine check dcr read timeout (mc=e08x iar <hex> lr <hex> ),1,BGL_C0000377,1,14481,machine check dcr read timeout (mc = e 08 x iar <hex> lr <hex>),1,1,frequency_representative
4144827,"ciod: Error reading message prefix on CioStream socket to 172.16.96.116:41648, Connection timed out",E37,"ciod: Error reading message prefix on CioStream socket to <*>, Connection timed out",1991,"ciod: error reading message prefix on ciostream socket to <ip> , connection timed out",1864,BGL_C0000378,1864,1991,"ciod: error reading message prefix on ciostream socket to <ip>, connection timed out",1,1,frequency_representative
4158361,mmcs_db_server has been started: ./mmcs_db_server --useDatabase BGL --dbproperties db.properties --iolog /bgl/BlueLight/logs/BGL --reconnect-blocks all --shutdown-timeout 120 --shutdown-timeout 240,E14,mmcs_db_server has been started: ./mmcs_db_server --useDatabase <*> --dbproperties <*> --iolog <*> --reconnect-blocks <*> --shutdown-timeout <*>,18,mmcs_db_server has been started: ./mmcs_db_server --usedatabase bgl --dbproperties db.properties --iolog /bgl/bluelight/logs/bgl --reconnect-blocks all --shutdown-timeout <num> --shutdown-timeout <num>,1,BGL_C0000379,1,18,mmcs_db_server has been started:./mmcs_db_server-- usedatabase bgl-- dbproperties db. properties-- iolog/bgl/bluelight/logs/bgl-- reconnect-blocks all-- shutdown-timeout <num>-- shutdown-timeout <num>,1,1,frequency_representative
4163033,machine check interrupt (bit=0x10): L2 dcache unit read return parity error,E51,machine check interrupt (bit=<*>): L2 dcache unit read return parity error,8,machine check interrupt (bit= <hex> ): l2 dcache unit read return parity error,1,BGL_C0000380,1,8,machine check interrupt (bit = <hex>): l 2 dcache unit read return parity error,1,1,frequency_representative
4179590,"ciod: Error loading /bin/hostname: invalid or missing program image, Exec format error",E50,"ciod: Error loading <*>: invalid or missing program image, Exec format error",8,"ciod: error loading /bin/hostname: invalid or missing program image, exec format error",1,BGL_C0000381,1,8,"ciod: error loading/bin/hostname: invalid or missing program image, exec format error",1,1,frequency_representative
4193551,MidplaneSwitchController::clearPort() bll_clear_port failed: R63-M0-L0-U19-A,E60,MidplaneSwitchController::clearPort() bll_clear_port failed: <*>,2,midplaneswitchcontroller::clearport() bll_clear_port failed: <id>,1,BGL_C0000382,1,2,midplaneswitchcontroller:: clearport () bll_clear_port failed: <id>,1,1,frequency_representative
4193564,ciod: X coordinate 511 exceeds physical dimension 8 at line 2 of node map file my_map.txt,E64,ciod: <*> coordinate <*> exceeds physical dimension <*> at line <*> of node map file <*>,24,ciod: x coordinate <num> exceeds physical dimension <num> at line <num> of node map file my_map.txt,1,BGL_C0000383,1,24,ciod: x coordinate <num> exceeds physical dimension <num> at line <num> of node map file my_map. txt,1,1,frequency_representative
4193565,ciod: Error creating node map from file my_map.txt: No such file or directory,E69,ciod: Error creating node map from file <*>: No such file or directory,24,ciod: error creating node map from file my_map.txt: no such file or directory,1,BGL_C0000384,1,24,ciod: error creating node map from file my_map. txt: no such file or directory,1,1,frequency_representative
4193626,ciod: Unexpected eof at line 7 of node map file my_map.txt,E207,ciod: Unexpected eof at line <*> of node map file <*>,8,ciod: unexpected eof at line <num> of node map file my_map.txt,1,BGL_C0000385,1,8,ciod: unexpected eof at line <num> of node map file my_map. txt,1,1,frequency_representative
4193627,ciod: Error creating node map from file my_map.txt: Argument list too long,E76,ciod: Error creating node map from file <*>: Argument list too long,8,ciod: error creating node map from file my_map.txt: argument list too long,1,BGL_C0000386,1,8,ciod: error creating node map from file my_map. txt: argument list too long,1,1,frequency_representative
4202976,1 torus receiver sram ecc error(s) (dcr 0x02f3) detected and corrected over 7082 seconds,E43,<*> torus receiver sram ecc error(s) (dcr <*>) detected and corrected over <*> seconds,1,<num> torus receiver sram ecc error(s) (dcr <hex> ) detected and corrected over <num> seconds,1,BGL_C0000387,1,1,<num> torus receiver sram ecc error (s) (dcr <hex>) detected and corrected over <num> seconds,1,1,frequency_representative
4212192,0 microseconds spent in the rbs signal handler during 0 calls. 0 microseconds was the maximum time for a single instance of a correctable ddr.,E13,<*> microseconds spent in the rbs signal handler during <*> calls. <*> microseconds was the maximum time for a single instance of a correctable ddr.,135092,<num> microseconds spent in the rbs signal handler during <num> calls. <num> microseconds was the maximum time for a single instance of a correctable ddr.,67,BGL_C0000388,67,135092,<num> microseconds spent in the rbs signal handler during <num> calls. <num> microseconds was the maximum time for a single instance of a correctable ddr.,1,1,frequency_representative
4212199,"10722 total interrupts. 0 critical input interrupts. 0 microseconds total spent on critical input interrupts, 0 microseconds max time in a critical input interrupt.",E10,"<*> total interrupts. <*> critical input interrupts. <*> microseconds total spent on critical input interrupts, <*> microseconds max time in a critical input interrupt.",135092,"<num> total interrupts. <num> critical input interrupts. <num> microseconds total spent on critical input interrupts, <num> microseconds max time in a critical input interrupt.",346,BGL_C0000389,346,135092,"<num> total interrupts. <num> critical input interrupts. <num> microseconds total spent on critical input interrupts, <num> microseconds max time in a critical input interrupt.",1,1,frequency_representative
4233129,instance of a correctable ddr. RAS KERNEL INFO 0 microseconds spent in the rbs signal handler during 0 calls. 0 microseconds was the maximum time for a single instance of a correctable ddr.,E6,instance of a correctable ddr. RAS KERNEL INFO <*> microseconds spent in the rbs signal handler during <*> calls. <*> microseconds was the maximum time for a single instance of a correctable ddr.,4,instance of a correctable ddr. ras kernel info <num> microseconds spent in the rbs signal handler during <num> calls. <num> microseconds was the maximum time for a single instance of a correctable ddr.,1,BGL_C0000390,1,4,instance of a correctable ddr. ras kernel info <num> microseconds spent in the rbs signal handler during <num> calls. <num> microseconds was the maximum time for a single instance of a correctable ddr.,1,1,frequency_representative
4233135,"max time in a cr RAS KERNEL INFO 10760 total interrupts. 0 critical input interrupts. 0 microseconds total spent on critical input interrupts, 0 microseconds max time in a critical input interrupt.",E5,"max time in a cr RAS KERNEL INFO <*> total interrupts. <*> critical input interrupts. <*> microseconds total spent on critical input interrupts, <*> microseconds max time in a critical input interrupt.",4,"max time in a cr ras kernel info <num> total interrupts. <num> critical input interrupts. <num> microseconds total spent on critical input interrupts, <num> microseconds max time in a critical input interrupt.",2,BGL_C0000391,2,4,"max time in a cr ras kernel info <num> total interrupts. <num> critical input interrupts. <num> microseconds total spent on critical input interrupts, <num> microseconds max time in a critical input interrupt.",1,1,frequency_representative
4487149,"external input interrupt (unit=0x01 bit=0x09): number of corrected SRAM errors has exceeded threshold, suppressing further interrupts of same type",E11,"external input interrupt (unit=<*> bit=<*>): number of corrected SRAM errors has exceeded threshold, suppressing further interrupts of same type",57,"external input interrupt (unit= <hex> bit= <hex> ): number of corrected sram errors has exceeded threshold, suppressing further interrupts of same type",1,BGL_C0000392,1,57,"external input interrupt (unit = <hex> bit = <hex>): number of corrected sram errors has exceeded threshold, suppressing further interrupts of same type",1,1,frequency_representative
4491116,"Kernel detected 50855390 integer alignment exceptions (50855383) iar 0x0023f108, dear 0x1feaa260 (50855384) iar 0x00265564, dear 0x1feaa1c0 (50855385) iar 0x00265574, dear 0x1feaa1e0 (50855386) iar 0x00265578, dear 0x1feaa200 (50855387) iar 0x00265588, dear 0x1feaa220 (50855388) iar 0x0026558c, dear 0x1feaa240 (50855389) iar 0x00265594, dear 0x1feaa260 (50855390) iar 0x00265598, dear 0x1feaa280",E12,"Kernel detected <*> integer alignment exceptions (<*>) iar <*>, dear <*> (<*>) iar <*>, dear <*> (<*>) iar <*>, dear <*> (<*>) iar <*>, dear <*> (<*>) iar <*>, dear <*> (<*>) iar <*>, dear <*> (<*>) iar <*>, dear <*> (<*>) iar <*>, dear <*>",22175,"kernel detected <num> integer alignment exceptions ( <num> ) iar <hex> , dear <hex> ( <num> ) iar <hex> , dear <hex> ( <num> ) iar <hex> , dear <hex> ( <num> ) iar <hex> , dear <hex> ( <num> ) iar <hex> , dear <hex> ( <num> ) iar <hex> , dear <hex> ( <num> ) iar <hex> , dear <hex> ( <num> ) iar <hex> , dear <hex>",22175,BGL_C0000393,22175,22175,"kernel detected <num> integer alignment exceptions (<num>) iar <hex>, dear <hex> (<num>) iar <hex>, dear <hex> (<num>) iar <hex>, dear <hex> (<num>) iar <hex>, dear <hex> (<num>) iar <hex>, dear <hex> (<num>) iar <hex>, dear <hex> (<num>) iar <hex>, dear <hex> (<num>) iar <hex>, dear <hex>",1,1,frequency_representative
4529278,"dear 0x01fc5640 (543 RAS KERNEL INFO Kernel detected 5438714 integer alignment exceptions (5438707) iar 0x00544ea8, dear 0x01fc5620 (5438708) iar 0x00544eb8, dear 0x01fc5640 (5438709) iar 0x00544ea8, dear 0x01fc5660 (5438710) iar 0x00544eb8, dear 0x01fc5680 (5438711) iar 0x00544ee0, dear 0x01fc56a0 (5438712) iar 0x00544ef0, dear 0x01fc56c0 (5438713) iar 0x00544ee0, dear 0x01fc56e0 (5438714) iar 0x00544ef0, dear 0x01fc5700",E9,"dear <*> (<*> RAS KERNEL INFO Kernel detected <*> integer alignment exceptions (<*>) iar <*>, dear <*> (<*>) iar <*>, dear <*> (<*>) iar <*>, dear <*> (<*>) iar <*>, dear <*> (<*>) iar <*>, dear <*> (<*>) iar <*>, dear <*> (<*>) iar <*>, dear <*> (<*>) iar <*>, dear <*>",2,"dear <hex> ( <num> ras kernel info kernel detected <num> integer alignment exceptions ( <num> ) iar <hex> , dear <hex> ( <num> ) iar <hex> , dear <hex> ( <num> ) iar <hex> , dear <hex> ( <num> ) iar <hex> , dear <hex> ( <num> ) iar <hex> , dear <hex> ( <num> ) iar <hex> , dear <hex> ( <num> ) iar <hex> , dear <hex> ( <num> ) iar <hex> , dear <hex>",2,BGL_C0000394,2,2,"dear <hex> (<num> ras kernel info kernel detected <num> integer alignment exceptions (<num>) iar <hex>, dear <hex> (<num>) iar <hex>, dear <hex> (<num>) iar <hex>, dear <hex> (<num>) iar <hex>, dear <hex> (<num>) iar <hex>, dear <hex> (<num>) iar <hex>, dear <hex> (<num>) iar <hex>, dear <hex> (<num>) iar <hex>, dear <hex>",1,1,frequency_representative
4539846,1 torus processor sram injection error(s) (dcr 0x02fb) detected and corrected over 9107 seconds,E33,<*> torus processor sram injection error(s) (dcr <*>) detected and corrected over <*> seconds,1,<num> torus processor sram injection error(s) (dcr <hex> ) detected and corrected over <num> seconds,1,BGL_C0000395,1,1,<num> torus processor sram injection error (s) (dcr <hex>) detected and corrected over <num> seconds,1,1,frequency_representative
4558283,ciod: LOGIN chdir(/p/gb1/stella/RAPTOR/2183) failed: Input/output error,E136,ciod: LOGIN chdir(<*>) failed: Input/output error,816,ciod: login chdir( <path> ) failed: input/output error,1,BGL_C0000396,1,816,ciod: login chdir (<path>) failed: input/output error,1,1,frequency_representative
4578429,"ciod: Error loading ./pop6000: program image too big, 577677760 > 266076160",E201,"ciod: Error loading <*>: program image too big, <*> > <*>",64,"ciod: error loading ./pop6000: program image too big, <num> > <num>",1,BGL_C0000397,2,96,"ciod: error loading./pop <*>: program image too big, <num> > <num>",2,1,frequency_representative
4578397,"ciod: Error loading ./pop4000: program image too big, 586438352 > 266076160",E201,"ciod: Error loading <*>: program image too big, <*> > <*>",32,"ciod: error loading ./pop4000: program image too big, <num> > <num>",1,BGL_C0000397,2,96,"ciod: error loading./pop <*>: program image too big, <num> > <num>",2,2,complex_sample
4591233,"ciod: for node 29, incomplete data written to core file core.18677",E91,"ciod: for node <*>, incomplete data written to core file core.<*>",38,"ciod: for node <num> , incomplete data written to core file <id>",38,BGL_C0000398,38,38,"ciod: for node <num>, incomplete data written to core file <id>",1,1,frequency_representative
4630546,1 torus non-crc error(s) (dcr 0x02fd) detected and corrected over 30940 seconds,E67,<*> torus non-crc error(s) (dcr <*>) detected and corrected over <*> seconds,1,<num> torus non-crc error(s) (dcr <hex> ) detected and corrected over <num> seconds,1,BGL_C0000399,1,1,<num> torus non-crc error (s) (dcr <hex>) detected and corrected over <num> seconds,1,1,frequency_representative
