LineId,Content,EventId,EventTemplate,dup_count,normalized_content,normalized_unique_content_count,cluster_id,cluster_size_unique,cluster_weight_dup_sum,cluster_template_guess,cluster_keep_k,selected_rank,selection_reason
1,restart.,E332,restart.,42,restart.,1,Linux_C0000001,1,42,restart.,1,1,frequency_representative
2,syslogd startup succeeded,E283,<*> startup succeeded,9,syslogd startup succeeded,1,Linux_C0000002,1,9,syslogd startup succeeded,1,1,frequency_representative
3,klogd startup succeeded,E283,<*> startup succeeded,9,klogd startup succeeded,1,Linux_C0000003,1,9,klogd startup succeeded,1,1,frequency_representative
4,"klogd 1.4.1, log source = /proc/kmsg started.",E187,"klogd <*>, log source = <*> started.",9,"klogd <num> . <num> , log source = /proc/kmsg started.",1,Linux_C0000004,1,9,"klogd <num>. <num>, log source =/proc/kmsg started.",1,1,frequency_representative
5,Linux version 2.6.5-1.358 (bhcompile@bugs.build.redhat.com) (gcc version 3.3.3 20040412 (Red Hat Linux 3.3.3-7)) #1 Sat May 8 09:04:50 EDT 2004,E57,Linux version <*> (<*>) (gcc version <*> (Red Hat Linux <*>)) <*>,8,linux version <num> . <num> - <num> ( <email> ) (gcc version <num> . <num> <num> (red hat linux <num> . <num> - <num> )) # <num> sat may <num> <ip> edt <num>,1,Linux_C0000005,1,8,linux version <num>. <num>-<num> (<email>) (gcc version <num>. <num> <num> (red hat linux <num>. <num>-<num>)) # <num> sat may <num> <ip> edt <num>,1,1,frequency_representative
6,BIOS-provided physical RAM map:,E128,BIOS-provided physical RAM map:,8,bios-provided physical ram map:,1,Linux_C0000006,1,8,bios-provided physical ram map:,1,1,frequency_representative
8,BIOS-e820: 00000000000f0000 - 0000000000100000 (reserved),E219,BIOS-e820: <*> - <*> (reserved),24,<id> : <hex> - <hex> (reserved),3,Linux_C0000007,5,40,<id>: <hex>-<hex> (<*>),2,1,frequency_representative
7,BIOS-e820: 0000000000000000 - 00000000000a0000 (usable),E244,BIOS-e820: <*> - <*> (usable),16,<id> : <hex> - <hex> (usable),2,Linux_C0000007,5,40,<id>: <hex>-<hex> (<*>),2,2,complex_sample
12,126MB LOWMEM available.,E282,<*> LOWMEM available.,8,126mb lowmem available.,1,Linux_C0000008,1,8,126 mb lowmem available.,1,1,frequency_representative
13,zapping low mappings.,E236,zapping low mappings.,8,zapping low mappings.,1,Linux_C0000009,1,8,zapping low mappings.,1,1,frequency_representative
14,On node 0 totalpages: 32430,E267,On node <*> totalpages: <*>,8,on node <num> totalpages: <num>,1,Linux_C0000010,1,8,on node <num> totalpages: <num>,1,1,frequency_representative
15,"DMA zone: 4096 pages, LIFO batch:1",E188,"DMA zone: <*> pages, LIFO batch:<*>",8,"dma zone: <num> pages, lifo batch: <num>",1,Linux_C0000011,1,8,"dma zone: <num> pages, lifo batch: <num>",1,1,frequency_representative
16,"Normal zone: 28334 pages, LIFO batch:6",E153,"Normal zone: <*> pages, LIFO batch:<*>",8,"normal zone: <num> pages, lifo batch: <num>",1,Linux_C0000012,1,8,"normal zone: <num> pages, lifo batch: <num>",1,1,frequency_representative
17,"HighMem zone: 0 pages, LIFO batch:1",E136,"HighMem zone: <*> pages, LIFO batch:<*>",8,"highmem zone: <num> pages, lifo batch: <num>",1,Linux_C0000013,1,8,"highmem zone: <num> pages, lifo batch: <num>",1,1,frequency_representative
18,DMI 2.3 present.,E317,DMI <*> present.,8,dmi <num> present.,1,Linux_C0000014,1,8,dmi <num> present.,1,1,frequency_representative
19,ACPI disabled because your bios is from 2000 and too old,E38,ACPI disabled because your bios is from <*> and too old,8,acpi disabled because your bios is from <num> and too old,1,Linux_C0000015,1,8,acpi disabled because your bios is from <num> and too old,1,1,frequency_representative
20,You can enable it with acpi=force,E257,You can enable it with <*>,8,you can enable it with acpi=force,1,Linux_C0000016,1,8,you can enable it with acpi = force,1,1,frequency_representative
21,Built 1 zonelists,E298,Built <*> zonelists,8,built <num> zonelists,1,Linux_C0000017,1,8,built <num> zonelists,1,1,frequency_representative
22,irqbalance startup succeeded,E283,<*> startup succeeded,8,irqbalance startup succeeded,1,Linux_C0000018,1,8,irqbalance startup succeeded,1,1,frequency_representative
23,Kernel command line: ro root=LABEL=/ rhgb quiet,E87,Kernel command line: ro root=<*> rhgb quiet,7,kernel command line: ro root=label=/ rhgb quiet,1,Linux_C0000019,1,7,kernel command line: ro root = label =/rhgb quiet,1,1,frequency_representative
24,mapped 4G/4G trampoline to ffff3000.,E245,mapped <*> trampoline to <*>.,8,mapped 4g/4g trampoline to <id> .,1,Linux_C0000020,1,8,mapped 4 g/4 g trampoline to <id>.,1,1,frequency_representative
25,Initializing CPU#0,E284,Initializing CPU#<*>,8,initializing cpu# <num>,1,Linux_C0000021,1,8,initializing cpu # <num>,1,1,frequency_representative
26,portmap startup succeeded,E283,<*> startup succeeded,8,portmap startup succeeded,1,Linux_C0000022,1,8,portmap startup succeeded,1,1,frequency_representative
27,"CPU 0 irqstacks, hard=02345000 soft=02344000",E198,"CPU <*> irqstacks, hard=<*> soft=<*>",8,"cpu <num> irqstacks, hard= <num> soft= <num>",1,Linux_C0000023,1,8,"cpu <num> irqstacks, hard = <num> soft = <num>",1,1,frequency_representative
28,PID hash table entries: 512 (order 9: 4096 bytes),E96,PID hash table entries: <*> (order <*>: <*> bytes),8,pid hash table entries: <num> (order <num> : <num> bytes),1,Linux_C0000024,1,8,pid hash table entries: <num> (order <num>: <num> bytes),1,1,frequency_representative
4752,Detected 731.217 MHz processor.,E215,Detected <*> MHz processor.,8,detected <num> mhz processor.,5,Linux_C0000025,5,8,detected <num> mhz processor.,1,1,frequency_representative
30,Using tsc for high-res timesource,E124,Using tsc for high-res timesource,8,using tsc for high-res timesource,1,Linux_C0000026,1,8,using tsc for high-res timesource,1,1,frequency_representative
31,Console: colour VGA+ 80x25,E297,Console: colour <*>,8,console: colour vga+ 80x25,1,Linux_C0000027,1,8,console: colour vga + 80 x 25,1,1,frequency_representative
32,"Memory: 125312k/129720k available (1540k kernel code, 3860k reserved, 599k data, 144k init, 0k highmem)",E13,"Memory: <*> available (<*> kernel code, <*> reserved, <*> data, <*> init, <*> highmem)",8,"memory: 125312k/129720k available (1540k kernel code, 3860k reserved, 599k data, 144k init, 0k highmem)",1,Linux_C0000028,1,8,"memory: 125312 k/129720 k available (1540 k kernel code, 3860 k reserved, 599 k data, 144 k init, 0 k highmem)",1,1,frequency_representative
33,Calibrating delay loop... 1441.79 BogoMIPS,E111,Calibrating delay loop... <*> BogoMIPS,8,calibrating delay loop... <num> bogomips,2,Linux_C0000029,2,8,calibrating delay loop... <num> bogomips,1,1,frequency_representative
34,Security Scaffold v1.0.0 initialized,E148,Security Scaffold <*> initialized,8,security scaffold v1. <num> initialized,1,Linux_C0000030,1,8,security scaffold v 1. <num> initialized,1,1,frequency_representative
35,SELinux: Initializing.,E212,SELinux: Initializing.,8,selinux: initializing.,1,Linux_C0000031,1,8,selinux: initializing.,1,1,frequency_representative
36,SELinux: Starting in permissive mode,E98,SELinux: Starting in permissive mode,8,selinux: starting in permissive mode,1,Linux_C0000032,1,8,selinux: starting in permissive mode,1,1,frequency_representative
37,"There is already a security framework initialized, register_security failed.",E2,"There is already a security framework initialized, register_security failed.",8,"there is already a security framework initialized, register_security failed.",1,Linux_C0000033,1,8,"there is already a security framework initialized, register_security failed.",1,1,frequency_representative
38,Failure registering capabilities with the kernel,E33,Failure registering capabilities with the kernel,8,failure registering capabilities with the kernel,1,Linux_C0000034,1,8,failure registering capabilities with the kernel,1,1,frequency_representative
39,selinux_register_security: Registering secondary module capability,E6,selinux_register_security: Registering secondary module capability,8,selinux_register_security: registering secondary module capability,1,Linux_C0000035,1,8,selinux_register_security: registering secondary module capability,1,1,frequency_representative
40,Capability LSM initialized,E180,Capability LSM initialized,8,capability lsm initialized,1,Linux_C0000036,1,8,capability lsm initialized,1,1,frequency_representative
41,"Dentry cache hash table entries: 16384 (order: 4, 65536 bytes)",E42,"Dentry cache hash table entries: <*> (order: <*>, <*> bytes)",8,"dentry cache hash table entries: <num> (order: <num> , <num> bytes)",1,Linux_C0000037,1,8,"dentry cache hash table entries: <num> (order: <num>, <num> bytes)",1,1,frequency_representative
42,"Inode-cache hash table entries: 8192 (order: 3, 32768 bytes)",E44,"Inode-cache hash table entries: <*> (order: <*>, <*> bytes)",8,"inode-cache hash table entries: <num> (order: <num> , <num> bytes)",1,Linux_C0000038,1,8,"inode-cache hash table entries: <num> (order: <num>, <num> bytes)",1,1,frequency_representative
43,"Mount-cache hash table entries: 512 (order: 0, 4096 bytes)",E43,"Mount-cache hash table entries: <*> (order: <*>, <*> bytes)",8,"mount-cache hash table entries: <num> (order: <num> , <num> bytes)",1,Linux_C0000039,1,8,"mount-cache hash table entries: <num> (order: <num>, <num> bytes)",1,1,frequency_representative
44,Version 1.0.6 Starting,E289,Version <*> Starting,8,version <num> . <num> starting,1,Linux_C0000040,1,8,version <num>. <num> starting,1,1,frequency_representative
45,rpc.statd startup succeeded,E283,<*> startup succeeded,8,rpc.statd startup succeeded,1,Linux_C0000041,1,8,rpc. statd startup succeeded,1,1,frequency_representative
46,"CPU: L1 I cache: 16K, L1 D cache: 16K",E197,"CPU: L1 I cache: <*>, L1 D cache: <*>",8,"cpu: l1 i cache: 16k, l1 d cache: 16k",1,Linux_C0000042,1,8,"cpu: l 1 i cache: 16 k, l 1 d cache: 16 k",1,1,frequency_representative
47,CPU: L2 cache: 256K,E313,CPU: L2 cache: <*>,8,cpu: l2 cache: 256k,1,Linux_C0000043,1,8,cpu: l 2 cache: 256 k,1,1,frequency_representative
48,Intel machine check architecture supported.,E54,Intel machine check architecture supported.,8,intel machine check architecture supported.,1,Linux_C0000044,1,8,intel machine check architecture supported.,1,1,frequency_representative
49,CPU: Intel Pentium III (Coppermine) stepping 06,E56,CPU: Intel Pentium III (Coppermine) stepping <*>,8,cpu: intel pentium iii (coppermine) stepping <num>,1,Linux_C0000045,1,8,cpu: intel pentium iii (coppermine) stepping <num>,1,1,frequency_representative
50,Enabling fast FPU save and restore... done.,E62,Enabling fast FPU save and restore... done.,8,enabling fast fpu save and restore... done.,1,Linux_C0000046,1,8,enabling fast fpu save and restore... done.,1,1,frequency_representative
51,Enabling unmasked SIMD FPU exception support... done.,E25,Enabling unmasked SIMD FPU exception support... done.,8,enabling unmasked simd fpu exception support... done.,1,Linux_C0000047,1,8,enabling unmasked simd fpu exception support... done.,1,1,frequency_representative
52,Checking 'hlt' instruction... OK.,E146,Checking <*> instruction... OK.,8,checking 'hlt' instruction... ok.,1,Linux_C0000048,1,8,checking ' hlt ' instruction... ok.,1,1,frequency_representative
53,POSIX conformance testing by UNIFIX,E107,POSIX conformance testing by UNIFIX,8,posix conformance testing by unifix,1,Linux_C0000049,1,8,posix conformance testing by unifix,1,1,frequency_representative
54,NET: Registered protocol family 16,E132,NET: Registered protocol family <*>,48,net: registered protocol family <num>,6,Linux_C0000050,6,48,net: registered protocol family <num>,1,1,frequency_representative
55,"PCI: PCI BIOS revision 2.10 entry at 0xfc0ce, last bus=1",E78,"PCI: PCI BIOS revision <*> entry at <*>, last bus=<*>",8,"pci: pci bios revision <num> entry at <hex> , last bus= <num>",1,Linux_C0000051,1,8,"pci: pci bios revision <num> entry at <hex>, last bus = <num>",1,1,frequency_representative
56,PCI: Using configuration type 1,E162,PCI: Using configuration type <*>,8,pci: using configuration type <num>,1,Linux_C0000052,1,8,pci: using configuration type <num>,1,1,frequency_representative
57,ACPI: Subsystem revision 20040326,E205,ACPI: Subsystem revision <*>,8,acpi: subsystem revision <num>,1,Linux_C0000053,1,8,acpi: subsystem revision <num>,1,1,frequency_representative
58,ACPI: Interpreter disabled.,E169,ACPI: Interpreter disabled.,8,acpi: interpreter disabled.,1,Linux_C0000054,1,8,acpi: interpreter disabled.,1,1,frequency_representative
59,Linux Plug and Play Support v0.97 (c) Adam Belay,E76,Linux Plug and Play Support <*> (c) Adam Belay,8,linux plug and play support v0. <num> (c) adam belay,1,Linux_C0000055,1,8,linux plug and play support v 0. <num> (c) adam belay,1,1,frequency_representative
60,usbcore: registered new driver usbfs,E149,usbcore: registered new driver <*>,8,usbcore: registered new driver usbfs,1,Linux_C0000056,1,8,usbcore: registered new driver usbfs,1,1,frequency_representative
61,usbcore: registered new driver hub,E149,usbcore: registered new driver <*>,8,usbcore: registered new driver hub,1,Linux_C0000057,1,8,usbcore: registered new driver hub,1,1,frequency_representative
62,rpc.idmapd startup succeeded,E283,<*> startup succeeded,8,rpc.idmapd startup succeeded,1,Linux_C0000058,1,8,rpc. idmapd startup succeeded,1,1,frequency_representative
63,ACPI: ACPI tables contain no PCI IRQ routing entries,E29,ACPI: ACPI tables contain no PCI IRQ routing entries,8,acpi: acpi tables contain no pci irq routing entries,1,Linux_C0000059,1,8,acpi: acpi tables contain no pci irq routing entries,1,1,frequency_representative
64,PCI: Invalid ACPI-PCI IRQ routing table,E83,PCI: Invalid ACPI-PCI IRQ routing table,8,pci: invalid acpi-pci irq routing table,1,Linux_C0000060,1,8,pci: invalid acpi-pci irq routing table,1,1,frequency_representative
65,Initializing random number generator: succeeded,E32,Initializing random number generator: succeeded,8,initializing random number generator: succeeded,1,Linux_C0000061,1,8,initializing random number generator: succeeded,1,1,frequency_representative
66,PCI: Probing PCI hardware,E203,PCI: Probing PCI hardware,8,pci: probing pci hardware,1,Linux_C0000062,1,8,pci: probing pci hardware,1,1,frequency_representative
67,PCI: Probing PCI hardware (bus 00),E151,PCI: Probing PCI hardware (bus <*>),8,pci: probing pci hardware (bus <num> ),1,Linux_C0000063,1,8,pci: probing pci hardware (bus <num>),1,1,frequency_representative
68,Transparent bridge - 0000:00:1e.0,E255,Transparent bridge - <*>,8,transparent bridge - <ip> . <num>,1,Linux_C0000064,1,8,transparent bridge-<ip>. <num>,1,1,frequency_representative
69,PCI: Using IRQ router PIIX/ICH [8086/2410] at 0000:00:1f.0,E112,PCI: Using IRQ router PIIX/ICH [<*>] at <*>,8,pci: using irq router piix/ich [ <num> / <num> ] at <ip> . <num>,1,Linux_C0000065,1,8,pci: using irq router piix/ich [<num>/<num>] at <ip>. <num>,1,1,frequency_representative
70,apm: BIOS version 1.2 Flags 0x03 (Driver version 1.16ac),E79,apm: BIOS version <*> Flags <*> (Driver version <*>),8,apm: bios version <num> flags <hex> (driver version <num> .16ac),1,Linux_C0000066,1,8,apm: bios version <num> flags <hex> (driver version <num>. 16 ac),1,1,frequency_representative
71,audit: initializing netlink socket (disabled),E45,audit: initializing netlink socket (disabled),7,audit: initializing netlink socket (disabled),1,Linux_C0000067,1,7,audit: initializing netlink socket (disabled),1,1,frequency_representative
72,audit(1118297138.4294965368:0): initialized,E238,audit(<*>): initialized,8,audit( <num> : <num> ): initialized,8,Linux_C0000068,8,8,audit (<num>: <num>): initialized,1,1,frequency_representative
73,"Total HugeTLB memory allocated, 0",E133,"Total HugeTLB memory allocated, <*>",8,"total hugetlb memory allocated, <num>",1,Linux_C0000069,1,8,"total hugetlb memory allocated, <num>",1,1,frequency_representative
74,Starting pcmcia: succeeded,E181,Starting pcmcia: succeeded,8,starting pcmcia: succeeded,1,Linux_C0000070,1,8,starting pcmcia: succeeded,1,1,frequency_representative
75,VFS: Disk quotas dquot_6.5.1,E300,VFS: Disk quotas <*>,8,vfs: disk quotas <id>,1,Linux_C0000071,1,8,vfs: disk quotas <id>,1,1,frequency_representative
76,"Dquot-cache hash table entries: 1024 (order 0, 4096 bytes)",E51,"Dquot-cache hash table entries: <*> (order <*>, <*> bytes)",8,"dquot-cache hash table entries: <num> (order <num> , <num> bytes)",1,Linux_C0000072,1,8,"dquot-cache hash table entries: <num> (order <num>, <num> bytes)",1,1,frequency_representative
77,SELinux: Registering netfilter hooks,E94,SELinux: Registering netfilter hooks,8,selinux: registering netfilter hooks,1,Linux_C0000073,1,8,selinux: registering netfilter hooks,1,1,frequency_representative
78,Initializing Cryptographic API,E127,Initializing Cryptographic API,8,initializing cryptographic api,1,Linux_C0000074,1,8,initializing cryptographic api,1,1,frequency_representative
79,pci_hotplug: PCI Hot Plug PCI Core version: 0.5,E65,pci_hotplug: PCI Hot Plug PCI Core version: <*>,8,pci_hotplug: pci hot plug pci core version: <num>,1,Linux_C0000075,1,8,pci_hotplug: pci hot plug pci core version: <num>,1,1,frequency_representative
80,isapnp: Scanning for PnP cards...,E123,isapnp: Scanning for PnP cards...,8,isapnp: scanning for pnp cards...,1,Linux_C0000076,1,8,isapnp: scanning for pnp cards...,1,1,frequency_representative
81,isapnp: No Plug & Play device found,E122,isapnp: No Plug & Play device found,8,isapnp: no plug & play device found,1,Linux_C0000077,1,8,isapnp: no plug & play device found,1,1,frequency_representative
82,Real Time Clock Driver v1.12,E237,Real Time Clock Driver <*>,8,real time clock driver v1. <num>,1,Linux_C0000078,1,8,real time clock driver v 1. <num>,1,1,frequency_representative
83,Linux agpgart interface v0.100 (c) Dave Jones,E86,Linux agpgart interface <*> (c) Dave Jones,8,linux agpgart interface v0. <num> (c) dave jones,1,Linux_C0000079,1,8,linux agpgart interface v 0. <num> (c) dave jones,1,1,frequency_representative
84,agpgart: Detected an Intel i810 E Chipset.,E161,agpgart: Detected an <*> Chipset.,8,agpgart: detected an intel i810 e chipset.,1,Linux_C0000080,1,8,agpgart: detected an intel i 810 e chipset.,1,1,frequency_representative
85,agpgart: Maximum main memory to use for agp memory: 93M,E35,agpgart: Maximum main memory to use for agp memory: <*>,8,agpgart: maximum main memory to use for agp memory: 93m,1,Linux_C0000081,1,8,agpgart: maximum main memory to use for agp memory: 93 m,1,1,frequency_representative
86,hcid startup succeeded,E283,<*> startup succeeded,8,hcid startup succeeded,1,Linux_C0000082,1,8,hcid startup succeeded,1,1,frequency_representative
87,agpgart: detected 4MB dedicated video ram.,E85,agpgart: detected <*> dedicated video ram.,8,agpgart: detected 4mb dedicated video ram.,1,Linux_C0000083,1,8,agpgart: detected 4 mb dedicated video ram.,1,1,frequency_representative
88,HCI daemon ver 2.4 started,E240,HCI daemon ver <*> started,8,hci daemon ver <num> started,1,Linux_C0000084,1,8,hci daemon ver <num> started,1,1,frequency_representative
89,Setting network parameters: succeeded,E84,Setting network parameters: succeeded,7,setting network parameters: succeeded,1,Linux_C0000085,1,7,setting network parameters: succeeded,1,1,frequency_representative
90,sdpd startup succeeded,E283,<*> startup succeeded,8,sdpd startup succeeded,1,Linux_C0000086,1,8,sdpd startup succeeded,1,1,frequency_representative
91,agpgart: AGP aperture is 64M @ 0xf4000000,E206,agpgart: AGP aperture is <*> @ <*>,8,agpgart: agp aperture is 64m @ <hex>,1,Linux_C0000087,1,8,agpgart: agp aperture is 64 m @ <hex>,1,1,frequency_representative
92,Bringing up loopback interface: succeeded,E64,Bringing up loopback interface: succeeded,7,bringing up loopback interface: succeeded,1,Linux_C0000088,1,7,bringing up loopback interface: succeeded,1,1,frequency_representative
93,"Serial: 8250/16550 driver $Revision: 1.90 $ 8 ports, IRQ sharing enabled",E23,"Serial: <*> driver $Revision: <*> $ <*> ports, IRQ sharing enabled",8,"serial: <num> / <num> driver $revision: <num> $ <num> ports, irq sharing enabled",1,Linux_C0000089,1,8,"serial: <num>/<num> driver $ revision: <num> $ <num> ports, irq sharing enabled",1,1,frequency_representative
94,RAMDISK driver initialized: 16 RAM disks of 16384K size 1024 blocksize,E22,RAMDISK driver initialized: <*> RAM disks of <*> size <*> blocksize,8,ramdisk driver initialized: <num> ram disks of 16384k size <num> blocksize,1,Linux_C0000090,1,8,ramdisk driver initialized: <num> ram disks of 16384 k size <num> blocksize,1,1,frequency_representative
95,Uniform Multi-Platform E-IDE driver Revision: 7.00alpha2,E48,Uniform Multi-Platform E-IDE driver Revision: <*>,8,uniform multi-platform e-ide driver revision: <id>,1,Linux_C0000091,1,8,uniform multi-platform e-ide driver revision: <id>,1,1,frequency_representative
96,Mounting other filesystems: succeeded,E80,Mounting other filesystems: succeeded,8,mounting other filesystems: succeeded,1,Linux_C0000092,1,8,mounting other filesystems: succeeded,1,1,frequency_representative
97,ide: Assuming 33MHz system bus speed for PIO modes; override with idebus=xx,E10,ide: Assuming <*> system bus speed for PIO modes; override with idebus=<*>,8,ide: assuming 33mhz system bus speed for pio modes; override with idebus=xx,1,Linux_C0000093,1,8,ide: assuming 33 mhz system bus speed for pio modes; override with idebus = xx,1,1,frequency_representative
98,ICH: IDE controller at PCI slot 0000:00:1f.1,E163,ICH: IDE controller at PCI slot <*>,8,ich: ide controller at pci slot <ip> . <num>,1,Linux_C0000094,1,8,ich: ide controller at pci slot <ip>. <num>,1,1,frequency_representative
99,"Version 3.0.2 (APM BIOS 1.2, Linux driver 1.16ac)",E138,"Version <*> (APM BIOS <*>, Linux driver <*>)",8,"version <num> . <num> (apm bios <num> , linux driver <num> .16ac)",1,Linux_C0000095,1,8,"version <num>. <num> (apm bios <num>, linux driver <num>. 16 ac)",1,1,frequency_representative
100,apmd startup succeeded,E283,<*> startup succeeded,8,apmd startup succeeded,1,Linux_C0000096,1,8,apmd startup succeeded,1,1,frequency_representative
101,ICH: chipset revision 2,E241,ICH: chipset revision <*>,8,ich: chipset revision <num>,1,Linux_C0000097,1,8,ich: chipset revision <num>,1,1,frequency_representative
102,"ide0: BM-DMA at 0xffa0-0xffa7, BIOS settings: hda:DMA, hdb:pio",E70,"ide0: BM-DMA at <*>, BIOS settings: hda:<*>, hdb:<*>",8,"ide0: bm-dma at <hex> - <hex> , bios settings: hda:dma, hdb:pio",1,Linux_C0000098,1,8,"ide 0: bm-dma at <hex>-<hex>, bios settings: hda: dma, hdb: pio",1,1,frequency_representative
103,automount startup succeeded,E283,<*> startup succeeded,8,automount startup succeeded,1,Linux_C0000099,1,8,automount startup succeeded,1,1,frequency_representative
104,"ide1: BM-DMA at 0xffa8-0xffaf, BIOS settings: hdc:DMA, hdd:pio",E69,"ide1: BM-DMA at <*>, BIOS settings: hdc:<*>, hdd:<*>",8,"ide1: bm-dma at <hex> - <hex> , bios settings: hdc:dma, hdd:pio",1,Linux_C0000100,1,8,"ide 1: bm-dma at <hex>-<hex>, bios settings: hdc: dma, hdd: pio",1,1,frequency_representative
105,Using cfq io scheduler,E281,Using <*> io scheduler,8,using cfq io scheduler,1,Linux_C0000101,1,8,using cfq io scheduler,1,1,frequency_representative
106,Home page is http://smartmontools.sourceforge.net/,E324,Home page is <*>,8,home page is <url>,1,Linux_C0000102,1,8,home page is <url>,1,1,frequency_representative
107,"ide0 at 0x1f0-0x1f7,0x3f6 on irq 14",E319,ide0 at <*> on irq <*>,8,"ide0 at <hex> - <hex> , <hex> on irq <num>",1,Linux_C0000103,1,8,"ide 0 at <hex>-<hex>, <hex> on irq <num>",1,1,frequency_representative
108,Opened configuration file /etc/smartd.conf,E195,Opened configuration file <*>,8,opened configuration file /etc/smartd.conf,1,Linux_C0000104,1,8,opened configuration file/etc/smartd. conf,1,1,frequency_representative
109,Configuration file /etc/smartd.conf parsed.,E183,Configuration file <*> parsed.,8,configuration file /etc/smartd.conf parsed.,1,Linux_C0000105,1,8,configuration file/etc/smartd. conf parsed.,1,1,frequency_representative
110,"Device: /dev/hda, opened",E294,"Device: <*>, opened",8,"device: /dev/hda, opened",1,Linux_C0000106,1,8,"device:/dev/hda, opened",1,1,frequency_representative
111,"ide1 at 0x170-0x177,0x376 on irq 15",E320,ide1 at <*> on irq <*>,8,"ide1 at <hex> - <hex> , <hex> on irq <num>",1,Linux_C0000107,1,8,"ide 1 at <hex>-<hex>, <hex> on irq <num>",1,1,frequency_representative
112,Charge: * * * (-1% unknown),E243,Charge: * * * (<*> unknown),8,charge: * * * ( <num> % unknown),1,Linux_C0000108,1,8,charge: * * * (<num> % unknown),1,1,frequency_representative
113,"Device: /dev/hda, found in smartd database.",E116,"Device: <*>, found in smartd database.",8,"device: /dev/hda, found in smartd database.",1,Linux_C0000109,1,8,"device:/dev/hda, found in smartd database.",1,1,frequency_representative
114,hda: max request size: 128KiB,E239,hda: max request size: <*>,8,hda: max request size: 128kib,1,Linux_C0000110,1,8,hda: max request size: 128 kib,1,1,frequency_representative
115,"Device: /dev/hda, is SMART capable. Adding to ""monitor"" list.",E28,"Device: <*>, is SMART capable. Adding to ""monitor"" list.",8,"device: /dev/hda, is smart capable. adding to ""monitor"" list.",1,Linux_C0000111,1,8,"device:/dev/hda, is smart capable. adding to "" monitor "" list.",1,1,frequency_representative
116,"hda: 29336832 sectors (15020 MB) w/1916KiB Cache, CHS=29104/16/63, UDMA(66)",E90,"hda: <*> sectors (<*> MB) w/<*> Cache, CHS=<*>, UDMA(<*>)",8,"hda: <num> sectors ( <num> mb) w/1916kib cache, chs= <num> / <num> / <num> , udma( <num> )",1,Linux_C0000112,1,8,"hda: <num> sectors (<num> mb) w/1916 kib cache, chs = <num>/<num>/<num>, udma (<num>)",1,1,frequency_representative
117,Monitoring 1 ATA and 0 SCSI devices,E155,Monitoring <*> ATA and <*> SCSI devices,8,monitoring <num> ata and <num> scsi devices,1,Linux_C0000113,1,8,monitoring <num> ata and <num> scsi devices,1,1,frequency_representative
118,smartd has fork()ed into background mode. New PID=1757.,E31,smartd has fork()ed into background mode. New PID=<*>.,8,smartd has fork()ed into background mode. new pid= <num> .,5,Linux_C0000114,5,8,smartd has fork () ed into background mode. new pid = <num>.,1,1,frequency_representative
119,smartd startup succeeded,E283,<*> startup succeeded,8,smartd startup succeeded,1,Linux_C0000115,1,8,smartd startup succeeded,1,1,frequency_representative
120,Uniform CD-ROM driver Revision: 3.20,E131,Uniform CD-ROM driver Revision: <*>,8,uniform cd-rom driver revision: <num>,1,Linux_C0000116,1,8,uniform cd-rom driver revision: <num>,1,1,frequency_representative
121,ide-floppy driver 0.99.newide,E280,ide-floppy driver <*>,8,ide-floppy driver <id>,1,Linux_C0000117,1,8,ide-floppy driver <id>,1,1,frequency_representative
122,usbcore: registered new driver hiddev,E149,usbcore: registered new driver <*>,8,usbcore: registered new driver hiddev,1,Linux_C0000118,1,8,usbcore: registered new driver hiddev,1,1,frequency_representative
123,usbcore: registered new driver hid,E149,usbcore: registered new driver <*>,8,usbcore: registered new driver hid,1,Linux_C0000119,1,8,usbcore: registered new driver hid,1,1,frequency_representative
124,mice: PS/2 mouse device common for all mice,E104,mice: <*> mouse device common for all mice,8,mice: ps/ <num> mouse device common for all mice,1,Linux_C0000120,1,8,mice: ps/<num> mouse device common for all mice,1,1,frequency_representative
125,"serio: i8042 AUX port at 0x60,0x64 irq 12",E191,"serio: i8042 AUX port at <*>,<*> irq <*>",8,"serio: i8042 aux port at <hex> , <hex> irq <num>",1,Linux_C0000121,2,16,"serio: i 8042 <*> port at <hex>, <hex> irq <num>",2,1,frequency_representative
127,"serio: i8042 KBD port at 0x60,0x64 irq 1",E189,"serio: i8042 KBD port at <*>,<*> irq <*>",8,"serio: i8042 kbd port at <hex> , <hex> irq <num>",1,Linux_C0000121,2,16,"serio: i 8042 <*> port at <hex>, <hex> irq <num>",2,2,complex_sample
126,input: ImPS/2 Logitech Wheel Mouse on isa0060/serio1,E334,input: <*> on <*>,8,input: imps/ <num> logitech wheel mouse on isa0060/serio1,1,Linux_C0000122,1,8,input: imps/<num> logitech wheel mouse on isa 0060/serio 1,1,1,frequency_representative
128,input: AT Translated Set 2 keyboard on isa0060/serio0,E334,input: <*> on <*>,8,input: at translated set <num> keyboard on isa0060/serio0,1,Linux_C0000123,1,8,input: at translated set <num> keyboard on isa 0060/serio 0,1,1,frequency_representative
129,"md: md driver 0.90.0 MAX_MD_DEVS=256, MD_SB_DISKS=27",E68,"md: md driver <*> MAX_MD_DEVS=<*>, MD_SB_DISKS=<*>",8,"md: md driver <num> . <num> max_md_devs= <num> , md_sb_disks= <num>",1,Linux_C0000124,1,8,"md: md driver <num>. <num> max_md_devs = <num>, md_sb_disks = <num>",1,1,frequency_representative
131,"IP: routing cache hash table of 512 buckets, 4Kbytes",E89,"IP: routing cache hash table of <*> buckets, <*>",8,"ip: routing cache hash table of <num> buckets, 4kbytes",1,Linux_C0000125,1,8,"ip: routing cache hash table of <num> buckets, 4 kbytes",1,1,frequency_representative
132,TCP: Hash tables configured (established 8192 bind 16384),E50,TCP: Hash tables configured (established <*> bind <*>),8,tcp: hash tables configured (established <num> bind <num> ),1,Linux_C0000126,1,8,tcp: hash tables configured (established <num> bind <num>),1,1,frequency_representative
133,Initializing IPsec netlink socket,E114,Initializing IPsec netlink socket,8,initializing ipsec netlink socket,1,Linux_C0000127,1,8,initializing ipsec netlink socket,1,1,frequency_representative
136,checking if image is initramfs...it isn't (no cpio magic); looks like an initrd,E3,checking if image is initramfs...it isn't (no cpio magic); looks like an initrd,8,checking if image is initramfs...it isn't (no cpio magic); looks like an initrd,1,Linux_C0000128,1,8,checking if image is initramfs... it isn ' t (no cpio magic); looks like an initrd,1,1,frequency_representative
137,Freeing initrd memory: 186k freed,E172,Freeing initrd memory: <*> freed,8,freeing initrd memory: 186k freed,1,Linux_C0000129,1,8,freeing initrd memory: 186 k freed,1,1,frequency_representative
138,md: Autodetecting RAID arrays.,E142,md: Autodetecting RAID arrays.,8,md: autodetecting raid arrays.,1,Linux_C0000130,1,8,md: autodetecting raid arrays.,1,1,frequency_representative
139,md: autorun ...,E307,md: autorun ...,8,md: autorun ...,1,Linux_C0000131,1,8,md: autorun...,1,1,frequency_representative
140,RAMDISK: Compressed image found at block 0,E75,RAMDISK: Compressed image found at block <*>,8,ramdisk: compressed image found at block <num>,1,Linux_C0000132,1,8,ramdisk: compressed image found at block <num>,1,1,frequency_representative
141,Starting hpoj: succeeded,E202,Starting hpoj: succeeded,8,starting hpoj: succeeded,1,Linux_C0000133,1,8,starting hpoj: succeeded,1,1,frequency_representative
142,VFS: Mounted root (ext2 filesystem).,E99,VFS: Mounted root (ext2 filesystem).,8,vfs: mounted root (ext2 filesystem).,1,Linux_C0000134,1,8,vfs: mounted root (ext 2 filesystem).,1,1,frequency_representative
143,EXT3-fs: write access will be enabled during recovery.,E24,EXT3-fs: write access will be enabled during recovery.,4,ext3-fs: write access will be enabled during recovery.,1,Linux_C0000135,1,4,ext 3-fs: write access will be enabled during recovery.,1,1,frequency_representative
144,kjournald starting. Commit interval 5 seconds,E55,kjournald starting. Commit interval <*> seconds,16,kjournald starting. commit interval <num> seconds,1,Linux_C0000136,1,16,kjournald starting. commit interval <num> seconds,1,1,frequency_representative
145,EXT3-fs: hda2: 4 orphan inodes deleted,E134,EXT3-fs: <*>: <*> orphan inodes deleted,1,ext3-fs: hda2: <num> orphan inodes deleted,1,Linux_C0000137,1,1,ext 3-fs: hda 2: <num> orphan inodes deleted,1,1,frequency_representative
146,EXT3-fs: recovery complete.,E170,EXT3-fs: recovery complete.,4,ext3-fs: recovery complete.,1,Linux_C0000138,1,4,ext 3-fs: recovery complete.,1,1,frequency_representative
147,EXT3-fs: mounted filesystem with ordered data mode.,E27,EXT3-fs: mounted filesystem with ordered data mode.,16,ext3-fs: mounted filesystem with ordered data mode.,1,Linux_C0000139,1,16,ext 3-fs: mounted filesystem with ordered data mode.,1,1,frequency_representative
148,Freeing unused kernel memory: 144k freed,E110,Freeing unused kernel memory: <*> freed,8,freeing unused kernel memory: 144k freed,1,Linux_C0000140,1,8,freeing unused kernel memory: 144 k freed,1,1,frequency_representative
149,SELinux: Disabled at runtime.,E160,SELinux: Disabled at runtime.,7,selinux: disabled at runtime.,1,Linux_C0000141,1,7,selinux: disabled at runtime.,1,1,frequency_representative
150,SELinux: Unregistering netfilter hooks,E74,SELinux: Unregistering netfilter hooks,7,selinux: unregistering netfilter hooks,1,Linux_C0000142,1,7,selinux: unregistering netfilter hooks,1,1,frequency_representative
152,Disabled Privacy Extensions on device 022db720(lo),E77,Disabled Privacy Extensions on device <*>(<*>),8,disabled privacy extensions on device <id> (lo),1,Linux_C0000143,1,8,disabled privacy extensions on device <id> (lo),1,1,frequency_representative
153,IPv6 over IPv4 tunneling driver,E144,IPv6 over IPv4 tunneling driver,8,ipv6 over ipv4 tunneling driver,1,Linux_C0000144,1,8,ipv 6 over ipv 4 tunneling driver,1,1,frequency_representative
154,USB Universal Host Controller Interface driver v2.2,E47,USB Universal Host Controller Interface driver <*>,8,usb universal host controller interface driver v2. <num>,1,Linux_C0000145,1,8,usb universal host controller interface driver v 2. <num>,1,1,frequency_representative
173,PCI: Found IRQ 5 for device 0000:01:0c.0,E218,PCI: Found IRQ <*> for device <*>,24,pci: found irq <num> for device <ip> . <num>,2,Linux_C0000146,2,24,pci: found irq <num> for device <ip>. <num>,1,1,frequency_representative
156,uhci_hcd 0000:00:1f.2: UHCI Host Controller,E150,uhci_hcd <*>: UHCI Host Controller,8,uhci_hcd <ip> . <num> : uhci host controller,1,Linux_C0000147,1,8,uhci_hcd <ip>. <num>: uhci host controller,1,1,frequency_representative
157,"uhci_hcd 0000:00:1f.2: irq 11, io base 0000ff80",E250,"uhci_hcd <*>: irq <*>, io base <*>",8,"uhci_hcd <ip> . <num> : irq <num> , io base <id>",1,Linux_C0000148,1,8,"uhci_hcd <ip>. <num>: irq <num>, io base <id>",1,1,frequency_representative
158,"uhci_hcd 0000:00:1f.2: new USB bus registered, assigned bus number 1",E26,"uhci_hcd <*>: new USB bus registered, assigned bus number <*>",8,"uhci_hcd <ip> . <num> : new usb bus registered, assigned bus number <num>",1,Linux_C0000149,1,8,"uhci_hcd <ip>. <num>: new usb bus registered, assigned bus number <num>",1,1,frequency_representative
159,"EXT3 FS on hda2, internal journal",E185,"EXT3 FS on <*>, internal journal",8,"ext3 fs on hda2, internal journal",1,Linux_C0000150,2,16,"ext 3 fs on hda <*>, internal journal",2,1,frequency_representative
163,"EXT3 FS on hda1, internal journal",E185,"EXT3 FS on <*>, internal journal",8,"ext3 fs on hda1, internal journal",1,Linux_C0000150,2,16,"ext 3 fs on hda <*>, internal journal",2,2,complex_sample
160,cdrom: open failed.,E263,cdrom: open failed.,8,cdrom: open failed.,1,Linux_C0000151,1,8,cdrom: open failed.,1,1,frequency_representative
161,Adding 262072k swap on /dev/hda3. Priority:-1 extents:1,E120,Adding <*> swap on <*>. Priority:<*> extents:<*>,8,adding 262072k swap on <path> <id> <id>,1,Linux_C0000152,1,8,adding 262072 k swap on <path> <id> <id>,1,1,frequency_representative
165,microcode: CPU0 already at revision 0x8 (current=0x8),E49,microcode: CPU0 already at revision <*> (current=<*>),8,microcode: cpu0 already at revision <hex> (current= <hex> ),1,Linux_C0000153,1,8,microcode: cpu 0 already at revision <hex> (current = <hex>),1,1,frequency_representative
166,microcode: No suitable data for cpu 0,E117,microcode: No suitable data for cpu <*>,8,microcode: no suitable data for cpu <num>,1,Linux_C0000154,1,8,microcode: no suitable data for cpu <num>,1,1,frequency_representative
167,"parport0: PC-style at 0x378 (0x778) [PCSPP,TRISTATE,EPP]",E199,parport0: PC-style at <*> (<*>) [<*>],16,"<id> : pc-style at <hex> ( <hex> ) [pcspp,tristate,epp]",1,Linux_C0000155,1,16,"<id>: pc-style at <hex> (<hex>) [pcspp, tristate, epp]",1,1,frequency_representative
168,parport0: irq 7 detected,E223,parport0: irq <*> detected,16,<id> : irq <num> detected,1,Linux_C0000156,1,16,<id>: irq <num> detected,1,1,frequency_representative
169,SCSI subsystem initialized,E182,SCSI subsystem initialized,8,scsi subsystem initialized,1,Linux_C0000157,1,8,scsi subsystem initialized,1,1,frequency_representative
170,inserting floppy driver for 2.6.5-1.358,E184,inserting floppy driver for <*>,8,inserting floppy driver for <num> . <num> - <num>,1,Linux_C0000158,1,8,inserting floppy driver for <num>. <num>-<num>,1,1,frequency_representative
171,Floppy drive(s): fd0 is 1.44M,E266,Floppy drive(s): <*> is <*>,8,floppy drive(s): fd0 is <num> .44m,1,Linux_C0000159,1,8,floppy drive (s): fd 0 is <num>. 44 m,1,1,frequency_representative
172,FDC 0 is a National Semiconductor PC87306,E156,FDC <*> is a National Semiconductor <*>,8,fdc <num> is a national semiconductor pc87306,1,Linux_C0000160,1,8,fdc <num> is a national semiconductor pc 87306,1,1,frequency_representative
174,3c59x: Donald Becker and others. www.scyld.com/network/vortex.html,E196,<*>: Donald Becker and others. <*>,16,3c59x: donald becker and others. www.scyld.com/network/vortex.html,1,Linux_C0000161,1,16,3 c 59 x: donald becker and others. www. scyld. com/network/vortex. html,1,1,frequency_representative
175,ip_tables: (C) 2000-2002 Netfilter core team,E118,ip_tables: (C) <*> Netfilter core team,17,ip_tables: (c) <num> - <num> netfilter core team,1,Linux_C0000162,1,17,ip_tables: (c) <num>-<num> netfilter core team,1,1,frequency_representative
179,process `syslogd' is using obsolete setsockopt SO_BSDCOMPAT,E30,process <*> is using obsolete setsockopt SO_BSDCOMPAT,8,process `syslogd' is using obsolete setsockopt so_bsdcompat,1,Linux_C0000163,1,8,process ` syslogd ' is using obsolete setsockopt so_bsdcompat,1,1,frequency_representative
180,Bluetooth: Core ver 2.4,E310,Bluetooth: <*> ver <*>,8,bluetooth: core ver <num>,1,Linux_C0000164,1,8,bluetooth: core ver <num>,1,1,frequency_representative
182,Bluetooth: HCI device and connection manager initialized,E18,Bluetooth: HCI device and connection manager initialized,8,bluetooth: hci device and connection manager initialized,1,Linux_C0000165,1,8,bluetooth: hci device and connection manager initialized,1,1,frequency_representative
183,Bluetooth: HCI socket layer initialized,E72,Bluetooth: HCI socket layer initialized,8,bluetooth: hci socket layer initialized,1,Linux_C0000166,2,16,bluetooth: <*> socket layer initialized,2,1,frequency_representative
186,Bluetooth: RFCOMM socket layer initialized,E58,Bluetooth: RFCOMM socket layer initialized,8,bluetooth: rfcomm socket layer initialized,1,Linux_C0000166,2,16,bluetooth: <*> socket layer initialized,2,2,complex_sample
184,Bluetooth: L2CAP ver 2.1,E310,Bluetooth: <*> ver <*>,8,bluetooth: l2cap ver <num>,1,Linux_C0000167,1,8,bluetooth: l 2 cap ver <num>,1,1,frequency_representative
185,Bluetooth: RFCOMM ver 1.2,E310,Bluetooth: <*> ver <*>,8,bluetooth: rfcomm ver <num>,1,Linux_C0000168,1,8,bluetooth: rfcomm ver <num>,1,1,frequency_representative
187,Bluetooth: RFCOMM TTY layer initialized,E71,Bluetooth: RFCOMM TTY layer initialized,8,bluetooth: rfcomm tty layer initialized,1,Linux_C0000169,1,8,bluetooth: rfcomm tty layer initialized,1,1,frequency_representative
190,cupsd startup succeeded,E283,<*> startup succeeded,41,cupsd startup succeeded,1,Linux_C0000170,1,41,cupsd startup succeeded,1,1,frequency_representative
191,succeeded,E328,succeeded,16,succeeded,1,Linux_C0000171,1,16,succeeded,1,1,frequency_representative
192,xinetd startup succeeded,E283,<*> startup succeeded,8,xinetd startup succeeded,1,Linux_C0000172,1,8,xinetd startup succeeded,1,1,frequency_representative
193,No such internal service: services/stream - DISABLING,E102,No such internal service: <*> - DISABLING,8,no such internal service: services/stream - disabling,1,Linux_C0000173,1,8,no such internal service: services/stream-disabling,1,1,frequency_representative
194,sendmail startup succeeded,E283,<*> startup succeeded,9,sendmail startup succeeded,1,Linux_C0000174,1,9,sendmail startup succeeded,1,1,frequency_representative
195,sm-client startup succeeded,E283,<*> startup succeeded,9,sm-client startup succeeded,1,Linux_C0000175,1,9,sm-client startup succeeded,1,1,frequency_representative
196,bind failed (Address already in use (errno = 98)). service = telnet,E21,bind failed (Address already in use (errno = <*>)). service = <*>,8,bind failed (address already in use (errno = <num> )). service = telnet,1,Linux_C0000176,1,8,bind failed (address already in use (errno = <num>)). service = telnet,1,1,frequency_representative
197,Service telnet failed to start and is deactivated.,E34,Service telnet failed to start and is deactivated.,8,service telnet failed to start and is deactivated.,1,Linux_C0000177,1,8,service telnet failed to start and is deactivated.,1,1,frequency_representative
198,xinetd Version 2.3.13 started with libwrap loadavg options compiled in.,E41,xinetd Version <*> started with <*> options compiled in.,8,xinetd version <num> . <num> started with libwrap loadavg options compiled in.,1,Linux_C0000178,1,8,xinetd version <num>. <num> started with libwrap loadavg options compiled in.,1,1,frequency_representative
199,Started working: 30 available services,E101,Started working: <*> available services,8,started working: <num> available services,1,Linux_C0000179,1,8,started working: <num> available services,1,1,frequency_representative
200,spamd startup succeeded,E283,<*> startup succeeded,8,spamd startup succeeded,1,Linux_C0000180,1,8,spamd startup succeeded,1,1,frequency_representative
201,Jun 09 06:06:44 Privoxy(-150093696) Info: loading configuration file '/etc/privoxy/config':,E61,<*> Privoxy(<*>) Info: loading configuration file <*>,2,jun <num> <ip> privoxy( <num> ) info: loading configuration file '/etc/privoxy/config':,2,Linux_C0000181,2,2,jun <num> <ip> privoxy (<num>) info: loading configuration file '/etc/privoxy/config ':,1,1,frequency_representative
263,creating device node '/udev/vcs2',E258,creating device node <*>,268,creating device node ' <path> ',15,Linux_C0000182,15,268,creating device node ' <path> ',1,1,frequency_representative
203,privoxy startup succeeded,E283,<*> startup succeeded,8,privoxy startup succeeded,1,Linux_C0000183,1,8,privoxy startup succeeded,1,1,frequency_representative
206,*** info [mice.c(1766)]:,E254,*** info [mice.c(<*>)]:,15,*** info [mice.c( <num> )]:,1,Linux_C0000184,5,26,* * * info [<*>. c (<num>)]:,2,1,frequency_representative
204,*** info [startup.c(95)]:,E213,*** info [startup.c(<*>)]:,8,*** info [startup.c( <num> )]:,1,Linux_C0000184,5,26,* * * info [<*>. c (<num>)]:,2,2,complex_sample
205,Started gpm successfully. Entered daemon mode.,E46,Started gpm successfully. Entered daemon mode.,8,started gpm successfully. entered daemon mode.,1,Linux_C0000185,1,8,started gpm successfully. entered daemon mode.,1,1,frequency_representative
207,imps2: Auto-detected intellimouse PS/2,E73,imps2: Auto-detected intellimouse PS/2,15,imps2: auto-detected intellimouse ps/ <num>,1,Linux_C0000186,1,15,imps 2: auto-detected intellimouse ps/<num>,1,1,frequency_representative
208,gpm startup succeeded,E283,<*> startup succeeded,8,gpm startup succeeded,1,Linux_C0000187,1,8,gpm startup succeeded,1,1,frequency_representative
312,session opened for user cyrus by (uid=0),E208,session opened for user <*> by <*>,231,session opened for user cyrus by (uid= <num> ),1,Linux_C0000188,5,552,session opened for user <*> by (uid = <num>),3,1,frequency_representative
717,session opened for user test by (uid=509),E208,session opened for user <*> by <*>,67,session opened for user test by (uid= <num> ),1,Linux_C0000188,5,552,session opened for user <*> by (uid = <num>),3,2,complex_sample
209,session opened for user htt by (uid=0),E208,session opened for user <*> by <*>,8,session opened for user htt by (uid= <num> ),1,Linux_C0000188,5,552,session opened for user <*> by (uid = <num>),3,3,diverse_sample
210,session closed for user htt,E227,session closed for user <*>,8,session closed for user htt,1,Linux_C0000189,1,8,session closed for user htt,1,1,frequency_representative
211,htt startup succeeded,E283,<*> startup succeeded,8,htt startup succeeded,1,Linux_C0000190,1,8,htt startup succeeded,1,1,frequency_representative
212,started.,E331,started.,8,started.,1,Linux_C0000191,1,8,started.,1,1,frequency_representative
214,crond startup succeeded,E283,<*> startup succeeded,8,crond startup succeeded,1,Linux_C0000192,1,8,crond startup succeeded,1,1,frequency_representative
215,xfs startup succeeded,E283,<*> startup succeeded,8,xfs startup succeeded,1,Linux_C0000193,1,8,xfs startup succeeded,1,1,frequency_representative
216,anacron startup succeeded,E283,<*> startup succeeded,8,anacron startup succeeded,1,Linux_C0000194,1,8,anacron startup succeeded,1,1,frequency_representative
217,atd startup succeeded,E283,<*> startup succeeded,8,atd startup succeeded,1,Linux_C0000195,1,8,atd startup succeeded,1,1,frequency_representative
218,Starting background readahead:,E126,Starting background readahead:,8,starting background readahead:,1,Linux_C0000196,1,8,starting background readahead:,1,1,frequency_representative
219,Starting readahead: succeeded,E145,Starting readahead: succeeded,8,starting readahead: succeeded,1,Linux_C0000197,1,8,starting readahead: succeeded,1,1,frequency_representative
220,messagebus startup succeeded,E283,<*> startup succeeded,8,messagebus startup succeeded,1,Linux_C0000198,1,8,messagebus startup succeeded,1,1,frequency_representative
221,httpd startup succeeded,E283,<*> startup succeeded,8,httpd startup succeeded,1,Linux_C0000199,1,8,httpd startup succeeded,1,1,frequency_representative
222,Squid Parent: child process 2264 started,E109,Squid Parent: child process <*> started,8,squid parent: child process <num> started,8,Linux_C0000200,8,8,squid parent: child process <num> started,1,1,frequency_representative
223,starting BIND 9.2.3 -u named -t /var/named/chroot,E285,starting BIND <*> -u <*> -t <*>,8,starting bind <num> . <num> -u named -t /var/named/chroot,1,Linux_C0000201,1,8,starting bind <num>. <num>-u named-t/var/named/chroot,1,1,frequency_representative
224,using 1 CPU,E333,using <*> CPU,8,using <num> cpu,1,Linux_C0000202,1,8,using <num> cpu,1,1,frequency_representative
225,named startup succeeded,E283,<*> startup succeeded,8,named startup succeeded,1,Linux_C0000203,1,8,named startup succeeded,1,1,frequency_representative
226,loading configuration from '/etc/named.conf',E186,loading configuration from <*>,8,loading configuration from '/etc/named.conf',1,Linux_C0000204,1,8,loading configuration from '/etc/named. conf ',1,1,frequency_representative
227,"listening on IPv4 interface lo, 127.0.0.1#53",E167,"listening on IPv4 interface <*>, <*>",8,"listening on ipv4 interface lo, <ip> # <num>",1,Linux_C0000205,1,8,"listening on ipv 4 interface lo, <ip> # <num>",1,1,frequency_representative
228,"listening on IPv4 interface eth0, 63.126.79.67#53",E167,"listening on IPv4 interface <*>, <*>",8,"listening on ipv4 interface eth0, <ip> # <num>",1,Linux_C0000206,1,8,"listening on ipv 4 interface eth 0, <ip> # <num>",1,1,frequency_representative
229,"listening on IPv4 interface eth0:1, 63.126.79.69#53",E167,"listening on IPv4 interface <*>, <*>",176,"listening on ipv4 interface eth0: <num> , <ip> # <num>",22,Linux_C0000207,22,176,"listening on ipv 4 interface eth 0: <num>, <ip> # <num>",1,1,frequency_representative
239,snmpd startup succeeded,E283,<*> startup succeeded,8,snmpd startup succeeded,1,Linux_C0000208,1,8,snmpd startup succeeded,1,1,frequency_representative
242,NET-SNMP version 5.1.1,E290,NET-SNMP version <*>,8,net-snmp version <num> . <num>,1,Linux_C0000209,1,8,net-snmp version <num>. <num>,1,1,frequency_representative
244,ntpd startup succeeded,E283,<*> startup succeeded,8,ntpd startup succeeded,1,Linux_C0000210,1,8,ntpd startup succeeded,1,1,frequency_representative
249,precision = 1.000 usec,E296,precision = <*> usec,8,precision = <num> usec,2,Linux_C0000211,2,8,precision = <num> usec,1,1,frequency_representative
252,kernel time sync status 0040,E226,kernel time sync status <*>,8,kernel time sync status <num>,1,Linux_C0000212,1,8,kernel time sync status <num>,1,1,frequency_representative
254,frequency initialized 0.000 PPM from /var/lib/ntp/drift,E157,frequency initialized <*> PPM from <*>,8,frequency initialized <num> ppm from /var/lib/ntp/drift,1,Linux_C0000213,1,8,frequency initialized <num> ppm from/var/lib/ntp/drift,1,1,frequency_representative
257,"configure: keyword ""authenticate"" unknown, line ignored",E60,"configure: keyword <*> unknown, line ignored",8,"configure: keyword ""authenticate"" unknown, line ignored",1,Linux_C0000214,1,8,"configure: keyword "" authenticate "" unknown, line ignored",1,1,frequency_representative
258,couldn't add command channel 127.0.0.1#953: not found,E95,couldn't add command channel <*> not found,8,couldn't add command channel <ip> # <num> : not found,1,Linux_C0000215,1,8,couldn ' t add command channel <ip> # <num>: not found,1,1,frequency_representative
259,couldn't add command channel ::1#953: not found,E95,couldn't add command channel <*> not found,8,couldn't add command channel :: <num> # <num> : not found,1,Linux_C0000216,1,8,couldn ' t add command channel:: <num> # <num>: not found,1,1,frequency_representative
260,Starting MySQL: succeeded,E193,Starting MySQL: succeeded,9,starting mysql: succeeded,1,Linux_C0000217,1,9,starting mysql: succeeded,1,1,frequency_representative
261,running,E338,running,8,running,1,Linux_C0000218,1,8,running,1,1,frequency_representative
262,"rsyncd version 2.6.2 starting, listening on port 873",E66,"rsyncd version <*> starting, listening on port <*>",8,"rsyncd version <num> . <num> starting, listening on port <num>",1,Linux_C0000219,1,8,"rsyncd version <num>. <num> starting, listening on port <num>",1,1,frequency_representative
269,removing device node '/udev/vcs2',E253,removing device node <*>,216,removing device node ' <path> ',16,Linux_C0000220,16,216,removing device node ' <path> ',1,1,frequency_representative
307,"synchronized to LOCAL(0), stratum=10",E119,"synchronized to LOCAL(<*>), stratum=<*>",8,"synchronized to local( <num> ), stratum= <num>",1,Linux_C0000221,1,8,"synchronized to local (<num>), stratum = <num>",1,1,frequency_representative
308,kernel time sync disabled 0041,E204,kernel time sync disabled <*>,8,kernel time sync disabled <num>,1,Linux_C0000222,1,8,kernel time sync disabled <num>,1,1,frequency_representative
309,kernel time sync enabled 0001,E214,kernel time sync enabled <*>,8,kernel time sync enabled <num>,1,Linux_C0000223,1,8,kernel time sync enabled <num>,1,1,frequency_representative
310,file descriptor of service comsat has been closed,E37,file descriptor of service comsat has been closed,8,file descriptor of service comsat has been closed,1,Linux_C0000224,1,8,file descriptor of service comsat has been closed,1,1,frequency_representative
311,select reported EBADF but no bad file descriptors were found,E15,select reported EBADF but no bad file descriptors were found,8,select reported ebadf but no bad file descriptors were found,1,Linux_C0000225,1,8,select reported ebadf but no bad file descriptors were found,1,1,frequency_representative
313,session closed for user cyrus,E227,session closed for user <*>,231,session closed for user cyrus,1,Linux_C0000226,1,231,session closed for user cyrus,1,1,frequency_representative
314,ALERT exited abnormally with [1],E173,ALERT exited abnormally with <*>,231,alert exited abnormally with [ <num> ],1,Linux_C0000227,1,231,alert exited abnormally with [<num>],1,1,frequency_representative
316,session closed for user news,E227,session closed for user <*>,231,session closed for user news,1,Linux_C0000228,1,231,session closed for user news,1,1,frequency_representative
397,kernel.core_uses_pid = 1,E217,kernel.core_uses_pid = <*>,4,kernel.core_uses_pid = <num>,1,Linux_C0000229,1,4,kernel. core_uses_pid = <num>,1,1,frequency_representative
618,check pass; user unknown,E299,check pass; user <*>,1043,check pass; user unknown,1,Linux_C0000230,1,1043,check pass; user unknown,1,1,frequency_representative
1238,connection from 61.74.96.178 () at Wed Jun 29 03:22:22 2005,E261,connection from <*> (<*>) at <*>,76,connection from <ip> () at wed jun <num> <ip> <num>,18,Linux_C0000231,31,178,connection from <ip> () at <*> jun <num> <ip> <num>,3,1,frequency_representative
1160,connection from 210.118.170.95 () at Sat Jun 25 09:20:24 2005,E261,connection from <*> (<*>) at <*>,54,connection from <ip> () at sat jun <num> <ip> <num>,8,Linux_C0000231,31,178,connection from <ip> () at <*> jun <num> <ip> <num>,3,2,complex_sample
672,connection from 222.33.90.199 () at Sun Jun 12 00:07:45 2005,E261,connection from <*> (<*>) at <*>,23,connection from <ip> () at sun jun <num> <ip> <num>,2,Linux_C0000231,31,178,connection from <ip> () at <*> jun <num> <ip> <num>,3,3,diverse_sample
649,authentication failure; logname= uid=0 euid=0 tty=NODEVssh ruser= rhost=unknown.sagonet.net user=root,E8,authentication failure; logname=<*> uid=<*> euid=<*> tty=<*> ruser=<*> rhost=<*> user=<*>,23,authentication failure; logname= uid= <num> euid= <num> tty=nodevssh ruser= rhost=unknown.sagonet.net user=root,1,Linux_C0000232,12,96,authentication failure; logname = uid = <num> euid = <num> tty = nodevssh ruser = rhost = <*>. <*>. <*> user = root,3,1,frequency_representative
22712,authentication failure; logname= uid=0 euid=0 tty=NODEVssh ruser= rhost=mail.fullerproperties.com user=root,E8,authentication failure; logname=<*> uid=<*> euid=<*> tty=<*> ruser=<*> rhost=<*> user=<*>,7,authentication failure; logname= uid= <num> euid= <num> tty=nodevssh ruser= rhost=mail.fullerproperties.com user=root,1,Linux_C0000232,12,96,authentication failure; logname = uid = <num> euid = <num> tty = nodevssh ruser = rhost = <*>. <*>. <*> user = root,3,2,complex_sample
1266,authentication failure; logname= uid=0 euid=0 tty=NODEVssh ruser= rhost=csnsu.nsuok.edu user=root,E8,authentication failure; logname=<*> uid=<*> euid=<*> tty=<*> ruser=<*> rhost=<*> user=<*>,10,authentication failure; logname= uid= <num> euid= <num> tty=nodevssh ruser= rhost=csnsu.nsuok.edu user=root,1,Linux_C0000232,12,96,authentication failure; logname = uid = <num> euid = <num> tty = nodevssh ruser = rhost = <*>. <*>. <*> user = root,3,3,diverse_sample
6124,authentication failure; logname= uid=0 euid=0 tty=NODEVssh ruser= rhost=142.179.221.122 user=test,E8,authentication failure; logname=<*> uid=<*> euid=<*> tty=<*> ruser=<*> rhost=<*> user=<*>,242,authentication failure; logname= uid= <num> euid= <num> tty=nodevssh ruser= rhost= <ip> user=test,29,Linux_C0000233,40,328,authentication failure; logname = uid = <num> euid = <num> tty = nodevssh ruser = rhost = <ip> user = test,2,1,frequency_representative
23401,authentication failure; logname= uid=0 euid=0 tty=NODEVssh ruser= rhost=xdsl-81-173-145-209.netcologne.de user=test,E8,authentication failure; logname=<*> uid=<*> euid=<*> tty=<*> ruser=<*> rhost=<*> user=<*>,86,authentication failure; logname= uid= <num> euid= <num> tty=nodevssh ruser= rhost= <id> user=test,11,Linux_C0000233,40,328,authentication failure; logname = uid = <num> euid = <num> tty = nodevssh ruser = rhost = <ip> user = test,2,2,complex_sample
1102,authentication failure; logname= uid=0 euid=0 tty=NODEVssh ruser= rhost=209.152.168.249 user=guest,E8,authentication failure; logname=<*> uid=<*> euid=<*> tty=<*> ruser=<*> rhost=<*> user=<*>,18,authentication failure; logname= uid= <num> euid= <num> tty=nodevssh ruser= rhost= <ip> user=guest,4,Linux_C0000234,4,18,authentication failure; logname = uid = <num> euid = <num> tty = nodevssh ruser = rhost = <ip> user = guest,1,1,frequency_representative
711,cupsd shutdown succeeded,E264,<*> shutdown succeeded,37,cupsd shutdown succeeded,1,Linux_C0000235,1,37,cupsd shutdown succeeded,1,1,frequency_representative
718,session closed for user test,E227,session closed for user <*>,69,session closed for user test,1,Linux_C0000236,1,69,session closed for user test,1,1,frequency_representative
732,connection from 61.218.67.60 (mail.net-star.com.tw) at Mon Jun 13 02:01:27 2005,E261,connection from <*> (<*>) at <*>,23,connection from <ip> (mail.net-star.com.tw) at mon jun <num> <ip> <num>,2,Linux_C0000237,2,23,connection from <ip> (mail. net-star. com. tw) at mon jun <num> <ip> <num>,1,1,frequency_representative
760,bad username [;;],E309,bad username [<*>],1,bad username [;;],1,Linux_C0000238,1,1,bad username [;;],1,1,frequency_representative
761,Couldn't authenticate user,E179,Couldn't authenticate user,10,couldn't authenticate user,1,Linux_C0000239,1,10,couldn ' t authenticate user,1,1,frequency_representative
762,bad username [],E309,bad username [<*>],9,bad username [],1,Linux_C0000240,2,11,bad username [],2,1,frequency_representative
3171,bad username [ ],E309,bad username [<*>],2,bad username [ ],1,Linux_C0000240,2,11,bad username [],2,2,complex_sample
764,connection from 212.5.120.141 (host-141.STSK.macomnet.net) at Mon Jun 13 09:09:44 2005,E261,connection from <*> (<*>) at <*>,46,connection from <ip> ( <id> ) at mon jun <num> <ip> <num>,2,Linux_C0000241,10,76,connection from <ip> (<id>) at <*> jun <num> <ip> <num>,2,1,frequency_representative
973,connection from 82.252.162.81 (lns-vlq-45-tou-82-252-162-81.adsl.proxad.net) at Sat Jun 18 02:08:10 2005,E261,connection from <*> (<*>) at <*>,15,connection from <ip> ( <id> ) at sat jun <num> <ip> <num>,3,Linux_C0000241,10,76,connection from <ip> (<id>) at <*> jun <num> <ip> <num>,2,2,complex_sample
5205,authentication failure; logname= uid=0 euid=0 tty=NODEVssh ruser= rhost=219.150.28.34 user=root,E8,authentication failure; logname=<*> uid=<*> euid=<*> tty=<*> ruser=<*> rhost=<*> user=<*>,1597,authentication failure; logname= uid= <num> euid= <num> tty=nodevssh ruser= rhost= <ip> user=root,110,Linux_C0000242,159,2111,authentication failure; logname = uid = <num> euid = <num> tty = nodevssh ruser = rhost = <ip> user = root,2,1,frequency_representative
8547,authentication failure; logname= uid=0 euid=0 tty=NODEVssh ruser= rhost=pc180-233.nttu.edu.tw user=root,E8,authentication failure; logname=<*> uid=<*> euid=<*> tty=<*> ruser=<*> rhost=<*> user=<*>,514,authentication failure; logname= uid= <num> euid= <num> tty=nodevssh ruser= rhost= <id> user=root,49,Linux_C0000242,159,2111,authentication failure; logname = uid = <num> euid = <num> tty = nodevssh ruser = rhost = <ip> user = root,2,2,complex_sample
988,User unknown timed out after 900 seconds at Sat Jun 18 02:23:10 2005,E165,User <*> timed out after <*> seconds at <*>,1,user unknown timed out after <num> seconds at sat jun <num> <ip> <num>,1,Linux_C0000243,1,1,user unknown timed out after <num> seconds at sat jun <num> <ip> <num>,1,1,frequency_representative
1019,Received SNMP packet(s) from 67.170.148.126,E171,Received SNMP packet(s) from <*>,4,received snmp packet(s) from <ip>,4,Linux_C0000244,4,4,received snmp packet (s) from <ip>,1,1,frequency_representative
2046,authentication failure; logname= uid=0 euid=0 tty=NODEVssh ruser= rhost=68.143.156.89.nw.nuvox.net user=root,E8,authentication failure; logname=<*> uid=<*> euid=<*> tty=<*> ruser=<*> rhost=<*> user=<*>,10,authentication failure; logname= uid= <num> euid= <num> tty=nodevssh ruser= rhost= <ip> .nw.nuvox.net user=root,1,Linux_C0000245,3,16,authentication failure; logname = uid = <num> euid = <num> tty = nodevssh ruser = rhost = <*>. <*> <*> <*>. <*> user = root,2,1,frequency_representative
1204,authentication failure; logname= uid=0 euid=0 tty=NODEVssh ruser= rhost=troi.bluesky-technologies.com user=root,E8,authentication failure; logname=<*> uid=<*> euid=<*> tty=<*> ruser=<*> rhost=<*> user=<*>,5,authentication failure; logname= uid= <num> euid= <num> tty=nodevssh ruser= rhost=troi.bluesky-technologies.com user=root,1,Linux_C0000245,3,16,authentication failure; logname = uid = <num> euid = <num> tty = nodevssh ruser = rhost = <*>. <*> <*> <*>. <*> user = root,2,2,complex_sample
1347,Authentication failed from 163.27.187.39 (163.27.187.39): Permission denied in replay cache code,E7,Authentication failed from <*> (<*>): Permission denied in replay cache code,8,authentication failed from <ip> ( <ip> ): permission denied in replay cache code,1,Linux_C0000246,1,8,authentication failed from <ip> (<ip>): permission denied in replay cache code,1,1,frequency_representative
1348,Kerberos authentication failed,E129,Kerberos authentication failed,25,kerberos authentication failed,1,Linux_C0000247,1,25,kerberos authentication failed,1,1,frequency_representative
1361,Authentication failed from 163.27.187.39 (163.27.187.39): Software caused connection abort,E11,Authentication failed from <*> (<*>): Software caused connection abort,15,authentication failed from <ip> ( <ip> ): software caused connection abort,1,Linux_C0000248,2,17,authentication failed from <ip> (<ip>): software caused connection abort,2,1,frequency_representative
6694,Authentication failed from 81.181.213.88 (88-213-181-81-cable.canals.ro): Software caused connection abort,E11,Authentication failed from <*> (<*>): Software caused connection abort,2,authentication failed from <ip> ( <id> ): software caused connection abort,1,Linux_C0000248,2,17,authentication failed from <ip> (<ip>): software caused connection abort,2,2,complex_sample
1847,connection from 217.187.83.139 () at Sun Jul 10 03:55:15 2005,E261,connection from <*> (<*>) at <*>,120,connection from <ip> () at sun jul <num> <ip> <num>,9,Linux_C0000249,40,485,connection from <ip> () at <*> jul <num> <ip> <num>,3,1,frequency_representative
2626,connection from 172.181.208.156 () at Tue Jul 26 05:47:42 2005,E261,connection from <*> (<*>) at <*>,46,connection from <ip> () at tue jul <num> <ip> <num>,4,Linux_C0000249,40,485,connection from <ip> () at <*> jul <num> <ip> <num>,3,2,complex_sample
1750,connection from 211.57.88.250 () at Sat Jul 9 11:35:59 2005,E261,connection from <*> (<*>) at <*>,87,connection from <ip> () at sat jul <num> <ip> <num>,8,Linux_C0000249,40,485,connection from <ip> () at <*> jul <num> <ip> <num>,3,3,diverse_sample
1516,connection from 203.101.45.59 (dsl-Chn-static-059.45.101.203.touchtelindia.net) at Sun Jul 3 10:05:25 2005,E261,connection from <*> (<*>) at <*>,46,connection from <ip> (dsl-chn-static- <ip> .touchtelindia.net) at sun jul <num> <ip> <num>,4,Linux_C0000250,4,46,connection from <ip> (dsl-chn-static-<ip>. touchtelindia. net) at sun jul <num> <ip> <num>,1,1,frequency_representative
1539,connection from 62.99.164.82 (62.99.164.82.sh.interxion.inode.at) at Sun Jul 3 23:16:09 2005,E261,connection from <*> (<*>) at <*>,23,connection from <ip> ( <ip> .sh.interxion.inode.at) at sun jul <num> <ip> <num>,1,Linux_C0000251,1,23,connection from <ip> (<ip>. sh. interxion. inode. at) at sun jul <num> <ip> <num>,1,1,frequency_representative
2313,connection from 82.68.222.195 (82-68-222-195.dsl.in-addr.zen.co.uk) at Sun Jul 17 23:21:54 2005,E261,connection from <*> (<*>) at <*>,147,connection from <ip> ( <id> ) at sun jul <num> <ip> <num>,39,Linux_C0000252,42,193,connection from <ip> (<id>) at <*> jul <num> <ip> <num>,2,1,frequency_representative
1570,connection from 63.197.98.106 (adsl-63-197-98-106.dsl.mtry01.pacbell.net) at Mon Jul 4 12:52:44 2005,E261,connection from <*> (<*>) at <*>,23,connection from <ip> ( <id> ) at mon jul <num> <ip> <num>,1,Linux_C0000252,42,193,connection from <ip> (<id>) at <*> jul <num> <ip> <num>,2,2,complex_sample
1691,session opened for user root by LOGIN(uid=0),E208,session opened for user <*> by <*>,7,session opened for user root by login(uid= <num> ),1,Linux_C0000253,2,9,session opened for user <*> by <*> (uid = <num>),2,1,frequency_representative
5743,session opened for user test by root(uid=0),E208,session opened for user <*> by <*>,2,session opened for user test by root(uid= <num> ),1,Linux_C0000253,2,9,session opened for user <*> by <*> (uid = <num>),2,2,complex_sample
1692,session closed for user root,E227,session closed for user <*>,22,session closed for user root,1,Linux_C0000254,1,22,session closed for user root,1,1,frequency_representative
2580,notify question section contains no SOA,E82,notify question section contains no SOA,16,notify question section contains no soa,1,Linux_C0000255,1,16,notify question section contains no soa,1,1,frequency_representative
2596,getpeername (ftpd): Transport endpoint is not connected,E20,getpeername (ftpd): Transport endpoint is not connected,43,getpeername (ftpd): transport endpoint is not connected,1,Linux_C0000256,1,43,getpeername (ftpd): transport endpoint is not connected,1,1,frequency_representative
2598,warning: can't get client address: Connection reset by peer,E16,warning: can't get client address: Connection reset by peer,18,warning: can't get client address: connection reset by peer,1,Linux_C0000257,1,18,warning: can ' t get client address: connection reset by peer,1,1,frequency_representative
2878,Jul 27 14:42:19 Privoxy(-150806400) Info: loading configuration file '/etc/privoxy/config':,E61,<*> Privoxy(<*>) Info: loading configuration file <*>,1,jul <num> <ip> privoxy( <num> ) info: loading configuration file '/etc/privoxy/config':,1,Linux_C0000258,1,1,jul <num> <ip> privoxy (<num>) info: loading configuration file '/etc/privoxy/config ':,1,1,frequency_representative
3024,ttloop: peer died: Invalid or incomplete multibyte or wide character,E9,ttloop: peer died: Invalid or incomplete multibyte or wide character,112,ttloop: peer died: invalid or incomplete multibyte or wide character,1,Linux_C0000259,1,112,ttloop: peer died: invalid or incomplete multibyte or wide character,1,1,frequency_representative
3566,connection from 211.107.232.1 () at Wed Aug 17 03:39:34 2005,E261,connection from <*> (<*>) at <*>,68,connection from <ip> () at wed aug <num> <ip> <num>,6,Linux_C0000260,15,183,connection from <ip> () at <*> aug <num> <ip> <num>,3,1,frequency_representative
3394,connection from 221.243.161.206 () at Tue Aug 9 19:19:54 2005,E261,connection from <*> (<*>) at <*>,44,connection from <ip> () at tue aug <num> <ip> <num>,2,Linux_C0000260,15,183,connection from <ip> () at <*> aug <num> <ip> <num>,3,2,complex_sample
3461,connection from 218.28.1.61 () at Fri Aug 12 12:53:21 2005,E261,connection from <*> (<*>) at <*>,16,connection from <ip> () at fri aug <num> <ip> <num>,2,Linux_C0000260,15,183,connection from <ip> () at <*> aug <num> <ip> <num>,3,3,diverse_sample
3072,Stopping MySQL: succeeded,E192,Stopping MySQL: succeeded,3,stopping mysql: succeeded,1,Linux_C0000261,1,3,stopping mysql: succeeded,1,1,frequency_representative
3085,Connecting at fd 6,E295,Connecting at fd <*>,1,connecting at fd <num>,1,Linux_C0000262,1,1,connecting at fd <num>,1,1,frequency_representative
3172,"FAILED LOGIN 1 FROM (null) FOR , Authentication failure",E40,"FAILED LOGIN <*> FROM (<*>) FOR , Authentication failure",4,"failed login <num> from (null) for , authentication failure",2,Linux_C0000263,2,4,"failed login <num> from (null) for, authentication failure",1,1,frequency_representative
3217,connection from 82.53.83.190 (host190-83.pool8253.interbusiness.it) at Sun Aug 7 06:52:07 2005,E261,connection from <*> (<*>) at <*>,89,connection from <ip> ( <id> ) at sun aug <num> <ip> <num>,20,Linux_C0000264,33,195,connection from <ip> (<id>) at <*> aug <num> <ip> <num>,3,1,frequency_representative
3696,connection from 82.55.115.181 (host181-115.pool8255.interbusiness.it) at Tue Aug 23 08:28:09 2005,E261,connection from <*> (<*>) at <*>,39,connection from <ip> ( <id> ) at tue aug <num> <ip> <num>,4,Linux_C0000264,33,195,connection from <ip> (<id>) at <*> aug <num> <ip> <num>,3,2,complex_sample
3863,connection from 62.241.71.44 (ip-62-241-71-44.evc.net) at Sat Aug 27 18:15:17 2005,E261,connection from <*> (<*>) at <*>,21,connection from <ip> ( <id> ) at sat aug <num> <ip> <num>,3,Linux_C0000264,33,195,connection from <ip> (<id>) at <*> aug <num> <ip> <num>,3,3,diverse_sample
3880,User unknown timed out after 900 seconds at Sat Aug 27 18:30:17 2005,E165,User <*> timed out after <*> seconds at <*>,8,user unknown timed out after <num> seconds at sat aug <num> <ip> <num>,2,Linux_C0000265,3,9,user unknown timed out after <num> seconds at <*> aug <num> <ip> <num>,2,1,frequency_representative
3240,User unknown timed out after 900 seconds at Sun Aug 7 07:07:07 2005,E165,User <*> timed out after <*> seconds at <*>,1,user unknown timed out after <num> seconds at sun aug <num> <ip> <num>,1,Linux_C0000265,3,9,user unknown timed out after <num> seconds at <*> aug <num> <ip> <num>,2,2,complex_sample
3252,service(sshd) ignoring max retries; 8 > 3,E125,service(<*>) ignoring max retries; <*> > <*>,11,service(sshd) ignoring max retries; <num> > <num>,2,Linux_C0000266,2,11,service (sshd) ignoring max retries; <num> > <num>,1,1,frequency_representative
3290,ttloop: read: Connection reset by peer,E93,ttloop: read: Connection reset by peer,10,ttloop: read: connection reset by peer,1,Linux_C0000267,1,10,ttloop: read: connection reset by peer,1,1,frequency_representative
3341,authentication failure; logname=LOGIN uid=0 euid=0 tty=tty2 ruser= rhost= user=root,E8,authentication failure; logname=<*> uid=<*> euid=<*> tty=<*> ruser=<*> rhost=<*> user=<*>,1,authentication failure; logname=login uid= <num> euid= <num> tty=tty2 ruser= rhost= user=root,1,Linux_C0000268,1,1,authentication failure; logname = login uid = <num> euid = <num> tty = tty 2 ruser = rhost = user = root,1,1,frequency_representative
3437,authentication failure; logname= uid=0 euid=0 tty=NODEVssh ruser= rhost=147.163.65.158 user=amanda,E8,authentication failure; logname=<*> uid=<*> euid=<*> tty=<*> ruser=<*> rhost=<*> user=<*>,15,authentication failure; logname= uid= <num> euid= <num> tty=nodevssh ruser= rhost= <ip> user=amanda,2,Linux_C0000269,3,26,authentication failure; logname = uid = <num> euid = <num> tty = nodevssh ruser = rhost = <ip> user = amanda,2,1,frequency_representative
6099,authentication failure; logname= uid=0 euid=0 tty=NODEVssh ruser= rhost=kulab-6-33.cpc.ku.ac.th user=amanda,E8,authentication failure; logname=<*> uid=<*> euid=<*> tty=<*> ruser=<*> rhost=<*> user=<*>,11,authentication failure; logname= uid= <num> euid= <num> tty=nodevssh ruser= rhost= <id> user=amanda,1,Linux_C0000269,3,26,authentication failure; logname = uid = <num> euid = <num> tty = nodevssh ruser = rhost = <ip> user = amanda,2,2,complex_sample
3452,tty2: invalid character 0x1b in login name,E100,tty2: invalid character <*> in login name,1,tty2: invalid character <hex> in login name,1,Linux_C0000270,1,1,tty 2: invalid character <hex> in login name,1,1,frequency_representative
3492,connection from 61.199.220.226 (ark.dbstream.co.jp) at Sat Aug 13 11:45:26 2005,E261,connection from <*> (<*>) at <*>,19,connection from <ip> (ark.dbstream.co.jp) at sat aug <num> <ip> <num>,1,Linux_C0000271,1,19,connection from <ip> (ark. dbstream. co. jp) at sat aug <num> <ip> <num>,1,1,frequency_representative
3545,connection from 68.143.90.52 (iis.willowtec.com) at Tue Aug 16 03:59:58 2005,E261,connection from <*> (<*>) at <*>,23,connection from <ip> (iis.willowtec.com) at tue aug <num> <ip> <num>,2,Linux_C0000272,2,23,connection from <ip> (iis. willowtec. com) at tue aug <num> <ip> <num>,1,1,frequency_representative
4149,connection from 211.22.147.19 () at Fri Sep 2 20:49:05 2005,E261,connection from <*> (<*>) at <*>,47,connection from <ip> () at fri sep <num> <ip> <num>,4,Linux_C0000273,12,117,connection from <ip> () at <*> sep <num> <ip> <num>,2,1,frequency_representative
4554,connection from 211.107.232.1 () at Tue Sep 13 11:02:04 2005,E261,connection from <*> (<*>) at <*>,26,connection from <ip> () at tue sep <num> <ip> <num>,2,Linux_C0000273,12,117,connection from <ip> () at <*> sep <num> <ip> <num>,2,2,complex_sample
4203,authentication failure; logname= uid=0 euid=0 tty=NODEVssh ruser= rhost=210.127.68.18 user=webmaster,E8,authentication failure; logname=<*> uid=<*> euid=<*> tty=<*> ruser=<*> rhost=<*> user=<*>,12,authentication failure; logname= uid= <num> euid= <num> tty=nodevssh ruser= rhost= <ip> user=webmaster,2,Linux_C0000274,3,15,authentication failure; logname = uid = <num> euid = <num> tty = nodevssh ruser = rhost = <ip> user = webmaster,2,1,frequency_representative
5052,authentication failure; logname= uid=0 euid=0 tty=NODEVssh ruser= rhost=pcp0012132427pcs.benslm01.pa.comcast.net user=webmaster,E8,authentication failure; logname=<*> uid=<*> euid=<*> tty=<*> ruser=<*> rhost=<*> user=<*>,3,authentication failure; logname= uid= <num> euid= <num> tty=nodevssh ruser= rhost= <id> user=webmaster,1,Linux_C0000274,3,15,authentication failure; logname = uid = <num> euid = <num> tty = nodevssh ruser = rhost = <ip> user = webmaster,2,2,complex_sample
4618,connection from 200.207.16.97 (200-207-16-97.dsl.telesp.net.br) at Thu Sep 15 17:30:15 2005,E261,connection from <*> (<*>) at <*>,115,connection from <ip> ( <id> ) at thu sep <num> <ip> <num>,15,Linux_C0000275,36,253,connection from <ip> (<id>) at <*> sep <num> <ip> <num>,3,1,frequency_representative
4277,connection from 83.114.226.68 (ASte-Genev-Bois-152-1-28-68.w83-114.abo.wanadoo.fr) at Sun Sep 4 19:18:59 2005,E261,connection from <*> (<*>) at <*>,22,connection from <ip> ( <id> ) at sun sep <num> <ip> <num>,3,Linux_C0000275,36,253,connection from <ip> (<id>) at <*> sep <num> <ip> <num>,3,2,complex_sample
4505,connection from 86.193.175.220 (ALyon-254-1-36-220.w86-193.abo.wanadoo.fr) at Mon Sep 12 19:05:33 2005,E261,connection from <*> (<*>) at <*>,7,connection from <ip> ( <id> ) at mon sep <num> <ip> <num>,2,Linux_C0000275,36,253,connection from <ip> (<id>) at <*> sep <num> <ip> <num>,3,3,diverse_sample
6347,authentication failure; logname= uid=0 euid=0 tty=NODEVssh ruser= rhost=www.lssu.edu user=test,E8,authentication failure; logname=<*> uid=<*> euid=<*> tty=<*> ruser=<*> rhost=<*> user=<*>,10,authentication failure; logname= uid= <num> euid= <num> tty=nodevssh ruser= rhost=www.lssu.edu user=test,1,Linux_C0000276,6,35,authentication failure; logname = uid = <num> euid = <num> tty = nodevssh ruser = rhost = <*>. <*>. <*> user = test,3,1,frequency_representative
6118,authentication failure; logname= uid=0 euid=0 tty=NODEVssh ruser= rhost=squid.netcomputers.ro user=test,E8,authentication failure; logname=<*> uid=<*> euid=<*> tty=<*> ruser=<*> rhost=<*> user=<*>,1,authentication failure; logname= uid= <num> euid= <num> tty=nodevssh ruser= rhost=squid.netcomputers.ro user=test,1,Linux_C0000276,6,35,authentication failure; logname = uid = <num> euid = <num> tty = nodevssh ruser = rhost = <*>. <*>. <*> user = test,3,2,complex_sample
20982,authentication failure; logname= uid=0 euid=0 tty=NODEVssh ruser= rhost=mailman.ywso.com user=test,E8,authentication failure; logname=<*> uid=<*> euid=<*> tty=<*> ruser=<*> rhost=<*> user=<*>,6,authentication failure; logname= uid= <num> euid= <num> tty=nodevssh ruser= rhost=mailman.ywso.com user=test,1,Linux_C0000276,6,35,authentication failure; logname = uid = <num> euid = <num> tty = nodevssh ruser = rhost = <*>. <*>. <*> user = test,3,3,diverse_sample
22658,authentication failure; logname= uid=0 euid=0 tty=NODEVssh ruser= rhost=61.82.188.147 user=nobody,E8,authentication failure; logname=<*> uid=<*> euid=<*> tty=<*> ruser=<*> rhost=<*> user=<*>,63,authentication failure; logname= uid= <num> euid= <num> tty=nodevssh ruser= rhost= <ip> user=nobody,5,Linux_C0000277,6,86,authentication failure; logname = uid = <num> euid = <num> tty = nodevssh ruser = rhost = <id> user = nobody,2,1,frequency_representative
4516,authentication failure; logname= uid=0 euid=0 tty=NODEVssh ruser= rhost=yang.dorm13.nctu.edu.tw user=nobody,E8,authentication failure; logname=<*> uid=<*> euid=<*> tty=<*> ruser=<*> rhost=<*> user=<*>,23,authentication failure; logname= uid= <num> euid= <num> tty=nodevssh ruser= rhost= <id> user=nobody,1,Linux_C0000277,6,86,authentication failure; logname = uid = <num> euid = <num> tty = nodevssh ruser = rhost = <id> user = nobody,2,2,complex_sample
4641,User unknown timed out after 900 seconds at Thu Sep 15 17:45:15 2005,E165,User <*> timed out after <*> seconds at <*>,2,user unknown timed out after <num> seconds at thu sep <num> <ip> <num>,2,Linux_C0000278,3,3,user unknown timed out after <num> seconds at <*> sep <num> <ip> <num>,2,1,frequency_representative
4602,User unknown timed out after 900 seconds at Wed Sep 14 22:05:47 2005,E165,User <*> timed out after <*> seconds at <*>,1,user unknown timed out after <num> seconds at wed sep <num> <ip> <num>,1,Linux_C0000278,3,3,user unknown timed out after <num> seconds at <*> sep <num> <ip> <num>,2,2,complex_sample
4924,Sep 19 05:57:58 Privoxy(-150429568) Info: loading configuration file '/etc/privoxy/config':,E61,<*> Privoxy(<*>) Info: loading configuration file <*>,2,sep <num> <ip> privoxy( <num> ) info: loading configuration file '/etc/privoxy/config':,2,Linux_C0000279,2,2,sep <num> <ip> privoxy (<num>) info: loading configuration file '/etc/privoxy/config ':,1,1,frequency_representative
5343,sendmail shutdown failed,E293,<*> shutdown failed,5,sendmail shutdown failed,1,Linux_C0000280,1,5,sendmail shutdown failed,1,1,frequency_representative
5344,sm-client shutdown succeeded,E264,<*> shutdown succeeded,3,sm-client shutdown succeeded,1,Linux_C0000281,1,3,sm-client shutdown succeeded,1,1,frequency_representative
5345,shutting down for system reboot,E141,shutting down for system reboot,4,shutting down for system reboot,1,Linux_C0000282,1,4,shutting down for system reboot,1,1,frequency_representative
5346,Switching to runlevel: 6,E224,Switching to runlevel: <*>,4,switching to runlevel: <num>,1,Linux_C0000283,1,4,switching to runlevel: <num>,1,1,frequency_representative
5360,messagebus -TERM succeeded,E178,messagebus -TERM succeeded,3,messagebus -term succeeded,1,Linux_C0000284,1,3,messagebus-term succeeded,1,1,frequency_representative
5361,atd shutdown succeeded,E264,<*> shutdown succeeded,4,atd shutdown succeeded,1,Linux_C0000285,1,4,atd shutdown succeeded,1,1,frequency_representative
5362,privoxy shutdown succeeded,E264,<*> shutdown succeeded,4,privoxy shutdown succeeded,1,Linux_C0000286,1,4,privoxy shutdown succeeded,1,1,frequency_representative
5364,terminating,E316,terminating,3,terminating,1,Linux_C0000287,1,3,terminating,1,1,frequency_representative
5365,xfs shutdown succeeded,E264,<*> shutdown succeeded,3,xfs shutdown succeeded,1,Linux_C0000288,1,3,xfs shutdown succeeded,1,1,frequency_representative
5366,jserver shutdown succeeded,E264,<*> shutdown succeeded,3,jserver shutdown succeeded,1,Linux_C0000289,1,3,jserver shutdown succeeded,1,1,frequency_representative
5367,Stopping Canna server: succeeded,E121,Stopping Canna server: succeeded,4,stopping canna server: succeeded,1,Linux_C0000290,1,4,stopping canna server: succeeded,1,1,frequency_representative
5369,gpm shutdown succeeded,E264,<*> shutdown succeeded,4,gpm shutdown succeeded,1,Linux_C0000291,1,4,gpm shutdown succeeded,1,1,frequency_representative
5370,httpd shutdown succeeded,E264,<*> shutdown succeeded,4,httpd shutdown succeeded,1,Linux_C0000292,1,4,httpd shutdown succeeded,1,1,frequency_representative
5371,Stopping squid:,E292,Stopping squid:,4,stopping squid:,1,Linux_C0000293,1,4,stopping squid:,1,1,frequency_representative
5372,Squid Parent: child process 2294 exited with status 0,E53,Squid Parent: child process <*> exited with status <*>,4,squid parent: child process <num> exited with status <num>,4,Linux_C0000294,4,4,squid parent: child process <num> exited with status <num>,1,1,frequency_representative
5373,Stopping squid: succeeded,E194,Stopping squid: succeeded,4,stopping squid: succeeded,1,Linux_C0000295,1,4,stopping squid: succeeded,1,1,frequency_representative
5374,sshd -TERM succeeded,E252,sshd -TERM succeeded,4,sshd -term succeeded,1,Linux_C0000296,1,4,sshd-term succeeded,1,1,frequency_representative
5376,spamd shutdown succeeded,E264,<*> shutdown succeeded,4,spamd shutdown succeeded,1,Linux_C0000297,1,4,spamd shutdown succeeded,1,1,frequency_representative
5377,smartd received signal 15: Terminated,E108,smartd received signal <*>: Terminated,4,smartd received signal <num> : terminated,1,Linux_C0000298,1,4,smartd received signal <num>: terminated,1,1,frequency_representative
5378,smartd is exiting (exit status 0),E152,smartd is exiting (exit status <*>),4,smartd is exiting (exit status <num> ),1,Linux_C0000299,1,4,smartd is exiting (exit status <num>),1,1,frequency_representative
5379,smartd shutdown succeeded,E264,<*> shutdown succeeded,4,smartd shutdown succeeded,1,Linux_C0000300,1,4,smartd shutdown succeeded,1,1,frequency_representative
5380,shutting down,E312,shutting down,2,shutting down,1,Linux_C0000301,1,2,shutting down,1,1,frequency_representative
5381,no longer listening on 127.0.0.1#53,E228,no longer listening on <*>,48,no longer listening on <ip> # <num>,24,Linux_C0000302,24,48,no longer listening on <ip> # <num>,1,1,frequency_representative
5410,Exiting,E336,Exiting,6,exiting,2,Linux_C0000303,2,6,exiting,1,1,frequency_representative
5406,named shutdown succeeded,E264,<*> shutdown succeeded,2,named shutdown succeeded,1,Linux_C0000304,1,2,named shutdown succeeded,1,1,frequency_representative
5407,snmpd shutdown succeeded,E264,<*> shutdown succeeded,4,snmpd shutdown succeeded,1,Linux_C0000305,1,4,snmpd shutdown succeeded,1,1,frequency_representative
5408,xinetd shutdown succeeded,E264,<*> shutdown succeeded,4,xinetd shutdown succeeded,1,Linux_C0000306,1,4,xinetd shutdown succeeded,1,1,frequency_representative
5409,crond shutdown succeeded,E264,<*> shutdown succeeded,4,crond shutdown succeeded,1,Linux_C0000307,1,4,crond shutdown succeeded,1,1,frequency_representative
5411,apmd shutdown succeeded,E264,<*> shutdown succeeded,4,apmd shutdown succeeded,1,Linux_C0000308,1,4,apmd shutdown succeeded,1,1,frequency_representative
5412,ntpd exiting on signal 15,E242,ntpd exiting on signal <*>,4,ntpd exiting on signal <num>,1,Linux_C0000309,1,4,ntpd exiting on signal <num>,1,1,frequency_representative
5413,ntpd shutdown succeeded,E264,<*> shutdown succeeded,4,ntpd shutdown succeeded,1,Linux_C0000310,1,4,ntpd shutdown succeeded,1,1,frequency_representative
5414,1+0 records in,E329,<*> records in,4,<num> + <num> records in,1,Linux_C0000311,1,4,<num> + <num> records in,1,1,frequency_representative
5415,1+0 records out,E323,<*> records out,4,<num> + <num> records out,1,Linux_C0000312,1,4,<num> + <num> records out,1,1,frequency_representative
5416,"Caught signal 15, un-registering and exiting.",E59,"Caught signal <*>, un-registering and exiting.",3,"caught signal <num> , un-registering and exiting.",1,Linux_C0000313,1,3,"caught signal <num>, un-registering and exiting.",1,1,frequency_representative
5417,rpc.statd shutdown succeeded,E264,<*> shutdown succeeded,3,rpc.statd shutdown succeeded,1,Linux_C0000314,1,3,rpc. statd shutdown succeeded,1,1,frequency_representative
5418,portmap shutdown succeeded,E264,<*> shutdown succeeded,3,portmap shutdown succeeded,1,Linux_C0000315,1,3,portmap shutdown succeeded,1,1,frequency_representative
5419,Kernel logging (proc) stopped.,E216,Kernel logging <*> stopped.,5,kernel logging (proc) stopped.,1,Linux_C0000316,1,5,kernel logging (proc) stopped.,1,1,frequency_representative
5420,Kernel log daemon terminating.,E143,Kernel log daemon terminating.,5,kernel log daemon terminating.,1,Linux_C0000317,1,5,kernel log daemon terminating.,1,1,frequency_representative
5421,klogd shutdown succeeded,E264,<*> shutdown succeeded,5,klogd shutdown succeeded,1,Linux_C0000318,1,5,klogd shutdown succeeded,1,1,frequency_representative
5742,sm-client shutdown failed,E293,<*> shutdown failed,3,sm-client shutdown failed,1,Linux_C0000319,1,3,sm-client shutdown failed,1,1,frequency_representative
5748,open(/dev/pts/0): No such file or directory,E130,open(<*>): No such file or directory,5,open( <path> ): no such file or directory,1,Linux_C0000320,1,5,open (<path>): no such file or directory,1,1,frequency_representative
5792,connection from 61.81.120.158 () at Sat Oct 1 06:24:45 2005,E261,connection from <*> (<*>) at <*>,67,connection from <ip> () at sat oct <num> <ip> <num>,4,Linux_C0000321,14,174,connection from <ip> () at <*> oct <num> <ip> <num>,3,1,frequency_representative
6497,connection from 211.107.232.1 () at Sun Oct 16 12:31:50 2005,E261,connection from <*> (<*>) at <*>,23,connection from <ip> () at sun oct <num> <ip> <num>,2,Linux_C0000321,14,174,connection from <ip> () at <*> oct <num> <ip> <num>,3,2,complex_sample
6284,connection from 216.206.24.5 () at Wed Oct 12 21:52:35 2005,E261,connection from <*> (<*>) at <*>,39,connection from <ip> () at wed oct <num> <ip> <num>,4,Linux_C0000321,14,174,connection from <ip> () at <*> oct <num> <ip> <num>,3,3,diverse_sample
6628,connection from 87.133.253.158 (p5785FD9E.dip0.t-ipconnect.de) at Fri Oct 21 09:52:17 2005,E261,connection from <*> (<*>) at <*>,79,connection from <ip> ( <id> ) at fri oct <num> <ip> <num>,10,Linux_C0000322,14,88,connection from <ip> (<id>) at <*> oct <num> <ip> <num>,3,1,frequency_representative
5893,connection from 217.189.178.104 (ulm9-d9bdb268.pool.mediaWays.net) at Mon Oct 3 23:22:25 2005,E261,connection from <*> (<*>) at <*>,6,connection from <ip> ( <id> ) at mon oct <num> <ip> <num>,1,Linux_C0000322,14,88,connection from <ip> (<id>) at <*> oct <num> <ip> <num>,3,2,complex_sample
6264,connection from 64.203.6.90 (user-10cm1iq.cable.mindspring.com) at Wed Oct 12 09:11:06 2005,E261,connection from <*> (<*>) at <*>,1,connection from <ip> ( <id> ) at wed oct <num> <ip> <num>,1,Linux_C0000322,14,88,connection from <ip> (<id>) at <*> oct <num> <ip> <num>,3,3,diverse_sample
6017,authentication failure; logname= uid=0 euid=0 tty=NODEVssh ruser= rhost=coldea.teleson.ro user=guest,E8,authentication failure; logname=<*> uid=<*> euid=<*> tty=<*> ruser=<*> rhost=<*> user=<*>,5,authentication failure; logname= uid= <num> euid= <num> tty=nodevssh ruser= rhost=coldea.teleson.ro user=guest,1,Linux_C0000323,1,5,authentication failure; logname = uid = <num> euid = <num> tty = nodevssh ruser = rhost = coldea. teleson. ro user = guest,1,1,frequency_representative
6023,password changed for test,E256,password changed for <*>,4,password changed for test,1,Linux_C0000324,1,4,password changed for test,1,1,frequency_representative
6025,1 more authentication failure; logname= uid=0 euid=0 tty=NODEVssh ruser= rhost=bozesan.teleson.ro user=test,E5,<*> more authentication failure; logname= uid=<*> euid=<*> tty=<*> ruser=<*> rhost=<*> user=<*>,2,<num> more authentication failure; logname= uid= <num> euid= <num> tty=nodevssh ruser= rhost=bozesan.teleson.ro user=test,1,Linux_C0000325,1,2,<num> more authentication failure; logname = uid = <num> euid = <num> tty = nodevssh ruser = rhost = bozesan. teleson. ro user = test,1,1,frequency_representative
6039,authentication failure; logname= uid=0 euid=0 tty=NODEVssh ruser= rhost=maior.teleson.ro user=info,E8,authentication failure; logname=<*> uid=<*> euid=<*> tty=<*> ruser=<*> rhost=<*> user=<*>,1,authentication failure; logname= uid= <num> euid= <num> tty=nodevssh ruser= rhost=maior.teleson.ro user=info,1,Linux_C0000326,1,1,authentication failure; logname = uid = <num> euid = <num> tty = nodevssh ruser = rhost = maior. teleson. ro user = info,1,1,frequency_representative
6040,authentication failure; logname= uid=0 euid=0 tty=NODEVssh ruser= rhost=maior.teleson.ro user=webmaster,E8,authentication failure; logname=<*> uid=<*> euid=<*> tty=<*> ruser=<*> rhost=<*> user=<*>,1,authentication failure; logname= uid= <num> euid= <num> tty=nodevssh ruser= rhost=maior.teleson.ro user=webmaster,1,Linux_C0000327,1,1,authentication failure; logname = uid = <num> euid = <num> tty = nodevssh ruser = rhost = maior. teleson. ro user = webmaster,1,1,frequency_representative
6164,authentication failure; logname=test uid=509 euid=0 tty= ruser= rhost= user=test,E8,authentication failure; logname=<*> uid=<*> euid=<*> tty=<*> ruser=<*> rhost=<*> user=<*>,2,authentication failure; logname=test uid= <num> euid= <num> tty= ruser= rhost= user=test,1,Linux_C0000328,1,2,authentication failure; logname = test uid = <num> euid = <num> tty = ruser = rhost = user = test,1,1,frequency_representative
6167,wall: user test broadcasted 1 lines (36 chars),E67,wall: user test broadcasted <*> lines (<*> chars),1,wall: user test broadcasted <num> lines ( <num> chars),1,Linux_C0000329,1,1,wall: user test broadcasted <num> lines (<num> chars),1,1,frequency_representative
6267,1 more authentication failure; logname= uid=0 euid=0 tty=NODEVssh ruser= rhost=81.196.56.67 user=test,E5,<*> more authentication failure; logname= uid=<*> euid=<*> tty=<*> ruser=<*> rhost=<*> user=<*>,3,<num> more authentication failure; logname= uid= <num> euid= <num> tty=nodevssh ruser= rhost= <ip> user=test,3,Linux_C0000330,3,3,<num> more authentication failure; logname = uid = <num> euid = <num> tty = nodevssh ruser = rhost = <ip> user = test,1,1,frequency_representative
6312,connection from 210.21.220.88 (sym.gdsz.cncnet.net) at Thu Oct 13 13:44:08 2005,E261,connection from <*> (<*>) at <*>,12,connection from <ip> (sym.gdsz.cncnet.net) at thu oct <num> <ip> <num>,1,Linux_C0000331,1,12,connection from <ip> (sym. gdsz. cncnet. net) at thu oct <num> <ip> <num>,1,1,frequency_representative
6402,authentication failure; logname= uid=0 euid=0 tty=NODEVssh ruser= rhost=129.217.168.31 user=postfix,E8,authentication failure; logname=<*> uid=<*> euid=<*> tty=<*> ruser=<*> rhost=<*> user=<*>,5,authentication failure; logname= uid= <num> euid= <num> tty=nodevssh ruser= rhost= <ip> user=postfix,1,Linux_C0000332,1,5,authentication failure; logname = uid = <num> euid = <num> tty = nodevssh ruser = rhost = <ip> user = postfix,1,1,frequency_representative
6686,Client hung up - probable port-scan,E115,Client hung up - probable port-scan,1,client hung up - probable port-scan,1,Linux_C0000333,1,1,client hung up-probable port-scan,1,1,frequency_representative
6687,rsync: connection unexpectedly closed (0 bytes read so far),E19,rsync: connection unexpectedly closed (<*> bytes read so far),1,rsync: connection unexpectedly closed ( <num> bytes read so far),1,Linux_C0000334,1,1,rsync: connection unexpectedly closed (<num> bytes read so far),1,1,frequency_representative
6688,rsync error: error in rsync protocol data stream (code 12) at io.c(342),E12,rsync error: error in rsync protocol data stream (code <*>) at io.c(<*>),1,rsync error: error in rsync protocol data stream (code <num> ) at io.c( <num> ),1,Linux_C0000335,1,1,rsync error: error in rsync protocol data stream (code <num>) at io. c (<num>),1,1,frequency_representative
6690,connect from 88-213-181-81-cable.canals.ro,E318,connect from <*>,1,connect from <id>,1,Linux_C0000336,1,1,connect from <id>,1,1,frequency_representative
6692,[smux_accept] accepted fd 12 from 81.181.213.88:1896,E154,[smux_accept] accepted fd <*> from <*>,1,[smux_accept] accepted fd <num> from <ip>,1,Linux_C0000337,1,1,[smux_accept] accepted fd <num> from <ip>,1,1,frequency_representative
6693,Unable to get command line from client!,E91,Unable to get command line from client!,1,unable to get command line from client!,1,Linux_C0000338,1,1,unable to get command line from client!,1,1,frequency_representative
6698,Connection from 81.181.213.88 on illegal port,E147,Connection from <*> on illegal port,2,connection from <ip> on illegal port,1,Linux_C0000339,1,2,connection from <ip> on illegal port,1,1,frequency_representative
6707,1 more authentication failure; logname= uid=0 euid=0 tty=NODEVssh ruser= rhost=88-213-181-81-cable.canals.ro user=root,E5,<*> more authentication failure; logname= uid=<*> euid=<*> tty=<*> ruser=<*> rhost=<*> user=<*>,1,<num> more authentication failure; logname= uid= <num> euid= <num> tty=nodevssh ruser= rhost= <id> user=root,1,Linux_C0000340,1,1,<num> more authentication failure; logname = uid = <num> euid = <num> tty = nodevssh ruser = rhost = <id> user = root,1,1,frequency_representative
6708,authentication failure; logname= uid=0 euid=0 tty=NODEVssh ruser= rhost=customer-201-134-69-250.uninet-ide.com.mx user=fax,E8,authentication failure; logname=<*> uid=<*> euid=<*> tty=<*> ruser=<*> rhost=<*> user=<*>,28,authentication failure; logname= uid= <num> euid= <num> tty=nodevssh ruser= rhost= <id> user=fax,2,Linux_C0000341,3,29,authentication failure; logname = uid = <num> euid = <num> tty = nodevssh ruser = rhost = <id> user = fax,2,1,frequency_representative
23667,authentication failure; logname= uid=0 euid=0 tty=NODEVssh ruser= rhost=80.34.110.175 user=fax,E8,authentication failure; logname=<*> uid=<*> euid=<*> tty=<*> ruser=<*> rhost=<*> user=<*>,1,authentication failure; logname= uid= <num> euid= <num> tty=nodevssh ruser= rhost= <ip> user=fax,1,Linux_C0000341,3,29,authentication failure; logname = uid = <num> euid = <num> tty = nodevssh ruser = rhost = <id> user = fax,2,2,complex_sample
6771,sendmail shutdown succeeded,E264,<*> shutdown succeeded,3,sendmail shutdown succeeded,1,Linux_C0000342,1,3,sendmail shutdown succeeded,1,1,frequency_representative
6886,net.ipv4.conf.default.rp_filter = 1,E105,net.ipv4.conf.default.rp_filter = <*>,2,<id> = <num>,1,Linux_C0000343,1,2,<id> = <num>,1,1,frequency_representative
6888,kernel.sysrq = 0,E308,kernel.sysrq = <*>,2,kernel.sysrq = <num>,1,Linux_C0000344,1,2,kernel. sysrq = <num>,1,1,frequency_representative
7020,Oct 25 10:09:16 Privoxy(-150089600) Info: loading configuration file '/etc/privoxy/config':,E61,<*> Privoxy(<*>) Info: loading configuration file <*>,1,oct <num> <ip> privoxy( <num> ) info: loading configuration file '/etc/privoxy/config':,1,Linux_C0000345,1,1,oct <num> <ip> privoxy (<num>) info: loading configuration file '/etc/privoxy/config ':,1,1,frequency_representative
7198,connection from 84.57.172.16 (dslb-084-057-172-016.pools.arcor-ip.net) at Sat Nov 5 06:40:45 2005,E261,connection from <*> (<*>) at <*>,205,connection from <ip> ( <id> ) at sat nov <num> <ip> <num>,108,Linux_C0000346,127,338,connection from <ip> (<id>) at <*> nov <num> <ip> <num>,3,1,frequency_representative
7411,connection from 82.121.128.139 (ASte-Genev-Bois-151-1-2-139.w82-121.abo.wanadoo.fr) at Mon Nov 7 07:54:25 2005,E261,connection from <*> (<*>) at <*>,66,connection from <ip> ( <id> ) at mon nov <num> <ip> <num>,9,Linux_C0000346,127,338,connection from <ip> (<id>) at <*> nov <num> <ip> <num>,3,2,complex_sample
7469,connection from 84.154.98.89 (p549A6259.dip.t-dialin.net) at Tue Nov 8 10:56:36 2005,E261,connection from <*> (<*>) at <*>,23,connection from <ip> ( <id> ) at tue nov <num> <ip> <num>,2,Linux_C0000346,127,338,connection from <ip> (<id>) at <*> nov <num> <ip> <num>,3,3,diverse_sample
7434,connection from 211.22.147.19 () at Mon Nov 7 15:26:39 2005,E261,connection from <*> (<*>) at <*>,23,connection from <ip> () at mon nov <num> <ip> <num>,1,Linux_C0000347,6,52,connection from <ip> () at <*> nov <num> <ip> <num>,2,1,frequency_representative
13885,connection from 218.146.61.230 () at Sat Nov 26 01:33:56 2005,E261,connection from <*> (<*>) at <*>,6,connection from <ip> () at sat nov <num> <ip> <num>,1,Linux_C0000347,6,52,connection from <ip> () at <*> nov <num> <ip> <num>,2,2,complex_sample
7522,hda: dma_timer_expiry: dma status == 0x20,E103,hda: dma_timer_expiry: dma status == <*>,1,hda: dma_timer_expiry: dma status == <hex>,1,Linux_C0000348,1,1,hda: dma_timer_expiry: dma status = = <hex>,1,1,frequency_representative
7523,hda: status timeout: status=0xd0 { Busy },E174,hda: status timeout: status=<*> <*>,1,hda: status timeout: status= <hex> { busy },1,Linux_C0000349,1,1,hda: status timeout: status = <hex> {busy},1,1,frequency_representative
7568,connection from 64.27.5.9 (merton.whererwerunning.com) at Sat Nov 12 12:21:22 2005,E261,connection from <*> (<*>) at <*>,21,connection from <ip> (merton.whererwerunning.com) at sat nov <num> <ip> <num>,2,Linux_C0000350,2,21,connection from <ip> (merton. whererwerunning. com) at sat nov <num> <ip> <num>,1,1,frequency_representative
8018,Out of Memory: Killed process 5915 (httpd).,E135,Out of Memory: Killed process <*> (<*>).,8903,out of memory: killed process <num> (httpd).,7910,Linux_C0000351,9401,10403,out of memory: killed process <num> (<*>).,3,1,frequency_representative
10538,Out of Memory: Killed process 27154 (ld-linux.so.2).,E135,Out of Memory: Killed process <*> (<*>).,8,out of memory: killed process <num> ( <id> ).,8,Linux_C0000351,9401,10403,out of memory: killed process <num> (<*>).,3,2,complex_sample
9031,Out of Memory: Killed process 16810 (sendmail).,E135,Out of Memory: Killed process <*> (<*>).,230,out of memory: killed process <num> (sendmail).,230,Linux_C0000351,9401,10403,out of memory: killed process <num> (<*>).,3,3,diverse_sample
8176,connection from 66.15.25.56 (bdsl.66.15.25.56.gte.net) at Fri Nov 18 09:13:21 2005,E261,connection from <*> (<*>) at <*>,18,connection from <ip> (bdsl. <ip> .gte.net) at fri nov <num> <ip> <num>,3,Linux_C0000352,3,18,connection from <ip> (bdsl. <ip>. gte. net) at fri nov <num> <ip> <num>,1,1,frequency_representative
10857,Out of Memory: Killed process 1605 (rpc.statd).,E135,Out of Memory: Killed process <*> (<*>).,1,out of memory: killed process <num> (rpc.statd).,1,Linux_C0000353,1,1,out of memory: killed process <num> (rpc. statd).,1,1,frequency_representative
11034,"httpd: page allocation failure. order:0, mode:0xd2",E52,"httpd: page allocation failure. order:<*>, mode:<*>",77,"httpd: page allocation failure. order: <num> , mode: <hex>",3,Linux_C0000354,3,77,"httpd: page allocation failure. order: <num>, mode: <hex>",1,1,frequency_representative
11044,[<02114408>] do_page_fault+0x0/0x446,E278,[<*>] do_page_fault+<*>,175,[< <num> >] do_page_fault+ <hex> / <hex>,2,Linux_C0000355,71,1087,[< <id> >] <*> + <hex>/<hex>,3,1,frequency_representative
11657,[<0212cfe2>] generic_file_aio_write_nolock+0x302/0x84e,E97,[<*>] generic_file_aio_write_nolock+<*>,15,[< <id> >] generic_file_aio_write_nolock+ <hex> / <hex>,2,Linux_C0000355,71,1087,[< <id> >] <*> + <hex>/<hex>,3,2,complex_sample
11660,[<0212d602>] generic_file_aio_write+0x69/0x7c,E168,[<*>] generic_file_aio_write+<*>,15,[< <id> >] generic_file_aio_write+ <hex> / <hex>,1,Linux_C0000355,71,1087,[< <id> >] <*> + <hex>/<hex>,3,3,diverse_sample
11055,VM: killing process httpd,E265,VM: killing process <*>,26,vm: killing process httpd,1,Linux_C0000356,1,26,vm: killing process httpd,1,1,frequency_representative
11661,[<0a8ddb99>] ext3_file_write+0x19/0x88 [ext3],E249,[<*>] ext3_file_write+<*>,71,[< <id> >] <id> + <hex> / <hex> [ext3],6,Linux_C0000357,6,71,[< <id> >] <id> + <hex>/<hex> [ext 3],1,1,frequency_representative
11653,[<0a8b23ef>] journal_start+0x78/0x9e [jbd],E277,[<*>] journal_start+<*>,14,[< <id> >] journal_start+ <hex> / <hex> [jbd],1,Linux_C0000358,1,14,[< <id> >] journal_start + <hex>/<hex> [jbd],1,1,frequency_representative
11905,"sendmail: page allocation failure. order:0, mode:0x1d2",E36,"sendmail: page allocation failure. order:<*>, mode:<*>",11,"sendmail: page allocation failure. order: <num> , mode: <hex>",2,Linux_C0000359,2,11,"sendmail: page allocation failure. order: <num>, mode: <hex>",1,1,frequency_representative
12174,VM: killing process sendmail,E265,VM: killing process <*>,2,vm: killing process sendmail,1,Linux_C0000360,1,2,vm: killing process sendmail,1,1,frequency_representative
16649,connection from 64.73.224.182 (64-73-224-182.cust.telepacific.net) at Sat Dec 3 07:55:18 2005,E261,connection from <*> (<*>) at <*>,21,connection from <ip> ( <id> ) at sat dec <num> <ip> <num>,2,Linux_C0000361,4,41,connection from <ip> (<id>) at <*> dec <num> <ip> <num>,2,1,frequency_representative
16256,connection from 81.53.90.34 (ARennes-352-1-67-34.w81-53.abo.wanadoo.fr) at Fri Dec 2 06:04:45 2005,E261,connection from <*> (<*>) at <*>,2,connection from <ip> ( <id> ) at fri dec <num> <ip> <num>,1,Linux_C0000361,4,41,connection from <ip> (<id>) at <*> dec <num> <ip> <num>,2,2,complex_sample
17641,printk: 185 messages suppressed.,E164,printk: <*> messages suppressed.,1,printk: <num> messages suppressed.,1,Linux_C0000362,1,1,printk: <num> messages suppressed.,1,1,frequency_representative
19003,authentication failure; logname= uid=0 euid=0 tty=NODEVssh ruser= rhost=www.njust.edu.cn user=test,E8,authentication failure; logname=<*> uid=<*> euid=<*> tty=<*> ruser=<*> rhost=<*> user=<*>,10,authentication failure; logname= uid= <num> euid= <num> tty=nodevssh ruser= rhost=www.njust.edu.cn user=test,1,Linux_C0000363,4,32,authentication failure; logname = uid = <num> euid = <num> tty = nodevssh ruser = rhost = <*> <*> <*> <*> <*>. <*> user = test,2,1,frequency_representative
21054,authentication failure; logname= uid=0 euid=0 tty=NODEVssh ruser= rhost=customer-reverse-entry.69.59.170.12 user=test,E8,authentication failure; logname=<*> uid=<*> euid=<*> tty=<*> ruser=<*> rhost=<*> user=<*>,10,authentication failure; logname= uid= <num> euid= <num> tty=nodevssh ruser= rhost=customer-reverse-entry. <ip> user=test,1,Linux_C0000363,4,32,authentication failure; logname = uid = <num> euid = <num> tty = nodevssh ruser = rhost = <*> <*> <*> <*> <*>. <*> user = test,2,2,complex_sample
19988,Master rebooting...,E251,Master rebooting...,1,master rebooting...,1,Linux_C0000364,1,1,master rebooting...,1,1,frequency_representative
20007,messagebus shutdown failed,E293,<*> shutdown failed,1,messagebus shutdown failed,1,Linux_C0000365,1,1,messagebus shutdown failed,1,1,frequency_representative
20011,xfs shutdown failed,E293,<*> shutdown failed,1,xfs shutdown failed,1,Linux_C0000366,1,1,xfs shutdown failed,1,1,frequency_representative
20012,jserver shutdown failed,E293,<*> shutdown failed,1,jserver shutdown failed,1,Linux_C0000367,1,1,jserver shutdown failed,1,1,frequency_representative
20014,Stopping MySQL: failed,E222,Stopping MySQL: failed,2,stopping mysql: failed,1,Linux_C0000368,1,2,stopping mysql: failed,1,1,frequency_representative
20027,named shutdown failed,E293,<*> shutdown failed,2,named shutdown failed,1,Linux_C0000369,1,2,named shutdown failed,1,1,frequency_representative
20037,rpc.statd shutdown failed,E293,<*> shutdown failed,1,rpc.statd shutdown failed,1,Linux_C0000370,1,1,rpc. statd shutdown failed,1,1,frequency_representative
20038,portmap shutdown failed,E293,<*> shutdown failed,1,portmap shutdown failed,1,Linux_C0000371,1,1,portmap shutdown failed,1,1,frequency_representative
20243,Dec 06 12:23:28 Privoxy(-150085504) Info: loading configuration file '/etc/privoxy/config':,E61,<*> Privoxy(<*>) Info: loading configuration file <*>,1,dec <num> <ip> privoxy( <num> ) info: loading configuration file '/etc/privoxy/config':,1,Linux_C0000372,1,1,dec <num> <ip> privoxy (<num>) info: loading configuration file '/etc/privoxy/config ':,1,1,frequency_representative
20468,connection from 212.192.157.99 () at Fri Dec 9 05:41:51 2005,E261,connection from <*> (<*>) at <*>,18,connection from <ip> () at fri dec <num> <ip> <num>,1,Linux_C0000373,2,24,connection from <ip> () at <*> dec <num> <ip> <num>,2,1,frequency_representative
20368,connection from 211.72.151.162 () at Wed Dec 7 15:19:01 2005,E261,connection from <*> (<*>) at <*>,6,connection from <ip> () at wed dec <num> <ip> <num>,1,Linux_C0000373,2,24,connection from <ip> () at <*> dec <num> <ip> <num>,2,2,complex_sample
20536,bad username [\],E309,bad username [<*>],1,bad username [\],1,Linux_C0000374,1,1,bad username [\],1,1,frequency_representative
20539,ttloop: read: Connection timed out,E113,ttloop: read: Connection timed out,57,ttloop: read: connection timed out,1,Linux_C0000375,1,57,ttloop: read: connection timed out,1,1,frequency_representative
20545,syslogd shutdown succeeded,E264,<*> shutdown succeeded,1,syslogd shutdown succeeded,1,Linux_C0000376,1,1,syslogd shutdown succeeded,1,1,frequency_representative
21027,connection from 200.215.8.33 (200-215-8-33.fnsce303.ipd.brasiltelecom.net.br) at Wed Jan 11 09:06:57 2006,E261,connection from <*> (<*>) at <*>,69,connection from <ip> ( <id> ) at wed jan <num> <ip> <num>,10,Linux_C0000377,42,219,connection from <ip> (<id>) at <*> jan <num> <ip> <num>,3,1,frequency_representative
20825,connection from 84.139.180.196 (p548BB4C4.dip0.t-ipconnect.de) at Fri Jan 6 15:53:55 2006,E261,connection from <*> (<*>) at <*>,23,connection from <ip> ( <id> ) at fri jan <num> <ip> <num>,2,Linux_C0000377,42,219,connection from <ip> (<id>) at <*> jan <num> <ip> <num>,3,2,complex_sample
22633,connection from 216.19.205.44 (216-19-205-44.getnet.net) at Thu Jan 26 16:30:12 2006,E261,connection from <*> (<*>) at <*>,68,connection from <ip> ( <id> ) at thu jan <num> <ip> <num>,7,Linux_C0000377,42,219,connection from <ip> (<id>) at <*> jan <num> <ip> <num>,3,3,diverse_sample
20872,connection from 66.98.170.19 (www.zajelgate.net) at Sun Jan 8 16:24:13 2006,E261,connection from <*> (<*>) at <*>,23,connection from <ip> (www.zajelgate.net) at sun jan <num> <ip> <num>,1,Linux_C0000378,1,23,connection from <ip> (www. zajelgate. net) at sun jan <num> <ip> <num>,1,1,frequency_representative
21165,connection from 208.49.139.147 () at Fri Jan 13 07:06:15 2006,E261,connection from <*> (<*>) at <*>,35,connection from <ip> () at fri jan <num> <ip> <num>,4,Linux_C0000379,11,147,connection from <ip> () at <*> jan <num> <ip> <num>,3,1,frequency_representative
22786,connection from 218.242.202.99 () at Tue Jan 31 14:44:36 2006,E261,connection from <*> (<*>) at <*>,20,connection from <ip> () at tue jan <num> <ip> <num>,1,Linux_C0000379,11,147,connection from <ip> () at <*> jan <num> <ip> <num>,3,2,complex_sample
20928,connection from 84.232.2.50 () at Mon Jan 9 23:44:50 2006,E261,connection from <*> (<*>) at <*>,23,connection from <ip> () at mon jan <num> <ip> <num>,1,Linux_C0000379,11,147,connection from <ip> () at <*> jan <num> <ip> <num>,3,3,diverse_sample
21339,authentication failure; logname= uid=0 euid=0 tty=NODEVssh ruser= rhost=connect.borran.com user=adm,E8,authentication failure; logname=<*> uid=<*> euid=<*> tty=<*> ruser=<*> rhost=<*> user=<*>,10,authentication failure; logname= uid= <num> euid= <num> tty=nodevssh ruser= rhost=connect.borran.com user=adm,1,Linux_C0000380,1,10,authentication failure; logname = uid = <num> euid = <num> tty = nodevssh ruser = rhost = connect. borran. com user = adm,1,1,frequency_representative
21474,authentication failure; logname= uid=0 euid=0 tty=NODEVssh ruser= rhost=pppzss.shenzhen.gd.cn user=nobody,E8,authentication failure; logname=<*> uid=<*> euid=<*> tty=<*> ruser=<*> rhost=<*> user=<*>,10,authentication failure; logname= uid= <num> euid= <num> tty=nodevssh ruser= rhost=pppzss.shenzhen.gd.cn user=nobody,1,Linux_C0000381,1,10,authentication failure; logname = uid = <num> euid = <num> tty = nodevssh ruser = rhost = pppzss. shenzhen. gd. cn user = nobody,1,1,frequency_representative
21650,authentication failure; logname= uid=0 euid=0 tty=NODEVssh ruser= rhost=dsl-kk-151.195.95.61.touchtelindia.net user=root,E8,authentication failure; logname=<*> uid=<*> euid=<*> tty=<*> ruser=<*> rhost=<*> user=<*>,10,authentication failure; logname= uid= <num> euid= <num> tty=nodevssh ruser= rhost=dsl-kk- <ip> .touchtelindia.net user=root,1,Linux_C0000382,3,21,authentication failure; logname = uid = <num> euid = <num> tty = nodevssh ruser = rhost = <*> <*> <*> <*> <*>. <*>. <*> user = root,2,1,frequency_representative
21938,authentication failure; logname= uid=0 euid=0 tty=NODEVssh ruser= rhost=host-213.50.3.6.addr.tdcsong.se user=root,E8,authentication failure; logname=<*> uid=<*> euid=<*> tty=<*> ruser=<*> rhost=<*> user=<*>,10,authentication failure; logname= uid= <num> euid= <num> tty=nodevssh ruser= rhost=host- <ip> .addr.tdcsong.se user=root,1,Linux_C0000382,3,21,authentication failure; logname = uid = <num> euid = <num> tty = nodevssh ruser = rhost = <*> <*> <*> <*> <*>. <*>. <*> user = root,2,2,complex_sample
22094,audit: enabled (after initialization),E81,audit: enabled (after initialization),1,audit: enabled (after initialization),1,Linux_C0000383,1,1,audit: enabled (after initialization),1,1,frequency_representative
22216,"security: 5 users, 7 roles, 1244 types, 1 bools",E106,"security: <*> users, <*> roles, <*> types, <*> bools",1,"security: <num> users, <num> roles, <num> types, <num> bools",1,Linux_C0000384,1,1,"security: <num> users, <num> roles, <num> types, <num> bools",1,1,frequency_representative
22217,"security: 30 classes, 303377 rules",E207,"security: <*> classes, <*> rules",1,"security: <num> classes, <num> rules",1,Linux_C0000385,1,1,"security: <num> classes, <num> rules",1,1,frequency_representative
22218,SELinux: Completing initialization.,E92,SELinux: Completing initialization.,1,selinux: completing initialization.,1,Linux_C0000386,1,1,selinux: completing initialization.,1,1,frequency_representative
22219,SELinux: Setting up existing superblocks.,E63,SELinux: Setting up existing superblocks.,1,selinux: setting up existing superblocks.,1,Linux_C0000387,1,1,selinux: setting up existing superblocks.,1,1,frequency_representative
22220,"SELinux: initialized (dev , type selinuxfs), uses genfs_contexts",E88,"SELinux: initialized (dev , type <*>), uses <*>",1,"selinux: initialized (dev , type selinuxfs), uses genfs_contexts",1,Linux_C0000388,11,11,"selinux: initialized (dev, type <*>), uses genfs_contexts",3,1,frequency_representative
22224,"SELinux: initialized (dev , type eventpollfs), uses genfs_contexts",E88,"SELinux: initialized (dev , type <*>), uses <*>",1,"selinux: initialized (dev , type eventpollfs), uses genfs_contexts",1,Linux_C0000388,11,11,"selinux: initialized (dev, type <*>), uses genfs_contexts",3,2,complex_sample
22229,"SELinux: initialized (dev , type proc), uses genfs_contexts",E88,"SELinux: initialized (dev , type <*>), uses <*>",1,"selinux: initialized (dev , type proc), uses genfs_contexts",1,Linux_C0000388,11,11,"selinux: initialized (dev, type <*>), uses genfs_contexts",3,3,diverse_sample
22221,"SELinux: initialized (dev , type mqueue), not configured for labeling",E14,"SELinux: initialized (dev , type <*>), not configured for labeling",1,"selinux: initialized (dev , type mqueue), not configured for labeling",1,Linux_C0000389,2,2,"selinux: initialized (dev, type <*>), not configured for labeling",2,1,frequency_representative
22222,"SELinux: initialized (dev , type hugetlbfs), not configured for labeling",E14,"SELinux: initialized (dev , type <*>), not configured for labeling",1,"selinux: initialized (dev , type hugetlbfs), not configured for labeling",1,Linux_C0000389,2,2,"selinux: initialized (dev, type <*>), not configured for labeling",2,2,complex_sample
22226,"SELinux: initialized (dev , type tmpfs), uses transition SIDs",E88,"SELinux: initialized (dev , type <*>), uses <*>",2,"selinux: initialized (dev , type tmpfs), uses transition sids",1,Linux_C0000390,4,5,"selinux: initialized (dev, type <*>), uses <*> sids",2,1,frequency_representative
22223,"SELinux: initialized (dev , type devpts), uses transition SIDs",E88,"SELinux: initialized (dev , type <*>), uses <*>",1,"selinux: initialized (dev , type devpts), uses transition sids",1,Linux_C0000390,4,5,"selinux: initialized (dev, type <*>), uses <*> sids",2,2,complex_sample
22233,audit(1138278089.855:0): avc: denied { read write } for pid=1 exe=/sbin/init name=initctl dev=hda2 ino=1031635 scontext=system_u:system_r:kernel_t tcontext=system_u:object_r:file_t tclass=fifo_file,E4,audit(<*>): avc: denied <*> for pid=<*> exe=<*> name=<*> dev=<*> ino=<*> scontext=<*> tcontext=<*> tclass=<*>,1,audit( <num> : <num> ): avc: denied { read write } for pid= <num> exe=/sbin/init name=initctl dev=hda2 ino= <num> scontext=system_u:system_r:kernel_t tcontext=system_u:object_r:file_t tclass=fifo_file,1,Linux_C0000391,1,1,audit (<num>: <num>): avc: denied {read write} for pid = <num> exe =/sbin/init name = initctl dev = hda 2 ino = <num> scontext = system_u: system_r: kernel_t tcontext = system_u: object_r: file_t tclass = fifo_file,1,1,frequency_representative
22253,audit(1138278093.880:123407): syscall=5 exit=6 a0=fee652b0 a1=2 a2=0 a3=0 items=1 pid=513 loginuid=-1 uid=0 gid=0 euid=0 suid=0 fsuid=0 egid=0 sgid=0 fsgid=0,E1,audit(<*>): syscall=<*> exit=<*> a0=<*> a1=<*> a2=<*> a3=<*> items=<*> pid=<*> loginuid=<*> uid=<*> gid=<*> euid=<*> suid=<*> fsuid=<*> egid=<*> sgid=<*> fsgid=<*>,5,audit( <num> : <num> ): syscall= <num> exit= <num> a0= <id> a1= <num> a2= <num> a3= <num> items= <num> pid= <num> loginuid= <num> uid= <num> gid= <num> euid= <num> suid= <num> fsuid= <num> egid= <num> sgid= <num> fsgid= <num>,5,Linux_C0000392,17,17,audit (<num>: <num>): syscall = <num> exit = <num> a 0 = <num> a 1 = <num> a 2 = <num> a 3 = <*> items = <num> pid = <num> loginuid = <num> uid = <num> gid = <num> euid = <num> suid = <num> fsuid = <num> egid = <num> sgid = <num> fsgid = <num>,3,1,frequency_representative
22300,audit(1138296104.661:225142): syscall=10 exit=0 a0=fefb8ea0 a1=1 a2=fef31670 a3=fefb8ea0 items=1 pid=717 loginuid=-1 uid=0 gid=0 euid=0 suid=0 fsuid=0 egid=0 sgid=0 fsgid=0,E1,audit(<*>): syscall=<*> exit=<*> a0=<*> a1=<*> a2=<*> a3=<*> items=<*> pid=<*> loginuid=<*> uid=<*> gid=<*> euid=<*> suid=<*> fsuid=<*> egid=<*> sgid=<*> fsgid=<*>,1,audit( <num> : <num> ): syscall= <num> exit= <num> a0= <id> a1= <num> a2= <id> a3= <id> items= <num> pid= <num> loginuid= <num> uid= <num> gid= <num> euid= <num> suid= <num> fsuid= <num> egid= <num> sgid= <num> fsgid= <num>,1,Linux_C0000392,17,17,audit (<num>: <num>): syscall = <num> exit = <num> a 0 = <num> a 1 = <num> a 2 = <num> a 3 = <*> items = <num> pid = <num> loginuid = <num> uid = <num> gid = <num> euid = <num> suid = <num> fsuid = <num> egid = <num> sgid = <num> fsgid = <num>,3,2,complex_sample
22234,audit(1138278091.510:111925): syscall=103 exit=0 a0=8 a1=0 a2=3 a3=3 items=0 pid=506 loginuid=-1 uid=0 gid=0 euid=0 suid=0 fsuid=0 egid=0 sgid=0 fsgid=0,E1,audit(<*>): syscall=<*> exit=<*> a0=<*> a1=<*> a2=<*> a3=<*> items=<*> pid=<*> loginuid=<*> uid=<*> gid=<*> euid=<*> suid=<*> fsuid=<*> egid=<*> sgid=<*> fsgid=<*>,3,audit( <num> : <num> ): syscall= <num> exit= <num> a0= <num> a1= <num> a2= <num> a3= <num> items= <num> pid= <num> loginuid= <num> uid= <num> gid= <num> euid= <num> suid= <num> fsuid= <num> egid= <num> sgid= <num> fsgid= <num>,3,Linux_C0000392,17,17,audit (<num>: <num>): syscall = <num> exit = <num> a 0 = <num> a 1 = <num> a 2 = <num> a 3 = <*> items = <num> pid = <num> loginuid = <num> uid = <num> gid = <num> euid = <num> suid = <num> fsuid = <num> egid = <num> sgid = <num> fsgid = <num>,3,3,diverse_sample
22236,audit(1138278092.486:112647): avc: denied { setattr } for pid=509 exe=/usr/bin/rhgb name=/ dev= ino=1021 scontext=system_u:system_r:kernel_t tcontext=system_u:object_r:ramfs_t tclass=dir,E4,audit(<*>): avc: denied <*> for pid=<*> exe=<*> name=<*> dev=<*> ino=<*> scontext=<*> tcontext=<*> tclass=<*>,1,audit( <num> : <num> ): avc: denied { setattr } for pid= <num> exe=/usr/bin/rhgb name=/ dev= ino= <num> scontext=system_u:system_r:kernel_t tcontext=system_u:object_r:ramfs_t tclass=dir,1,Linux_C0000393,5,5,audit (<num>: <num>): avc: denied {<*>} for pid = <num> exe =/<*>/<*> <*> <*> <*> <*> <*> <*> <*> ino = <num> scontext = system_u: system_r: kernel_t tcontext = system_u: object_r: <*> tclass = dir,3,1,frequency_representative
22368,audit(1138296118.152:350118): avc: denied { read } for pid=1263 exe=/usr/sbin/kudzu name=parport dev= ino=-268434885 scontext=system_u:system_r:kernel_t tcontext=system_u:object_r:sysctl_dev_t tclass=dir,E4,audit(<*>): avc: denied <*> for pid=<*> exe=<*> name=<*> dev=<*> ino=<*> scontext=<*> tcontext=<*> tclass=<*>,1,audit( <num> : <num> ): avc: denied { read } for pid= <num> exe=/usr/sbin/kudzu name=parport dev= ino= <num> scontext=system_u:system_r:kernel_t tcontext=system_u:object_r:sysctl_dev_t tclass=dir,1,Linux_C0000393,5,5,audit (<num>: <num>): avc: denied {<*>} for pid = <num> exe =/<*>/<*> <*> <*> <*> <*> <*> <*> <*> ino = <num> scontext = system_u: system_r: kernel_t tcontext = system_u: object_r: <*> tclass = dir,3,2,complex_sample
22435,audit(1138296133.544:515571): avc: denied { relabelto } for pid=1792 exe=/sbin/restorecon name=ptal dev=hda2 ino=309507 scontext=system_u:system_r:kernel_t tcontext=system_u:object_r:etc_t tclass=dir,E4,audit(<*>): avc: denied <*> for pid=<*> exe=<*> name=<*> dev=<*> ino=<*> scontext=<*> tcontext=<*> tclass=<*>,1,audit( <num> : <num> ): avc: denied { relabelto } for pid= <num> exe=/sbin/restorecon name=ptal dev=hda2 ino= <num> scontext=system_u:system_r:kernel_t tcontext=system_u:object_r:etc_t tclass=dir,1,Linux_C0000393,5,5,audit (<num>: <num>): avc: denied {<*>} for pid = <num> exe =/<*>/<*> <*> <*> <*> <*> <*> <*> <*> ino = <num> scontext = system_u: system_r: kernel_t tcontext = system_u: object_r: <*> tclass = dir,3,3,diverse_sample
22237,audit(1138278092.486:112647): syscall=15 exit=0 a0=805ccbd a1=1c0 a2=9a397c8 a3=1c0 items=1 pid=509 loginuid=-1 uid=0 gid=0 euid=0 suid=0 fsuid=0 egid=0 sgid=0 fsgid=0,E1,audit(<*>): syscall=<*> exit=<*> a0=<*> a1=<*> a2=<*> a3=<*> items=<*> pid=<*> loginuid=<*> uid=<*> gid=<*> euid=<*> suid=<*> fsuid=<*> egid=<*> sgid=<*> fsgid=<*>,1,audit( <num> : <num> ): syscall= <num> exit= <num> a0=805ccbd a1=1c0 a2=9a397c8 a3=1c0 items= <num> pid= <num> loginuid= <num> uid= <num> gid= <num> euid= <num> suid= <num> fsuid= <num> egid= <num> sgid= <num> fsgid= <num>,1,Linux_C0000394,1,1,audit (<num>: <num>): syscall = <num> exit = <num> a 0 = 805 ccbd a 1 = 1 c 0 a 2 = 9 a 397 c 8 a 3 = 1 c 0 items = <num> pid = <num> loginuid = <num> uid = <num> gid = <num> euid = <num> suid = <num> fsuid = <num> egid = <num> sgid = <num> fsgid = <num>,1,1,frequency_representative
22238,audit(1138278092.486:112647): item=0 name=/initrd inode=1021 dev=00:00,E140,audit(<*>): item=<*> name=<*> inode=<*> dev=<*>,2,audit( <num> : <num> ): item= <num> name=/initrd inode= <num> dev= <num> : <num>,2,Linux_C0000395,3,3,audit (<num>: <num>): item = <num> name =/<*> inode = <num> dev = <num>: <num>,2,1,frequency_representative
22288,audit(1138296102.652:185394): item=0 name=/sys inode=1 dev=00:00,E140,audit(<*>): item=<*> name=<*> inode=<*> dev=<*>,1,audit( <num> : <num> ): item= <num> name=/sys inode= <num> dev= <num> : <num>,1,Linux_C0000395,3,3,audit (<num>: <num>): item = <num> name =/<*> inode = <num> dev = <num>: <num>,2,2,complex_sample
22239,audit(1138278092.509:112888): avc: denied { search } for pid=512 exe=/sbin/ifconfig name=net dev= ino=-268435354 scontext=system_u:system_r:kernel_t tcontext=system_u:object_r:sysctl_net_t tclass=dir,E4,audit(<*>): avc: denied <*> for pid=<*> exe=<*> name=<*> dev=<*> ino=<*> scontext=<*> tcontext=<*> tclass=<*>,1,audit( <num> : <num> ): avc: denied { search } for pid= <num> exe=/sbin/ifconfig name=net dev= ino= <num> scontext=system_u:system_r:kernel_t tcontext=system_u:object_r:sysctl_net_t tclass=dir,1,Linux_C0000396,1,1,audit (<num>: <num>): avc: denied {search} for pid = <num> exe =/sbin/ifconfig name = net dev = ino = <num> scontext = system_u: system_r: kernel_t tcontext = system_u: object_r: sysctl_net_t tclass = dir,1,1,frequency_representative
22240,audit(1138278092.509:112888): syscall=33 exit=4294967294 a0=8051f0f a1=4 a2=80545a0 a3=8054460 items=1 pid=512 loginuid=-1 uid=0 gid=0 euid=0 suid=0 fsuid=0 egid=0 sgid=0 fsgid=0,E1,audit(<*>): syscall=<*> exit=<*> a0=<*> a1=<*> a2=<*> a3=<*> items=<*> pid=<*> loginuid=<*> uid=<*> gid=<*> euid=<*> suid=<*> fsuid=<*> egid=<*> sgid=<*> fsgid=<*>,1,audit( <num> : <num> ): syscall= <num> exit= <num> a0=8051f0f a1= <num> a2=80545a0 a3= <num> items= <num> pid= <num> loginuid= <num> uid= <num> gid= <num> euid= <num> suid= <num> fsuid= <num> egid= <num> sgid= <num> fsgid= <num>,1,Linux_C0000397,9,9,audit (<num>: <num>): syscall = <num> exit = <num> a 0 = <*> <*> <*> <*> <*> <*> <*> <*> <*> <*> <*> <*> <*> <*> <*> <*> <*> <*> items = <num> pid = <num> loginuid = <num> uid = <num> gid = <num> euid = <num> suid = <num> fsuid = <num> egid = <num> sgid = <num> fsgid = <num>,3,1,frequency_representative
22547,audit(1138296212.406:734909): syscall=10 exit=0 a0=805cd2b a1=805cd26 a2=feee2bd0 a3=feee2bd5 items=1 pid=511 loginuid=-1 uid=0 gid=0 euid=0 suid=0 fsuid=0 egid=0 sgid=0 fsgid=0,E1,audit(<*>): syscall=<*> exit=<*> a0=<*> a1=<*> a2=<*> a3=<*> items=<*> pid=<*> loginuid=<*> uid=<*> gid=<*> euid=<*> suid=<*> fsuid=<*> egid=<*> sgid=<*> fsgid=<*>,1,audit( <num> : <num> ): syscall= <num> exit= <num> a0=805cd2b a1=805cd26 a2= <id> a3= <id> items= <num> pid= <num> loginuid= <num> uid= <num> gid= <num> euid= <num> suid= <num> fsuid= <num> egid= <num> sgid= <num> fsgid= <num>,1,Linux_C0000397,9,9,audit (<num>: <num>): syscall = <num> exit = <num> a 0 = <*> <*> <*> <*> <*> <*> <*> <*> <*> <*> <*> <*> <*> <*> <*> <*> <*> <*> items = <num> pid = <num> loginuid = <num> uid = <num> gid = <num> euid = <num> suid = <num> fsuid = <num> egid = <num> sgid = <num> fsgid = <num>,3,2,complex_sample
22580,audit(1138296216.366:837154): syscall=230 exit=31 a0=fef68ed5 a1=dd6c52 a2=894de50 a3=ff items=1 pid=2686 loginuid=-1 uid=0 gid=0 euid=0 suid=0 fsuid=0 egid=0 sgid=0 fsgid=0,E1,audit(<*>): syscall=<*> exit=<*> a0=<*> a1=<*> a2=<*> a3=<*> items=<*> pid=<*> loginuid=<*> uid=<*> gid=<*> euid=<*> suid=<*> fsuid=<*> egid=<*> sgid=<*> fsgid=<*>,1,audit( <num> : <num> ): syscall= <num> exit= <num> a0= <id> a1=dd6c52 a2=894de50 a3=ff items= <num> pid= <num> loginuid= <num> uid= <num> gid= <num> euid= <num> suid= <num> fsuid= <num> egid= <num> sgid= <num> fsgid= <num>,1,Linux_C0000397,9,9,audit (<num>: <num>): syscall = <num> exit = <num> a 0 = <*> <*> <*> <*> <*> <*> <*> <*> <*> <*> <*> <*> <*> <*> <*> <*> <*> <*> items = <num> pid = <num> loginuid = <num> uid = <num> gid = <num> euid = <num> suid = <num> fsuid = <num> egid = <num> sgid = <num> fsgid = <num>,3,3,diverse_sample
22242,audit(1138278092.594:113951): avc: denied { setattr } for pid=511 exe=/usr/bin/rhgb name=rhgb-socket dev= ino=1026 scontext=system_u:system_r:kernel_t tcontext=system_u:object_r:ramfs_t tclass=sock_file,E4,audit(<*>): avc: denied <*> for pid=<*> exe=<*> name=<*> dev=<*> ino=<*> scontext=<*> tcontext=<*> tclass=<*>,1,audit( <num> : <num> ): avc: denied { setattr } for pid= <num> exe=/usr/bin/rhgb name=rhgb-socket dev= ino= <num> scontext=system_u:system_r:kernel_t tcontext=system_u:object_r:ramfs_t tclass=sock_file,1,Linux_C0000398,2,2,audit (<num>: <num>): avc: denied {<*>} for pid = <num> exe =/usr/bin/rhgb name = rhgb-socket dev = ino = <num> scontext = system_u: system_r: kernel_t tcontext = system_u: object_r: ramfs_t tclass = sock_file,2,1,frequency_representative
22546,audit(1138296212.406:734909): avc: denied { unlink } for pid=511 exe=/usr/bin/rhgb name=rhgb-socket dev= ino=1026 scontext=system_u:system_r:kernel_t tcontext=system_u:object_r:ramfs_t tclass=sock_file,E4,audit(<*>): avc: denied <*> for pid=<*> exe=<*> name=<*> dev=<*> ino=<*> scontext=<*> tcontext=<*> tclass=<*>,1,audit( <num> : <num> ): avc: denied { unlink } for pid= <num> exe=/usr/bin/rhgb name=rhgb-socket dev= ino= <num> scontext=system_u:system_r:kernel_t tcontext=system_u:object_r:ramfs_t tclass=sock_file,1,Linux_C0000398,2,2,audit (<num>: <num>): avc: denied {<*>} for pid = <num> exe =/usr/bin/rhgb name = rhgb-socket dev = ino = <num> scontext = system_u: system_r: kernel_t tcontext = system_u: object_r: ramfs_t tclass = sock_file,2,2,complex_sample
22244,audit(1138278092.594:113951): item=0 name=/initrd/rhgb-socket inode=1026 dev=00:00,E140,audit(<*>): item=<*> name=<*> inode=<*> dev=<*>,2,audit( <num> : <num> ): item= <num> name=/initrd/rhgb-socket inode= <num> dev= <num> : <num>,2,Linux_C0000399,5,5,audit (<num>: <num>): item = <num> name =/<*>/<*> <*> <*> inode = <num> dev = <num>: <num>,2,1,frequency_representative
22301,audit(1138296104.661:225142): item=0 name=/dev/mapper/control inode=1154181 dev=00:00,E140,audit(<*>): item=<*> name=<*> inode=<*> dev=<*>,2,audit( <num> : <num> ): item= <num> name=/dev/mapper/control inode= <num> dev= <num> : <num>,2,Linux_C0000399,5,5,audit (<num>: <num>): item = <num> name =/<*>/<*> <*> <*> inode = <num> dev = <num>: <num>,2,2,complex_sample
22245,audit(1138278092.998:114103): syscall=5 exit=0 a0=8fea430 a1=241 a2=1b6 a3=1b6 items=1 pid=513 loginuid=-1 uid=0 gid=0 euid=0 suid=0 fsuid=0 egid=0 sgid=0 fsgid=0,E1,audit(<*>): syscall=<*> exit=<*> a0=<*> a1=<*> a2=<*> a3=<*> items=<*> pid=<*> loginuid=<*> uid=<*> gid=<*> euid=<*> suid=<*> fsuid=<*> egid=<*> sgid=<*> fsgid=<*>,1,audit( <num> : <num> ): syscall= <num> exit= <num> a0=8fea430 a1= <num> a2=1b6 a3=1b6 items= <num> pid= <num> loginuid= <num> uid= <num> gid= <num> euid= <num> suid= <num> fsuid= <num> egid= <num> sgid= <num> fsgid= <num>,1,Linux_C0000400,3,3,audit (<num>: <num>): syscall = <num> exit = <num> a 0 = <*> <*> <*> a 1 = <num> a 2 = 1 b 6 a 3 = 1 b 6 items = <num> pid = <num> loginuid = <num> uid = <num> gid = <num> euid = <num> suid = <num> fsuid = <num> egid = <num> sgid = <num> fsgid = <num>,2,1,frequency_representative
22336,audit(1138296107.869:267298): syscall=5 exit=3 a0=8aac018 a1=241 a2=1b6 a3=1b6 items=1 pid=738 loginuid=-1 uid=0 gid=0 euid=0 suid=0 fsuid=0 egid=0 sgid=0 fsgid=0,E1,audit(<*>): syscall=<*> exit=<*> a0=<*> a1=<*> a2=<*> a3=<*> items=<*> pid=<*> loginuid=<*> uid=<*> gid=<*> euid=<*> suid=<*> fsuid=<*> egid=<*> sgid=<*> fsgid=<*>,1,audit( <num> : <num> ): syscall= <num> exit= <num> a0=8aac018 a1= <num> a2=1b6 a3=1b6 items= <num> pid= <num> loginuid= <num> uid= <num> gid= <num> euid= <num> suid= <num> fsuid= <num> egid= <num> sgid= <num> fsgid= <num>,1,Linux_C0000400,3,3,audit (<num>: <num>): syscall = <num> exit = <num> a 0 = <*> <*> <*> a 1 = <num> a 2 = 1 b 6 a 3 = 1 b 6 items = <num> pid = <num> loginuid = <num> uid = <num> gid = <num> euid = <num> suid = <num> fsuid = <num> egid = <num> sgid = <num> fsgid = <num>,2,2,complex_sample
22246,audit(1138278092.998:114103): item=0 name=/initrd/XFree86.0.log inode=1021 dev=00:00,E140,audit(<*>): item=<*> name=<*> inode=<*> dev=<*>,23,audit( <num> : <num> ): item= <num> name= <path> inode= <num> dev= <num> : <num>,23,Linux_C0000401,23,23,audit (<num>: <num>): item = <num> name = <path> inode = <num> dev = <num>: <num>,1,1,frequency_representative
22251,audit(1138278093.540:118407): syscall=4 exit=11 a0=0 a1=81f6f20 a2=b a3=b items=0 pid=513 loginuid=-1 uid=0 gid=0 euid=0 suid=0 fsuid=0 egid=0 sgid=0 fsgid=0,E1,audit(<*>): syscall=<*> exit=<*> a0=<*> a1=<*> a2=<*> a3=<*> items=<*> pid=<*> loginuid=<*> uid=<*> gid=<*> euid=<*> suid=<*> fsuid=<*> egid=<*> sgid=<*> fsgid=<*>,1,audit( <num> : <num> ): syscall= <num> exit= <num> a0= <num> a1=81f6f20 a2=b a3=b items= <num> pid= <num> loginuid= <num> uid= <num> gid= <num> euid= <num> suid= <num> fsuid= <num> egid= <num> sgid= <num> fsgid= <num>,1,Linux_C0000402,13,13,audit (<num>: <num>): syscall = <num> exit = <num> a 0 = <*> <*> <*> <*> <*> <*> <*> <*> <*> <*> <*> <*> <*> <*> <*> <*> <*> items = <num> pid = <num> loginuid = <num> uid = <num> gid = <num> euid = <num> suid = <num> fsuid = <num> egid = <num> sgid = <num> fsgid = <num>,3,1,frequency_representative
22357,audit(1138296111.616:324631): syscall=10 exit=0 a0=fef124d0 a1=8f30a88 a2=fef124d0 a3=fef125e8 items=1 pid=1205 loginuid=-1 uid=0 gid=0 euid=0 suid=0 fsuid=0 egid=0 sgid=0 fsgid=0,E1,audit(<*>): syscall=<*> exit=<*> a0=<*> a1=<*> a2=<*> a3=<*> items=<*> pid=<*> loginuid=<*> uid=<*> gid=<*> euid=<*> suid=<*> fsuid=<*> egid=<*> sgid=<*> fsgid=<*>,1,audit( <num> : <num> ): syscall= <num> exit= <num> a0= <id> a1=8f30a88 a2= <id> a3= <id> items= <num> pid= <num> loginuid= <num> uid= <num> gid= <num> euid= <num> suid= <num> fsuid= <num> egid= <num> sgid= <num> fsgid= <num>,1,Linux_C0000402,13,13,audit (<num>: <num>): syscall = <num> exit = <num> a 0 = <*> <*> <*> <*> <*> <*> <*> <*> <*> <*> <*> <*> <*> <*> <*> <*> <*> items = <num> pid = <num> loginuid = <num> uid = <num> gid = <num> euid = <num> suid = <num> fsuid = <num> egid = <num> sgid = <num> fsgid = <num>,3,2,complex_sample
22370,audit(1138296118.152:350118): syscall=5 exit=6 a0=806aca9 a1=18800 a2=5fbe83 a3=0 items=1 pid=1263 loginuid=-1 uid=0 gid=0 euid=0 suid=0 fsuid=0 egid=0 sgid=0 fsgid=0,E1,audit(<*>): syscall=<*> exit=<*> a0=<*> a1=<*> a2=<*> a3=<*> items=<*> pid=<*> loginuid=<*> uid=<*> gid=<*> euid=<*> suid=<*> fsuid=<*> egid=<*> sgid=<*> fsgid=<*>,1,audit( <num> : <num> ): syscall= <num> exit= <num> a0=806aca9 a1= <num> a2=5fbe83 a3= <num> items= <num> pid= <num> loginuid= <num> uid= <num> gid= <num> euid= <num> suid= <num> fsuid= <num> egid= <num> sgid= <num> fsgid= <num>,1,Linux_C0000402,13,13,audit (<num>: <num>): syscall = <num> exit = <num> a 0 = <*> <*> <*> <*> <*> <*> <*> <*> <*> <*> <*> <*> <*> <*> <*> <*> <*> items = <num> pid = <num> loginuid = <num> uid = <num> gid = <num> euid = <num> suid = <num> fsuid = <num> egid = <num> sgid = <num> fsgid = <num>,3,3,diverse_sample
22252,audit(1138278093.880:123407): avc: denied { write } for pid=513 exe=/usr/X11R6/bin/Xorg name=00.0 dev= ino=-268435176 scontext=system_u:system_r:kernel_t tcontext=system_u:object_r:proc_t tclass=file,E4,audit(<*>): avc: denied <*> for pid=<*> exe=<*> name=<*> dev=<*> ino=<*> scontext=<*> tcontext=<*> tclass=<*>,1,audit( <num> : <num> ): avc: denied { write } for pid= <num> exe= <path> name= <num> dev= ino= <num> scontext=system_u:system_r:kernel_t tcontext=system_u:object_r:proc_t tclass=file,1,Linux_C0000403,2,2,audit (<num>: <num>): avc: denied {<*>} for pid = <num> exe = <path> name = <*> dev = ino = <num> scontext = system_u: system_r: kernel_t tcontext = <*>: <*>: <*> tclass = file,2,1,frequency_representative
22493,audit(1138296194.864:693295): avc: denied { read } for pid=2285 exe=/sbin/killall5 name=stat dev= ino=137035789 scontext=system_u:system_r:kernel_t tcontext=user_u:sysadm_r:sysadm_t tclass=file,E4,audit(<*>): avc: denied <*> for pid=<*> exe=<*> name=<*> dev=<*> ino=<*> scontext=<*> tcontext=<*> tclass=<*>,1,audit( <num> : <num> ): avc: denied { read } for pid= <num> exe= <path> name=stat dev= ino= <num> scontext=system_u:system_r:kernel_t tcontext=user_u:sysadm_r:sysadm_t tclass=file,1,Linux_C0000403,2,2,audit (<num>: <num>): avc: denied {<*>} for pid = <num> exe = <path> name = <*> dev = ino = <num> scontext = system_u: system_r: kernel_t tcontext = <*>: <*>: <*> tclass = file,2,2,complex_sample
22298,audit(1138296104.542:222681): syscall=102 exit=4294967205 a0=3 a1=feee0794 a2=68cffc a3=2 items=1 pid=310 loginuid=-1 uid=0 gid=0 euid=0 suid=0 fsuid=0 egid=0 sgid=0 fsgid=0,E1,audit(<*>): syscall=<*> exit=<*> a0=<*> a1=<*> a2=<*> a3=<*> items=<*> pid=<*> loginuid=<*> uid=<*> gid=<*> euid=<*> suid=<*> fsuid=<*> egid=<*> sgid=<*> fsgid=<*>,3,audit( <num> : <num> ): syscall= <num> exit= <num> a0= <num> a1= <id> a2=68cffc a3= <num> items= <num> pid= <num> loginuid= <num> uid= <num> gid= <num> euid= <num> suid= <num> fsuid= <num> egid= <num> sgid= <num> fsgid= <num>,3,Linux_C0000404,9,9,audit (<num>: <num>): syscall = <num> exit = <num> a 0 = <*> <*> <*> <*> <*> <*> <*> <*> <*> <*> a 3 = <num> items = <num> pid = <num> loginuid = <num> uid = <num> gid = <num> euid = <num> suid = <num> fsuid = <num> egid = <num> sgid = <num> fsgid = <num>,3,1,frequency_representative
22490,audit(1138296191.846:687489): syscall=195 exit=0 a0=fee8cefe a1=fee8ce90 a2=501ffc a3=fee8cf06 items=1 pid=2275 loginuid=-1 uid=23 gid=23 euid=23 suid=0 fsuid=23 egid=23 sgid=23 fsgid=23,E1,audit(<*>): syscall=<*> exit=<*> a0=<*> a1=<*> a2=<*> a3=<*> items=<*> pid=<*> loginuid=<*> uid=<*> gid=<*> euid=<*> suid=<*> fsuid=<*> egid=<*> sgid=<*> fsgid=<*>,1,audit( <num> : <num> ): syscall= <num> exit= <num> a0= <id> a1= <id> a2=501ffc a3= <id> items= <num> pid= <num> loginuid= <num> uid= <num> gid= <num> euid= <num> suid= <num> fsuid= <num> egid= <num> sgid= <num> fsgid= <num>,1,Linux_C0000404,9,9,audit (<num>: <num>): syscall = <num> exit = <num> a 0 = <*> <*> <*> <*> <*> <*> <*> <*> <*> <*> a 3 = <num> items = <num> pid = <num> loginuid = <num> uid = <num> gid = <num> euid = <num> suid = <num> fsuid = <num> egid = <num> sgid = <num> fsgid = <num>,3,2,complex_sample
22256,audit(1138278094.933:149104): syscall=192 exit=983040 a0=f0000 a1=10000 a2=5 a3=11 items=0 pid=513 loginuid=-1 uid=0 gid=0 euid=0 suid=0 fsuid=0 egid=0 sgid=0 fsgid=0,E1,audit(<*>): syscall=<*> exit=<*> a0=<*> a1=<*> a2=<*> a3=<*> items=<*> pid=<*> loginuid=<*> uid=<*> gid=<*> euid=<*> suid=<*> fsuid=<*> egid=<*> sgid=<*> fsgid=<*>,1,audit( <num> : <num> ): syscall= <num> exit= <num> a0=f0000 a1= <num> a2= <num> a3= <num> items= <num> pid= <num> loginuid= <num> uid= <num> gid= <num> euid= <num> suid= <num> fsuid= <num> egid= <num> sgid= <num> fsgid= <num>,1,Linux_C0000404,9,9,audit (<num>: <num>): syscall = <num> exit = <num> a 0 = <*> <*> <*> <*> <*> <*> <*> <*> <*> <*> a 3 = <num> items = <num> pid = <num> loginuid = <num> uid = <num> gid = <num> euid = <num> suid = <num> fsuid = <num> egid = <num> sgid = <num> fsgid = <num>,3,3,diverse_sample
22413,audit(1138296127.049:438389): syscall=102 exit=0 a0=2 a1=fef3cbb0 a2=aea13c a3=3 items=0 pid=1595 loginuid=-1 uid=0 gid=0 euid=0 suid=0 fsuid=0 egid=0 sgid=0 fsgid=0,E1,audit(<*>): syscall=<*> exit=<*> a0=<*> a1=<*> a2=<*> a3=<*> items=<*> pid=<*> loginuid=<*> uid=<*> gid=<*> euid=<*> suid=<*> fsuid=<*> egid=<*> sgid=<*> fsgid=<*>,2,audit( <num> : <num> ): syscall= <num> exit= <num> a0= <num> a1= <id> a2=aea13c a3= <num> items= <num> pid= <num> loginuid= <num> uid= <num> gid= <num> euid= <num> suid= <num> fsuid= <num> egid= <num> sgid= <num> fsgid= <num>,2,Linux_C0000405,11,11,audit (<num>: <num>): syscall = <num> exit = <num> a 0 = <*> <*> <*> <*> <*> <*> <*> <*> <*> <*> <*> <*> <*> <*> <*> items = <num> pid = <num> loginuid = <num> uid = <num> gid = <num> euid = <num> suid = <num> fsuid = <num> egid = <num> sgid = <num> fsgid = <num>,3,1,frequency_representative
22622,audit(1138297993.581:1376686): syscall=11 exit=0 a0=9234400 a1=fef0c700 a2=9231e40 a3=9234400 items=2 pid=3130 loginuid=-1 uid=0 gid=0 euid=0 suid=0 fsuid=0 egid=0 sgid=0 fsgid=0,E1,audit(<*>): syscall=<*> exit=<*> a0=<*> a1=<*> a2=<*> a3=<*> items=<*> pid=<*> loginuid=<*> uid=<*> gid=<*> euid=<*> suid=<*> fsuid=<*> egid=<*> sgid=<*> fsgid=<*>,1,audit( <num> : <num> ): syscall= <num> exit= <num> a0= <num> a1= <id> a2=9231e40 a3= <num> items= <num> pid= <num> loginuid= <num> uid= <num> gid= <num> euid= <num> suid= <num> fsuid= <num> egid= <num> sgid= <num> fsgid= <num>,1,Linux_C0000405,11,11,audit (<num>: <num>): syscall = <num> exit = <num> a 0 = <*> <*> <*> <*> <*> <*> <*> <*> <*> <*> <*> <*> <*> <*> <*> items = <num> pid = <num> loginuid = <num> uid = <num> gid = <num> euid = <num> suid = <num> fsuid = <num> egid = <num> sgid = <num> fsgid = <num>,3,2,complex_sample
22471,audit(1138296165.180:606909): syscall=5 exit=3 a0=dd7080 a1=2 a2=fff a3=862785d items=1 pid=2089 loginuid=-1 uid=0 gid=0 euid=0 suid=0 fsuid=100 egid=0 sgid=0 fsgid=101,E1,audit(<*>): syscall=<*> exit=<*> a0=<*> a1=<*> a2=<*> a3=<*> items=<*> pid=<*> loginuid=<*> uid=<*> gid=<*> euid=<*> suid=<*> fsuid=<*> egid=<*> sgid=<*> fsgid=<*>,1,audit( <num> : <num> ): syscall= <num> exit= <num> a0=dd7080 a1= <num> a2=fff a3=862785d items= <num> pid= <num> loginuid= <num> uid= <num> gid= <num> euid= <num> suid= <num> fsuid= <num> egid= <num> sgid= <num> fsgid= <num>,1,Linux_C0000405,11,11,audit (<num>: <num>): syscall = <num> exit = <num> a 0 = <*> <*> <*> <*> <*> <*> <*> <*> <*> <*> <*> <*> <*> <*> <*> items = <num> pid = <num> loginuid = <num> uid = <num> gid = <num> euid = <num> suid = <num> fsuid = <num> egid = <num> sgid = <num> fsgid = <num>,3,3,diverse_sample
22296,audit(1138296104.541:222667): item=0 name=/dev/log inode=1031636 dev=00:00,E140,audit(<*>): item=<*> name=<*> inode=<*> dev=<*>,3,audit( <num> : <num> ): item= <num> name=/dev/log inode= <num> dev= <num> : <num>,3,Linux_C0000406,11,11,audit (<num>: <num>): item = <num> name =/<*>/<*> inode = <num> dev = <num>: <num>,3,1,frequency_representative
22412,audit(1138296126.645:429627): item=0 name=/proc/kmsg inode=4026531850 dev=00:00,E140,audit(<*>): item=<*> name=<*> inode=<*> dev=<*>,1,audit( <num> : <num> ): item= <num> name=/proc/kmsg inode= <num> dev= <num> : <num>,1,Linux_C0000406,11,11,audit (<num>: <num>): item = <num> name =/<*>/<*> inode = <num> dev = <num>: <num>,3,2,complex_sample
22476,audit(1138296165.211:606989): item=0 name=/bin/bash inode=1044632 dev=00:00,E140,audit(<*>): item=<*> name=<*> inode=<*> dev=<*>,2,audit( <num> : <num> ): item= <num> name=/bin/bash inode= <num> dev= <num> : <num>,2,Linux_C0000406,11,11,audit (<num>: <num>): item = <num> name =/<*>/<*> inode = <num> dev = <num>: <num>,3,3,diverse_sample
22261,audit(1138278101.749:164013): avc: denied { read write } for pid=594 exe=/usr/lib/vte/gnome-pty-helper name=0 dev= ino=2 scontext=system_u:system_r:kernel_t tcontext=system_u:object_r:devpts_t tclass=chr_file,E4,audit(<*>): avc: denied <*> for pid=<*> exe=<*> name=<*> dev=<*> ino=<*> scontext=<*> tcontext=<*> tclass=<*>,1,audit( <num> : <num> ): avc: denied { read write } for pid= <num> exe= <path> name= <num> dev= ino= <num> scontext=system_u:system_r:kernel_t tcontext=system_u:object_r:devpts_t tclass=chr_file,1,Linux_C0000407,1,1,audit (<num>: <num>): avc: denied {read write} for pid = <num> exe = <path> name = <num> dev = ino = <num> scontext = system_u: system_r: kernel_t tcontext = system_u: object_r: devpts_t tclass = chr_file,1,1,frequency_representative
22265,audit(1138278101.766:164029): avc: denied { setattr } for pid=594 exe=/usr/lib/vte/gnome-pty-helper name=0 dev= ino=2 scontext=system_u:system_r:kernel_t tcontext=system_u:object_r:devpts_t tclass=chr_file,E4,audit(<*>): avc: denied <*> for pid=<*> exe=<*> name=<*> dev=<*> ino=<*> scontext=<*> tcontext=<*> tclass=<*>,1,audit( <num> : <num> ): avc: denied { setattr } for pid= <num> exe= <path> name= <num> dev= ino= <num> scontext=system_u:system_r:kernel_t tcontext=system_u:object_r:devpts_t tclass=chr_file,1,Linux_C0000408,1,1,audit (<num>: <num>): avc: denied {setattr} for pid = <num> exe = <path> name = <num> dev = ino = <num> scontext = system_u: system_r: kernel_t tcontext = system_u: object_r: devpts_t tclass = chr_file,1,1,frequency_representative
22267,audit(1138278102.349:166029): avc: denied { write } for pid=596 exe=/usr/bin/rhgb-client name=rhgb-socket dev= ino=1026 scontext=system_u:system_r:kernel_t tcontext=system_u:object_r:ramfs_t tclass=sock_file,E4,audit(<*>): avc: denied <*> for pid=<*> exe=<*> name=<*> dev=<*> ino=<*> scontext=<*> tcontext=<*> tclass=<*>,1,audit( <num> : <num> ): avc: denied { write } for pid= <num> exe=/usr/bin/rhgb-client name=rhgb-socket dev= ino= <num> scontext=system_u:system_r:kernel_t tcontext=system_u:object_r:ramfs_t tclass=sock_file,1,Linux_C0000409,1,1,audit (<num>: <num>): avc: denied {write} for pid = <num> exe =/usr/bin/rhgb-client name = rhgb-socket dev = ino = <num> scontext = system_u: system_r: kernel_t tcontext = system_u: object_r: ramfs_t tclass = sock_file,1,1,frequency_representative
22448,audit(1138296160.391:589416): syscall=102 exit=0 a0=2 a1=fef535e0 a2=70aa2c a3=200 items=0 pid=2013 loginuid=-1 uid=0 gid=0 euid=0 suid=0 fsuid=0 egid=0 sgid=0 fsgid=0,E1,audit(<*>): syscall=<*> exit=<*> a0=<*> a1=<*> a2=<*> a3=<*> items=<*> pid=<*> loginuid=<*> uid=<*> gid=<*> euid=<*> suid=<*> fsuid=<*> egid=<*> sgid=<*> fsgid=<*>,14,audit( <num> : <num> ): syscall= <num> exit= <num> a0= <num> a1= <id> a2=70aa2c a3= <num> items= <num> pid= <num> loginuid= <num> uid= <num> gid= <num> euid= <num> suid= <num> fsuid= <num> egid= <num> sgid= <num> fsgid= <num>,14,Linux_C0000410,28,28,audit (<num>: <num>): syscall = <num> exit = <num> a 0 = <*> <*> <*> <*> <*> <*> <*> <*> <*> <*> <*> <*> <*> <*> <*> <*> items = <num> pid = <num> loginuid = <num> uid = <num> gid = <num> euid = <num> suid = <num> fsuid = <num> egid = <num> sgid = <num> fsgid = <num>,3,1,frequency_representative
22295,audit(1138296104.541:222667): syscall=195 exit=0 a0=80490b4 a1=fef4d22c a2=68cffc a3=fef4d22c items=1 pid=708 loginuid=-1 uid=0 gid=0 euid=0 suid=0 fsuid=0 egid=0 sgid=0 fsgid=0,E1,audit(<*>): syscall=<*> exit=<*> a0=<*> a1=<*> a2=<*> a3=<*> items=<*> pid=<*> loginuid=<*> uid=<*> gid=<*> euid=<*> suid=<*> fsuid=<*> egid=<*> sgid=<*> fsgid=<*>,1,audit( <num> : <num> ): syscall= <num> exit= <num> a0=80490b4 a1= <id> a2=68cffc a3= <id> items= <num> pid= <num> loginuid= <num> uid= <num> gid= <num> euid= <num> suid= <num> fsuid= <num> egid= <num> sgid= <num> fsgid= <num>,1,Linux_C0000410,28,28,audit (<num>: <num>): syscall = <num> exit = <num> a 0 = <*> <*> <*> <*> <*> <*> <*> <*> <*> <*> <*> <*> <*> <*> <*> <*> items = <num> pid = <num> loginuid = <num> uid = <num> gid = <num> euid = <num> suid = <num> fsuid = <num> egid = <num> sgid = <num> fsgid = <num>,3,2,complex_sample
22616,audit(1138297993.375:1376285): syscall=226 exit=0 a0=923ca78 a1=dd7095 a2=9234650 a3=17 items=1 pid=3128 loginuid=-1 uid=0 gid=0 euid=0 suid=0 fsuid=0 egid=0 sgid=0 fsgid=0,E1,audit(<*>): syscall=<*> exit=<*> a0=<*> a1=<*> a2=<*> a3=<*> items=<*> pid=<*> loginuid=<*> uid=<*> gid=<*> euid=<*> suid=<*> fsuid=<*> egid=<*> sgid=<*> fsgid=<*>,1,audit( <num> : <num> ): syscall= <num> exit= <num> a0=923ca78 a1=dd7095 a2= <num> a3= <num> items= <num> pid= <num> loginuid= <num> uid= <num> gid= <num> euid= <num> suid= <num> fsuid= <num> egid= <num> sgid= <num> fsgid= <num>,1,Linux_C0000410,28,28,audit (<num>: <num>): syscall = <num> exit = <num> a 0 = <*> <*> <*> <*> <*> <*> <*> <*> <*> <*> <*> <*> <*> <*> <*> <*> items = <num> pid = <num> loginuid = <num> uid = <num> gid = <num> euid = <num> suid = <num> fsuid = <num> egid = <num> sgid = <num> fsgid = <num>,3,3,diverse_sample
22269,audit(1138278102.405:167249): avc: denied { write } for pid=598 exe=/sbin/sysctl name=ip_forward dev= ino=-268435331 scontext=system_u:system_r:kernel_t tcontext=system_u:object_r:sysctl_net_t tclass=file,E4,audit(<*>): avc: denied <*> for pid=<*> exe=<*> name=<*> dev=<*> ino=<*> scontext=<*> tcontext=<*> tclass=<*>,1,audit( <num> : <num> ): avc: denied { write } for pid= <num> exe=/sbin/sysctl name=ip_forward dev= ino= <num> scontext=system_u:system_r:kernel_t tcontext=system_u:object_r:sysctl_net_t tclass=file,1,Linux_C0000411,8,8,audit (<num>: <num>): avc: denied {<*>} for pid = <num> exe =/<*>/<*> name = <*> dev = ino = <num> scontext = system_u: system_r: kernel_t tcontext = system_u: <*>: <*> tclass = file,3,1,frequency_representative
22391,audit(1138296123.351:395836): avc: denied { read } for pid=1437 exe=/sbin/iptables name=modprobe dev= ino=-268435402 scontext=system_u:system_r:kernel_t tcontext=system_u:object_r:sysctl_modprobe_t tclass=file,E4,audit(<*>): avc: denied <*> for pid=<*> exe=<*> name=<*> dev=<*> ino=<*> scontext=<*> tcontext=<*> tclass=<*>,1,audit( <num> : <num> ): avc: denied { read } for pid= <num> exe=/sbin/iptables name=modprobe dev= ino= <num> scontext=system_u:system_r:kernel_t tcontext=system_u:object_r:sysctl_modprobe_t tclass=file,1,Linux_C0000411,8,8,audit (<num>: <num>): avc: denied {<*>} for pid = <num> exe =/<*>/<*> name = <*> dev = ino = <num> scontext = system_u: system_r: kernel_t tcontext = system_u: <*>: <*> tclass = file,3,2,complex_sample
22470,audit(1138296165.180:606909): avc: denied { write } for pid=2089 exe=/bin/su name=exec dev= ino=136904725 scontext=system_u:system_r:kernel_t tcontext=system_u:system_r:kernel_t tclass=file,E4,audit(<*>): avc: denied <*> for pid=<*> exe=<*> name=<*> dev=<*> ino=<*> scontext=<*> tcontext=<*> tclass=<*>,1,audit( <num> : <num> ): avc: denied { write } for pid= <num> exe=/bin/su name=exec dev= ino= <num> scontext=system_u:system_r:kernel_t tcontext=system_u:system_r:kernel_t tclass=file,1,Linux_C0000411,8,8,audit (<num>: <num>): avc: denied {<*>} for pid = <num> exe =/<*>/<*> name = <*> dev = ino = <num> scontext = system_u: system_r: kernel_t tcontext = system_u: <*>: <*> tclass = file,3,3,diverse_sample
22362,audit(1138296117.905:349720): syscall=5 exit=4 a0=fef1ae20 a1=0 a2=1b6 a3=1b6 items=1 pid=1263 loginuid=-1 uid=0 gid=0 euid=0 suid=0 fsuid=0 egid=0 sgid=0 fsgid=0,E1,audit(<*>): syscall=<*> exit=<*> a0=<*> a1=<*> a2=<*> a3=<*> items=<*> pid=<*> loginuid=<*> uid=<*> gid=<*> euid=<*> suid=<*> fsuid=<*> egid=<*> sgid=<*> fsgid=<*>,2,audit( <num> : <num> ): syscall= <num> exit= <num> a0= <id> a1= <num> a2=1b6 a3=1b6 items= <num> pid= <num> loginuid= <num> uid= <num> gid= <num> euid= <num> suid= <num> fsuid= <num> egid= <num> sgid= <num> fsgid= <num>,2,Linux_C0000412,3,3,audit (<num>: <num>): syscall = <num> exit = <num> a 0 = <num> a 1 = <num> a 2 = 1 b 6 a 3 = 1 b 6 items = <num> pid = <num> loginuid = <num> uid = <num> gid = <num> euid = <num> suid = <num> fsuid = <num> egid = <num> sgid = <num> fsgid = <num>,2,1,frequency_representative
22270,audit(1138278102.405:167249): syscall=5 exit=4 a0=8717180 a1=241 a2=1b6 a3=1b6 items=1 pid=598 loginuid=-1 uid=0 gid=0 euid=0 suid=0 fsuid=0 egid=0 sgid=0 fsgid=0,E1,audit(<*>): syscall=<*> exit=<*> a0=<*> a1=<*> a2=<*> a3=<*> items=<*> pid=<*> loginuid=<*> uid=<*> gid=<*> euid=<*> suid=<*> fsuid=<*> egid=<*> sgid=<*> fsgid=<*>,1,audit( <num> : <num> ): syscall= <num> exit= <num> a0= <num> a1= <num> a2=1b6 a3=1b6 items= <num> pid= <num> loginuid= <num> uid= <num> gid= <num> euid= <num> suid= <num> fsuid= <num> egid= <num> sgid= <num> fsgid= <num>,1,Linux_C0000412,3,3,audit (<num>: <num>): syscall = <num> exit = <num> a 0 = <num> a 1 = <num> a 2 = 1 b 6 a 3 = 1 b 6 items = <num> pid = <num> loginuid = <num> uid = <num> gid = <num> euid = <num> suid = <num> fsuid = <num> egid = <num> sgid = <num> fsgid = <num>,2,2,complex_sample
22280,audit(1138296102.617:183467): syscall=195 exit=0 a0=80d028c a1=fefff650 a2=68cffc a3=80d028c items=1 pid=635 loginuid=-1 uid=0 gid=0 euid=0 suid=0 fsuid=0 egid=0 sgid=0 fsgid=0,E1,audit(<*>): syscall=<*> exit=<*> a0=<*> a1=<*> a2=<*> a3=<*> items=<*> pid=<*> loginuid=<*> uid=<*> gid=<*> euid=<*> suid=<*> fsuid=<*> egid=<*> sgid=<*> fsgid=<*>,1,audit( <num> : <num> ): syscall= <num> exit= <num> a0=80d028c a1= <id> a2=68cffc a3=80d028c items= <num> pid= <num> loginuid= <num> uid= <num> gid= <num> euid= <num> suid= <num> fsuid= <num> egid= <num> sgid= <num> fsgid= <num>,1,Linux_C0000413,4,4,audit (<num>: <num>): syscall = <num> exit = <num> a 0 = <*> <*> <*> <*> <*> <*> <*> <*> <*> <*> <*> <*> <*> <*> <*> <*> <*> <*> <*> <*> items = <num> pid = <num> loginuid = <num> uid = <num> gid = <num> euid = <num> suid = <num> fsuid = <num> egid = <num> sgid = <num> fsgid = <num>,2,1,frequency_representative
22355,audit(1138296111.560:323542): syscall=227 exit=0 a0=fef84ed8 a1=dd6c6b a2=8aa1490 a3=1f items=1 pid=1198 loginuid=-1 uid=0 gid=0 euid=0 suid=0 fsuid=0 egid=0 sgid=0 fsgid=0,E1,audit(<*>): syscall=<*> exit=<*> a0=<*> a1=<*> a2=<*> a3=<*> items=<*> pid=<*> loginuid=<*> uid=<*> gid=<*> euid=<*> suid=<*> fsuid=<*> egid=<*> sgid=<*> fsgid=<*>,1,audit( <num> : <num> ): syscall= <num> exit= <num> a0= <id> a1=dd6c6b a2=8aa1490 a3=1f items= <num> pid= <num> loginuid= <num> uid= <num> gid= <num> euid= <num> suid= <num> fsuid= <num> egid= <num> sgid= <num> fsgid= <num>,1,Linux_C0000413,4,4,audit (<num>: <num>): syscall = <num> exit = <num> a 0 = <*> <*> <*> <*> <*> <*> <*> <*> <*> <*> <*> <*> <*> <*> <*> <*> <*> <*> <*> <*> items = <num> pid = <num> loginuid = <num> uid = <num> gid = <num> euid = <num> suid = <num> fsuid = <num> egid = <num> sgid = <num> fsgid = <num>,2,2,complex_sample
22281,audit(1138296102.617:183467): item=0 name=/sys//devices/pci0000:00/0000:00:1f.2/usb1/bNumConfigurations inode=1290 dev=00:00,E140,audit(<*>): item=<*> name=<*> inode=<*> dev=<*>,2,audit( <num> : <num> ): item= <num> name=/sys/ <path> <ip> . <num> /usb1/bnumconfigurations inode= <num> dev= <num> : <num>,2,Linux_C0000414,2,2,audit (<num>: <num>): item = <num> name =/sys/<path> <ip>. <num>/usb 1/bnumconfigurations inode = <num> dev = <num>: <num>,1,1,frequency_representative
22285,audit(1138296102.645:185219): syscall=21 exit=0 a0=87a8a18 a1=87a8a28 a2=87a8a40 a3=c0ed0000 items=1 pid=655 loginuid=-1 uid=0 gid=0 euid=0 suid=0 fsuid=0 egid=0 sgid=0 fsgid=0,E1,audit(<*>): syscall=<*> exit=<*> a0=<*> a1=<*> a2=<*> a3=<*> items=<*> pid=<*> loginuid=<*> uid=<*> gid=<*> euid=<*> suid=<*> fsuid=<*> egid=<*> sgid=<*> fsgid=<*>,1,audit( <num> : <num> ): syscall= <num> exit= <num> a0=87a8a18 a1=87a8a28 a2=87a8a40 a3= <id> items= <num> pid= <num> loginuid= <num> uid= <num> gid= <num> euid= <num> suid= <num> fsuid= <num> egid= <num> sgid= <num> fsgid= <num>,1,Linux_C0000415,1,1,audit (<num>: <num>): syscall = <num> exit = <num> a 0 = 87 a 8 a 18 a 1 = 87 a 8 a 28 a 2 = 87 a 8 a 40 a 3 = <id> items = <num> pid = <num> loginuid = <num> uid = <num> gid = <num> euid = <num> suid = <num> fsuid = <num> egid = <num> sgid = <num> fsgid = <num>,1,1,frequency_representative
22291,audit(1138296102.679:186228): item=0 name=/proc/bus/usb/devices inode=1268 dev=00:00,E140,audit(<*>): item=<*> name=<*> inode=<*> dev=<*>,1,audit( <num> : <num> ): item= <num> name=/proc/bus/usb/devices inode= <num> dev= <num> : <num>,1,Linux_C0000416,4,4,audit (<num>: <num>): item = <num> name =/<*>/<*>/<*> <*> <*> inode = <num> dev = <num>: <num>,2,1,frequency_representative
22371,audit(1138296118.152:350118): item=0 name=/proc/sys/dev/parport inode=4026532411 dev=00:00,E140,audit(<*>): item=<*> name=<*> inode=<*> dev=<*>,1,audit( <num> : <num> ): item= <num> name=/proc/sys/dev/parport inode= <num> dev= <num> : <num>,1,Linux_C0000416,4,4,audit (<num>: <num>): item = <num> name =/<*>/<*>/<*> <*> <*> inode = <num> dev = <num>: <num>,2,2,complex_sample
22292,audit(1138296102.679:186229): syscall=197 exit=0 a0=3 a1=805a2e4 a2=68cffc a3=88237c8 items=0 pid=658 loginuid=-1 uid=0 gid=0 euid=0 suid=0 fsuid=0 egid=0 sgid=0 fsgid=0,E1,audit(<*>): syscall=<*> exit=<*> a0=<*> a1=<*> a2=<*> a3=<*> items=<*> pid=<*> loginuid=<*> uid=<*> gid=<*> euid=<*> suid=<*> fsuid=<*> egid=<*> sgid=<*> fsgid=<*>,1,audit( <num> : <num> ): syscall= <num> exit= <num> a0= <num> a1=805a2e4 a2=68cffc a3=88237c8 items= <num> pid= <num> loginuid= <num> uid= <num> gid= <num> euid= <num> suid= <num> fsuid= <num> egid= <num> sgid= <num> fsgid= <num>,1,Linux_C0000417,1,1,audit (<num>: <num>): syscall = <num> exit = <num> a 0 = <num> a 1 = 805 a 2 e 4 a 2 = 68 cffc a 3 = 88237 c 8 items = <num> pid = <num> loginuid = <num> uid = <num> gid = <num> euid = <num> suid = <num> fsuid = <num> egid = <num> sgid = <num> fsgid = <num>,1,1,frequency_representative
22297,audit(1138296104.542:222681): avc: denied { write } for pid=310 exe=/sbin/initlog name=log dev=hda2 ino=1031636 scontext=system_u:system_r:kernel_t tcontext=system_u:object_r:file_t tclass=sock_file,E4,audit(<*>): avc: denied <*> for pid=<*> exe=<*> name=<*> dev=<*> ino=<*> scontext=<*> tcontext=<*> tclass=<*>,1,audit( <num> : <num> ): avc: denied { write } for pid= <num> exe=/sbin/initlog name=log dev=hda2 ino= <num> scontext=system_u:system_r:kernel_t tcontext=system_u:object_r:file_t tclass=sock_file,1,Linux_C0000418,3,3,audit (<num>: <num>): avc: denied {<*>} for pid = <num> exe =/sbin/<*> name = log dev = hda 2 ino = <num> scontext = system_u: system_r: kernel_t tcontext = system_u: object_r: file_t tclass = sock_file,2,1,frequency_representative
22348,audit(1138296109.324:295942): avc: denied { unlink } for pid=1123 exe=/sbin/minilogd name=log dev=hda2 ino=1031636 scontext=system_u:system_r:kernel_t tcontext=system_u:object_r:file_t tclass=sock_file,E4,audit(<*>): avc: denied <*> for pid=<*> exe=<*> name=<*> dev=<*> ino=<*> scontext=<*> tcontext=<*> tclass=<*>,1,audit( <num> : <num> ): avc: denied { unlink } for pid= <num> exe=/sbin/minilogd name=log dev=hda2 ino= <num> scontext=system_u:system_r:kernel_t tcontext=system_u:object_r:file_t tclass=sock_file,1,Linux_C0000418,3,3,audit (<num>: <num>): avc: denied {<*>} for pid = <num> exe =/sbin/<*> name = log dev = hda 2 ino = <num> scontext = system_u: system_r: kernel_t tcontext = system_u: object_r: file_t tclass = sock_file,2,2,complex_sample
22299,audit(1138296104.661:225142): avc: denied { unlink } for pid=717 exe=/bin/rm name=control dev=hda2 ino=1154199 scontext=system_u:system_r:kernel_t tcontext=system_u:object_r:file_t tclass=chr_file,E4,audit(<*>): avc: denied <*> for pid=<*> exe=<*> name=<*> dev=<*> ino=<*> scontext=<*> tcontext=<*> tclass=<*>,1,audit( <num> : <num> ): avc: denied { unlink } for pid= <num> exe=/bin/rm name=control dev=hda2 ino= <num> scontext=system_u:system_r:kernel_t tcontext=system_u:object_r:file_t tclass=chr_file,1,Linux_C0000419,6,6,audit (<num>: <num>): avc: denied {<*>} for pid = <num> exe =/<*>/<*> <*> <*> <*> <*> <*> <*> <*> ino = <num> scontext = system_u: system_r: kernel_t tcontext = <*>: object_r: <*> tclass = chr_file,3,1,frequency_representative
22312,audit(1138296105.156:234587): avc: denied { relabelto } for pid=720 exe=/sbin/restorecon name=control dev=hda2 ino=1154199 scontext=system_u:system_r:kernel_t tcontext=system_u:object_r:lvm_control_t tclass=chr_file,E4,audit(<*>): avc: denied <*> for pid=<*> exe=<*> name=<*> dev=<*> ino=<*> scontext=<*> tcontext=<*> tclass=<*>,1,audit( <num> : <num> ): avc: denied { relabelto } for pid= <num> exe=/sbin/restorecon name=control dev=hda2 ino= <num> scontext=system_u:system_r:kernel_t tcontext=system_u:object_r:lvm_control_t tclass=chr_file,1,Linux_C0000419,6,6,audit (<num>: <num>): avc: denied {<*>} for pid = <num> exe =/<*>/<*> <*> <*> <*> <*> <*> <*> <*> ino = <num> scontext = system_u: system_r: kernel_t tcontext = <*>: object_r: <*> tclass = chr_file,3,2,complex_sample
22626,audit(1138298150.141:1454728): avc: denied { setattr } for pid=3128 exe=/usr/sbin/sshd name=1 dev= ino=3 scontext=system_u:system_r:kernel_t tcontext=root:object_r:devpts_t tclass=chr_file,E4,audit(<*>): avc: denied <*> for pid=<*> exe=<*> name=<*> dev=<*> ino=<*> scontext=<*> tcontext=<*> tclass=<*>,1,audit( <num> : <num> ): avc: denied { setattr } for pid= <num> exe=/usr/sbin/sshd name= <num> dev= ino= <num> scontext=system_u:system_r:kernel_t tcontext=root:object_r:devpts_t tclass=chr_file,1,Linux_C0000419,6,6,audit (<num>: <num>): avc: denied {<*>} for pid = <num> exe =/<*>/<*> <*> <*> <*> <*> <*> <*> <*> ino = <num> scontext = system_u: system_r: kernel_t tcontext = <*>: object_r: <*> tclass = chr_file,3,3,diverse_sample
22308,audit(1138296104.852:227147): avc: denied { setattr } for pid=716 exe=/sbin/udev name=device-mapper dev=hda2 ino=283649 scontext=system_u:system_r:kernel_t tcontext=system_u:object_r:file_t tclass=chr_file,E4,audit(<*>): avc: denied <*> for pid=<*> exe=<*> name=<*> dev=<*> ino=<*> scontext=<*> tcontext=<*> tclass=<*>,1,audit( <num> : <num> ): avc: denied { setattr } for pid= <num> exe=/sbin/udev name=device-mapper dev=hda2 ino= <num> scontext=system_u:system_r:kernel_t tcontext=system_u:object_r:file_t tclass=chr_file,1,Linux_C0000420,2,2,audit (<num>: <num>): avc: denied {<*>} for pid = <num> exe =/sbin/<*> name = device-mapper dev = hda 2 ino = <num> scontext = system_u: system_r: kernel_t tcontext = system_u: object_r: <*> tclass = chr_file,2,1,frequency_representative
22313,audit(1138296105.194:235300): avc: denied { relabelto } for pid=724 exe=/sbin/restorecon name=device-mapper dev=hda2 ino=283649 scontext=system_u:system_r:kernel_t tcontext=system_u:object_r:device_t tclass=chr_file,E4,audit(<*>): avc: denied <*> for pid=<*> exe=<*> name=<*> dev=<*> ino=<*> scontext=<*> tcontext=<*> tclass=<*>,1,audit( <num> : <num> ): avc: denied { relabelto } for pid= <num> exe=/sbin/restorecon name=device-mapper dev=hda2 ino= <num> scontext=system_u:system_r:kernel_t tcontext=system_u:object_r:device_t tclass=chr_file,1,Linux_C0000420,2,2,audit (<num>: <num>): avc: denied {<*>} for pid = <num> exe =/sbin/<*> name = device-mapper dev = hda 2 ino = <num> scontext = system_u: system_r: kernel_t tcontext = system_u: object_r: <*> tclass = chr_file,2,2,complex_sample
22310,audit(1138296104.852:227147): item=0 name=/udev/device-mapper inode=283649 dev=0a:3f,E140,audit(<*>): item=<*> name=<*> inode=<*> dev=<*>,2,audit( <num> : <num> ): item= <num> name=/udev/device-mapper inode= <num> dev=0a:3f,2,Linux_C0000421,4,4,audit (<num>: <num>): item = <num> name =/<*>/<*> <*> <*> inode = <num> dev = 0 a: 3 f,2,1,frequency_representative
22317,audit(1138296105.156:234587): item=0 name=/dev/mapper/control inode=1154199 dev=0a:3f,E140,audit(<*>): item=<*> name=<*> inode=<*> dev=<*>,2,audit( <num> : <num> ): item= <num> name=/dev/mapper/control inode= <num> dev=0a:3f,2,Linux_C0000421,4,4,audit (<num>: <num>): item = <num> name =/<*>/<*> <*> <*> inode = <num> dev = 0 a: 3 f,2,2,complex_sample
22316,audit(1138296105.156:234587): syscall=227 exit=0 a0=fef38e8e a1=dd6c6b a2=95aff00 a3=20 items=1 pid=720 loginuid=-1 uid=0 gid=0 euid=0 suid=0 fsuid=0 egid=0 sgid=0 fsgid=0,E1,audit(<*>): syscall=<*> exit=<*> a0=<*> a1=<*> a2=<*> a3=<*> items=<*> pid=<*> loginuid=<*> uid=<*> gid=<*> euid=<*> suid=<*> fsuid=<*> egid=<*> sgid=<*> fsgid=<*>,1,audit( <num> : <num> ): syscall= <num> exit= <num> a0= <id> a1=dd6c6b a2=95aff00 a3= <num> items= <num> pid= <num> loginuid= <num> uid= <num> gid= <num> euid= <num> suid= <num> fsuid= <num> egid= <num> sgid= <num> fsgid= <num>,1,Linux_C0000422,7,7,audit (<num>: <num>): syscall = <num> exit = <num> a 0 = <*> <*> <*> <*> <*> <*> <*> <*> <*> <*> <*> <*> <*> <*> <*> <*> <*> <*> <*> items = <num> pid = <num> loginuid = <num> uid = <num> gid = <num> euid = <num> suid = <num> fsuid = <num> egid = <num> sgid = <num> fsgid = <num>,3,1,frequency_representative
22474,audit(1138296165.211:606989): syscall=11 exit=0 a0=fef9be88 a1=862c0b0 a2=862d358 a3=0 items=2 pid=2090 loginuid=-1 uid=100 gid=101 euid=100 suid=100 fsuid=100 egid=101 sgid=101 fsgid=101,E1,audit(<*>): syscall=<*> exit=<*> a0=<*> a1=<*> a2=<*> a3=<*> items=<*> pid=<*> loginuid=<*> uid=<*> gid=<*> euid=<*> suid=<*> fsuid=<*> egid=<*> sgid=<*> fsgid=<*>,1,audit( <num> : <num> ): syscall= <num> exit= <num> a0= <id> a1=862c0b0 a2=862d358 a3= <num> items= <num> pid= <num> loginuid= <num> uid= <num> gid= <num> euid= <num> suid= <num> fsuid= <num> egid= <num> sgid= <num> fsgid= <num>,1,Linux_C0000422,7,7,audit (<num>: <num>): syscall = <num> exit = <num> a 0 = <*> <*> <*> <*> <*> <*> <*> <*> <*> <*> <*> <*> <*> <*> <*> <*> <*> <*> <*> items = <num> pid = <num> loginuid = <num> uid = <num> gid = <num> euid = <num> suid = <num> fsuid = <num> egid = <num> sgid = <num> fsgid = <num>,3,2,complex_sample
22604,audit(1138296225.596:965626): syscall=14 exit=0 a0=9e9f968 a1=11b0 a2=0 a3=0 items=1 pid=2417 loginuid=-1 uid=0 gid=0 euid=0 suid=0 fsuid=0 egid=0 sgid=0 fsgid=0,E1,audit(<*>): syscall=<*> exit=<*> a0=<*> a1=<*> a2=<*> a3=<*> items=<*> pid=<*> loginuid=<*> uid=<*> gid=<*> euid=<*> suid=<*> fsuid=<*> egid=<*> sgid=<*> fsgid=<*>,1,audit( <num> : <num> ): syscall= <num> exit= <num> a0=9e9f968 a1=11b0 a2= <num> a3= <num> items= <num> pid= <num> loginuid= <num> uid= <num> gid= <num> euid= <num> suid= <num> fsuid= <num> egid= <num> sgid= <num> fsgid= <num>,1,Linux_C0000422,7,7,audit (<num>: <num>): syscall = <num> exit = <num> a 0 = <*> <*> <*> <*> <*> <*> <*> <*> <*> <*> <*> <*> <*> <*> <*> <*> <*> <*> <*> items = <num> pid = <num> loginuid = <num> uid = <num> gid = <num> euid = <num> suid = <num> fsuid = <num> egid = <num> sgid = <num> fsgid = <num>,3,3,diverse_sample
22322,audit(1138296106.081:244398): syscall=5 exit=3 a0=82e3fa0 a1=18800 a2=0 a3=82e3fa0 items=1 pid=725 loginuid=-1 uid=0 gid=0 euid=0 suid=0 fsuid=0 egid=0 sgid=0 fsgid=0,E1,audit(<*>): syscall=<*> exit=<*> a0=<*> a1=<*> a2=<*> a3=<*> items=<*> pid=<*> loginuid=<*> uid=<*> gid=<*> euid=<*> suid=<*> fsuid=<*> egid=<*> sgid=<*> fsgid=<*>,1,audit( <num> : <num> ): syscall= <num> exit= <num> a0=82e3fa0 a1= <num> a2= <num> a3=82e3fa0 items= <num> pid= <num> loginuid= <num> uid= <num> gid= <num> euid= <num> suid= <num> fsuid= <num> egid= <num> sgid= <num> fsgid= <num>,1,Linux_C0000423,1,1,audit (<num>: <num>): syscall = <num> exit = <num> a 0 = 82 e 3 fa 0 a 1 = <num> a 2 = <num> a 3 = 82 e 3 fa 0 items = <num> pid = <num> loginuid = <num> uid = <num> gid = <num> euid = <num> suid = <num> fsuid = <num> egid = <num> sgid = <num> fsgid = <num>,1,1,frequency_representative
22326,audit(1138296107.529:261678): avc: denied { relabelfrom } for pid=729 exe=/sbin/restorecon name=mtab dev=hda2 ino=82456 scontext=system_u:system_r:kernel_t tcontext=system_u:object_r:file_t tclass=file,E4,audit(<*>): avc: denied <*> for pid=<*> exe=<*> name=<*> dev=<*> ino=<*> scontext=<*> tcontext=<*> tclass=<*>,1,audit( <num> : <num> ): avc: denied { relabelfrom } for pid= <num> exe=/sbin/restorecon name=mtab dev=hda2 ino= <num> scontext=system_u:system_r:kernel_t tcontext=system_u:object_r:file_t tclass=file,1,Linux_C0000424,2,2,audit (<num>: <num>): avc: denied {<*>} for pid = <num> exe =/sbin/restorecon name = mtab dev = hda 2 ino = <num> scontext = system_u: system_r: kernel_t tcontext = system_u: object_r: <*> tclass = file,2,1,frequency_representative
22327,audit(1138296107.529:261678): avc: denied { relabelto } for pid=729 exe=/sbin/restorecon name=mtab dev=hda2 ino=82456 scontext=system_u:system_r:kernel_t tcontext=system_u:object_r:etc_runtime_t tclass=file,E4,audit(<*>): avc: denied <*> for pid=<*> exe=<*> name=<*> dev=<*> ino=<*> scontext=<*> tcontext=<*> tclass=<*>,1,audit( <num> : <num> ): avc: denied { relabelto } for pid= <num> exe=/sbin/restorecon name=mtab dev=hda2 ino= <num> scontext=system_u:system_r:kernel_t tcontext=system_u:object_r:etc_runtime_t tclass=file,1,Linux_C0000424,2,2,audit (<num>: <num>): avc: denied {<*>} for pid = <num> exe =/sbin/restorecon name = mtab dev = hda 2 ino = <num> scontext = system_u: system_r: kernel_t tcontext = system_u: object_r: <*> tclass = file,2,2,complex_sample
22330,audit(1138296107.747:266162): avc: denied { relabelto } for pid=730 exe=/sbin/restorecon name=ld.so.cache dev=hda2 ino=85502 scontext=system_u:system_r:kernel_t tcontext=system_u:object_r:ld_so_cache_t tclass=file,E4,audit(<*>): avc: denied <*> for pid=<*> exe=<*> name=<*> dev=<*> ino=<*> scontext=<*> tcontext=<*> tclass=<*>,1,audit( <num> : <num> ): avc: denied { relabelto } for pid= <num> exe=/sbin/restorecon name=ld.so.cache dev=hda2 ino= <num> scontext=system_u:system_r:kernel_t tcontext=system_u:object_r:ld_so_cache_t tclass=file,1,Linux_C0000425,1,1,audit (<num>: <num>): avc: denied {relabelto} for pid = <num> exe =/sbin/restorecon name = ld. so. cache dev = hda 2 ino = <num> scontext = system_u: system_r: kernel_t tcontext = system_u: object_r: ld_so_cache_t tclass = file,1,1,frequency_representative
22331,audit(1138296107.747:266162): syscall=227 exit=0 a0=fef5fe91 a1=dd6c6b a2=947d6d8 a3=20 items=1 pid=730 loginuid=-1 uid=0 gid=0 euid=0 suid=0 fsuid=0 egid=0 sgid=0 fsgid=0,E1,audit(<*>): syscall=<*> exit=<*> a0=<*> a1=<*> a2=<*> a3=<*> items=<*> pid=<*> loginuid=<*> uid=<*> gid=<*> euid=<*> suid=<*> fsuid=<*> egid=<*> sgid=<*> fsgid=<*>,1,audit( <num> : <num> ): syscall= <num> exit= <num> a0= <id> a1=dd6c6b a2=947d6d8 a3= <num> items= <num> pid= <num> loginuid= <num> uid= <num> gid= <num> euid= <num> suid= <num> fsuid= <num> egid= <num> sgid= <num> fsgid= <num>,1,Linux_C0000426,2,2,audit (<num>: <num>): syscall = <num> exit = <num> a 0 = <id> a 1 = dd 6 c 6 b a 2 = <*> <*> <*> <*> 8 a 3 = <num> items = <num> pid = <num> loginuid = <num> uid = <num> gid = <num> euid = <num> suid = <num> fsuid = <num> egid = <num> sgid = <num> fsgid = <num>,2,1,frequency_representative
22436,audit(1138296133.544:515571): syscall=227 exit=0 a0=fefece60 a1=dd6c6b a2=92e47c8 a3=18 items=1 pid=1792 loginuid=-1 uid=0 gid=0 euid=0 suid=0 fsuid=0 egid=0 sgid=0 fsgid=0,E1,audit(<*>): syscall=<*> exit=<*> a0=<*> a1=<*> a2=<*> a3=<*> items=<*> pid=<*> loginuid=<*> uid=<*> gid=<*> euid=<*> suid=<*> fsuid=<*> egid=<*> sgid=<*> fsgid=<*>,1,audit( <num> : <num> ): syscall= <num> exit= <num> a0= <id> a1=dd6c6b a2=92e47c8 a3= <num> items= <num> pid= <num> loginuid= <num> uid= <num> gid= <num> euid= <num> suid= <num> fsuid= <num> egid= <num> sgid= <num> fsgid= <num>,1,Linux_C0000426,2,2,audit (<num>: <num>): syscall = <num> exit = <num> a 0 = <id> a 1 = dd 6 c 6 b a 2 = <*> <*> <*> <*> 8 a 3 = <num> items = <num> pid = <num> loginuid = <num> uid = <num> gid = <num> euid = <num> suid = <num> fsuid = <num> egid = <num> sgid = <num> fsgid = <num>,2,2,complex_sample
22332,audit(1138296107.747:266162): item=0 name=/etc/ld.so.cache inode=85502 dev=00:00,E140,audit(<*>): item=<*> name=<*> inode=<*> dev=<*>,1,audit( <num> : <num> ): item= <num> name=/etc/ld.so.cache inode= <num> dev= <num> : <num>,1,Linux_C0000427,1,1,audit (<num>: <num>): item = <num> name =/etc/ld. so. cache inode = <num> dev = <num>: <num>,1,1,frequency_representative
22352,audit(1138296111.560:323542): avc: denied { relabelto } for pid=1198 exe=/sbin/restorecon name=vcs1 dev=hda2 ino=861585 scontext=system_u:system_r:kernel_t tcontext=system_u:object_r:tty_device_t tclass=chr_file,E4,audit(<*>): avc: denied <*> for pid=<*> exe=<*> name=<*> dev=<*> ino=<*> scontext=<*> tcontext=<*> tclass=<*>,1,audit( <num> : <num> ): avc: denied { relabelto } for pid= <num> exe=/sbin/restorecon name=vcs1 dev=hda2 ino= <num> scontext=system_u:system_r:kernel_t tcontext=system_u:object_r:tty_device_t tclass=chr_file,1,Linux_C0000428,3,3,audit (<num>: <num>): avc: denied {<*>} for pid = <num> exe =/sbin/<*> name = <*> <*> dev = hda 2 ino = <num> scontext = system_u: system_r: kernel_t tcontext = system_u: object_r: tty_device_t tclass = chr_file,2,1,frequency_representative
22567,audit(1138296216.366:837154): avc: denied { getattr } for pid=2686 exe=/sbin/restorecon name=vcsa5 dev=hda2 ino=283654 scontext=system_u:system_r:kernel_t tcontext=system_u:object_r:tty_device_t tclass=chr_file,E4,audit(<*>): avc: denied <*> for pid=<*> exe=<*> name=<*> dev=<*> ino=<*> scontext=<*> tcontext=<*> tclass=<*>,1,audit( <num> : <num> ): avc: denied { getattr } for pid= <num> exe=/sbin/restorecon name=vcsa5 dev=hda2 ino= <num> scontext=system_u:system_r:kernel_t tcontext=system_u:object_r:tty_device_t tclass=chr_file,1,Linux_C0000428,3,3,audit (<num>: <num>): avc: denied {<*>} for pid = <num> exe =/sbin/<*> name = <*> <*> dev = hda 2 ino = <num> scontext = system_u: system_r: kernel_t tcontext = system_u: object_r: tty_device_t tclass = chr_file,2,2,complex_sample
22361,audit(1138296117.905:349720): avc: denied { read } for pid=1263 exe=/usr/sbin/kudzu name=0000:01:0c.0 dev= ino=159 scontext=system_u:system_r:kernel_t tcontext=system_u:object_r:sysfs_t tclass=lnk_file,E4,audit(<*>): avc: denied <*> for pid=<*> exe=<*> name=<*> dev=<*> ino=<*> scontext=<*> tcontext=<*> tclass=<*>,1,audit( <num> : <num> ): avc: denied { read } for pid= <num> exe=/usr/sbin/kudzu name= <ip> . <num> dev= ino= <num> scontext=system_u:system_r:kernel_t tcontext=system_u:object_r:sysfs_t tclass=lnk_file,1,Linux_C0000429,1,1,audit (<num>: <num>): avc: denied {read} for pid = <num> exe =/usr/sbin/kudzu name = <ip>. <num> dev = ino = <num> scontext = system_u: system_r: kernel_t tcontext = system_u: object_r: sysfs_t tclass = lnk_file,1,1,frequency_representative
22364,audit(1138296117.905:349720): item=0 name=/sys/bus/pci/devices/0000:01:0c.0/resource inode=166 dev=00:00,E140,audit(<*>): item=<*> name=<*> inode=<*> dev=<*>,1,audit( <num> : <num> ): item= <num> name=/sys/bus/pci/devices/ <ip> . <num> /resource inode= <num> dev= <num> : <num>,1,Linux_C0000430,1,1,audit (<num>: <num>): item = <num> name =/sys/bus/pci/devices/<ip>. <num>/resource inode = <num> dev = <num>: <num>,1,1,frequency_representative
22374,audit(1138296118.152:350122): avc: denied { read } for pid=1263 exe=/usr/sbin/kudzu name=autoprobe dev= ino=-268434873 scontext=system_u:system_r:kernel_t tcontext=system_u:object_r:sysctl_dev_t tclass=file,E4,audit(<*>): avc: denied <*> for pid=<*> exe=<*> name=<*> dev=<*> ino=<*> scontext=<*> tcontext=<*> tclass=<*>,1,audit( <num> : <num> ): avc: denied { read } for pid= <num> exe=/usr/sbin/kudzu name=autoprobe dev= ino= <num> scontext=system_u:system_r:kernel_t tcontext=system_u:object_r:sysctl_dev_t tclass=file,1,Linux_C0000431,3,3,audit (<num>: <num>): avc: denied {<*>} for pid = <num> exe =/usr/<*>/<*> name = <*> dev = ino = <num> scontext = system_u: system_r: kernel_t tcontext = system_u: object_r: <*> tclass = file,2,1,frequency_representative
22381,audit(1138296120.101:365320): avc: denied { read } for pid=1263 exe=/usr/sbin/kudzu name=hotplug dev= ino=-268435401 scontext=system_u:system_r:kernel_t tcontext=system_u:object_r:sysctl_hotplug_t tclass=file,E4,audit(<*>): avc: denied <*> for pid=<*> exe=<*> name=<*> dev=<*> ino=<*> scontext=<*> tcontext=<*> tclass=<*>,1,audit( <num> : <num> ): avc: denied { read } for pid= <num> exe=/usr/sbin/kudzu name=hotplug dev= ino= <num> scontext=system_u:system_r:kernel_t tcontext=system_u:object_r:sysctl_hotplug_t tclass=file,1,Linux_C0000431,3,3,audit (<num>: <num>): avc: denied {<*>} for pid = <num> exe =/usr/<*>/<*> name = <*> dev = ino = <num> scontext = system_u: system_r: kernel_t tcontext = system_u: object_r: <*> tclass = file,2,2,complex_sample
22387,audit(1138296120.316:368744): avc: denied { relabelfrom } for pid=1353 exe=/sbin/restorecon name=fd0 dev=hda2 ino=283651 scontext=system_u:system_r:kernel_t tcontext=system_u:object_r:file_t tclass=blk_file,E4,audit(<*>): avc: denied <*> for pid=<*> exe=<*> name=<*> dev=<*> ino=<*> scontext=<*> tcontext=<*> tclass=<*>,1,audit( <num> : <num> ): avc: denied { relabelfrom } for pid= <num> exe=/sbin/restorecon name=fd0 dev=hda2 ino= <num> scontext=system_u:system_r:kernel_t tcontext=system_u:object_r:file_t tclass=blk_file,1,Linux_C0000432,2,2,audit (<num>: <num>): avc: denied {<*>} for pid = <num> exe =/sbin/restorecon name = fd 0 dev = hda 2 ino = <num> scontext = system_u: system_r: kernel_t tcontext = system_u: object_r: <*> tclass = blk_file,2,1,frequency_representative
22388,audit(1138296120.316:368744): avc: denied { relabelto } for pid=1353 exe=/sbin/restorecon name=fd0 dev=hda2 ino=283651 scontext=system_u:system_r:kernel_t tcontext=system_u:object_r:removable_device_t tclass=blk_file,E4,audit(<*>): avc: denied <*> for pid=<*> exe=<*> name=<*> dev=<*> ino=<*> scontext=<*> tcontext=<*> tclass=<*>,1,audit( <num> : <num> ): avc: denied { relabelto } for pid= <num> exe=/sbin/restorecon name=fd0 dev=hda2 ino= <num> scontext=system_u:system_r:kernel_t tcontext=system_u:object_r:removable_device_t tclass=blk_file,1,Linux_C0000432,2,2,audit (<num>: <num>): avc: denied {<*>} for pid = <num> exe =/sbin/restorecon name = fd 0 dev = hda 2 ino = <num> scontext = system_u: system_r: kernel_t tcontext = system_u: object_r: <*> tclass = blk_file,2,2,complex_sample
22404,Jan 26 12:22:42 Privoxy(-150327168) Info: loading configuration file '/etc/privoxy/config':,E61,<*> Privoxy(<*>) Info: loading configuration file <*>,1,jan <num> <ip> privoxy( <num> ) info: loading configuration file '/etc/privoxy/config':,1,Linux_C0000433,1,1,jan <num> <ip> privoxy (<num>) info: loading configuration file '/etc/privoxy/config ':,1,1,frequency_representative
22407,audit(1138296126.464:427092): syscall=15 exit=0 a0=1fdf0f a1=1b6 a2=1ff130 a3=1b6 items=1 pid=1570 loginuid=-1 uid=0 gid=0 euid=0 suid=0 fsuid=0 egid=0 sgid=0 fsgid=0,E1,audit(<*>): syscall=<*> exit=<*> a0=<*> a1=<*> a2=<*> a3=<*> items=<*> pid=<*> loginuid=<*> uid=<*> gid=<*> euid=<*> suid=<*> fsuid=<*> egid=<*> sgid=<*> fsgid=<*>,1,audit( <num> : <num> ): syscall= <num> exit= <num> a0=1fdf0f a1=1b6 a2=1ff130 a3=1b6 items= <num> pid= <num> loginuid= <num> uid= <num> gid= <num> euid= <num> suid= <num> fsuid= <num> egid= <num> sgid= <num> fsgid= <num>,1,Linux_C0000434,1,1,audit (<num>: <num>): syscall = <num> exit = <num> a 0 = 1 fdf 0 f a 1 = 1 b 6 a 2 = 1 ff 130 a 3 = 1 b 6 items = <num> pid = <num> loginuid = <num> uid = <num> gid = <num> euid = <num> suid = <num> fsuid = <num> egid = <num> sgid = <num> fsgid = <num>,1,1,frequency_representative
22416,audit(1138296128.156:454449): avc: denied { search } for pid=1642 exe=/usr/sbin/rpc.idmapd name=rpc dev= ino=-268434800 scontext=system_u:system_r:kernel_t tcontext=system_u:object_r:sysctl_rpc_t tclass=dir,E4,audit(<*>): avc: denied <*> for pid=<*> exe=<*> name=<*> dev=<*> ino=<*> scontext=<*> tcontext=<*> tclass=<*>,1,audit( <num> : <num> ): avc: denied { search } for pid= <num> exe=/usr/sbin/rpc.idmapd name=rpc dev= ino= <num> scontext=system_u:system_r:kernel_t tcontext=system_u:object_r:sysctl_rpc_t tclass=dir,1,Linux_C0000435,3,3,audit (<num>: <num>): avc: denied {<*>} for pid = <num> exe =/usr/<*>/<*> <*> <*> <*> <*> <*> dev = ino = <num> scontext = system_u: system_r: kernel_t tcontext = system_u: object_r: <*> tclass = dir,2,1,frequency_representative
22545,audit(1138296212.406:734909): avc: denied { remove_name } for pid=511 exe=/usr/bin/rhgb name=rhgb-socket dev= ino=1026 scontext=system_u:system_r:kernel_t tcontext=system_u:object_r:ramfs_t tclass=dir,E4,audit(<*>): avc: denied <*> for pid=<*> exe=<*> name=<*> dev=<*> ino=<*> scontext=<*> tcontext=<*> tclass=<*>,1,audit( <num> : <num> ): avc: denied { remove_name } for pid= <num> exe=/usr/bin/rhgb name=rhgb-socket dev= ino= <num> scontext=system_u:system_r:kernel_t tcontext=system_u:object_r:ramfs_t tclass=dir,1,Linux_C0000435,3,3,audit (<num>: <num>): avc: denied {<*>} for pid = <num> exe =/usr/<*>/<*> <*> <*> <*> <*> <*> dev = ino = <num> scontext = system_u: system_r: kernel_t tcontext = system_u: object_r: <*> tclass = dir,2,2,complex_sample
22431,audit(1138296132.911:505629): avc: denied { relabelfrom } for pid=1788 exe=/sbin/restorecon name=ptal-mlcd dev=hda2 ino=1502894 scontext=system_u:system_r:kernel_t tcontext=system_u:object_r:file_t tclass=dir,E4,audit(<*>): avc: denied <*> for pid=<*> exe=<*> name=<*> dev=<*> ino=<*> scontext=<*> tcontext=<*> tclass=<*>,1,audit( <num> : <num> ): avc: denied { relabelfrom } for pid= <num> exe=/sbin/restorecon name=ptal-mlcd dev=hda2 ino= <num> scontext=system_u:system_r:kernel_t tcontext=system_u:object_r:file_t tclass=dir,1,Linux_C0000436,2,2,audit (<num>: <num>): avc: denied {<*>} for pid = <num> exe =/sbin/restorecon name = ptal-mlcd dev = hda 2 ino = <num> scontext = system_u: system_r: kernel_t tcontext = system_u: object_r: <*> tclass = dir,2,1,frequency_representative
22432,audit(1138296132.911:505629): avc: denied { relabelto } for pid=1788 exe=/sbin/restorecon name=ptal-mlcd dev=hda2 ino=1502894 scontext=system_u:system_r:kernel_t tcontext=system_u:object_r:var_run_t tclass=dir,E4,audit(<*>): avc: denied <*> for pid=<*> exe=<*> name=<*> dev=<*> ino=<*> scontext=<*> tcontext=<*> tclass=<*>,1,audit( <num> : <num> ): avc: denied { relabelto } for pid= <num> exe=/sbin/restorecon name=ptal-mlcd dev=hda2 ino= <num> scontext=system_u:system_r:kernel_t tcontext=system_u:object_r:var_run_t tclass=dir,1,Linux_C0000436,2,2,audit (<num>: <num>): avc: denied {<*>} for pid = <num> exe =/sbin/restorecon name = ptal-mlcd dev = hda 2 ino = <num> scontext = system_u: system_r: kernel_t tcontext = system_u: object_r: <*> tclass = dir,2,2,complex_sample
22433,audit(1138296132.911:505629): syscall=227 exit=0 a0=fefbae57 a1=dd6c6b a2=8d4f3f0 a3=1c items=1 pid=1788 loginuid=-1 uid=0 gid=0 euid=0 suid=0 fsuid=0 egid=0 sgid=0 fsgid=0,E1,audit(<*>): syscall=<*> exit=<*> a0=<*> a1=<*> a2=<*> a3=<*> items=<*> pid=<*> loginuid=<*> uid=<*> gid=<*> euid=<*> suid=<*> fsuid=<*> egid=<*> sgid=<*> fsgid=<*>,1,audit( <num> : <num> ): syscall= <num> exit= <num> a0= <id> a1=dd6c6b a2=8d4f3f0 a3=1c items= <num> pid= <num> loginuid= <num> uid= <num> gid= <num> euid= <num> suid= <num> fsuid= <num> egid= <num> sgid= <num> fsgid= <num>,1,Linux_C0000437,1,1,audit (<num>: <num>): syscall = <num> exit = <num> a 0 = <id> a 1 = dd 6 c 6 b a 2 = 8 d 4 f 3 f 0 a 3 = 1 c items = <num> pid = <num> loginuid = <num> uid = <num> gid = <num> euid = <num> suid = <num> fsuid = <num> egid = <num> sgid = <num> fsgid = <num>,1,1,frequency_representative
22467,"pam_check_access failed, user does not have proper access: system_u:system_r:kernel_t",E17,"pam_check_access failed, user does not have proper access: <*>",1,"pam_check_access failed, user does not have proper access: system_u:system_r:kernel_t",1,Linux_C0000438,1,1,"pam_check_access failed, user does not have proper access: system_u: system_r: kernel_t",1,1,frequency_representative
22492,audit(1138296194.864:693295): avc: denied { search } for pid=2285 exe=/sbin/killall5 name=2091 dev= ino=137035778 scontext=system_u:system_r:kernel_t tcontext=user_u:sysadm_r:sysadm_t tclass=dir,E4,audit(<*>): avc: denied <*> for pid=<*> exe=<*> name=<*> dev=<*> ino=<*> scontext=<*> tcontext=<*> tclass=<*>,1,audit( <num> : <num> ): avc: denied { search } for pid= <num> exe= <path> name= <num> dev= ino= <num> scontext=system_u:system_r:kernel_t tcontext=user_u:sysadm_r:sysadm_t tclass=dir,1,Linux_C0000439,1,1,audit (<num>: <num>): avc: denied {search} for pid = <num> exe = <path> name = <num> dev = ino = <num> scontext = system_u: system_r: kernel_t tcontext = user_u: sysadm_r: sysadm_t tclass = dir,1,1,frequency_representative
22497,audit(1138296194.865:693325): avc: denied { read } for pid=2285 exe=/sbin/killall5 name=exe dev= ino=137035784 scontext=system_u:system_r:kernel_t tcontext=user_u:sysadm_r:sysadm_t tclass=lnk_file,E4,audit(<*>): avc: denied <*> for pid=<*> exe=<*> name=<*> dev=<*> ino=<*> scontext=<*> tcontext=<*> tclass=<*>,1,audit( <num> : <num> ): avc: denied { read } for pid= <num> exe= <path> name=exe dev= ino= <num> scontext=system_u:system_r:kernel_t tcontext=user_u:sysadm_r:sysadm_t tclass=lnk_file,1,Linux_C0000440,1,1,audit (<num>: <num>): avc: denied {read} for pid = <num> exe = <path> name = exe dev = ino = <num> scontext = system_u: system_r: kernel_t tcontext = user_u: sysadm_r: sysadm_t tclass = lnk_file,1,1,frequency_representative
22598,audit(1138296225.426:965370): avc: denied { unlink } for pid=2417 exe=/usr/bin/gdm-binary name=.gdmfifo dev=hda2 ino=943272 scontext=system_u:system_r:kernel_t tcontext=system_u:object_r:file_t tclass=fifo_file,E4,audit(<*>): avc: denied <*> for pid=<*> exe=<*> name=<*> dev=<*> ino=<*> scontext=<*> tcontext=<*> tclass=<*>,1,audit( <num> : <num> ): avc: denied { unlink } for pid= <num> exe=/usr/bin/gdm-binary name=.gdmfifo dev=hda2 ino= <num> scontext=system_u:system_r:kernel_t tcontext=system_u:object_r:file_t tclass=fifo_file,1,Linux_C0000441,2,2,audit (<num>: <num>): avc: denied {<*>} for pid = <num> exe =/usr/bin/gdm-binary name =. gdmfifo dev = hda 2 ino = <num> scontext = system_u: system_r: kernel_t tcontext = system_u: object_r: file_t tclass = fifo_file,2,1,frequency_representative
22606,audit(1138296225.596:965628): avc: denied { setattr } for pid=2417 exe=/usr/bin/gdm-binary name=.gdmfifo dev=hda2 ino=943272 scontext=system_u:system_r:kernel_t tcontext=system_u:object_r:file_t tclass=fifo_file,E4,audit(<*>): avc: denied <*> for pid=<*> exe=<*> name=<*> dev=<*> ino=<*> scontext=<*> tcontext=<*> tclass=<*>,1,audit( <num> : <num> ): avc: denied { setattr } for pid= <num> exe=/usr/bin/gdm-binary name=.gdmfifo dev=hda2 ino= <num> scontext=system_u:system_r:kernel_t tcontext=system_u:object_r:file_t tclass=fifo_file,1,Linux_C0000441,2,2,audit (<num>: <num>): avc: denied {<*>} for pid = <num> exe =/usr/bin/gdm-binary name =. gdmfifo dev = hda 2 ino = <num> scontext = system_u: system_r: kernel_t tcontext = system_u: object_r: file_t tclass = fifo_file,2,2,complex_sample
22603,audit(1138296225.426:965370): item=0 name=/var/gdm/.gdmfifo inode=1190404 dev=00:00,E140,audit(<*>): item=<*> name=<*> inode=<*> dev=<*>,3,audit( <num> : <num> ): item= <num> name=/var/gdm/.gdmfifo inode= <num> dev= <num> : <num>,3,Linux_C0000442,3,3,audit (<num>: <num>): item = <num> name =/var/gdm /. gdmfifo inode = <num> dev = <num>: <num>,1,1,frequency_representative
22607,audit(1138296225.596:965628): syscall=15 exit=0 a0=9e9f968 a1=1b0 a2=f70ad980 a3=1b0 items=1 pid=2417 loginuid=-1 uid=0 gid=0 euid=0 suid=0 fsuid=0 egid=0 sgid=0 fsgid=0,E1,audit(<*>): syscall=<*> exit=<*> a0=<*> a1=<*> a2=<*> a3=<*> items=<*> pid=<*> loginuid=<*> uid=<*> gid=<*> euid=<*> suid=<*> fsuid=<*> egid=<*> sgid=<*> fsgid=<*>,1,audit( <num> : <num> ): syscall= <num> exit= <num> a0=9e9f968 a1=1b0 a2= <id> a3=1b0 items= <num> pid= <num> loginuid= <num> uid= <num> gid= <num> euid= <num> suid= <num> fsuid= <num> egid= <num> sgid= <num> fsgid= <num>,1,Linux_C0000443,1,1,audit (<num>: <num>): syscall = <num> exit = <num> a 0 = 9 e 9 f 968 a 1 = 1 b 0 a 2 = <id> a 3 = 1 b 0 items = <num> pid = <num> loginuid = <num> uid = <num> gid = <num> euid = <num> suid = <num> fsuid = <num> egid = <num> sgid = <num> fsgid = <num>,1,1,frequency_representative
22619,audit(1138297993.475:1376452): avc: denied { read write } for pid=3130 exe=/usr/sbin/sshd name=1 dev= ino=3 scontext=system_u:system_r:kernel_t tcontext=root:object_r:devpts_t tclass=chr_file,E4,audit(<*>): avc: denied <*> for pid=<*> exe=<*> name=<*> dev=<*> ino=<*> scontext=<*> tcontext=<*> tclass=<*>,1,audit( <num> : <num> ): avc: denied { read write } for pid= <num> exe=/usr/sbin/sshd name= <num> dev= ino= <num> scontext=system_u:system_r:kernel_t tcontext=root:object_r:devpts_t tclass=chr_file,1,Linux_C0000444,1,1,audit (<num>: <num>): avc: denied {read write} for pid = <num> exe =/usr/sbin/sshd name = <num> dev = ino = <num> scontext = system_u: system_r: kernel_t tcontext = root: object_r: devpts_t tclass = chr_file,1,1,frequency_representative
22629,"Warning! Could not relabel with system_u:object_r:devpts_t, not relabeling.",E39,"Warning! Could not relabel with <*>, not relabeling.",1,"warning! could not relabel with system_u:object_r:devpts_t, not relabeling.",1,Linux_C0000445,1,1,"warning! could not relabel with system_u: object_r: devpts_t, not relabeling.",1,1,frequency_representative
22753,authentication failure; logname= uid=0 euid=0 tty=NODEVssh ruser= rhost=jwhp5.chem.ncsu.edu user=ftp,E8,authentication failure; logname=<*> uid=<*> euid=<*> tty=<*> ruser=<*> rhost=<*> user=<*>,21,authentication failure; logname= uid= <num> euid= <num> tty=nodevssh ruser= rhost= <id> user=ftp,1,Linux_C0000446,1,21,authentication failure; logname = uid = <num> euid = <num> tty = nodevssh ruser = rhost = <id> user = ftp,1,1,frequency_representative
23234,connection from 204.92.104.1 (dco001.actionhosting.ca) at Sat Feb 11 20:37:20 2006,E261,connection from <*> (<*>) at <*>,42,connection from <ip> ( <id> ) at sat feb <num> <ip> <num>,4,Linux_C0000447,39,113,connection from <ip> (<id>) at <*> feb <num> <ip> <num>,3,1,frequency_representative
23347,connection from 202.147.190.179 (host202-147-190-179.khi.dancom.net.pk) at Mon Feb 13 17:58:11 2006,E261,connection from <*> (<*>) at <*>,22,connection from <ip> ( <id> ) at mon feb <num> <ip> <num>,1,Linux_C0000447,39,113,connection from <ip> (<id>) at <*> feb <num> <ip> <num>,3,2,complex_sample
22871,connection from 81.240.142.171 (171-142.240.81.adsl.skynet.be) at Wed Feb 1 09:47:41 2006,E261,connection from <*> (<*>) at <*>,8,connection from <ip> ( <id> ) at wed feb <num> <ip> <num>,1,Linux_C0000447,39,113,connection from <ip> (<id>) at <*> feb <num> <ip> <num>,3,3,diverse_sample
22879,"ANONYMOUS FTP LOGIN FROM 81.240.142.171, 171-142.240.81.adsl.skynet.be (Sgpuser@home.com)",E190,"ANONYMOUS FTP LOGIN FROM <*>, <*> (<*>)",8,"anonymous ftp login from <ip> , <id> ( <email> )",1,Linux_C0000448,2,9,"anonymous ftp login from <ip>, <id> (<*>)",2,1,frequency_representative
23707,"ANONYMOUS FTP LOGIN FROM 84.102.20.91, 91.20.102-84.rev.gaoland.net (anonymous)",E190,"ANONYMOUS FTP LOGIN FROM <*>, <*> (<*>)",1,"anonymous ftp login from <ip> , <id> (anonymous)",1,Linux_C0000448,2,9,"anonymous ftp login from <ip>, <id> (<*>)",2,2,complex_sample
23888,connection from 148.223.155.2 () at Sun Feb 26 17:21:22 2006,E261,connection from <*> (<*>) at <*>,71,connection from <ip> () at sun feb <num> <ip> <num>,11,Linux_C0000449,29,220,connection from <ip> () at <*> feb <num> <ip> <num>,3,1,frequency_representative
23601,connection from 210.212.240.242 () at Wed Feb 22 01:55:44 2006,E261,connection from <*> (<*>) at <*>,23,connection from <ip> () at wed feb <num> <ip> <num>,1,Linux_C0000449,29,220,connection from <ip> () at <*> feb <num> <ip> <num>,3,2,complex_sample
22977,connection from 84.5.218.32 () at Mon Feb 6 12:09:00 2006,E261,connection from <*> (<*>) at <*>,42,connection from <ip> () at mon feb <num> <ip> <num>,5,Linux_C0000449,29,220,connection from <ip> () at <*> feb <num> <ip> <num>,3,3,diverse_sample
23000,User unknown timed out after 900 seconds at Mon Feb 6 12:24:00 2006,E165,User <*> timed out after <*> seconds at <*>,23,user unknown timed out after <num> seconds at mon feb <num> <ip> <num>,1,Linux_C0000450,1,23,user unknown timed out after <num> seconds at mon feb <num> <ip> <num>,1,1,frequency_representative
23152,connection from 208.34.235.251 (mail.nrms.org) at Fri Feb 10 15:07:34 2006,E261,connection from <*> (<*>) at <*>,23,connection from <ip> (mail.nrms.org) at fri feb <num> <ip> <num>,2,Linux_C0000451,2,23,connection from <ip> (mail. nrms. org) at fri feb <num> <ip> <num>,1,1,frequency_representative
23504,authentication failure; logname= uid=0 euid=0 tty=NODEVssh ruser= rhost=dialup-mum-203.94.231.54.mtnl.net.in user=test,E8,authentication failure; logname=<*> uid=<*> euid=<*> tty=<*> ruser=<*> rhost=<*> user=<*>,10,authentication failure; logname= uid= <num> euid= <num> tty=nodevssh ruser= rhost=dialup-mum- <ip> .mtnl.net.in user=test,1,Linux_C0000452,1,10,authentication failure; logname = uid = <num> euid = <num> tty = nodevssh ruser = rhost = dialup-mum-<ip>. mtnl. net. in user = test,1,1,frequency_representative
23644,connection from 24.229.9.65 (24.229.9.65.res-cmts.sm.ptd.net) at Wed Feb 22 23:41:37 2006,E261,connection from <*> (<*>) at <*>,23,connection from <ip> ( <ip> .res-cmts.sm.ptd.net) at wed feb <num> <ip> <num>,2,Linux_C0000453,2,23,connection from <ip> (<ip>. res-cmts. sm. ptd. net) at wed feb <num> <ip> <num>,1,1,frequency_representative
23788,connection from 200.61.161.145 (mx.dyn.com.ar) at Sat Feb 25 00:04:45 2006,E261,connection from <*> (<*>) at <*>,4,connection from <ip> (mx.dyn.com.ar) at sat feb <num> <ip> <num>,4,Linux_C0000454,5,7,connection from <ip> (mx. dyn. com. ar) at <*> feb <num> <ip> <num>,2,1,frequency_representative
23785,connection from 200.61.161.145 (mx.dyn.com.ar) at Fri Feb 24 23:59:53 2006,E261,connection from <*> (<*>) at <*>,3,connection from <ip> (mx.dyn.com.ar) at fri feb <num> <ip> <num>,1,Linux_C0000454,5,7,connection from <ip> (mx. dyn. com. ar) at <*> feb <num> <ip> <num>,2,2,complex_sample
