LineId,Content,EventId,EventTemplate,dup_count,normalized_content,normalized_unique_content_count,cluster_id,cluster_size_unique,cluster_weight_dup_sum,cluster_template_guess,cluster_keep_k,selected_rank,selection_reason
1,tftp: client does not accept options,E569,tftp: client does not accept options,13640,tftp: client does not accept options,1,Thunderbird_C0000001,1,13640,tftp: client does not accept options,1,1,frequency_representative
2,warning: unable to look up public/pickup: No such file or directory,E292,warning: unable to look up <*>: No such file or directory,5306,warning: unable to look up public/pickup: no such file or directory,1,Thunderbird_C0000002,1,5306,warning: unable to look up public/pickup: no such file or directory,1,1,frequency_representative
141,"Connection broken to AF_INET(tbird-admin1:7175), reopening in 60 seconds",E260,"Connection broken to AF_INET(<*>), reopening in <*> seconds",115,"connection broken to af_inet( <id> ), reopening in <num> seconds",2,Thunderbird_C0000003,2,115,"connection broken to af_inet (<id>), reopening in <num> seconds",1,1,frequency_representative
1390,My unqualified host name (aadmin1) unknown; sleeping for retry,E273,My unqualified host name <*> unknown; sleeping for retry,6123,my unqualified host name (aadmin1) unknown; sleeping for retry,1,Thunderbird_C0000004,4517,123927,my unqualified host name (<*> <*>) unknown; sleeping for retry,3,1,frequency_representative
1389,My unqualified host name (eadmin1) unknown; sleeping for retry,E273,My unqualified host name <*> unknown; sleeping for retry,6102,my unqualified host name (eadmin1) unknown; sleeping for retry,1,Thunderbird_C0000004,4517,123927,my unqualified host name (<*> <*>) unknown; sleeping for retry,3,2,complex_sample
7810254,My unqualified host name (bn9) unknown; sleeping for retry,E273,My unqualified host name <*> unknown; sleeping for retry,27,my unqualified host name (bn9) unknown; sleeping for retry,1,Thunderbird_C0000004,4517,123927,my unqualified host name (<*> <*>) unknown; sleeping for retry,3,3,diverse_sample
310,"synchronized to 10.100.24.250, stratum 3",E893,synchronized to <*> stratum <*>,391192,"synchronized to <ip> , stratum <num>",23,Thunderbird_C0000005,23,391192,"synchronized to <ip>, stratum <num>",1,1,frequency_representative
151,[ib_sm_sweep.c:1455]: No topology change,E938,[<*>]: No topology change,245453,[ <id> ]: no topology change,1,Thunderbird_C0000006,1,245453,[<id>]: no topology change,1,1,frequency_representative
152,[ib_sm_sweep.c:1482]: No configuration change required,E535,[<*>]: No configuration change required,99687,[ <id> ]: no configuration change required,1,Thunderbird_C0000007,1,99687,[<id>]: no configuration change required,1,1,frequency_representative
161,session opened for user root by (uid=0),E664,session opened for user <*> by <*>(uid=<*>),1644751,session opened for user root by (uid= <num> ),1,Thunderbird_C0000008,2,1649760,session opened for user <*> by (uid = <num>),2,1,frequency_representative
252058,session opened for user mwsukal by (uid=0),E664,session opened for user <*> by <*>(uid=<*>),5009,session opened for user mwsukal by (uid= <num> ),1,Thunderbird_C0000008,2,1649760,session opened for user <*> by (uid = <num>),2,2,complex_sample
162,Accepted publickey for root from ::ffff:10.100.4.251 port 35558 ssh2,E561,Accepted publickey for <*> from <*> port <*> ssh2,720739,accepted publickey for root from ::ffff: <ip> port <num> ssh2,495454,Thunderbird_C0000009,500463,725748,accepted publickey for <*> from:: ffff: <ip> port <num> ssh 2,2,1,frequency_representative
252059,Accepted publickey for mwsukal from ::ffff:10.100.35.34 port 59520 ssh2,E561,Accepted publickey for <*> from <*> port <*> ssh2,5009,accepted publickey for mwsukal from ::ffff: <ip> port <num> ssh2,5009,Thunderbird_C0000009,500463,725748,accepted publickey for <*> from:: ffff: <ip> port <num> ssh 2,2,2,complex_sample
132052,START: rsync pid=20770 from=10.100.4.251,E939,START: rsync pid=<*> from=<*>,390461,start: rsync pid= <num> from= <ip>,389497,Thunderbird_C0000010,391981,392989,start: <*> pid = <num> from = <ip>,2,1,frequency_representative
4331160,START: tftp pid=10295 from=10.100.4.251,E974,START: tftp pid=<*> from=<*>,2528,start: tftp pid= <num> from= <ip>,2484,Thunderbird_C0000010,391981,392989,start: <*> pid = <num> from = <ip>,2,2,complex_sample
166,Kickstart Install: Torque Mom and Maui speconf Tree,E1035,Kickstart Install: <*>,2604,kickstart install: torque mom and maui speconf tree,1,Thunderbird_C0000011,1,2604,kickstart install: torque mom and maui speconf tree,1,1,frequency_representative
167,Kickstart: configure services,E668,Kickstart: configure services,2602,kickstart: configure services,1,Thunderbird_C0000012,1,2602,kickstart: configure services,1,1,frequency_representative
168,Kickstart Install: Prepare speconf_sync to work,E1035,Kickstart Install: <*>,2603,kickstart install: prepare speconf_sync to work,1,Thunderbird_C0000013,1,2603,kickstart install: prepare speconf_sync to work,1,1,frequency_representative
169,Kickstart: setup firstboot,E772,Kickstart: setup firstboot,2602,kickstart: setup firstboot,1,Thunderbird_C0000014,1,2602,kickstart: setup firstboot,1,1,frequency_representative
170,Kickstart: setup firstboot for ganglia client software,E220,Kickstart: setup firstboot for ganglia client software,2603,kickstart: setup firstboot for ganglia client software,1,Thunderbird_C0000015,1,2603,kickstart: setup firstboot for ganglia client software,1,1,frequency_representative
171,pam_timestamp: updated timestamp file `/var/run/sudo/root/console',E894,<*>: updated timestamp file <*>,10392,pam_timestamp: updated timestamp file ` <path> ',2,Thunderbird_C0000016,2,10392,pam_timestamp: updated timestamp file ` <path> ',1,1,frequency_representative
172,running '/usr/sbin/up2date --nox -i ganglia-gmond' with root privileges on behalf of 'root',E484,running <*> with <*> privileges on behalf of '<*>',2601,running ' <path> --nox -i ganglia-gmond' with root privileges on behalf of 'root',1,Thunderbird_C0000017,1,2601,running ' <path>-- nox-i ganglia-gmond ' with root privileges on behalf of ' root ',1,1,frequency_representative
175,[ib_sm_sweep.c:1831]: ********************** NEW SWEEP ********************,E169,[<*>]: ********************** NEW SWEEP ********************,247287,[ <id> ]: ********************** new sweep ********************,1,Thunderbird_C0000018,1,247287,[<id>]: * * * * * * * * * * * * * * * * * * * * * * new sweep * * * * * * * * * * * * * * * * * * * *,1,1,frequency_representative
176,gmond startup succeeded,E1056,<*> startup succeeded,10573,gmond startup succeeded,1,Thunderbird_C0000019,1,10573,gmond startup succeeded,1,1,frequency_representative
177,gmond shutdown succeeded,E1032,<*> shutdown succeeded,6951,gmond shutdown succeeded,1,Thunderbird_C0000020,1,6951,gmond shutdown succeeded,1,1,frequency_representative
178,Kickstart Install: Setup to become a Tbird login,E1035,Kickstart Install: <*>,1775,kickstart install: setup to become a tbird login,1,Thunderbird_C0000021,1,1775,kickstart install: setup to become a tbird login,1,1,frequency_representative
179,Kickstart Install: tbird kernel package,E1035,Kickstart Install: <*>,2603,kickstart install: tbird kernel package,1,Thunderbird_C0000022,1,2603,kickstart install: tbird kernel package,1,1,frequency_representative
180,Kickstart: setup firstboot for tbird panasas env,E317,Kickstart: setup firstboot for tbird panasas env,2601,kickstart: setup firstboot for tbird panasas env,1,Thunderbird_C0000023,1,2601,kickstart: setup firstboot for tbird panasas env,1,1,frequency_representative
198,kernel time sync enabled 0001,E880,kernel time sync enabled <*>,11994,kernel time sync enabled <num>,1,Thunderbird_C0000024,1,11994,kernel time sync enabled <num>,1,1,frequency_representative
201,Installing all prepared tables,E669,Installing all prepared tables,1,installing all prepared tables,1,Thunderbird_C0000025,1,1,installing all prepared tables,1,1,frequency_representative
202,rpc.mountd startup succeeded,E1056,<*> startup succeeded,15,rpc.mountd startup succeeded,1,Thunderbird_C0000026,1,15,rpc. mountd startup succeeded,1,1,frequency_representative
203,rpc.nfsd startup succeeded,E1056,<*> startup succeeded,15,rpc.nfsd startup succeeded,1,Thunderbird_C0000027,1,15,rpc. nfsd startup succeeded,1,1,frequency_representative
204,rpc.rquotad startup succeeded,E1056,<*> startup succeeded,15,rpc.rquotad startup succeeded,1,Thunderbird_C0000028,1,15,rpc. rquotad startup succeeded,1,1,frequency_representative
205,succeeded,E1197,succeeded,18492,succeeded,1,Thunderbird_C0000029,1,18492,succeeded,1,1,frequency_representative
206,ntpd startup succeeded,E1056,<*> startup succeeded,11974,ntpd startup succeeded,1,Thunderbird_C0000030,1,11974,ntpd startup succeeded,1,1,frequency_representative
273,"Listening on interface eth0, 10.100.4.251#123",E870,"Listening on interface <*>, <*>",11867,"listening on interface eth0, <ip> # <num>",3781,Thunderbird_C0000031,7488,19623,"listening on interface <*> <*>, <ip> # <num>",3,1,frequency_representative
9809978,"Listening on interface eth1, 10.100.16.250#123",E870,"Listening on interface <*>, <*>",1,"listening on interface eth1, <ip> # <num>",1,Thunderbird_C0000031,7488,19623,"listening on interface <*> <*>, <ip> # <num>",3,2,complex_sample
756047,"Listening on interface ib0, 10.100.140.63#123",E870,"Listening on interface <*>, <*>",7755,"listening on interface ib0, <ip> # <num>",3706,Thunderbird_C0000031,7488,19623,"listening on interface <*> <*>, <ip> # <num>",3,3,diverse_sample
209,"Listening on interface eth0:1, 10.100.249.41#123",E870,"Listening on interface <*>, <*>",12,"listening on interface eth0: <num> , <ip> # <num>",1,Thunderbird_C0000032,2,13,"listening on interface eth <*>: <num>, <ip> # <num>",2,1,frequency_representative
9809979,"Listening on interface eth1:0, 10.100.80.250#123",E870,"Listening on interface <*>, <*>",1,"listening on interface eth1: <num> , <ip> # <num>",1,Thunderbird_C0000032,2,13,"listening on interface eth <*>: <num>, <ip> # <num>",2,2,complex_sample
211,"Listening on interface wildcard, 0.0.0.0#123",E870,"Listening on interface <*>, <*>",11927,"listening on interface wildcard, <ip> # <num>",1,Thunderbird_C0000033,2,23821,"listening on interface <*>, <ip> # <num>",2,1,frequency_representative
210,"Listening on interface lo, 127.0.0.1#123",E870,"Listening on interface <*>, <*>",11894,"listening on interface lo, <ip> # <num>",1,Thunderbird_C0000033,2,23821,"listening on interface <*>, <ip> # <num>",2,2,complex_sample
212,"Listening on interface wildcard, ::#123",E870,"Listening on interface <*>, <*>",9165,"listening on interface wildcard, ::# <num>",1,Thunderbird_C0000034,1,9165,"listening on interface wildcard,:: # <num>",1,1,frequency_representative
213,kernel time sync status 0040,E918,kernel time sync status <*>,11894,kernel time sync status <num>,1,Thunderbird_C0000035,1,11894,kernel time sync status <num>,1,1,frequency_representative
214,precision = 1.000 usec,E1111,precision = <*> usec,11983,precision = <num> usec,1,Thunderbird_C0000036,1,11983,precision = <num> usec,1,1,frequency_representative
215,signal_no_reset: signal 13 had flags 4000000,E602,signal_no_reset: signal <*> had flags <*>,12,signal_no_reset: signal <num> had flags <num>,1,Thunderbird_C0000037,1,12,signal_no_reset: signal <num> had flags <num>,1,1,frequency_representative
216,step time server #3# offset -3599.775374 sec,E834,step time server <*> offset <*> sec,24,step time server # <num> # offset <num> sec,24,Thunderbird_C0000038,24,24,step time server # <num> # offset <num> sec,1,1,frequency_representative
218,/usr/bin/mysqladmin -u root -h tbird-admin1 password 'new-password',E1128,<*> -u <*> -h <*> password '<*>',1,/usr/bin/mysqladmin -u root -h <id> password 'new-password',1,Thunderbird_C0000039,1,1,/ usr/bin/mysqladmin-u root-h <id> password ' new-password ',1,1,frequency_representative
219,Fill help tables,E1105,Fill help tables,1,fill help tables,1,Thunderbird_C0000040,1,1,fill help tables,1,1,frequency_representative
220,Please report any problems with the /usr/bin/mysqlbug script!,E412,Please report any problems with the <*> script!,1,please report any problems with the /usr/bin/mysqlbug script!,1,Thunderbird_C0000041,1,1,please report any problems with the/usr/bin/mysqlbug script!,1,1,frequency_representative
221,See the manual for more instructions.,E545,See the manual for more instructions.,1,see the manual for more instructions.,1,Thunderbird_C0000042,1,1,see the manual for more instructions.,1,1,frequency_representative
222,Support MySQL by buying support/licenses at https://#4#,E536,Support <*> by buying support/licenses at <*>,1,support mysql by buying support/licenses at <url>,1,Thunderbird_C0000043,1,1,support mysql by buying support/licenses at <url>,1,1,frequency_representative
223,The latest information about MySQL is available on the web at,E254,The latest information about <*> is available on the web at,1,the latest information about mysql is available on the web at,1,Thunderbird_C0000044,1,1,the latest information about mysql is available on the web at,1,1,frequency_representative
224,"To do so, start the server, then issue the following commands:",E184,"To do so, start the server, then issue the following commands:",1,"to do so, start the server, then issue the following commands:",1,Thunderbird_C0000045,1,1,"to do so, start the server, then issue the following commands:",1,1,frequency_representative
225,To start mysqld at boot time you have to copy support-files/mysql.server,E604,To start <*> at boot time you have to copy <*>,1,to start mysqld at boot time you have to copy support-files/mysql.server,1,Thunderbird_C0000046,1,1,to start mysqld at boot time you have to copy support-files/mysql. server,1,1,frequency_representative
226,You can start the MySQL daemon with:,E747,You can start the <*> daemon with:,1,you can start the mysql daemon with:,1,Thunderbird_C0000047,1,1,you can start the mysql daemon with:,1,1,frequency_representative
227,You can test the MySQL daemon with the benchmarks in the 'sql-bench' directory:,E193,You can test the <*> daemon with the benchmarks in the <*> directory:,1,you can test the mysql daemon with the benchmarks in the 'sql-bench' directory:,1,Thunderbird_C0000048,1,1,you can test the mysql daemon with the benchmarks in the ' sql-bench ' directory:,1,1,frequency_representative
228,cd /usr ; /usr/bin/mysqld_safe &,E1239,cd <*> ; <*> &,1,cd /usr ; /usr/bin/mysqld_safe &,1,Thunderbird_C0000049,1,1,cd/usr;/usr/bin/mysqld_safe &,1,1,frequency_representative
229,cd sql-bench ; perl run-all-tests,E1222,cd <*> ; perl <*>,1,cd sql-bench ; perl run-all-tests,1,Thunderbird_C0000050,1,1,cd sql-bench; perl run-all-tests,1,1,frequency_representative
230,to the right place for your system,E638,to the right place for your system,1,to the right place for your system,1,Thunderbird_C0000051,1,1,to the right place for your system,1,1,frequency_representative
231,Initializing MySQL database: succeeded,E724,Initializing MySQL database: <*>,1,initializing mysql database: succeeded,1,Thunderbird_C0000052,1,1,initializing mysql database: succeeded,1,1,frequency_representative
232,Copyright 2004 Internet Systems Consortium.,E471,Copyright <*> Internet Systems Consortium.,1883,copyright <num> internet systems consortium.,1,Thunderbird_C0000053,1,1883,copyright <num> internet systems consortium.,1,1,frequency_representative
234,"For info, please visit http://#6#/sw/dhcp/",E965,"For info, please visit <*>",1856,"for info, please visit <url>",2,Thunderbird_C0000054,2,1856,"for info, please visit <url>",1,1,frequency_representative
236,Internet Systems Consortium DHCP Server V3.0.1,E470,Internet Systems Consortium DHCP Server <*>,1844,internet systems consortium dhcp server v3. <num>,1,Thunderbird_C0000055,1,1844,internet systems consortium dhcp server v 3. <num>,1,1,frequency_representative
238,Listening on LPF/eth0/00:11:43:e3:94:9a/admin_net,E1171,Listening on <*>,24,listening on lpf/eth0/ <ip> /admin_net,1,Thunderbird_C0000056,1,24,listening on lpf/eth 0/<ip>/admin_net,1,1,frequency_representative
240,Sending on LPF/eth0/00:11:43:e3:94:9a/admin_net,E1201,Sending on <*>,24,sending on lpf/eth0/ <ip> /admin_net,1,Thunderbird_C0000057,1,24,sending on lpf/eth 0/<ip>/admin_net,1,1,frequency_representative
242,Sending on Socket/fallback/fallback-net,E1201,Sending on <*>,1238,sending on socket/fallback/fallback-net,1,Thunderbird_C0000058,1,1238,sending on socket/fallback/fallback-net,1,1,frequency_representative
244,Wrote 0 deleted host decls to leases file.,E501,Wrote <*> deleted host decls to leases file.,1238,wrote <num> deleted host decls to leases file.,1,Thunderbird_C0000059,1,1238,wrote <num> deleted host decls to leases file.,1,1,frequency_representative
246,Wrote 0 leases to leases file.,E784,Wrote <*> leases to leases file.,1238,wrote <num> leases to leases file.,1,Thunderbird_C0000060,1,1238,wrote <num> leases to leases file.,1,1,frequency_representative
248,Wrote 0 new dynamic host decls to leases file.,E410,Wrote <*> new dynamic host decls to leases file.,1238,wrote <num> new dynamic host decls to leases file.,1,Thunderbird_C0000061,1,1238,wrote <num> new dynamic host decls to leases file.,1,1,frequency_representative
250,dhcpd startup succeeded,E1056,<*> startup succeeded,619,dhcpd startup succeeded,1,Thunderbird_C0000062,1,619,dhcpd startup succeeded,1,1,frequency_representative
251,httpd startup succeeded,E1056,<*> startup succeeded,25,httpd startup succeeded,1,Thunderbird_C0000063,1,25,httpd startup succeeded,1,1,frequency_representative
259,session opened for user root by root(uid=0),E664,session opened for user <*> by <*>(uid=<*>),978,session opened for user root by root(uid= <num> ),1,Thunderbird_C0000064,2,1095,session opened for user root by <*> (uid = <num>),2,1,frequency_representative
11686,session opened for user root by LOGIN(uid=0),E664,session opened for user <*> by <*>(uid=<*>),117,session opened for user root by login(uid= <num> ),1,Thunderbird_C0000064,2,1095,session opened for user root by <*> (uid = <num>),2,2,complex_sample
269,setup NTP client,E1102,setup NTP client,2598,setup ntp client,1,Thunderbird_C0000065,1,2598,setup ntp client,1,1,frequency_representative
270,ntpd shutdown failed,E1114,<*> shutdown failed,2602,ntpd shutdown failed,1,Thunderbird_C0000066,1,2602,ntpd shutdown failed,1,1,frequency_representative
276,"configure: keyword ""authenticate"" unknown, line ignored",E388,"configure: keyword <*> unknown, line ignored",6933,"configure: keyword ""authenticate"" unknown, line ignored",1,Thunderbird_C0000067,1,6933,"configure: keyword "" authenticate "" unknown, line ignored",1,1,frequency_representative
277,frequency initialized 0.000 PPM from /var/lib/ntp/drift,E697,frequency initialized <*> PPM from <*>,11837,frequency initialized <num> ppm from /var/lib/ntp/drift,6067,Thunderbird_C0000068,6067,11837,frequency initialized <num> ppm from/var/lib/ntp/drift,1,1,frequency_representative
1396867,step time server 10.100.0.250 offset -0.356089 sec,E834,step time server <*> offset <*> sec,10537,step time server <ip> offset <num> sec,10099,Thunderbird_C0000069,10099,10537,step time server <ip> offset <num> sec,1,1,frequency_representative
283,Kickstart Install: Dell OMSA Package,E1035,Kickstart Install: <*>,2593,kickstart install: dell omsa package,1,Thunderbird_C0000070,1,2593,kickstart install: dell omsa package,1,1,frequency_representative
285,running '/usr/sbin/up2date --nox -i netsnmp' with root privileges on behalf of 'root',E484,running <*> with <*> privileges on behalf of '<*>',2593,running ' <path> --nox -i netsnmp' with root privileges on behalf of 'root',1,Thunderbird_C0000071,1,2593,running ' <path>-- nox-i netsnmp ' with root privileges on behalf of ' root ',1,1,frequency_representative
293,data_thread() got not answer from any [Thunderbird_C2] datasource,E294,data_thread() got not answer from any [<*>] datasource,980423,data_thread() got not answer from any [ <id> ] datasource,32,Thunderbird_C0000072,35,981472,data_thread () got not answer from any [<*>] datasource,3,1,frequency_representative
869896,data_thread() got not answer from any [Thunderbird_Service] datasource,E294,data_thread() got not answer from any [<*>] datasource,350,data_thread() got not answer from any [thunderbird_service] datasource,1,Thunderbird_C0000072,35,981472,data_thread () got not answer from any [<*>] datasource,3,2,complex_sample
869117,data_thread() got not answer from any [Thunderbird_Login] datasource,E294,data_thread() got not answer from any [<*>] datasource,351,data_thread() got not answer from any [thunderbird_login] datasource,1,Thunderbird_C0000072,35,981472,data_thread () got not answer from any [<*>] datasource,3,3,diverse_sample
290,running '/usr/sbin/up2date --nox -i -f kernel-devel' with root privileges on behalf of 'root',E484,running <*> with <*> privileges on behalf of '<*>',2596,running ' <path> --nox -i -f kernel-devel' with root privileges on behalf of 'root',1,Thunderbird_C0000073,1,2596,running ' <path>-- nox-i-f kernel-devel ' with root privileges on behalf of ' root ',1,1,frequency_representative
326,unable to qualify my own domain name (aadmin1) -- using short name,E222,unable to qualify my own domain name (<*>) -- using short name,6123,unable to qualify my own domain name (aadmin1) -- using short name,1,Thunderbird_C0000074,4454,52215,unable to qualify my own domain name (<*> <*>)-- using short name,3,1,frequency_representative
331,unable to qualify my own domain name (badmin1) -- using short name,E222,unable to qualify my own domain name (<*>) -- using short name,6090,unable to qualify my own domain name (badmin1) -- using short name,1,Thunderbird_C0000074,4454,52215,unable to qualify my own domain name (<*> <*>)-- using short name,3,2,complex_sample
7819957,unable to qualify my own domain name (an9) -- using short name,E222,unable to qualify my own domain name (<*>) -- using short name,17,unable to qualify my own domain name (an9) -- using short name,1,Thunderbird_C0000074,4454,52215,unable to qualify my own domain name (<*> <*>)-- using short name,3,3,diverse_sample
324,session closed for user root,E919,session closed for user <*>,880331,session closed for user root,1,Thunderbird_C0000075,1,880331,session closed for user root,1,1,frequency_representative
336,"jA9IBWbd030053: from=root, size=1597856, class=0, nrcpts=1, msgid=<200511091811.jA9IBWbd030053@aadmin1>, relay=#7#@localhost",E346,"<*>: from=<*>, size=<*>, class=<*>, nrcpts=<*>, msgid=<*>, relay=<*>",6120,"<id> : from=root, size= <num> , class= <num> , nrcpts= <num> , msgid=< <hex> . <id> @aadmin1>, relay=# <num> #@localhost",6120,Thunderbird_C0000076,50039,50039,"<id>: from = root, size = <num>, class = <num>, nrcpts = <num>, msgid = < <hex>. <id> @ <*> <*> >, relay = # <num> # @ localhost",3,1,frequency_representative
347,"jA9IBX8h008852: from=root, size=1597080, class=0, nrcpts=1, msgid=<200511091811.jA9IBX8h008852@dadmin1>, relay=#7#@localhost",E346,"<*>: from=<*>, size=<*>, class=<*>, nrcpts=<*>, msgid=<*>, relay=<*>",3485,"<id> : from=root, size= <num> , class= <num> , nrcpts= <num> , msgid=< <hex> . <id> @dadmin1>, relay=# <num> #@localhost",3485,Thunderbird_C0000076,50039,50039,"<id>: from = root, size = <num>, class = <num>, nrcpts = <num>, msgid = < <hex>. <id> @ <*> <*> >, relay = # <num> # @ localhost",3,2,complex_sample
8757031,"jB5B335S029531: from=root, size=910, class=0, nrcpts=1, msgid=<200512051103.jB5B335S029531@an8>, relay=#7#@localhost",E346,"<*>: from=<*>, size=<*>, class=<*>, nrcpts=<*>, msgid=<*>, relay=<*>",13,"<id> : from=root, size= <num> , class= <num> , nrcpts= <num> , msgid=< <hex> . <id> @an8>, relay=# <num> #@localhost",13,Thunderbird_C0000076,50039,50039,"<id>: from = root, size = <num>, class = <num>, nrcpts = <num>, msgid = < <hex>. <id> @ <*> <*> >, relay = # <num> # @ localhost",3,3,diverse_sample
329,Kickstart Install: Dell BIOS CONF Package,E1035,Kickstart Install: <*>,2596,kickstart install: dell bios conf package,1,Thunderbird_C0000077,1,2596,kickstart install: dell bios conf package,1,1,frequency_representative
330,Kickstart: setup the cisco (topspin) ib stack,E362,Kickstart: setup the cisco (topspin) ib stack,2597,kickstart: setup the cisco (topspin) ib stack,1,Thunderbird_C0000078,1,2597,kickstart: setup the cisco (topspin) ib stack,1,1,frequency_representative
364,Kickstart Install: TBIRD Dell FIRMWARE Update Module,E1035,Kickstart Install: <*>,2604,kickstart install: tbird dell firmware update module,1,Thunderbird_C0000079,1,2604,kickstart install: tbird dell firmware update module,1,1,frequency_representative
365,Kickstart/Yast Install: Finished installation on localhost.localdomain,E287,Kickstart/Yast Install: Finished installation on <*>,2604,kickstart/yast install: finished installation on localhost.localdomain,1,Thunderbird_C0000080,1,2604,kickstart/yast install: finished installation on localhost. localdomain,1,1,frequency_representative
475,Local disconnected: Connection closed.,E461,Local disconnected: Connection closed.,11322,local disconnected: connection closed.,1,Thunderbird_C0000081,1,11322,local disconnected: connection closed.,1,1,frequency_representative
476,connection lost: 'Connection closed.',E1034,connection lost: '<*>',11314,connection lost: 'connection closed.',1,Thunderbird_C0000082,1,11314,connection lost: ' connection closed. ',1,1,frequency_representative
5771799,RRD_update (/var/lib/ganglia/rrds/B Nodes/bn195/pkts_out.rrd): illegal attempt to update using time 1132670807 when last update time is 1132670807 (minimum one second step),E45,RRD_update (<*>): illegal attempt to update using time <*> when last update time is <*> (minimum one second step),1330,rrd_update (/var/lib/ganglia/rrds/b nodes/bn195/pkts_out.rrd): illegal attempt to update using time <num> when last update time is <num> (minimum one second step),1329,Thunderbird_C0000083,3959,4314,rrd_update (/ var/lib/ganglia/rrds/<*> nodes/<*> <*>/<*>. rrd): illegal attempt to update using time <num> when last update time is <num> (minimum one second step),3,1,frequency_representative
753496,RRD_update (/var/lib/ganglia/rrds/B Nodes/bn985/part_max_used.rrd): illegal attempt to update using time 1131668701 when last update time is 1131668702 (minimum one second step),E45,RRD_update (<*>): illegal attempt to update using time <*> when last update time is <*> (minimum one second step),1,rrd_update (/var/lib/ganglia/rrds/b nodes/bn985/part_max_used.rrd): illegal attempt to update using time <num> when last update time is <num> (minimum one second step),1,Thunderbird_C0000083,3959,4314,rrd_update (/ var/lib/ganglia/rrds/<*> nodes/<*> <*>/<*>. rrd): illegal attempt to update using time <num> when last update time is <num> (minimum one second step),3,2,complex_sample
6059309,RRD_update (/var/lib/ganglia/rrds/A Nodes/an4/cpu_wio.rrd): illegal attempt to update using time 1132691971 when last update time is 1132691971 (minimum one second step),E45,RRD_update (<*>): illegal attempt to update using time <*> when last update time is <*> (minimum one second step),1,rrd_update (/var/lib/ganglia/rrds/a nodes/an4/cpu_wio.rrd): illegal attempt to update using time <num> when last update time is <num> (minimum one second step),1,Thunderbird_C0000083,3959,4314,rrd_update (/ var/lib/ganglia/rrds/<*> nodes/<*> <*>/<*>. rrd): illegal attempt to update using time <num> when last update time is <num> (minimum one second step),3,3,diverse_sample
1102,DHCPDISCOVER from 00:11:43:e3:ba:c3 via eth1: network A_net: no free leases,E358,DHCPDISCOVER from <*> via <*>: network <*>: no free leases,39447,dhcpdiscover from <ip> via eth1: network a_net: no free leases,886,Thunderbird_C0000084,3573,57387,dhcpdiscover from <ip> via eth 1: network <*>: no free leases,3,1,frequency_representative
636377,DHCPDISCOVER from 00:11:43:e3:d2:97 via eth1: network C_net: no free leases,E358,DHCPDISCOVER from <*> via <*>: network <*>: no free leases,8274,dhcpdiscover from <ip> via eth1: network c_net: no free leases,1021,Thunderbird_C0000084,3573,57387,dhcpdiscover from <ip> via eth 1: network <*>: no free leases,3,2,complex_sample
1200152,DHCPDISCOVER from 00:11:43:e1:56:7b via eth1: network B_net: no free leases,E358,DHCPDISCOVER from <*> via <*>: network <*>: no free leases,4948,dhcpdiscover from <ip> via eth1: network b_net: no free leases,682,Thunderbird_C0000084,3573,57387,dhcpdiscover from <ip> via eth 1: network <*>: no free leases,3,3,diverse_sample
1100,DHCPDISCOVER from 00:11:43:e3:ba:c3 via eth1,E983,DHCPDISCOVER from <*> via <*>,38083,dhcpdiscover from <ip> via eth1,3939,Thunderbird_C0000085,3939,38083,dhcpdiscover from <ip> via eth 1,1,1,frequency_representative
1101,DHCPOFFER on 10.100.4.251 to 00:11:43:e3:ba:c3 via eth1,E1068,DHCPOFFER on <*> to <*> via <*>,37957,dhcpoffer on <ip> to <ip> via eth1,3931,Thunderbird_C0000086,3931,37957,dhcpoffer on <ip> to <ip> via eth 1,1,1,frequency_representative
1113,DHCPREQUEST for 10.100.4.251 (10.100.0.250) from 00:11:43:e3:ba:c3 via eth1: unknown lease 10.100.4.251.,E491,DHCPREQUEST for <*> from <*> via <*>: unknown lease <*>.,43668,dhcprequest for <ip> ( <ip> ) from <ip> via eth1: unknown lease <ip> .,3637,Thunderbird_C0000087,3637,43668,dhcprequest for <ip> (<ip>) from <ip> via eth 1: unknown lease <ip>.,1,1,frequency_representative
1110,DHCPACK on 10.100.4.251 to 00:11:43:e3:ba:c3 via eth1,E1125,DHCPACK on <*> to <*> via <*>,32612,dhcpack on <ip> to <ip> via eth1,3993,Thunderbird_C0000088,3993,32612,dhcpack on <ip> to <ip> via eth 1,1,1,frequency_representative
1111,DHCPREQUEST for 10.100.4.251 (10.100.0.250) from 00:11:43:e3:ba:c3 via eth1,E904,DHCPREQUEST for <*> from <*> via <*>,31395,dhcprequest for <ip> ( <ip> ) from <ip> via eth1,4391,Thunderbird_C0000089,4391,31395,dhcprequest for <ip> (<ip>) from <ip> via eth 1,1,1,frequency_representative
14029225,Lustre: 3190:0:(module.c:152:init_kportals_module()) maximum lustre stack 6528,E606,Lustre: <*>:(<*>) maximum lustre stack <*>,246,lustre: <num> : <num> :( <id> ()) maximum lustre stack <num>,112,Thunderbird_C0000090,112,246,lustre: <num>: <num>: (<id> ()) maximum lustre stack <num>,1,1,frequency_representative
640,Lustre: Echo OBD driver; #10#@#11#,E891,Lustre: Echo OBD driver; <*>,19,lustre: echo obd driver; # <num> #@# <num> #,1,Thunderbird_C0000091,1,19,lustre: echo obd driver; # <num> # @ # <num> #,1,1,frequency_representative
641,"Lustre: OBD class driver Build Version: #12#-19691231170000-PRISTINE-.f3home.#13#.build.2.6.buildir.BUILD.lustre-kernel-2.6.9.lustre.linux-2.6.9-1.4.5.6smp, #10#@#11#",E472,"Lustre: OBD class driver Build Version: <*>, <*>",96,"lustre: obd class driver build version: # <num> #- <hex> - <id> .# <num> #. <id> , # <num> #@# <num> #",1,Thunderbird_C0000092,1,96,"lustre: obd class driver build version: # <num> #-<hex>-<id>. # <num> #. <id>, # <num> # @ # <num> #",1,1,frequency_representative
642,"Lustre: Routing socket NAL loaded (Routing disabled, initial mem 0, incarnation 0x40525da327a8c)",E86,"Lustre: Routing socket NAL loaded (Routing disabled, initial mem <*>, incarnation <*>)",96,"lustre: routing socket nal loaded (routing disabled, initial mem <num> , incarnation <hex> )",96,Thunderbird_C0000093,96,96,"lustre: routing socket nal loaded (routing disabled, initial mem <num>, incarnation <hex>)",1,1,frequency_representative
645,"started, listening on port 988",E820,"started, listening on port <*>",17,"started, listening on port <num>",1,Thunderbird_C0000094,1,17,"started, listening on port <num>",1,1,frequency_representative
673,"synchronized to #3#, stratum 1",E893,synchronized to <*> stratum <*>,272,"synchronized to # <num> #, stratum <num>",3,Thunderbird_C0000095,3,272,"synchronized to # <num> #, stratum <num>",1,1,frequency_representative
674,kernel time sync disabled 0041,E847,kernel time sync disabled <*>,11897,kernel time sync disabled <num>,2,Thunderbird_C0000096,2,11897,kernel time sync disabled <num>,1,1,frequency_representative
29751,Switching to runlevel: 0,E926,Switching to runlevel: <*>,9723,switching to runlevel: <num>,2,Thunderbird_C0000097,2,9723,switching to runlevel: <num>,1,1,frequency_representative
688,shutting down for system reboot,E892,shutting down for system <*>,1916,shutting down for system reboot,1,Thunderbird_C0000098,1,1916,shutting down for system reboot,1,1,frequency_representative
699,httpd shutdown succeeded,E1032,<*> shutdown succeeded,29,httpd shutdown succeeded,1,Thunderbird_C0000099,1,29,httpd shutdown succeeded,1,1,frequency_representative
700,rpc.mountd shutdown succeeded,E1032,<*> shutdown succeeded,13,rpc.mountd shutdown succeeded,1,Thunderbird_C0000100,1,13,rpc. mountd shutdown succeeded,1,1,frequency_representative
701,"Caught signal 15, un-registering and exiting.",E393,"Caught signal <*>, un-registering and exiting.",4524,"caught signal <num> , un-registering and exiting.",1,Thunderbird_C0000101,1,4524,"caught signal <num>, un-registering and exiting.",1,1,frequency_representative
711,Shutting down NFS services: succeeded,E519,Shutting down NFS services: succeeded,13,shutting down nfs services: succeeded,1,Thunderbird_C0000102,1,13,shutting down nfs services: succeeded,1,1,frequency_representative
712,nfsd shutdown succeeded,E1032,<*> shutdown succeeded,13,nfsd shutdown succeeded,1,Thunderbird_C0000103,1,13,nfsd shutdown succeeded,1,1,frequency_representative
713,rpc.rquotad shutdown succeeded,E1032,<*> shutdown succeeded,13,rpc.rquotad shutdown succeeded,1,Thunderbird_C0000104,1,13,rpc. rquotad shutdown succeeded,1,1,frequency_representative
714,last server has exited,E949,last server has exited,14,last server has exited,1,Thunderbird_C0000105,1,14,last server has exited,1,1,frequency_representative
715,unexporting all filesystems,E735,unexporting all filesystems,14,unexporting all filesystems,1,Thunderbird_C0000106,1,14,unexporting all filesystems,1,1,frequency_representative
716,sshd -TERM succeeded,E1108,<*> -TERM succeeded,5946,sshd -term succeeded,1,Thunderbird_C0000107,1,5946,sshd-term succeeded,1,1,frequency_representative
717,Received signal 15; terminating.,E692,Received signal <*>; terminating.,5962,received signal <num> ; terminating.,1,Thunderbird_C0000108,1,5962,received signal <num>; terminating.,1,1,frequency_representative
718,dhcpd shutdown succeeded,E1032,<*> shutdown succeeded,616,dhcpd shutdown succeeded,1,Thunderbird_C0000109,1,616,dhcpd shutdown succeeded,1,1,frequency_representative
723,Stopping MySQL: succeeded,E1113,Stopping MySQL: <*>,9,stopping mysql: succeeded,1,Thunderbird_C0000110,1,9,stopping mysql: succeeded,1,1,frequency_representative
724,Unmounting NFS filesystems: succeeded,E866,Unmounting <*> filesystems: <*>,5388,unmounting nfs filesystems: succeeded,1,Thunderbird_C0000111,1,5388,unmounting nfs filesystems: succeeded,1,1,frequency_representative
725,ntpd shutdown succeeded,E1032,<*> shutdown succeeded,7314,ntpd shutdown succeeded,1,Thunderbird_C0000112,1,7314,ntpd shutdown succeeded,1,1,frequency_representative
726,ntpd exiting on signal 15,E1095,<*> exiting on signal <*>,7324,ntpd exiting on signal <num>,1,Thunderbird_C0000113,1,7324,ntpd exiting on signal <num>,1,1,frequency_representative
727,xinetd shutdown succeeded,E1032,<*> shutdown succeeded,5620,xinetd shutdown succeeded,1,Thunderbird_C0000114,1,5620,xinetd shutdown succeeded,1,1,frequency_representative
728,Exiting...,E1184,Exiting...,5602,exiting...,1,Thunderbird_C0000115,1,5602,exiting...,1,1,frequency_representative
735,irqbalance startup succeeded,E1056,<*> startup succeeded,6803,irqbalance startup succeeded,1,Thunderbird_C0000116,1,6803,irqbalance startup succeeded,1,1,frequency_representative
736,Intel(R) Xeon(TM) CPU 3.60GHz stepping 03,E696,Intel(R) Xeon(TM) CPU <*> stepping <*>,6633,intel(r) xeon(tm) cpu <num> .60ghz stepping <num>,1,Thunderbird_C0000117,1,6633,intel (r) xeon (tm) cpu <num>. 60 ghz stepping <num>,1,1,frequency_representative
737,"DMA zone: 4096 pages, LIFO batch:1",E800,"DMA zone: <*> pages, LIFO batch:<*>",6211,"dma zone: <num> pages, lifo batch: <num>",1,Thunderbird_C0000118,1,6211,"dma zone: <num> pages, lifo batch: <num>",1,1,frequency_representative
738,"HighMem zone: 0 pages, LIFO batch:1",E1067,"<*> pages, LIFO batch:<*>",6056,"highmem zone: <num> pages, lifo batch: <num>",1,Thunderbird_C0000119,1,6056,"highmem zone: <num> pages, lifo batch: <num>",1,1,frequency_representative
739,"Normal zone: 1830912 pages, LIFO batch:16",E1067,"<*> pages, LIFO batch:<*>",6084,"normal zone: <num> pages, lifo <id>",2,Thunderbird_C0000120,2,6084,"normal zone: <num> pages, lifo <id>",1,1,frequency_representative
740,Type: Direct-Access ANSI SCSI revision: 02,E868,Type: <*> ANSI SCSI revision: <*>,6508,type: direct-access ansi scsi revision: <num>,2,Thunderbird_C0000121,2,6508,type: direct-access ansi scsi revision: <num>,1,1,frequency_representative
741,Type: Processor ANSI SCSI revision: 02,E868,Type: <*> ANSI SCSI revision: <*>,6473,type: processor ansi scsi revision: <num>,1,Thunderbird_C0000122,1,6473,type: processor ansi scsi revision: <num>,1,1,frequency_representative
742,Vendor: MegaRAID Model: LD 0 RAID0 69G Rev: 521S,E1044,Vendor: <*> Model: <*> Rev: <*>,3486,vendor: megaraid model: ld <num> raid0 69g rev: 521s,1,Thunderbird_C0000123,2,3496,vendor: megaraid model: ld <num> raid 0 <*> g rev: 521 s,2,1,frequency_representative
238781,Vendor: MegaRAID Model: LD 0 RAID0 279G Rev: 521S,E1044,Vendor: <*> Model: <*> Rev: <*>,10,vendor: megaraid model: ld <num> raid0 279g rev: 521s,1,Thunderbird_C0000123,2,3496,vendor: megaraid model: ld <num> raid 0 <*> g rev: 521 s,2,2,complex_sample
743,Vendor: PE/PV Model: 1x2 SCSI BP Rev: 1.0,E1044,Vendor: <*> Model: <*> Rev: <*>,6334,vendor: pe/pv model: 1x2 scsi bp rev: <num>,1,Thunderbird_C0000124,1,6334,vendor: pe/pv model: 1 x 2 scsi bp rev: <num>,1,1,frequency_representative
747,BIOS-e820: 00000000bffcfc00 - 00000000bffff000 (reserved),E1048,BIOS-<*>: <*> - <*> (reserved),37110,<id> : <hex> - <hex> (reserved),8,Thunderbird_C0000125,15,57914,<id>: <hex>-<hex> (<*>),2,1,frequency_representative
745,BIOS-e820: 0000000000100000 - 00000000bffc0000 (usable),E1097,BIOS-<*>: <*> - <*> (usable),20804,<id> : <hex> - <hex> (usable),7,Thunderbird_C0000125,15,57914,<id>: <hex>-<hex> (<*>),2,2,complex_sample
746,BIOS-e820: 00000000bffc0000 - 00000000bffcfc00 (ACPI data),E1047,BIOS-<*>: <*> - <*> (ACPI data),6929,<id> : <hex> - <hex> (acpi data),2,Thunderbird_C0000126,2,6929,<id>: <hex>-<hex> (acpi data),1,1,frequency_representative
753,RHH kernel module initialized successfully,E467,<*> kernel module initialized successfully,6336,rhh kernel module initialized successfully,1,Thunderbird_C0000127,1,6336,rhh kernel module initialized successfully,1,1,frequency_representative
754,THH kernel module initialized successfully,E467,<*> kernel module initialized successfully,6389,thh kernel module initialized successfully,1,Thunderbird_C0000128,1,6389,thh kernel module initialized successfully,1,1,frequency_representative
755,"- User ID: Red Hat, Inc. (Kernel Module GPG key)",E751,"<*>, Inc. (Kernel Module GPG key)",6320,"- user id: red hat, inc. (kernel module gpg key)",1,Thunderbird_C0000129,1,6320,"- user id: red hat, inc. (kernel module gpg key)",1,1,frequency_representative
756,ACPI wakeup devices:,E1000,ACPI wakeup devices:,6551,acpi wakeup devices:,1,Thunderbird_C0000130,1,6551,acpi wakeup devices:,1,1,frequency_representative
757,ACPI: (supports S0 S4 S5),E1079,ACPI: (supports <*>),6521,acpi: (supports s0 s4 s5),1,Thunderbird_C0000131,1,6521,acpi: (supports s 0 s 4 s 5),1,1,frequency_representative
818,ACPI: RSDT (v001 DELL PE BKC 0x00000001 MSFT 0x0100000a) @ 0x00000000000fd664,E1214,ACPI: <*> (<*>) @ <*>,6257,acpi: rsdt (v001 dell pe bkc <hex> msft <hex> ) @ <hex>,2,Thunderbird_C0000132,13,42960,acpi: <*> (v 001 dell pe bkc <hex> msft <hex>) @ <hex>,3,1,frequency_representative
759,ACPI: FADT (v001 DELL PE BKC 0x00000001 MSFT 0x0100000a) @ 0x00000000000fd6b0,E1214,ACPI: <*> (<*>) @ <*>,6223,acpi: fadt (v001 dell pe bkc <hex> msft <hex> ) @ <hex>,2,Thunderbird_C0000132,13,42960,acpi: <*> (v 001 dell pe bkc <hex> msft <hex>) @ <hex>,3,2,complex_sample
779,ACPI: MADT (v001 DELL PE BKC 0x00000001 MSFT 0x0100000a) @ 0x00000000000fd724,E1214,ACPI: <*> (<*>) @ <*>,6181,acpi: madt (v001 dell pe bkc <hex> msft <hex> ) @ <hex>,2,Thunderbird_C0000132,13,42960,acpi: <*> (v 001 dell pe bkc <hex> msft <hex>) @ <hex>,3,3,diverse_sample
761,ACPI: HPET id: 0xffffffff base: 0xfed00000,E1037,ACPI: HPET id: <*> base: <*>,6809,acpi: hpet id: <hex> base: <hex>,1,Thunderbird_C0000133,1,6809,acpi: hpet id: <hex> base: <hex>,1,1,frequency_representative
762,ACPI: INT_SRC_OVR (bus 0 bus_irq 0 global_irq 2 dfl dfl),E302,ACPI: INT_SRC_OVR (bus <*> bus_irq <*> global_irq <*> dfl dfl),6767,acpi: int_src_ovr (bus <num> bus_irq <num> global_irq <num> dfl dfl),1,Thunderbird_C0000134,1,6767,acpi: int_src_ovr (bus <num> bus_irq <num> global_irq <num> dfl dfl),1,1,frequency_representative
764,ACPI: IOAPIC (id[0x08] address[0xfec80000] gsi_base[32]),E446,ACPI: IOAPIC (id[<*>] address[<*>] gsi_base[<*>]),20350,acpi: ioapic (id[ <hex> ] address[ <hex> ] gsi_base[ <num> ]),6,Thunderbird_C0000135,6,20350,acpi: ioapic (id [<hex>] address [<hex>] gsi_base [<num>]),1,1,frequency_representative
766,ACPI: IRQ0 used by override.,E920,ACPI: <*> used by override.,6288,acpi: irq0 used by override.,1,Thunderbird_C0000136,3,18348,acpi: irq <*> used by override.,2,1,frequency_representative
768,ACPI: IRQ9 used by override.,E920,ACPI: <*> used by override.,6045,acpi: irq9 used by override.,1,Thunderbird_C0000136,3,18348,acpi: irq <*> used by override.,2,2,complex_sample
769,ACPI: Interpreter enabled,E812,ACPI: Interpreter enabled,6548,acpi: interpreter enabled,1,Thunderbird_C0000137,1,6548,acpi: interpreter enabled,1,1,frequency_representative
772,ACPI: LAPIC (acpi_id[0x03] lapic_id[0x01] disabled),E372,ACPI: LAPIC (acpi_id[<*>] lapic_id[<*>] disabled),23067,acpi: lapic (acpi_id[ <hex> ] lapic_id[ <hex> ] disabled),10,Thunderbird_C0000138,14,36853,acpi: lapic (acpi_id [<hex>] lapic_id [<hex>] <*>),2,1,frequency_representative
770,ACPI: LAPIC (acpi_id[0x01] lapic_id[0x00] enabled),E397,ACPI: LAPIC (acpi_id[<*>] lapic_id[<*>] enabled),13786,acpi: lapic (acpi_id[ <hex> ] lapic_id[ <hex> ] enabled),4,Thunderbird_C0000138,14,36853,acpi: lapic (acpi_id [<hex>] lapic_id [<hex>] <*>),2,2,complex_sample
776,ACPI: LAPIC_NMI (acpi_id[0x03] high edge lint[0x1]),E371,ACPI: LAPIC_NMI (acpi_id[<*>] high edge lint[<*>]),36472,acpi: lapic_nmi (acpi_id[ <hex> ] high edge lint[ <hex> ]),8,Thunderbird_C0000139,8,36472,acpi: lapic_nmi (acpi_id [<hex>] high edge lint [<hex>]),1,1,frequency_representative
778,ACPI: Local APIC address 0xfee00000,E890,ACPI: Local APIC address <*>,6306,acpi: local apic address <hex>,1,Thunderbird_C0000140,1,6306,acpi: local apic address <hex>,1,1,frequency_representative
781,ACPI: PCI Interrupt Link [LNKA] (IRQs 3 4 5 6 7 10 11 12) *15,E507,ACPI: PCI Interrupt Link [LNKA] (IRQs <*>) <*>,6488,acpi: pci interrupt link [lnka] (irqs <num> <num> <num> <num> <num> <num> <num> <num> ) * <num>,2,Thunderbird_C0000141,2,6488,acpi: pci interrupt link [lnka] (irqs <num> <num> <num> <num> <num> <num> <num> <num>) * <num>,1,1,frequency_representative
784,ACPI: PCI Interrupt Routing Table [\_SB_.PCI0.PALO._PRT],E579,ACPI: PCI Interrupt Routing Table [<*>],57078,acpi: pci interrupt routing table [\ <id> ],10,Thunderbird_C0000142,10,57078,acpi: pci interrupt routing table [\ <id>],1,1,frequency_representative
792,ACPI: PCI Root Bridge [PCI0] (00:00),E867,ACPI: PCI Root Bridge [<*>] (<*>),6551,acpi: pci root bridge [pci0] ( <num> : <num> ),1,Thunderbird_C0000143,1,6551,acpi: pci root bridge [pci 0] (<num>: <num>),1,1,frequency_representative
807,"ACPI: PCI interrupt 0000:06:07.0[A] -> GSI 64 (level, low) -> IRQ 209",E488,"ACPI: PCI interrupt <*> -> GSI <*> (level, <*>) -> IRQ <*>",97114,"acpi: pci interrupt <ip> . <num> [a] -> gsi <num> (level, low) -> irq <num>",16,Thunderbird_C0000144,19,135847,"acpi: pci interrupt <ip>. <num> [<*>]-> gsi <num> (level, low)-> irq <num>",3,1,frequency_representative
801,"ACPI: PCI interrupt 0000:00:1d.2[C] -> GSI 18 (level, low) -> IRQ 185",E488,"ACPI: PCI interrupt <*> -> GSI <*> (level, <*>) -> IRQ <*>",12942,"acpi: pci interrupt <ip> . <num> [c] -> gsi <num> (level, low) -> irq <num>",1,Thunderbird_C0000144,19,135847,"acpi: pci interrupt <ip>. <num> [<*>]-> gsi <num> (level, low)-> irq <num>",3,2,complex_sample
799,"ACPI: PCI interrupt 0000:00:1d.1[B] -> GSI 19 (level, low) -> IRQ 177",E488,"ACPI: PCI interrupt <*> -> GSI <*> (level, <*>) -> IRQ <*>",12933,"acpi: pci interrupt <ip> . <num> [b] -> gsi <num> (level, low) -> irq <num>",1,Thunderbird_C0000144,19,135847,"acpi: pci interrupt <ip>. <num> [<*>]-> gsi <num> (level, low)-> irq <num>",3,3,diverse_sample
814,ACPI: Power Button (FF) [PWRF],E710,ACPI: Power Button (FF) [PWRF],6535,acpi: power button (ff) [pwrf],1,Thunderbird_C0000145,1,6535,acpi: power button (ff) [pwrf],1,1,frequency_representative
815,ACPI: Processor [CPU0] (supports C1),E730,ACPI: Processor [<*>] (supports <*>),6515,acpi: processor [cpu0] (supports c1),1,Thunderbird_C0000146,4,13022,acpi: processor [cpu <*>] (supports c 1),2,1,frequency_representative
816,ACPI: Processor [CPU1] (supports C1),E730,ACPI: Processor [<*>] (supports <*>),6503,acpi: processor [cpu1] (supports c1),1,Thunderbird_C0000146,4,13022,acpi: processor [cpu <*>] (supports c 1),2,2,complex_sample
817,ACPI: RSDP (v000 DELL ) @ 0x00000000000fd650,E1214,ACPI: <*> (<*>) @ <*>,6382,acpi: rsdp (v000 dell ) @ <hex>,2,Thunderbird_C0000147,2,6382,acpi: rsdp (v 000 dell) @ <hex>,1,1,frequency_representative
820,ACPI: Subsystem revision 20040816,E853,ACPI: Subsystem revision <*>,6600,acpi: subsystem revision <num>,1,Thunderbird_C0000148,1,6600,acpi: subsystem revision <num>,1,1,frequency_representative
821,ACPI: Using IOAPIC for interrupt routing,E460,ACPI: Using IOAPIC for interrupt routing,6549,acpi: using ioapic for interrupt routing,1,Thunderbird_C0000149,1,6549,acpi: using ioapic for interrupt routing,1,1,frequency_representative
822,BIOS-provided physical RAM map:,E641,BIOS-provided physical RAM map:,6960,bios-provided physical ram map:,1,Thunderbird_C0000150,1,6960,bios-provided physical ram map:,1,1,frequency_representative
823,Booting processor 1/6 rip 6000 rsp 100bff05f58,E841,Booting processor <*> rip <*> rsp <*>,6708,booting processor <num> / <num> rip <num> rsp <id>,10,Thunderbird_C0000151,10,6708,booting processor <num>/<num> rip <num> rsp <id>,1,1,frequency_representative
824,Bootmem setup node 0 0000000000000000-00000001c0000000,E1066,Bootmem setup node <*> <*>,6754,bootmem setup node <num> <hex> - <hex>,2,Thunderbird_C0000152,2,6754,bootmem setup node <num> <hex>-<hex>,1,1,frequency_representative
825,Brought up 2 CPUs,E1136,Brought up <*> CPUs,6590,brought up <num> cpus,2,Thunderbird_C0000153,2,6590,brought up <num> cpus,1,1,frequency_representative
826,Built 1 zonelists,E1117,Built <*> zonelists,6750,built <num> zonelists,1,Thunderbird_C0000154,1,6750,built <num> zonelists,1,1,frequency_representative
827,CPU0: Intel(R) Xeon(TM) CPU 3.60GHz stepping 03,E1144,CPU0: <*> stepping <*>,6667,cpu0: intel(r) xeon(tm) cpu <num> .60ghz stepping <num>,1,Thunderbird_C0000155,1,6667,cpu 0: intel (r) xeon (tm) cpu <num>. 60 ghz stepping <num>,1,1,frequency_representative
828,CPU: Hyper-Threading is disabled,E609,CPU: Hyper-Threading is disabled,20081,cpu: hyper-threading is disabled,1,Thunderbird_C0000156,1,20081,cpu: hyper-threading is disabled,1,1,frequency_representative
831,CPU: L2 cache: 2048K,E1150,CPU: L2 cache: <*>,19972,cpu: l2 cache: 2048k,1,Thunderbird_C0000157,1,19972,cpu: l 2 cache: 2048 k,1,1,frequency_representative
834,"CPU: Trace cache: 12K uops, L1 D cache: 16K",E619,"CPU: Trace cache: <*> uops, L1 D cache: <*>",20029,"cpu: trace cache: 12k uops, l1 d cache: 16k",1,Thunderbird_C0000158,1,20029,"cpu: trace cache: 12 k uops, l 1 d cache: 16 k",1,1,frequency_representative
837,Calibrating delay loop... 7127.04 BogoMIPS (lpj=3563520),E423,Calibrating delay loop... <*> BogoMIPS (lpj=<*>),12197,calibrating delay loop... <num> bogomips (lpj= <num> ),13,Thunderbird_C0000159,13,12197,calibrating delay loop... <num> bogomips (lpj = <num>),1,1,frequency_representative
839,Capability LSM initialized as secondary,E457,Capability LSM initialized as secondary,6691,capability lsm initialized as secondary,1,Thunderbird_C0000160,1,6691,capability lsm initialized as secondary,1,1,frequency_representative
840,Checking aperture...,E952,Checking aperture...,6778,checking aperture...,1,Thunderbird_C0000161,1,6778,checking aperture...,1,1,frequency_representative
841,Console: colour VGA+ 80x25,E1121,Console: colour <*> <*>,6672,console: colour vga+ 80x25,1,Thunderbird_C0000162,1,6672,console: colour vga + 80 x 25,1,1,frequency_representative
842,Copyright (c) 1999-2004 Intel Corporation.,E601,Copyright (c) <*>-<*> Intel Corporation.,6567,copyright (c) <num> - <num> intel corporation.,1,Thunderbird_C0000163,1,6567,copyright (c) <num>-<num> intel corporation.,1,1,frequency_representative
843,DMI 2.3 present.,E1175,DMI <*> present.,6842,dmi <num> present.,1,Thunderbird_C0000164,1,6842,dmi <num> present.,1,1,frequency_representative
844,"Dentry cache hash table entries: 1048576 (order: 11, 8388608 bytes)",E325,"Dentry cache hash table entries: <*> (order: <*>, <*> bytes)",6676,"dentry cache hash table entries: <num> (order: <num> , <num> bytes)",1,Thunderbird_C0000165,1,6676,"dentry cache hash table entries: <num> (order: <num>, <num> bytes)",1,1,frequency_representative
845,Detected 12.469 MHz APIC timer.,E884,Detected <*> MHz APIC timer.,6610,detected <num> mhz apic timer.,9,Thunderbird_C0000166,9,6610,detected <num> mhz apic timer.,1,1,frequency_representative
846,"Dquot-cache hash table entries: 512 (order 0, 4096 bytes)",E342,"Dquot-cache hash table entries: <*> (order <*>, <*> bytes)",6478,"dquot-cache hash table entries: <num> (order <num> , <num> bytes)",1,Thunderbird_C0000167,1,6478,"dquot-cache hash table entries: <num> (order <num>, <num> bytes)",1,1,frequency_representative
849,"EXT3 FS on sda5, internal journal",E789,"EXT3 FS on <*>, internal journal",6648,"ext3 fs on sda5, internal journal",1,Thunderbird_C0000168,4,25220,"ext 3 fs on sda <*>, internal journal",2,1,frequency_representative
850,"EXT3 FS on sda6, internal journal",E789,"EXT3 FS on <*>, internal journal",6534,"ext3 fs on sda6, internal journal",1,Thunderbird_C0000168,4,25220,"ext 3 fs on sda <*>, internal journal",2,2,complex_sample
851,EXT3-fs: INFO: recovery required on readonly filesystem.,E205,EXT3-fs: INFO: recovery required on readonly filesystem.,2630,ext3-fs: info: recovery required on readonly filesystem.,1,Thunderbird_C0000169,1,2630,ext 3-fs: info: recovery required on readonly filesystem.,1,1,frequency_representative
852,EXT3-fs: mounted filesystem with ordered data mode.,E270,EXT3-fs: mounted filesystem with ordered data mode.,24918,ext3-fs: mounted filesystem with ordered data mode.,1,Thunderbird_C0000170,1,24918,ext 3-fs: mounted filesystem with ordered data mode.,1,1,frequency_representative
856,EXT3-fs: recovery complete.,E741,EXT3-fs: recovery complete.,3503,ext3-fs: recovery complete.,1,Thunderbird_C0000171,1,3503,ext 3-fs: recovery complete.,1,1,frequency_representative
857,EXT3-fs: write access #15# be enabled during recovery.,E310,EXT3-fs: write access <*> be enabled during recovery.,2650,ext3-fs: write access # <num> # be enabled during recovery.,1,Thunderbird_C0000172,1,2650,ext 3-fs: write access # <num> # be enabled during recovery.,1,1,frequency_representative
858,Faking a node at 0000000000000000-00000001c0000000,E1134,Faking a node at <*>,6891,faking a node at <hex> - <hex>,2,Thunderbird_C0000173,2,6891,faking a node at <hex>-<hex>,1,1,frequency_representative
859,Freeing unused kernel memory: 188k freed,E578,Freeing unused kernel memory: <*> freed,6548,freeing unused kernel memory: 188k freed,1,Thunderbird_C0000174,1,6548,freeing unused kernel memory: 188 k freed,1,1,frequency_representative
860,"IA32 emulation $Id: sys_ia32.c,v 1.32 2002/03/24 13:02:28 ak Exp $",E1140,IA32 emulation <*>,6468,"ia32 emulation $id: <id> ,v <num> <date> <ip> ak exp $",1,Thunderbird_C0000175,1,6468,"ia 32 emulation $ id: <id>, v <num> <date> <ip> ak exp $",1,1,frequency_representative
861,"IOAPIC[0]: apic_id 7, version 32, address 0xfec00000, GSI 0-23",E451,"IOAPIC[<*>]: apic_id <*>, version <*>, address <*>, GSI <*>",20318,"ioapic[ <num> ]: apic_id <num> , version <num> , address <hex> , gsi <num> - <num>",6,Thunderbird_C0000176,6,20318,"ioapic [<num>]: apic_id <num>, version <num>, address <hex>, gsi <num>-<num>",1,1,frequency_representative
864,"IP: routing cache hash table of 32768 buckets, 512Kbytes",E511,"IP: routing cache hash table of <*> buckets, <*>",6478,"ip: routing cache hash table of <num> buckets, <id>",1,Thunderbird_C0000177,1,6478,"ip: routing cache hash table of <num> buckets, <id>",1,1,frequency_representative
865,Initializing CPU#0,E1065,Initializing CPU#<*>,13390,initializing cpu# <num>,4,Thunderbird_C0000178,4,13390,initializing cpu # <num>,1,1,frequency_representative
867,Initializing Cryptographic API,E640,Initializing Cryptographic API,6458,initializing cryptographic api,1,Thunderbird_C0000179,1,6458,initializing cryptographic api,1,1,frequency_representative
868,Initializing IPsec netlink socket,E586,Initializing IPsec netlink socket,6601,initializing ipsec netlink socket,1,Thunderbird_C0000180,1,6601,initializing ipsec netlink socket,1,1,frequency_representative
869,"Inode-cache hash table entries: 524288 (order: 10, 4194304 bytes)",E324,"Inode-cache hash table entries: <*> (order: <*>, <*> bytes)",6692,"inode-cache hash table entries: <num> (order: <num> , <num> bytes)",1,Thunderbird_C0000181,1,6692,"inode-cache hash table entries: <num> (order: <num>, <num> bytes)",1,1,frequency_representative
870,Intel E7520/7320/7525 detected.<6>pci_hotplug: PCI Hot Plug PCI Core version: 0.5,E179,Intel <*> detected.<*>: PCI Hot Plug PCI Core version: <*>,6421,intel e7520/ <num> / <num> detected.< <num> >pci_hotplug: pci hot plug pci core version: <num>,1,Thunderbird_C0000182,1,6421,intel e 7520/<num>/<num> detected. < <num> > pci_hotplug: pci hot plug pci core version: <num>,1,1,frequency_representative
871,Intel(R) PRO/1000 Network Driver - version 6.0.54-k2-NAPI,E532,Intel(R) PRO/<*> Network Driver - version <*>,6476,intel(r) pro/ <num> network driver - version <id>,1,Thunderbird_C0000183,1,6476,intel (r) pro/<num> network driver-version <id>,1,1,frequency_representative
872,"Kernel command line: ro root=LABEL=/ tsc console=tty0 console=ttyS0,19200 rhgb quiet",E211,"Kernel command line: ro <*>=<*> tsc console=<*> console=<*>,<*> rhgb quiet",3023,"kernel command line: ro root=label=/ tsc console=tty0 console=ttys0, <num> rhgb quiet",2,Thunderbird_C0000184,2,3023,"kernel command line: ro root = label =/tsc console = tty 0 console = ttys 0, <num> rhgb quiet",1,1,frequency_representative
873,Linux agpgart interface v0.100 (c) Dave Jones,E799,Linux agpgart interface <*> (c) <*>,6554,linux agpgart interface v0. <num> (c) dave jones,1,Thunderbird_C0000185,1,6554,linux agpgart interface v 0. <num> (c) dave jones,1,1,frequency_representative
874,Linux version 2.6.9-15.EL.rootsmp (#7#@#9#) (gcc version 3.4.3 20050227 (Red Hat 3.4.3-22.1)) #1 SMP Tue Aug 16 12:32:24 MDT 2005,E631,Linux version <*> (<*>) (gcc version <*>) <*> SMP <*>,6751,linux version <id> (# <num> #@# <num> #) (gcc version <num> . <num> <num> (red hat <num> . <num> - <num> )) # <num> smp tue aug <num> <ip> mdt <num>,1,Thunderbird_C0000186,2,6983,linux version <id> (# <num> # @ # <num> #) (gcc version <num>. <num> <num> (red hat <num>. <num>-<num>)) # <num> smp tue <*> <num> <ip> mdt <num>,2,1,frequency_representative
238916,Linux version 2.6.9-1.4.5.6smp (#13#@#9#) (gcc version 3.4.3 20050227 (Red Hat 3.4.3-22.1)) #1 SMP Tue Oct 18 12:04:57 MDT 2005,E631,Linux version <*> (<*>) (gcc version <*>) <*> SMP <*>,232,linux version <id> (# <num> #@# <num> #) (gcc version <num> . <num> <num> (red hat <num> . <num> - <num> )) # <num> smp tue oct <num> <ip> mdt <num>,1,Thunderbird_C0000186,2,6983,linux version <id> (# <num> # @ # <num> #) (gcc version <num>. <num> <num> (red hat <num>. <num>-<num>)) # <num> smp tue <*> <num> <ip> mdt <num>,2,2,complex_sample
875,Loading keyring,E1100,Loading keyring,6543,loading keyring,1,Thunderbird_C0000187,1,6543,loading keyring,1,1,frequency_representative
876,"Mellanox Tavor Device Driver is creating device ""InfiniHost0"" (domain=00, bus=08, devfn=00)",E108,"Mellanox Tavor Device Driver is creating device <*> (domain=<*>, bus=<*>, devfn=<*>)",6315,"mellanox tavor device driver is creating device "" <id> "" (domain= <num> , bus= <num> , devfn= <num> )",1,Thunderbird_C0000188,1,6315,"mellanox tavor device driver is creating device "" <id> "" (domain = <num>, bus = <num>, devfn = <num>)",1,1,frequency_representative
877,"Memory: 6106088k/7340032k available (2076k kernel code, 0k reserved, 1278k data, 188k init)",E250,"Memory: <*> available (<*> kernel code, <*> reserved, <*> data, <*> init)",6418,"memory: <id> / <id> available (2076k kernel code, 0k reserved, 1278k data, 188k init)",6,Thunderbird_C0000189,8,6645,"memory: <id>/<id> available (<*> k kernel code, 0 k reserved, <*> k data, 188 k init)",2,1,frequency_representative
13922507,"Memory: 6105640k/7340032k available (2063k kernel code, 0k reserved, 844k data, 188k init)",E250,"Memory: <*> available (<*> kernel code, <*> reserved, <*> data, <*> init)",227,"memory: <id> / <id> available (2063k kernel code, 0k reserved, 844k data, 188k init)",2,Thunderbird_C0000189,8,6645,"memory: <id>/<id> available (<*> k kernel code, 0 k reserved, <*> k data, 188 k init)",2,2,complex_sample
878,"Mount-cache hash table entries: 256 (order: 0, 4096 bytes)",E322,"Mount-cache hash table entries: <*> (order: <*>, <*> bytes)",6642,"mount-cache hash table entries: <num> (order: <num> , <num> bytes)",1,Thunderbird_C0000190,1,6642,"mount-cache hash table entries: <num> (order: <num>, <num> bytes)",1,1,frequency_representative
1127,NET: Registered protocol family 10,E656,NET: Registered protocol family <*>,39099,net: registered protocol family <num>,6,Thunderbird_C0000191,6,39099,net: registered protocol family <num>,1,1,frequency_representative
884,No NUMA configuration found,E775,No NUMA configuration found,6909,no numa configuration found,1,Thunderbird_C0000192,1,6909,no numa configuration found,1,1,frequency_representative
885,No mptable found.,E1076,No mptable found.,6857,no mptable found.,1,Thunderbird_C0000193,1,6857,no mptable found.,1,1,frequency_representative
886,On node 0 totalpages: 1835008,E1042,On node <*> totalpages: <*>,6333,on node <num> totalpages: <num>,2,Thunderbird_C0000194,2,6333,on node <num> totalpages: <num>,1,1,frequency_representative
887,PCI-DMA: Using software bounce buffering for IO (SWIOTLB),E204,PCI-DMA: Using software bounce buffering for IO (SWIOTLB),6468,pci-dma: using software bounce buffering for io (swiotlb),1,Thunderbird_C0000195,1,6468,pci-dma: using software bounce buffering for io (swiotlb),1,1,frequency_representative
888,PCI0 PALO PBLO VPR0 PBHI PICH,E777,PCI0 PALO PBLO VPR0 PBHI PICH,6542,pci0 palo pblo vpr0 pbhi pich,1,Thunderbird_C0000196,1,6542,pci 0 palo pblo vpr 0 pbhi pich,1,1,frequency_representative
889,PCI: Probing PCI hardware (bus 00),E691,PCI: Probing PCI hardware (bus <*>),6606,pci: probing pci hardware (bus <num> ),1,Thunderbird_C0000197,1,6606,pci: probing pci hardware (bus <num>),1,1,frequency_representative
891,PCI: Setting latency timer of device 0000:00:1d.1 to 64,E534,PCI: Setting latency timer of device <*> to <*>,29091,pci: setting latency timer of device <ip> . <num> to <num>,5,Thunderbird_C0000198,5,29091,pci: setting latency timer of device <ip>. <num> to <num>,1,1,frequency_representative
895,PCI: Transparent bridge - 0000:00:1e.0,E857,PCI: Transparent bridge - <*>,6547,pci: transparent bridge - <ip> . <num>,1,Thunderbird_C0000199,1,6547,pci: transparent bridge-<ip>. <num>,1,1,frequency_representative
896,PCI: Using ACPI for IRQ routing,E708,PCI: Using ACPI for IRQ routing,6531,pci: using acpi for irq routing,1,Thunderbird_C0000200,1,6531,pci: using acpi for irq routing,1,1,frequency_representative
897,PCI: Using MMCONFIG at e0000000,E969,PCI: Using MMCONFIG at <*>,6583,pci: using mmconfig at <id>,1,Thunderbird_C0000201,1,6583,pci: using mmconfig at <id>,1,1,frequency_representative
898,PCI: Using configuration type 1,E725,PCI: Using configuration type <*>,6615,pci: using configuration type <num>,1,Thunderbird_C0000202,1,6615,pci: using configuration type <num>,1,1,frequency_representative
899,PCI: cache line size of 128 is not supported by device 0000:00:1d.7,E337,PCI: cache line size of <*> is not supported by device <*>,5855,pci: cache line size of <num> is not supported by device <ip> . <num>,1,Thunderbird_C0000203,1,5855,pci: cache line size of <num> is not supported by device <ip>. <num>,1,1,frequency_representative
900,"PID hash table entries: 4096 (order: 12, 131072 bytes)",E516,"PID hash table entries: <*> (order: <*>, <*> bytes)",6622,"pid hash table entries: <num> (order: <num> , <num> bytes)",1,Thunderbird_C0000204,1,6622,"pid hash table entries: <num> (order: <num>, <num> bytes)",1,1,frequency_representative
901,Placing software IO TLB between 0x7eb5000 - 0xbeb5000,E661,Placing software IO TLB between <*> - <*>,6604,placing software io tlb between <hex> - <hex>,3,Thunderbird_C0000205,3,6604,placing software io tlb between <hex>-<hex>,1,1,frequency_representative
902,Probing IDE interface ide0...,E850,Probing IDE interface <*>...,5994,probing ide interface ide0...,1,Thunderbird_C0000206,6,34090,probing ide interface ide <*>...,3,1,frequency_representative
903,Probing IDE interface ide1...,E850,Probing IDE interface <*>...,5754,probing ide interface ide1...,1,Thunderbird_C0000206,6,34090,probing ide interface ide <*>...,3,2,complex_sample
904,Probing IDE interface ide2...,E850,Probing IDE interface <*>...,5668,probing ide interface ide2...,1,Thunderbird_C0000206,6,34090,probing ide interface ide <*>...,3,3,diverse_sample
909,Processor #6 15:4 APIC version 16,E901,Processor <*> <*> APIC version <*>,13761,processor # <num> <num> : <num> apic version <num>,4,Thunderbird_C0000207,4,13761,processor # <num> <num>: <num> apic version <num>,1,1,frequency_representative
910,RAMDISK driver initialized: 16 RAM disks of 16384K size 1024 blocksize,E229,RAMDISK driver initialized: <*> RAM disks of <*> size <*> blocksize,6498,ramdisk driver initialized: <num> ram disks of 16384k size <num> blocksize,1,Thunderbird_C0000208,1,6498,ramdisk driver initialized: <num> ram disks of 16384 k size <num> blocksize,1,1,frequency_representative
911,Real Time Clock Driver v1.12,E971,Real Time Clock Driver <*>,6537,real time clock driver v1. <num>,1,Thunderbird_C0000209,1,6537,real time clock driver v 1. <num>,1,1,frequency_representative
912,SCSI device sda: 143114240 512-byte hdwr sectors (73274 MB),E583,SCSI device <*>: <*> <*>-byte hdwr sectors (<*> MB),6522,scsi device sda: <num> <id> hdwr sectors ( <num> mb),3,Thunderbird_C0000210,3,6522,scsi device sda: <num> <id> hdwr sectors (<num> mb),1,1,frequency_representative
913,SCSI subsystem initialized,E774,SCSI subsystem initialized,6522,scsi subsystem initialized,1,Thunderbird_C0000211,1,6522,scsi subsystem initialized,1,1,frequency_representative
914,SELinux: Disabled at runtime.,E712,SELinux: Disabled at runtime.,6548,selinux: disabled at runtime.,1,Thunderbird_C0000212,1,6548,selinux: disabled at runtime.,1,1,frequency_representative
915,SELinux: Initializing.,E875,SELinux: Initializing.,6668,selinux: initializing.,1,Thunderbird_C0000213,1,6668,selinux: initializing.,1,1,frequency_representative
916,SELinux: Registering netfilter hooks,E523,SELinux: Registering netfilter hooks,6520,selinux: registering netfilter hooks,1,Thunderbird_C0000214,1,6520,selinux: registering netfilter hooks,1,1,frequency_representative
917,SELinux: Starting in permissive mode,E546,SELinux: Starting in permissive mode,6749,selinux: starting in permissive mode,1,Thunderbird_C0000215,1,6749,selinux: starting in permissive mode,1,1,frequency_representative
918,Security Scaffold v1.0.0 initialized,E683,Security Scaffold <*> initialized,6739,security scaffold v1. <num> initialized,1,Thunderbird_C0000216,1,6739,security scaffold v 1. <num> initialized,1,1,frequency_representative
919,"Serial: 8250/16550 driver $Revision: 1.90 $ 8 ports, IRQ sharing enabled",E232,"Serial: <*> driver $Revision: <*> $ <*> ports, IRQ sharing enabled",6459,"serial: <num> / <num> driver $revision: <num> $ <num> ports, irq sharing enabled",1,Thunderbird_C0000217,1,6459,"serial: <num>/<num> driver $ revision: <num> $ <num> ports, irq sharing enabled",1,1,frequency_representative
920,Setting APIC routing to flat,E780,Setting APIC routing to flat,6838,setting apic routing to flat,1,Thunderbird_C0000218,1,6838,setting apic routing to flat,1,1,frequency_representative
921,TCP: Hash tables configured (established 262144 bind 65536),E339,TCP: Hash tables configured (established <*> bind <*>),6477,tcp: hash tables configured (established <num> bind <num> ),1,Thunderbird_C0000219,1,6477,tcp: hash tables configured (established <num> bind <num>),1,1,frequency_representative
922,"There is already a security framework initialized, register_security failed.",E92,"There is already a security framework initialized, register_security failed.",6633,"there is already a security framework initialized, register_security failed.",1,Thunderbird_C0000220,1,6633,"there is already a security framework initialized, register_security failed.",1,1,frequency_representative
923,"Total HugeTLB memory allocated, 0",E647,"Total HugeTLB memory allocated, <*>",6528,"total hugetlb memory allocated, <num>",1,Thunderbird_C0000221,1,6528,"total hugetlb memory allocated, <num>",1,1,frequency_representative
924,Total of 2 processors activated (14303.23 BogoMIPS).,E417,Total of <*> processors activated (<*> BogoMIPS).,6504,total of <num> processors activated ( <num> bogomips).,18,Thunderbird_C0000222,18,6504,total of <num> processors activated (<num> bogomips).,1,1,frequency_representative
925,USB Universal Host Controller Interface driver v2.2,E332,USB Universal Host Controller Interface driver <*>,6338,usb universal host controller interface driver v2. <num>,1,Thunderbird_C0000223,1,6338,usb universal host controller interface driver v 2. <num>,1,1,frequency_representative
926,Uniform Multi-Platform E-IDE driver Revision: 7.00alpha2,E336,Uniform Multi-Platform E-IDE driver Revision: <*>,6521,uniform multi-platform e-ide driver revision: <id>,1,Thunderbird_C0000224,1,6521,uniform multi-platform e-ide driver revision: <id>,1,1,frequency_representative
927,Using ACPI (MADT) for SMP configuration information,E272,Using ACPI (MADT) for SMP configuration information,6655,using acpi (madt) for smp configuration information,1,Thunderbird_C0000225,1,6655,using acpi (madt) for smp configuration information,1,1,frequency_representative
928,Using IO APIC NMI watchdog,E846,Using IO APIC NMI watchdog,6688,using io apic nmi watchdog,1,Thunderbird_C0000226,1,6688,using io apic nmi watchdog,1,1,frequency_representative
929,Using cfq io scheduler,E959,Using cfq io scheduler,6536,using cfq io scheduler,1,Thunderbird_C0000227,1,6536,using cfq io scheduler,1,1,frequency_representative
930,Using local APIC timer interrupts.,E589,Using local APIC timer interrupts.,6582,using local apic timer interrupts.,1,Thunderbird_C0000228,1,6582,using local apic timer interrupts.,1,1,frequency_representative
931,VFS: Disk quotas dquot_6.5.1,E1109,VFS: Disk quotas <*>,6492,vfs: disk quotas <id>,1,Thunderbird_C0000229,1,6492,vfs: disk quotas <id>,1,1,frequency_representative
932,Warning: acpi_table_parse(ACPI_SLIT) returned 0!,E481,Warning: acpi_table_parse(<*>) returned <*>!,6726,warning: acpi_table_parse(acpi_slit) returned <num> !,1,Thunderbird_C0000230,2,13407,warning: acpi_table_parse (<*>) returned <num>!,2,1,frequency_representative
933,Warning: acpi_table_parse(ACPI_SRAT) returned 0!,E481,Warning: acpi_table_parse(<*>) returned <*>!,6681,warning: acpi_table_parse(acpi_srat) returned <num> !,1,Thunderbird_C0000230,2,13407,warning: acpi_table_parse (<*>) returned <num>!,2,2,complex_sample
934,[KERNEL_IB][ib_mad_static_compute_base][/mnt_projects/sysapps/src/ib/topspin/topspin-src-3.2.0-16/ib/ts_api_ng/mad/obj_host_amd64_custom1_rhel4/ts_ib_mad/mad_static.c:132]Couldn't find a suitable network device; setting lid_base to 1,E36,[KERNEL_IB][ib_mad_static_compute_base][<*>]Couldn't find a suitable network device; setting lid_base to <*>,4721,[kernel_ib][ib_mad_static_compute_base][ <path> ]couldn't find a suitable network device; setting lid_base to <num>,2,Thunderbird_C0000231,2,4721,[kernel_ib] [ib_mad_static_compute_base] [<path>] couldn ' t find a suitable network device; setting lid_base to <num>,1,1,frequency_representative
935,activating NMI Watchdog ... done.,E611,activating NMI Watchdog ... done.,6653,activating nmi watchdog ... done.,1,Thunderbird_C0000232,1,6653,activating nmi watchdog... done.,1,1,frequency_representative
341916,audit(1131646462.367:1): initialized,E967,audit(<*>): initialized,6554,audit( <num> : <num> ): initialized,3582,Thunderbird_C0000233,3582,6554,audit (<num>: <num>): initialized,1,1,frequency_representative
937,audit: initializing netlink socket (disabled),E328,audit: initializing netlink socket (disabled),6549,audit: initializing netlink socket (disabled),1,Thunderbird_C0000234,1,6549,audit: initializing netlink socket (disabled),1,1,frequency_representative
938,checking TSC synchronization across 2 CPUs: passed.,E286,checking TSC synchronization across <*> CPUs: passed.,6490,checking tsc synchronization across <num> cpus: passed.,2,Thunderbird_C0000235,2,6490,checking tsc synchronization across <num> cpus: passed.,1,1,frequency_representative
939,checking if image is initramfs... it is,E522,checking if image is initramfs... it is,6014,checking if image is initramfs... it is,1,Thunderbird_C0000236,1,6014,checking if image is initramfs... it is,1,1,frequency_representative
940,device-mapper: 4.4.0-ioctl (2005-01-12) initialised: dm-#16#@#17#,E625,device-mapper: <*> initialised: dm-<*>,6483,device-mapper: <id> ( <date> ) initialised: dm-# <num> #@# <num> #,1,Thunderbird_C0000237,1,6483,device-mapper: <id> (<date>) initialised: dm-# <num> # @ # <num> #,1,1,frequency_representative
941,divert: allocating divert_blk for eth0,E596,divert: allocating divert_blk for <*>,6068,divert: allocating divert_blk for eth0,1,Thunderbird_C0000238,2,10709,divert: allocating divert_blk for <*> 0,2,1,frequency_representative
943,divert: allocating divert_blk for ib0,E596,divert: allocating divert_blk for <*>,4641,divert: allocating divert_blk for ib0,1,Thunderbird_C0000238,2,10709,divert: allocating divert_blk for <*> 0,2,2,complex_sample
942,divert: allocating divert_blk for eth1,E596,divert: allocating divert_blk for <*>,6039,divert: allocating divert_blk for eth1,1,Thunderbird_C0000239,2,10587,divert: allocating divert_blk for <*> 1,2,1,frequency_representative
944,divert: allocating divert_blk for ib1,E596,divert: allocating divert_blk for <*>,4548,divert: allocating divert_blk for ib1,1,Thunderbird_C0000239,2,10587,divert: allocating divert_blk for <*> 1,2,2,complex_sample
945,divert: not allocating divert_blk for non-ethernet device lo,E188,divert: not allocating divert_blk for non-ethernet device <*>,5959,divert: not allocating divert_blk for non-ethernet device lo,1,Thunderbird_C0000240,1,5959,divert: not allocating divert_blk for non-ethernet device lo,1,1,frequency_representative
946,drivers/usb/input/hid-core.c: v2.0:USB HID core driver,E1018,<*>: <*>:USB HID core driver,6373,drivers/usb/input/hid-core.c: <id> hid core driver,1,Thunderbird_C0000241,1,6373,drivers/usb/input/hid-core. c: <id> hid core driver,1,1,frequency_representative
949,e1000: eth1: e1000_probe: Intel(R) PRO/1000 Network Connection,E948,<*>: <*>: <*>: <*> Network Connection,6566,e1000: eth1: <id> : intel(r) pro/ <num> network connection,1,Thunderbird_C0000242,2,13099,e 1000: eth <*>: <id>: intel (r) pro/<num> network connection,2,1,frequency_representative
947,e1000: eth0: e1000_probe: Intel(R) PRO/1000 Network Connection,E948,<*>: <*>: <*>: <*> Network Connection,6533,e1000: eth0: <id> : intel(r) pro/ <num> network connection,1,Thunderbird_C0000242,2,13099,e 1000: eth <*>: <id>: intel (r) pro/<num> network connection,2,2,complex_sample
948,e1000: eth0: e1000_watchdog: NIC Link is Up 1000 Mbps Full Duplex,E1020,<*>: <*>: <*>: NIC Link is Up <*> Mbps <*>,6123,e1000: eth0: <id> : nic link is up <num> mbps full duplex,2,Thunderbird_C0000243,3,6147,e 1000: eth <*>: <id>: nic link is up <num> mbps full duplex,2,1,frequency_representative
238984,e1000: eth1: e1000_watchdog: NIC Link is Up 1000 Mbps Full Duplex,E1020,<*>: <*>: <*>: NIC Link is Up <*> Mbps <*>,24,e1000: eth1: <id> : nic link is up <num> mbps full duplex,1,Thunderbird_C0000243,3,6147,e 1000: eth <*>: <id>: nic link is up <num> mbps full duplex,2,2,complex_sample
950,ehci_hcd 0000:00:1d.7: EHCI Host Controller,E980,<*> <*>: EHCI Host Controller,6461,ehci_hcd <ip> . <num> : ehci host controller,1,Thunderbird_C0000244,1,6461,ehci_hcd <ip>. <num>: ehci host controller,1,1,frequency_representative
951,"ehci_hcd 0000:00:1d.7: USB 2.0 enabled, EHCI 1.00, driver 2004-May-10",E584,"ehci_hcd <*>: USB <*> enabled, EHCI <*>, driver <*>",6448,"ehci_hcd <ip> . <num> : usb <num> enabled, ehci <num> , driver <id>",1,Thunderbird_C0000245,1,6448,"ehci_hcd <ip>. <num>: usb <num> enabled, ehci <num>, driver <id>",1,1,frequency_representative
952,"ehci_hcd 0000:00:1d.7: irq 193, pci mem ffffff00106dc000",E984,"ehci_hcd <*>: irq <*>, pci mem <*>",6406,"ehci_hcd <ip> . <num> : irq <num> , pci mem <hex>",16,Thunderbird_C0000246,16,6406,"ehci_hcd <ip>. <num>: irq <num>, pci mem <hex>",1,1,frequency_representative
953,"ehci_hcd 0000:00:1d.7: new USB bus registered, assigned bus number 1",E259,"ehci_hcd <*>: new USB bus registered, assigned bus number <*>",6435,"ehci_hcd <ip> . <num> : new usb bus registered, assigned bus number <num>",1,Thunderbird_C0000247,1,6435,"ehci_hcd <ip>. <num>: new usb bus registered, assigned bus number <num>",1,1,frequency_representative
954,floppy0: no floppy controllers found,E743,<*>: no floppy controllers found,6478,floppy0: no floppy controllers found,1,Thunderbird_C0000248,1,6478,floppy 0: no floppy controllers found,1,1,frequency_representative
963,hub 4-0:1.0: 2 ports detected,E1041,hub <*>: <*> ports detected,32487,hub <num> - <num> : <num> : <num> ports detected,5,Thunderbird_C0000249,5,32487,hub <num>-<num>: <num>: <num> ports detected,1,1,frequency_representative
960,hub 2-0:1.0: USB hub found,E1088,hub <*>: USB hub found,32432,hub <num> - <num> : <num> : usb hub found,5,Thunderbird_C0000250,5,32432,hub <num>-<num>: <num>: usb hub found,1,1,frequency_representative
965,hw_random hardware driver 1.0.0 loaded,E936,<*> hardware driver <*> loaded,4846,hw_random hardware driver <num> . <num> loaded,1,Thunderbird_C0000251,1,4846,hw_random hardware driver <num>. <num> loaded,1,1,frequency_representative
966,ide-floppy driver 0.99.newide,E1064,ide-floppy driver <*>,6485,ide-floppy driver <id>,1,Thunderbird_C0000252,1,6485,ide-floppy driver <id>,1,1,frequency_representative
967,ide: Assuming 33MHz system bus speed for PIO modes; override with idebus=xx,E133,ide: Assuming <*> system bus speed for PIO modes; override with idebus=xx,6495,ide: assuming 33mhz system bus speed for pio modes; override with idebus=xx,1,Thunderbird_C0000253,1,6495,ide: assuming 33 mhz system bus speed for pio modes; override with idebus = xx,1,1,frequency_representative
968,inserting floppy driver for 2.6.9-15.EL.rootsmp,E787,inserting floppy driver for <*>,6428,inserting floppy driver for <id>,2,Thunderbird_C0000254,2,6428,inserting floppy driver for <id>,1,1,frequency_representative
969,ip_tables: (C) 2000-2002 Netfilter core team,E687,ip_tables: <*> Netfilter core team,25405,ip_tables: (c) <num> - <num> netfilter core team,1,Thunderbird_C0000255,1,25405,ip_tables: (c) <num>-<num> netfilter core team,1,1,frequency_representative
972,kjournald starting. Commit interval 5 seconds,E599,<*> starting. Commit interval <*> seconds,25518,kjournald starting. commit interval <num> seconds,1,Thunderbird_C0000256,1,25518,kjournald starting. commit interval <num> seconds,1,1,frequency_representative
976,"klogd 1.4.1, log source = /proc/kmsg started.",E801,"klogd <*>, log source = <*> started.",9592,"klogd <num> . <num> , log source = /proc/kmsg started.",1,Thunderbird_C0000257,1,9592,"klogd <num>. <num>, log source =/proc/kmsg started.",1,1,frequency_representative
977,ksign: Installing public key data,E608,ksign: Installing public key data,6479,ksign: installing public key data,1,Thunderbird_C0000258,1,6479,ksign: installing public key data,1,1,frequency_representative
978,md: ... autorun DONE.,E997,md: ... autorun DONE.,7234,md: ... autorun done.,1,Thunderbird_C0000259,1,7234,md:... autorun done.,1,1,frequency_representative
979,md: Autodetecting RAID arrays.,E676,md: Autodetecting RAID arrays.,7244,md: autodetecting raid arrays.,1,Thunderbird_C0000260,1,7244,md: autodetecting raid arrays.,1,1,frequency_representative
980,md: autorun ...,E1131,md: autorun ...,7243,md: autorun ...,1,Thunderbird_C0000261,1,7243,md: autorun...,1,1,frequency_representative
981,"md: md driver 0.90.0 MAX_MD_DEVS=256, MD_SB_DISKS=27",E447,"md: md driver <*> MAX_MD_DEVS=<*>, MD_SB_DISKS=<*>",6394,"md: md driver <num> . <num> max_md_devs= <num> , md_sb_disks= <num>",1,Thunderbird_C0000262,1,6394,"md: md driver <num>. <num> max_md_devs = <num>, md_sb_disks = <num>",1,1,frequency_representative
982,megaraid cmm: #18# (Release Date: Mon Mar 7 00:01:03 EST 2005),E731,megaraid cmm: <*> (Release Date: <*>),3802,megaraid cmm: # <num> # (release date: mon mar <num> <ip> est <num> ),1,Thunderbird_C0000263,1,3802,megaraid cmm: # <num> # (release date: mon mar <num> <ip> est <num>),1,1,frequency_representative
983,megaraid: #19# (Release Date: Mon Mar 07 12:27:22 EST 2005),E832,megaraid: <*> (Release Date: <*>),3818,megaraid: # <num> # (release date: mon mar <num> <ip> est <num> ),1,Thunderbird_C0000264,1,3818,megaraid: # <num> # (release date: mon mar <num> <ip> est <num>),1,1,frequency_representative
984,megaraid: fw version:[521S] bios version:[H430],E480,megaraid: fw version:[<*>] bios version:[<*>],3641,megaraid: fw version:[521s] bios version:[h430],1,Thunderbird_C0000265,1,3641,megaraid: fw version: [521 s] bios version: [h 430],1,1,frequency_representative
985,megaraid: probe new device 0x1028:0x0013:0x1028:0x016c: bus 2:slot 14:func 0,E427,megaraid: probe new device <*>: bus <*>:slot <*>:func <*>,3608,megaraid: probe new device <hex> : <hex> : <hex> : <hex> : bus <num> :slot <num> :func <num>,1,Thunderbird_C0000266,1,3608,megaraid: probe new device <hex>: <hex>: <hex>: <hex>: bus <num>: slot <num>: func <num>,1,1,frequency_representative
986,mice: PS/2 mouse device common for all mice,E550,mice: <*> mouse device common for all mice,6473,mice: ps/ <num> mouse device common for all mice,1,Thunderbird_C0000267,1,6473,mice: ps/<num> mouse device common for all mice,1,1,frequency_representative
987,mtrr: v2.0 (20020519),E1221,mtrr: <*> (<*>),6508,mtrr: v2. <num> ( <num> ),1,Thunderbird_C0000268,1,6508,mtrr: v 2. <num> (<num>),1,1,frequency_representative
1369,per-CPU timeslice cutoff: 852.05 usecs.,E616,per-CPU timeslice cutoff: <*> usecs.,6732,per-cpu timeslice cutoff: <num> usecs.,5,Thunderbird_C0000269,5,6732,per-cpu timeslice cutoff: <num> usecs.,1,1,frequency_representative
989,scsi0 : LSI Logic MegaRAID driver,E821,<*> : LSI Logic MegaRAID driver,3643,scsi0 : lsi logic megaraid driver,1,Thunderbird_C0000270,1,3643,scsi 0: lsi logic megaraid driver,1,1,frequency_representative
990,scsi[0]: scanning scsi channel 0 [Phy 0] for non-raid devices,E214,scsi[<*>]: scanning scsi channel <*> [Phy <*>] for non-raid devices,3614,scsi[ <num> ]: scanning scsi channel <num> [phy <num> ] for non-raid devices,1,Thunderbird_C0000271,1,3614,scsi [<num>]: scanning scsi channel <num> [phy <num>] for non-raid devices,1,1,frequency_representative
991,scsi[0]: scanning scsi channel 1 [virtual] for logical drives,E191,scsi[<*>]: scanning scsi channel <*> [virtual] for logical drives,3600,scsi[ <num> ]: scanning scsi channel <num> [virtual] for logical drives,1,Thunderbird_C0000272,1,3600,scsi [<num>]: scanning scsi channel <num> [virtual] for logical drives,1,1,frequency_representative
992,sda: asking for cache data failed,E752,<*>: asking for cache data failed,3712,sda: asking for cache data failed,1,Thunderbird_C0000273,1,3712,sda: asking for cache data failed,1,1,frequency_representative
993,sda: assuming drive cache: write through,E556,<*>: assuming drive cache: write through,3686,sda: assuming drive cache: write through,1,Thunderbird_C0000274,1,3686,sda: assuming drive cache: write through,1,1,frequency_representative
994,selinux_register_security: Registering secondary module capability,E115,selinux_register_security: Registering secondary module capability,6640,selinux_register_security: registering secondary module capability,1,Thunderbird_C0000275,1,6640,selinux_register_security: registering secondary module capability,1,1,frequency_representative
995,"serio: i8042 AUX port at 0x60,0x64 irq 12",E989,"serio: <*> AUX port at <*>,<*> irq <*>",6536,"serio: i8042 aux port at <hex> , <hex> irq <num>",1,Thunderbird_C0000276,1,6536,"serio: i 8042 aux port at <hex>, <hex> irq <num>",1,1,frequency_representative
996,task migration cache decay timeout: 1 msecs.,E411,task migration cache decay timeout: <*> msecs.,6694,task migration cache decay timeout: <num> msecs.,1,Thunderbird_C0000277,1,6694,task migration cache decay timeout: <num> msecs.,1,1,frequency_representative
997,testing NMI watchdog ... OK.,E770,testing NMI watchdog ... OK.,6587,testing nmi watchdog ... ok.,1,Thunderbird_C0000278,1,6587,testing nmi watchdog... ok.,1,1,frequency_representative
17928,time.c: Detected 3591.375 MHz processor.,E865,<*>: Detected <*> MHz processor.,6721,time.c: detected <num> mhz processor.,80,Thunderbird_C0000279,80,6721,time. c: detected <num> mhz processor.,1,1,frequency_representative
999,time.c: Using 14.318180 MHz HPET timer.,E977,<*>: Using <*> MHz HPET timer.,6724,time.c: using <num> mhz hpet timer.,1,Thunderbird_C0000280,1,6724,time. c: using <num> mhz hpet timer.,1,1,frequency_representative
1000,time.c: Using HPET based timekeeping.,E831,<*>: Using <*> based timekeeping.,6584,time.c: using hpet based timekeeping.,1,Thunderbird_C0000281,1,6584,time. c: using hpet based timekeeping.,1,1,frequency_representative
1001,ts_kernel_services: module license 'Proprietary' taints kernel.,E240,ts_kernel_services: module license <*> taints kernel.,5101,ts_kernel_services: module license 'proprietary' taints kernel.,1,Thunderbird_C0000282,1,5101,ts_kernel_services: module license ' proprietary ' taints kernel.,1,1,frequency_representative
1002,ttyS0 at I/O 0x3f8 (irq = 4) is a NS16550A,E1126,<*> at I/O <*> (irq = <*>) is a <*>,6317,ttys0 at i/o <hex> (irq = <num> ) is a <id>,1,Thunderbird_C0000283,1,6317,ttys 0 at i/o <hex> (irq = <num>) is a <id>,1,1,frequency_representative
1006,uhci_hcd 0000:00:1d.1: UHCI Host Controller,E693,uhci_hcd <*>: UHCI Host Controller,19399,uhci_hcd <ip> . <num> : uhci host controller,3,Thunderbird_C0000284,3,19399,uhci_hcd <ip>. <num>: uhci host controller,1,1,frequency_representative
1004,"uhci_hcd 0000:00:1d.0: irq 169, io base 000000000000ace0",E985,"uhci_hcd <*>: irq <*>, io base <*>",19323,"uhci_hcd <ip> . <num> : irq <num> , io base <hex>",9,Thunderbird_C0000285,9,19323,"uhci_hcd <ip>. <num>: irq <num>, io base <hex>",1,1,frequency_representative
1005,"uhci_hcd 0000:00:1d.0: new USB bus registered, assigned bus number 2",E258,"uhci_hcd <*>: new USB bus registered, assigned bus number <*>",19356,"uhci_hcd <ip> . <num> : new usb bus registered, assigned bus number <num>",3,Thunderbird_C0000286,3,19356,"uhci_hcd <ip>. <num>: new usb bus registered, assigned bus number <num>",1,1,frequency_representative
1012,usb 1-3: new high speed USB device using address 2,E416,usb <*>: new high speed USB device using address <*>,6504,usb <num> - <num> : new high speed usb device using address <num>,2,Thunderbird_C0000287,2,6504,usb <num>-<num>: new high speed usb device using address <num>,1,1,frequency_representative
1013,usbcore: registered new driver hiddev,E520,usbcore: registered new driver hiddev,6520,usbcore: registered new driver hiddev,1,Thunderbird_C0000288,1,6520,usbcore: registered new driver hiddev,1,1,frequency_representative
1014,using mwait in idle threads.,E964,using <*> in idle threads.,6667,using mwait in idle threads.,1,Thunderbird_C0000289,1,6667,using mwait in idle threads.,1,1,frequency_representative
1015,rpc.statd startup succeeded,E1056,<*> startup succeeded,6094,rpc.statd startup succeeded,1,Thunderbird_C0000290,1,6094,rpc. statd startup succeeded,1,1,frequency_representative
1016,portmap startup succeeded,E1056,<*> startup succeeded,6766,portmap startup succeeded,1,Thunderbird_C0000291,1,6766,portmap startup succeeded,1,1,frequency_representative
1017,Version 1.0.6 Starting,E1082,Version <*> Starting,6131,version <num> . <num> starting,1,Thunderbird_C0000292,1,6131,version <num>. <num> starting,1,1,frequency_representative
1018,klogd startup succeeded,E1056,<*> startup succeeded,9519,klogd startup succeeded,1,Thunderbird_C0000293,1,9519,klogd startup succeeded,1,1,frequency_representative
1019,syslogd startup succeeded,E1056,<*> startup succeeded,9702,syslogd startup succeeded,1,Thunderbird_C0000294,1,9702,syslogd startup succeeded,1,1,frequency_representative
1020,restart.,E1207,restart.,12926,restart.,1,Thunderbird_C0000295,1,12926,restart.,1,1,frequency_representative
1022,rpc.idmapd startup succeeded,E1056,<*> startup succeeded,6303,rpc.idmapd startup succeeded,1,Thunderbird_C0000296,1,6303,rpc. idmapd startup succeeded,1,1,frequency_representative
1023,Creating Topspin /dev entries:,E829,Creating Topspin <*> entries:,6966,creating topspin /dev entries:,1,Thunderbird_C0000297,1,6966,creating topspin/dev entries:,1,1,frequency_representative
14148643,"/: clean, 174823/1026144 files, 956744/2048287 blocks",E934,"/: clean, <*> files, <*> blocks",3061,"/: clean, <num> / <num> files, <num> / <num> blocks",1659,Thunderbird_C0000298,1659,3061,"/: clean, <num>/<num> files, <num>/<num> blocks",1,1,frequency_representative
17075,"/boot: clean, 42/64256 files, 24910/257008 blocks",E988,"<*>: clean, <*> files, <*> blocks",3614,"/boot: clean, <num> / <num> files, <num> / <num> blocks",20,Thunderbird_C0000299,20,3614,"/ boot: clean, <num>/<num> files, <num>/<num> blocks",1,1,frequency_representative
1027,/boot: recovering journal,E1014,<*>: recovering journal,1339,/boot: recovering journal,1,Thunderbird_C0000300,1,1339,/ boot: recovering journal,1,1,frequency_representative
8316284,"/tmp: clean, 15/4964352 files, 176302/9920129 blocks",E988,"<*>: clean, <*> files, <*> blocks",3045,"/tmp: clean, <num> / <num> files, <num> / <num> blocks",495,Thunderbird_C0000301,495,3045,"/ tmp: clean, <num>/<num> files, <num>/<num> blocks",1,1,frequency_representative
1029,/tmp: recovering journal,E1014,<*>: recovering journal,947,/tmp: recovering journal,1,Thunderbird_C0000302,1,947,/ tmp: recovering journal,1,1,frequency_representative
8273748,"/var1: clean, 3623/1281696 files, 88492/2560351 blocks",E988,"<*>: clean, <*> files, <*> blocks",3481,"/var1: clean, <num> / <num> files, <num> / <num> blocks",2946,Thunderbird_C0000303,2946,3481,"/ var 1: clean, <num>/<num> files, <num>/<num> blocks",1,1,frequency_representative
1031,/var1: recovering journal,E1014,<*>: recovering journal,1574,/var1: recovering journal,1,Thunderbird_C0000304,1,1574,/ var 1: recovering journal,1,1,frequency_representative
1032,Checking all file systems.,E811,Checking all file systems.,6864,checking all file systems.,1,Thunderbird_C0000305,1,6864,checking all file systems.,1,1,frequency_representative
1033,[/sbin/fsck.ext3 (1) -- /] fsck.ext3 -a /dev/sda3,E1215,[<*> (<*>) -- <*>] <*> -a <*>,4725,[ <path> ( <num> ) -- /] <id> -a <path>,1,Thunderbird_C0000306,1,4725,[<path> (<num>)-- /] <id>-a <path>,1,1,frequency_representative
1034,[/sbin/fsck.ext3 (1) -- /boot] fsck.ext3 -a /dev/sda1,E1215,[<*> (<*>) -- <*>] <*> -a <*>,6188,[ <path> ( <num> ) -- /boot] <id> -a <path>,1,Thunderbird_C0000307,3,16893,[<path> (<num>)--/<*>] <id>-a <path>,2,1,frequency_representative
1036,[/sbin/fsck.ext3 (1) -- /var] fsck.ext3 -a /dev/sda5,E1215,[<*> (<*>) -- <*>] <*> -a <*>,5677,[ <path> ( <num> ) -- /var] <id> -a <path>,1,Thunderbird_C0000307,3,16893,[<path> (<num>)--/<*>] <id>-a <path>,2,2,complex_sample
1037,Entering runlevel: 3,E1031,Entering runlevel: <*>,6868,entering runlevel: <num>,1,Thunderbird_C0000308,1,6868,entering runlevel: <num>,1,1,frequency_representative
1038,i2c /dev entries driver,E1142,<*> <*> entries driver,6682,i2c /dev entries driver,1,Thunderbird_C0000309,1,6682,i 2 c/dev entries driver,1,1,frequency_representative
1039,bindcache: failed init IPS: 0x5 (Out of memory),E414,bindcache: failed init IPS: <*> (Out of memory),10484,bindcache: failed init ips: <hex> (out of memory),1,Thunderbird_C0000310,1,10484,bindcache: failed init ips: <hex> (out of memory),1,1,frequency_representative
1040,"pan_ips: error -- cfg target addresses, 0x5 (Out of memory), err_loc=1, rhel_4_amd64/release/build/panfs/ips/pan_ips_cfg.c:294",E215,"pan_ips: error -- cfg target addresses, <*> (Out of memory), <*>",3860,"pan_ips: error -- cfg target addresses, <hex> (out of memory), err_loc= <num> , <id> /release/build/panfs/ips/ <id>",1,Thunderbird_C0000311,1,3860,"pan_ips: error-- cfg target addresses, <hex> (out of memory), err_loc = <num>, <id>/release/build/panfs/ips/<id>",1,1,frequency_representative
1041,"pan_ips: error -- real init, 0x5 (Out of memory), err_loc=3, rhel_4_amd64/release/build/panfs/ips/pan_ips.c:143",E230,"pan_ips: error -- real init, <*> (Out of memory), err_loc=<*>, <*>",2635,"pan_ips: error -- real init, <hex> (out of memory), err_loc= <num> , <id> /release/build/panfs/ips/ <id>",2,Thunderbird_C0000312,3,2691,"pan_ips: error-- <*> <*>, <hex> (<*> <*> <*>), err_loc = <num>, <id>/release/build/panfs/ips/<id>",2,1,frequency_representative
11115690,"pan_ips: error -- cmd scsi, 0x23a1 (pan_sock: timeout), err_loc=13, rhel_4_amd64/release/build/panfs/ips/pan_ips_cmd.c:2835",E186,"pan_ips: error -- cmd scsi, <*> (pan_sock: timeout), err_loc=<*>, <*>",56,"pan_ips: error -- cmd scsi, <hex> (pan_sock: timeout), err_loc= <num> , <id> /release/build/panfs/ips/ <id>",1,Thunderbird_C0000312,3,2691,"pan_ips: error-- <*> <*>, <hex> (<*> <*> <*>), err_loc = <num>, <id>/release/build/panfs/ips/<id>",2,2,complex_sample
1043,debug: could not init rm_client: 0x5 (Out of memory),E329,debug: could not init rm_client: <*> (Out of memory),5311,debug: could not init rm_client: <hex> (out of memory),1,Thunderbird_C0000313,1,5311,debug: could not init rm_client: <hex> (out of memory),1,1,frequency_representative
1044,mount.panfs error: mount request rejected because client-realm clock skew exceeds 10 seconds,E56,mount.panfs error: mount request rejected because client-realm clock skew exceeds <*> seconds,1638,mount.panfs error: mount request rejected because client-realm clock skew exceeds <num> seconds,1,Thunderbird_C0000314,1,1638,mount. panfs error: mount request rejected because client-realm clock skew exceeds <num> seconds,1,1,frequency_representative
1045,mount.panfs: cannot init pan_fm_util_path_util module: 0x5 (Out of memory),E111,mount.panfs: cannot init pan_fm_util_path_util module: <*> (Out of memory),5439,mount.panfs: cannot init pan_fm_util_path_util module: <hex> (out of memory),1,Thunderbird_C0000315,1,5439,mount. panfs: cannot init pan_fm_util_path_util module: <hex> (out of memory),1,1,frequency_representative
1046,Bringing up interface eth0: succeeded,E614,Bringing up interface <*>: succeeded,6323,bringing up interface eth0: succeeded,1,Thunderbird_C0000316,3,11887,bringing up interface <*> <*>: succeeded,2,1,frequency_representative
239091,Bringing up interface eth1: succeeded,E614,Bringing up interface <*>: succeeded,11,bringing up interface eth1: succeeded,1,Thunderbird_C0000316,3,11887,bringing up interface <*> <*>: succeeded,2,2,complex_sample
1048,Setting network parameters: succeeded,E744,Setting network parameters: <*>,6993,setting network parameters: succeeded,1,Thunderbird_C0000317,1,6993,setting network parameters: succeeded,1,1,frequency_representative
1049,Checking filesystems succeeded,E644,Checking filesystems succeeded,6943,checking filesystems succeeded,1,Thunderbird_C0000318,1,6943,checking filesystems succeeded,1,1,frequency_representative
1050,Checking root filesystem succeeded,E679,Checking <*> filesystem succeeded,6288,checking root filesystem succeeded,1,Thunderbird_C0000319,1,6288,checking root filesystem succeeded,1,1,frequency_representative
1051,Configuring kernel parameters: succeeded,E652,Configuring kernel parameters: <*>,6843,configuring kernel parameters: succeeded,1,Thunderbird_C0000320,1,6843,configuring kernel parameters: succeeded,1,1,frequency_representative
1052,Enabling local filesystem quotas: succeeded,E361,Enabling local filesystem quotas: succeeded,6806,enabling local filesystem quotas: succeeded,1,Thunderbird_C0000321,1,6806,enabling local filesystem quotas: succeeded,1,1,frequency_representative
1053,Enabling swap space: succeeded,E672,Enabling swap space: succeeded,6879,enabling swap space: succeeded,1,Thunderbird_C0000322,1,6879,enabling swap space: succeeded,1,1,frequency_representative
1054,Remounting root filesystem in read-write mode: succeeded,E257,Remounting <*> filesystem in read-write mode: succeeded,6259,remounting root filesystem in read-write mode: succeeded,1,Thunderbird_C0000323,1,6259,remounting root filesystem in read-write mode: succeeded,1,1,frequency_representative
6000843,Setting clock (localtime): Tue Nov 22 13:38:43 MST 2005 succeeded,E526,Setting clock (localtime): <*> succeeded,2564,setting clock (localtime): tue nov <num> <ip> mst <num> succeeded,637,Thunderbird_C0000324,2856,6889,setting clock (localtime): <*> <*> <num> <ip> mst <num> succeeded,3,1,frequency_representative
14699201,Setting clock (localtime): Thu Dec 22 18:13:26 MST 2005 succeeded,E526,Setting clock (localtime): <*> succeeded,1311,setting clock (localtime): thu dec <num> <ip> mst <num> succeeded,590,Thunderbird_C0000324,2856,6889,setting clock (localtime): <*> <*> <num> <ip> mst <num> succeeded,3,2,complex_sample
555248,Setting clock (localtime): Sat Feb 19 04:19:08 MST 2005 succeeded,E526,Setting clock (localtime): <*> succeeded,1,setting clock (localtime): sat feb <num> <ip> mst <num> succeeded,1,Thunderbird_C0000324,2856,6889,setting clock (localtime): <*> <*> <num> <ip> mst <num> succeeded,3,3,diverse_sample
1056,Setting up Logical Volume Management: succeeded,E530,Setting up Logical Volume Management: <*>,6609,setting up logical volume management: succeeded,1,Thunderbird_C0000325,1,6609,setting up logical volume management: succeeded,1,1,frequency_representative
1057,smartd startup failed,E1139,<*> startup failed,4247,smartd startup failed,1,Thunderbird_C0000326,1,4247,smartd startup failed,1,1,frequency_representative
1058,Configuration file /etc/smartd.conf parsed.,E791,Configuration file <*> parsed.,6527,configuration file /etc/smartd.conf parsed.,1,Thunderbird_C0000327,1,6527,configuration file/etc/smartd. conf parsed.,1,1,frequency_representative
1059,"Device: /dev/sda, Bad IEC (SMART) mode page, err=5, skip device",E277,"Device: <*>, Bad IEC (SMART) mode page, err=<*>, skip device",4212,"device: /dev/sda, bad iec (smart) mode page, err= <num> , skip device",1,Thunderbird_C0000328,1,4212,"device:/dev/sda, bad iec (smart) mode page, err = <num>, skip device",1,1,frequency_representative
1060,"Device: /dev/sda, opened",E1115,"Device: <*>, opened",6574,"device: /dev/sda, opened",1,Thunderbird_C0000329,1,6574,"device:/dev/sda, opened",1,1,frequency_representative
1061,Home page is http://#20#/,E1188,Home page is <*>,6572,home page is <url>,1,Thunderbird_C0000330,1,6572,home page is <url>,1,1,frequency_representative
1062,Opened configuration file /etc/smartd.conf,E817,Opened configuration file <*>,6586,opened configuration file /etc/smartd.conf,1,Thunderbird_C0000331,1,6586,opened configuration file/etc/smartd. conf,1,1,frequency_representative
1063,Unable to register SCSI device /dev/sda at line 1 of file /etc/smartd.conf,E399,Unable to register SCSI device <*> at line <*> of file <*>,4235,unable to register scsi device /dev/sda at line <num> of file /etc/smartd.conf,1,Thunderbird_C0000332,1,4235,unable to register scsi device/dev/sda at line <num> of file/etc/smartd. conf,1,1,frequency_representative
1064,Unable to register device /dev/sda (no Directive -d removable). Exiting.,E261,Unable to register device <*> (no Directive -d <*>). Exiting.,4250,unable to register device /dev/sda (no directive -d removable). exiting.,1,Thunderbird_C0000333,1,4250,unable to register device/dev/sda (no directive-d removable). exiting.,1,1,frequency_representative
1065,smartd version 5.33 [x86_64-redhat-linux-gnu] Copyright (C) 2002-4 Bruce Allen,E424,smartd version <*> [<*>] Copyright (C) <*> Bruce Allen,6582,smartd version <num> [ <id> ] copyright (c) <num> - <num> bruce allen,1,Thunderbird_C0000334,1,6582,smartd version <num> [<id>] copyright (c) <num>-<num> bruce allen,1,1,frequency_representative
1066,fs.file-max = 562454,E1151,fs.file-max = <*>,12446,fs.file-max = <num>,2,Thunderbird_C0000335,2,12446,fs. file-max = <num>,1,1,frequency_representative
1068,kernel.core_uses_pid = 1,E887,kernel.core_uses_pid = <*>,13785,kernel.core_uses_pid = <num>,1,Thunderbird_C0000336,1,13785,kernel. core_uses_pid = <num>,1,1,frequency_representative
1072,kernel.sysrq = 1,E1138,kernel.sysrq = <*>,27503,kernel.sysrq = <num>,2,Thunderbird_C0000337,2,27503,kernel. sysrq = <num>,1,1,frequency_representative
1078,net.core.wmem_default = 262144,E855,net.core.wmem_default = <*>,13792,net.core.wmem_default = <num>,1,Thunderbird_C0000338,4,55099,net. core. <*> = <num>,2,1,frequency_representative
1074,net.core.rmem_default = 262144,E856,net.core.rmem_default = <*>,13776,net.core.rmem_default = <num>,1,Thunderbird_C0000338,4,55099,net. core. <*> = <num>,2,2,complex_sample
1086,net.ipv4.neigh.default.gc_thresh1 = 8192,E498,net.ipv4.neigh.default.gc_thresh1 = <*>,41435,<id> = <num>,3,Thunderbird_C0000339,3,41435,<id> = <num>,1,1,frequency_representative
1088,starting udevd daemon,E954,starting udevd daemon,7517,starting udevd daemon,1,Thunderbird_C0000340,1,7517,starting udevd daemon,1,1,frequency_representative
1090,Unmounting NFS filesystems (retry): succeeded,E551,Unmounting NFS filesystems (retry): <*>,18,unmounting nfs filesystems (retry): succeeded,1,Thunderbird_C0000341,1,18,unmounting nfs filesystems (retry): succeeded,1,1,frequency_representative
1091,acpid startup succeeded,E1056,<*> startup succeeded,6535,acpid startup succeeded,1,Thunderbird_C0000342,1,6535,acpid startup succeeded,1,1,frequency_representative
1092,snmpd startup succeeded,E1056,<*> startup succeeded,9326,snmpd startup succeeded,1,Thunderbird_C0000343,1,9326,snmpd startup succeeded,1,1,frequency_representative
1097,dcdbas device driver loaded,E1003,<*> device driver loaded,17273,dcdbas device driver loaded,1,Thunderbird_C0000344,1,17273,dcdbas device driver loaded,1,1,frequency_representative
1098,NET-SNMP version 5.1.2,E1086,NET-SNMP version <*>,9364,net-snmp version <num> . <num>,1,Thunderbird_C0000345,1,9364,net-snmp version <num>. <num>,1,1,frequency_representative
1105,dcdipm device driver loaded,E1003,<*> device driver loaded,17498,dcdipm device driver loaded,1,Thunderbird_C0000346,1,17498,dcdipm device driver loaded,1,1,frequency_representative
1116,Instrumentation Service EventID: 1000 Server Administrator starting,E147,Instrumentation Service EventID: <*> Server Administrator starting,20253,instrumentation service eventid: <num> server administrator starting,1,Thunderbird_C0000347,1,20253,instrumentation service eventid: <num> server administrator starting,1,1,frequency_representative
1117,Instrumentation Service EventID: 1001 Server Administrator startup complete,E105,Instrumentation Service EventID: <*> Server Administrator startup complete,20175,instrumentation service eventid: <num> server administrator startup complete,1,Thunderbird_C0000348,1,20175,instrumentation service eventid: <num> server administrator startup complete,1,1,frequency_representative
1124,dcsnmp32d startup succeeded,E1056,<*> startup succeeded,61155,<id> startup succeeded,3,Thunderbird_C0000349,3,61155,<id> startup succeeded,1,1,frequency_representative
1125,Disabled Privacy Extensions on device ffffffff803fa160(lo),E479,Disabled Privacy Extensions on device <*>(<*>),7671,disabled privacy extensions on device <hex> (lo),2,Thunderbird_C0000350,2,7671,disabled privacy extensions on device <hex> (lo),1,1,frequency_representative
1126,IPv6 over IPv4 tunneling driver,E677,IPv6 over IPv4 tunneling driver,7707,ipv6 over ipv4 tunneling driver,1,Thunderbird_C0000351,1,7707,ipv 6 over ipv 4 tunneling driver,1,1,frequency_representative
1128,divert: not allocating divert_blk for non-ethernet device sit0,E188,divert: not allocating divert_blk for non-ethernet device <*>,7257,divert: not allocating divert_blk for non-ethernet device sit0,1,Thunderbird_C0000352,1,7257,divert: not allocating divert_blk for non-ethernet device sit 0,1,1,frequency_representative
1131,Server listening on :: port 22.,E864,Server listening on <*> port <*>.,7770,server listening on :: port <num> .,1,Thunderbird_C0000353,1,7770,server listening on:: port <num>.,1,1,frequency_representative
1132,error: Bind to port 22 on 0.0.0.0 failed: Address already in use.,E279,error: Bind to port <*> on <*> failed: Address already in use.,7700,error: bind to port <num> on <ip> failed: address already in use.,1,Thunderbird_C0000354,1,7700,error: bind to port <num> on <ip> failed: address already in use.,1,1,frequency_representative
1133,xinetd startup succeeded,E1056,<*> startup succeeded,7334,xinetd startup succeeded,1,Thunderbird_C0000355,1,7334,xinetd startup succeeded,1,1,frequency_representative
1134,Reading included configuration file: /etc/xinetd.d/chargen [file=/etc/xinetd.conf] [line=15],E248,Reading included configuration file: <*> [file=<*>] [line=<*>],7306,reading included configuration file: /etc/xinetd.d/chargen [file=/etc/xinetd.conf] [line= <num> ],1,Thunderbird_C0000356,1,7306,reading included configuration file:/etc/xinetd. d/chargen [file =/etc/xinetd. conf] [line = <num>],1,1,frequency_representative
1135,Reading included configuration file: /etc/xinetd.d/chargen-udp [file=/etc/xinetd.d/chargen-udp] [line=18],E248,Reading included configuration file: <*> [file=<*>] [line=<*>],21377,reading included configuration file: <path> [file= <path> ] [line= <num> ],3,Thunderbird_C0000357,3,21377,reading included configuration file: <path> [file = <path>] [line = <num>],1,1,frequency_representative
1140,Reading included configuration file: /etc/xinetd.d/echo-udp [file=/etc/xinetd.d/echo-udp] [line=14],E248,Reading included configuration file: <*> [file=<*>] [line=<*>],7070,reading included configuration file: /etc/xinetd.d/echo-udp [file=/etc/xinetd.d/echo-udp] [line= <num> ],1,Thunderbird_C0000358,3,21111,reading included configuration file:/etc/xinetd. d/<*>-<*> [file =/etc/xinetd. d/<*>-<*>] [line = <num>],2,1,frequency_representative
1136,Reading included configuration file: /etc/xinetd.d/cups-lpd [file=/etc/xinetd.d/cups-lpd] [line=17],E248,Reading included configuration file: <*> [file=<*>] [line=<*>],7040,reading included configuration file: /etc/xinetd.d/cups-lpd [file=/etc/xinetd.d/cups-lpd] [line= <num> ],1,Thunderbird_C0000358,3,21111,reading included configuration file:/etc/xinetd. d/<*>-<*> [file =/etc/xinetd. d/<*>-<*>] [line = <num>],2,2,complex_sample
1147,Reading included configuration file: /etc/xinetd.d/rsync [file=/etc/xinetd.d/rsync] [line=12],E248,Reading included configuration file: <*> [file=<*>] [line=<*>],7269,reading included configuration file: /etc/xinetd.d/rsync [file=/etc/xinetd.d/rsync] [line= <num> ],1,Thunderbird_C0000359,13,64364,reading included configuration file:/etc/xinetd. d/<*> [file =/etc/xinetd. d/<*>] [line = <num>],3,1,frequency_representative
1137,Reading included configuration file: /etc/xinetd.d/daytime [file=/etc/xinetd.d/daytime] [line=11],E248,Reading included configuration file: <*> [file=<*>] [line=<*>],7264,reading included configuration file: /etc/xinetd.d/daytime [file=/etc/xinetd.d/daytime] [line= <num> ],1,Thunderbird_C0000359,13,64364,reading included configuration file:/etc/xinetd. d/<*> [file =/etc/xinetd. d/<*>] [line = <num>],3,2,complex_sample
1142,Reading included configuration file: /etc/xinetd.d/gssftp [file=/etc/xinetd.d/gssftp] [line=13],E248,Reading included configuration file: <*> [file=<*>] [line=<*>],7255,reading included configuration file: /etc/xinetd.d/gssftp [file=/etc/xinetd.d/gssftp] [line= <num> ],1,Thunderbird_C0000359,13,64364,reading included configuration file:/etc/xinetd. d/<*> [file =/etc/xinetd. d/<*>] [line = <num>],3,3,diverse_sample
1150,Started working: 0 available services,E548,Started working: <*> available services,7102,started working: <num> available services,2,Thunderbird_C0000360,2,7102,started working: <num> available services,1,1,frequency_representative
1151,removing chargen,E1074,removing chargen,13677,removing chargen,1,Thunderbird_C0000361,1,13677,removing chargen,1,1,frequency_representative
1153,xinetd Version 2.3.13 started with libwrap loadavg options compiled in.,E154,xinetd Version <*> started with libwrap loadavg options compiled in.,6630,xinetd version <num> . <num> started with libwrap loadavg options compiled in.,1,Thunderbird_C0000362,1,6630,xinetd version <num>. <num> started with libwrap loadavg options compiled in.,1,1,frequency_representative
1156,crond startup succeeded,E1056,<*> startup succeeded,7439,crond startup succeeded,1,Thunderbird_C0000363,1,7439,crond startup succeeded,1,1,frequency_representative
1157,(CRON) STARTUP (V5.0),E1087,(CRON) STARTUP (<*>),7452,(cron) startup (v5. <num> ),1,Thunderbird_C0000364,1,7452,(cron) startup (v 5. <num>),1,1,frequency_representative
1170,pbs_mom startup succeeded,E1056,<*> startup succeeded,16506,pbs_mom startup succeeded,1,Thunderbird_C0000365,1,16506,pbs_mom startup succeeded,1,1,frequency_representative
1175,messagebus startup succeeded,E1056,<*> startup succeeded,7376,messagebus startup succeeded,1,Thunderbird_C0000366,1,7376,messagebus startup succeeded,1,1,frequency_representative
1176,omsad32 startup succeeded,E1056,<*> startup succeeded,17953,omsad32 startup succeeded,1,Thunderbird_C0000367,1,17953,omsad 32 startup succeeded,1,1,frequency_representative
1179,haldaemon startup succeeded,E1056,<*> startup succeeded,7341,haldaemon startup succeeded,1,Thunderbird_C0000368,1,7341,haldaemon startup succeeded,1,1,frequency_representative
20605,[smux_accept] accepted fd 13 from 127.0.0.1:32780,E695,[smux_accept] accepted fd <*> from <*>,23733,[smux_accept] accepted fd <num> from <ip>,2408,Thunderbird_C0000369,2408,23733,[smux_accept] accepted fd <num> from <ip>,1,1,frequency_representative
1181,"accepted smux peer: oid SNMPv2-SMI::enterprises.674.10892.1, password , descr Systems Management SNMP MIB Plug-in Manager",E477,"accepted smux peer: oid <*>, password , descr <*>",23345,"accepted smux peer: oid <id> , password , descr systems management snmp mib plug-in manager",1,Thunderbird_C0000370,1,23345,"accepted smux peer: oid <id>, password, descr systems management snmp mib plug-in manager",1,1,frequency_representative
1187,removed all generated mount points,E588,removed all generated mount points,6704,removed all generated mount points,1,Thunderbird_C0000371,1,6704,removed all generated mount points,1,1,frequency_representative
1194,lockd -KILL succeeded,E955,lockd -KILL succeeded,85,lockd -kill succeeded,1,Thunderbird_C0000372,1,85,lockd-kill succeeded,1,1,frequency_representative
1195,rpc.statd shutdown succeeded,E1032,<*> shutdown succeeded,4566,rpc.statd shutdown succeeded,1,Thunderbird_C0000373,1,4566,rpc. statd shutdown succeeded,1,1,frequency_representative
1196,portmap shutdown succeeded,E1032,<*> shutdown succeeded,4913,portmap shutdown succeeded,1,Thunderbird_C0000374,1,4913,portmap shutdown succeeded,1,1,frequency_representative
1199,failed to contact portmap (errno -101).,E591,failed to contact portmap (errno <*>).,7,failed to contact portmap (errno <num> ).,1,Thunderbird_C0000375,1,7,failed to contact portmap (errno <num>).,1,1,frequency_representative
1200,sendmsg returned error 101,E925,sendmsg returned error <*>,7,sendmsg returned error <num>,1,Thunderbird_C0000376,1,7,sendmsg returned error <num>,1,1,frequency_representative
1201,gmetad shutdown succeeded,E1032,<*> shutdown succeeded,8,gmetad shutdown succeeded,1,Thunderbird_C0000377,1,8,gmetad shutdown succeeded,1,1,frequency_representative
1202,Shutting down GANGLIA gmetad:,E709,Shutting down GANGLIA gmetad:,8,shutting down ganglia gmetad:,1,Thunderbird_C0000378,1,8,shutting down ganglia gmetad:,1,1,frequency_representative
1203,Stopping syslog-ng:,E992,Stopping syslog-ng:,8,stopping syslog-ng:,1,Thunderbird_C0000379,1,8,stopping syslog-ng:,1,1,frequency_representative
1204,RPC call returned error 101,E922,RPC call returned error <*>,7,rpc call returned error <num>,1,Thunderbird_C0000380,1,7,rpc call returned error <num>,1,1,frequency_representative
1205,syslog-ng version 1.6.7 going down,E748,syslog-ng version <*> going down,25,syslog-ng version <num> . <num> going down,2,Thunderbird_C0000381,2,25,syslog-ng version <num>. <num> going down,1,1,frequency_representative
2492,"connection from ""#28#""",E1062,"connection from ""<*>""",10795,"connection from ""# <num> #""",200,Thunderbird_C0000382,200,10795,"connection from "" # <num> # """,1,1,frequency_representative
7713359,Kerberos password accepted for user #307# (#307#@#24#).,E508,Kerberos password accepted for user <*> (<*>).,806,kerberos password accepted for user # <num> # (# <num> #@# <num> #).,43,Thunderbird_C0000383,43,806,kerberos password accepted for user # <num> # (# <num> # @ # <num> #).,1,1,frequency_representative
7713360,Password authentication for user #307# accepted.,E385,Password authentication for user <*> accepted.,806,password authentication for user # <num> # accepted.,43,Thunderbird_C0000384,43,806,password authentication for user # <num> # accepted.,1,1,frequency_representative
1587,Install: apply updates,E911,Install: apply updates,2601,install: apply updates,1,Thunderbird_C0000385,1,2601,install: apply updates,1,1,frequency_representative
1588,Kickstart Install: Reducing mingetty count ...,E1035,Kickstart Install: <*>,2600,kickstart install: reducing mingetty count ...,1,Thunderbird_C0000386,1,2600,kickstart install: reducing mingetty count...,1,1,frequency_representative
1589,Kickstart: Configure sysctl parameters,E455,Kickstart: Configure sysctl parameters,2601,kickstart: configure sysctl parameters,1,Thunderbird_C0000387,1,2601,kickstart: configure sysctl parameters,1,1,frequency_representative
1590,Kickstart: setup authorization schema,E494,Kickstart: setup authorization schema,2601,kickstart: setup authorization schema,1,Thunderbird_C0000388,1,2601,kickstart: setup authorization schema,1,1,frequency_representative
1591,Kickstart: setup soft links and NFS mounts,E431,Kickstart: setup soft links and NFS mounts,2602,kickstart: setup soft links and nfs mounts,1,Thunderbird_C0000389,1,2602,kickstart: setup soft links and nfs mounts,1,1,frequency_representative
1596,running '/usr/sbin/up2date-config' with root privileges on behalf of 'root',E484,running <*> with <*> privileges on behalf of '<*>',2600,running ' <path> ' with root privileges on behalf of 'root',1,Thunderbird_C0000390,1,2600,running ' <path> ' with root privileges on behalf of ' root ',1,1,frequency_representative
1606,Kickstart Install: CAP tarball,E1035,Kickstart Install: <*>,2600,kickstart install: cap tarball,1,Thunderbird_C0000391,1,2600,kickstart install: cap tarball,1,1,frequency_representative
1607,klogd shutdown failed,E1114,<*> shutdown failed,2602,klogd shutdown failed,1,Thunderbird_C0000392,1,2602,klogd shutdown failed,1,1,frequency_representative
1682,Kickstart Install: SNL COE Legal Banner,E1035,Kickstart Install: <*>,2603,kickstart install: snl coe legal banner,1,Thunderbird_C0000393,1,2603,kickstart install: snl coe legal banner,1,1,frequency_representative
1683,Kickstart Install: setup CAP sysconfig file,E1035,Kickstart Install: <*>,2602,kickstart install: setup cap sysconfig file,1,Thunderbird_C0000394,1,2602,kickstart install: setup cap sysconfig file,1,1,frequency_representative
1688,Kickstart Install: OSCAR modules RPMS,E1035,Kickstart Install: <*>,2603,kickstart install: oscar modules rpms,1,Thunderbird_C0000395,1,2603,kickstart install: oscar modules rpms,1,1,frequency_representative
1702,Kickstart Install: SISUITE Client RPMS,E1035,Kickstart Install: <*>,2605,kickstart install: sisuite client rpms,1,Thunderbird_C0000396,1,2605,kickstart install: sisuite client rpms,1,1,frequency_representative
1717,Kickstart Install: pdsh + ssh packages,E1035,Kickstart Install: <*>,2601,kickstart install: pdsh + ssh packages,1,Thunderbird_C0000397,1,2601,kickstart install: pdsh + ssh packages,1,1,frequency_representative
1728,Kickstart Install: oneSIS RPM,E1035,Kickstart Install: <*>,2599,kickstart install: onesis rpm,1,Thunderbird_C0000398,1,2599,kickstart install: onesis rpm,1,1,frequency_representative
1733,Kickstart Install: SUN JDK Package,E1035,Kickstart Install: <*>,2602,kickstart install: sun jdk package,1,Thunderbird_C0000399,1,2602,kickstart install: sun jdk package,1,1,frequency_representative
1754,"synchronized to LOCAL(0), stratum 10",E893,synchronized to <*> stratum <*>,6,"synchronized to local( <num> ), stratum <num>",1,Thunderbird_C0000400,1,6,"synchronized to local (<num>), stratum <num>",1,1,frequency_representative
1936,Install: Removing tftpboot installation link from 10.100.32.250,E291,Install: Removing tftpboot installation link from <*>,826,install: removing tftpboot installation link from <ip>,12,Thunderbird_C0000401,12,826,install: removing tftpboot installation link from <ip>,1,1,frequency_representative
2125,"Package Release ID=R106628 Package Description=Dell BMC Firmware, v.1.40, A05 Support Log path=/var/log/#26#/updatepackage/log/support/R106628.log Exit code = 2 (Reboot required)",E64,Package Release ID=<*> Package Description=<*> Support Log path=<*> Exit code = <*> (Reboot required),1296,"package release id=r106628 package description=dell bmc firmware, v. <num> , a05 support log path=/var/log/# <num> # <path> exit code = <num> (reboot required)",1,Thunderbird_C0000402,1,1296,"package release id = r 106628 package description = dell bmc firmware, v. <num>, a 05 support log path =/var/log/# <num> # <path> exit code = <num> (reboot required)",1,1,frequency_representative
2155,Got trap from peer on fd 13,E968,Got trap from peer on fd <*>,1239967,got trap from peer on fd <num>,1,Thunderbird_C0000403,1,1239967,got trap from peer on fd <num>,1,1,frequency_representative
2163,installing panasas drivers,E778,installing panasas drivers,4,installing panasas drivers,1,Thunderbird_C0000404,1,4,installing panasas drivers,1,1,frequency_representative
2193,PanFS Client version: rhel_4_amd64/release 2.3.1-171331.15 SMP,E849,PanFS Client version: <*> SMP,10687,panfs client version: <id> /release <num> . <num> - <num> smp,1,Thunderbird_C0000405,1,10687,panfs client version: <id>/release <num>. <num>-<num> smp,1,1,frequency_representative
2194,pan_common: init complete,E808,pan_common: init complete,10505,pan_common: init complete,1,Thunderbird_C0000406,1,10505,pan_common: init complete,1,1,frequency_representative
20505,pan_common: registered major number 249 for device panasas,E223,pan_common: registered major number <*> for device panasas,10547,pan_common: registered major number <num> for device panasas,7,Thunderbird_C0000407,7,10547,pan_common: registered major number <num> for device panasas,1,1,frequency_representative
2196,"pan_kmod: registered subdev 0x78 (""PANASAS kernel trace facility"")",E621,"pan_kmod: registered subdev <*> (""<*>"")",10586,"pan_kmod: registered subdev <hex> (""panasas kernel trace facility"")",1,Thunderbird_C0000408,1,10586,"pan_kmod: registered subdev <hex> ("" panasas kernel trace facility "")",1,1,frequency_representative
1494644,pan_trace: panfs trace buffer 0xffffffffa086e520 added.,E547,pan_trace: panfs trace buffer <*> added.,10593,pan_trace: panfs trace buffer <hex> added.,65,Thunderbird_C0000409,65,10593,pan_trace: panfs trace buffer <hex> added.,1,1,frequency_representative
2198,panfs mount: Byte range locking is turned ON,E405,panfs mount: Byte range locking is turned ON,10597,panfs mount: byte range locking is turned on,1,Thunderbird_C0000410,1,10597,panfs mount: byte range locking is turned on,1,1,frequency_representative
2199,panfs mount: Directory Caching is turned ON,E403,panfs mount: Directory Caching is turned ON,10536,panfs mount: directory caching is turned on,1,Thunderbird_C0000411,1,10536,panfs mount: directory caching is turned on,1,1,frequency_representative
2200,panfs mount: Dribble Writes mode is enabled,E783,panfs mount: <*> mode is enabled,10581,panfs mount: dribble writes mode is enabled,1,Thunderbird_C0000412,1,10581,panfs mount: dribble writes mode is enabled,1,1,frequency_representative
2201,"panfs mount: If you are running a GenuineIntel kernel, you may get an oops.",E206,"panfs mount: If you are running a <*> kernel, you may get an oops.",10617,"panfs mount: if you are running a genuineintel kernel, you may get an oops.",1,Thunderbird_C0000413,1,10617,"panfs mount: if you are running a genuineintel kernel, you may get an oops.",1,1,frequency_representative
2202,panfs mount: Read Ahead is turned ON at level 1,E415,panfs mount: Read Ahead is turned ON at level <*>,10645,panfs mount: read ahead is turned on at level <num>,1,Thunderbird_C0000414,1,10645,panfs mount: read ahead is turned on at level <num>,1,1,frequency_representative
2203,panfs mount: loading a AuthenticAMD CPU panfs.o kernel module on a GenuineIntel CPU,E244,panfs mount: loading a <*> CPU panfs.o kernel module on a <*> CPU,10649,panfs mount: loading a authenticamd cpu panfs.o kernel module on a genuineintel cpu,1,Thunderbird_C0000415,1,10649,panfs mount: loading a authenticamd cpu panfs. o kernel module on a genuineintel cpu,1,1,frequency_representative
2204,"panfs: no version for ""struct_module"" found: kernel tainted.",E386,panfs: no version for <*> found: kernel tainted.,8320,"panfs: no version for ""struct_module"" found: kernel tainted.",1,Thunderbird_C0000416,1,8320,"panfs: no version for "" struct_module "" found: kernel tainted.",1,1,frequency_representative
2208,mount.panfs: started PanFS device [panfs://#27#/home],E557,mount.panfs: started PanFS device [<*>],14062,mount.panfs: started panfs device [panfs://# <num> #/home],1,Thunderbird_C0000417,1,14062,mount. panfs: started panfs device [panfs:// # <num> #/home],1,1,frequency_representative
1665977,Instrumentation Service EventID: 1052 Temperature sensor returned to a normal value Sensor location: PROC_1 Temp Chassis location: Main System Chassis Previous state was: Unknown Temperature sensor value (in Degrees Celsius): 29.0,E4,Instrumentation Service EventID: <*> Temperature sensor returned to a normal value Sensor location: <*> Chassis location: <*> Previous state was: <*> Temperature sensor value (in Degrees Celsius): <*>,1896,instrumentation service eventid: <num> temperature sensor returned to a normal value sensor location: proc_1 temp chassis location: main system chassis previous state was: unknown temperature sensor value (in degrees celsius): <num>,22,Thunderbird_C0000418,53,5304,instrumentation service eventid: <num> temperature sensor returned to a normal value sensor location: <*> <*> temp chassis location: main system chassis previous state was: unknown temperature sensor value (in degrees celsius): <num>,2,1,frequency_representative
2214,Instrumentation Service EventID: 1052 Temperature sensor returned to a normal value Sensor location: BMC Ambient Temp Chassis location: Main System Chassis Previous state was: Unknown Temperature sensor value (in Degrees Celsius): 13.0,E4,Instrumentation Service EventID: <*> Temperature sensor returned to a normal value Sensor location: <*> Chassis location: <*> Previous state was: <*> Temperature sensor value (in Degrees Celsius): <*>,1684,instrumentation service eventid: <num> temperature sensor returned to a normal value sensor location: bmc ambient temp chassis location: main system chassis previous state was: unknown temperature sensor value (in degrees celsius): <num>,13,Thunderbird_C0000418,53,5304,instrumentation service eventid: <num> temperature sensor returned to a normal value sensor location: <*> <*> temp chassis location: main system chassis previous state was: unknown temperature sensor value (in degrees celsius): <num>,2,2,complex_sample
2410,RRD_update (/var/lib/ganglia/rrds/unspecified/badmin3/disk_total.rrd): illegal attempt to update using time 1131561571 when last update time is 1131561571 (minimum one second step),E45,RRD_update (<*>): illegal attempt to update using time <*> when last update time is <*> (minimum one second step),3572,rrd_update ( <path> ): illegal attempt to update using time <num> when last update time is <num> (minimum one second step),3572,Thunderbird_C0000419,3572,3572,rrd_update (<path>): illegal attempt to update using time <num> when last update time is <num> (minimum one second step),1,1,frequency_representative
2423,synchronisation lost,E958,synchronisation lost,10,synchronisation lost,1,Thunderbird_C0000420,1,10,synchronisation lost,1,1,frequency_representative
2471,(root) CMD (/projects/tbird/temps/get_temps e),E1223,(<*>) CMD (<*>),6054,(root) cmd ( <path> e),1,Thunderbird_C0000421,5,26516,(root) cmd (<path> <*>),3,1,frequency_representative
2462,(root) CMD (/projects/tbird/temps/get_temps a),E1223,(<*>) CMD (<*>),6053,(root) cmd ( <path> a),1,Thunderbird_C0000421,5,26516,(root) cmd (<path> <*>),3,2,complex_sample
2464,(root) CMD (/projects/tbird/temps/get_temps b),E1223,(<*>) CMD (<*>),6053,(root) cmd ( <path> b),1,Thunderbird_C0000421,5,26516,(root) cmd (<path> <*>),3,3,diverse_sample
2496,"User #29#, coming from #30#, authenticated.",E603,"User <*>, coming from <*>, authenticated.",9891,"user # <num> #, coming from # <num> #, authenticated.",233,Thunderbird_C0000422,234,9908,"user # <num> #, coming from <*> <*> <*>, authenticated.",2,1,frequency_representative
11262009,"User #426#, coming from localhost.localdomain, authenticated.",E603,"User <*>, coming from <*>, authenticated.",17,"user # <num> #, coming from localhost.localdomain, authenticated.",1,Thunderbird_C0000422,234,9908,"user # <num> #, coming from <*> <*> <*>, authenticated.",2,2,complex_sample
2499,Now running on #29#'s privileges.,E749,Now running on <*>'s privileges.,9999,now running on # <num> #'s privileges.,89,Thunderbird_C0000423,89,9999,now running on # <num> # ' s privileges.,1,1,frequency_representative
11014,"Device: /dev/sda, Temperature changed 2 Celsius to 25 Celsius since last report",E151,"Device: <*>, Temperature changed <*> Celsius to <*> Celsius since last report",8650,"device: /dev/sda, temperature changed <num> celsius to <num> celsius since last report",125,Thunderbird_C0000424,125,8650,"device:/dev/sda, temperature changed <num> celsius to <num> celsius since last report",1,1,frequency_representative
4387,STATS: dropped 0,E1133,STATS: dropped <*>,831,stats: dropped <num>,53,Thunderbird_C0000425,53,831,stats: dropped <num>,1,1,frequency_representative
4716,(root) CMD (run-parts /etc/cron.hourly),E1223,(<*>) CMD (<*>),639572,(root) cmd (run-parts /etc/cron.hourly),1,Thunderbird_C0000426,4,674817,(root) cmd (run-parts/etc/cron. <*>),3,1,frequency_representative
8061138,(root) CMD (run-parts /etc/cron.monthly),E1223,(<*>) CMD (<*>),633,(root) cmd (run-parts /etc/cron.monthly),1,Thunderbird_C0000426,4,674817,(root) cmd (run-parts/etc/cron. <*>),3,2,complex_sample
138915,(root) CMD (run-parts /etc/cron.daily),E1223,(<*>) CMD (<*>),29026,(root) cmd (run-parts /etc/cron.daily),1,Thunderbird_C0000426,4,674817,(root) cmd (run-parts/etc/cron. <*>),3,3,diverse_sample
4821,process_limit: processing hard nofile 32768 for DEFAULT,E288,process_limit: processing hard nofile <*> for DEFAULT,435,process_limit: processing hard nofile <num> for default,1,Thunderbird_C0000427,1,435,process_limit: processing hard nofile <num> for default,1,1,frequency_representative
4822,reading settings from '/etc/security/limits.conf',E885,reading settings from '<*>',193,reading settings from ' <path> ',1,Thunderbird_C0000428,1,193,reading settings from ' <path> ',1,1,frequency_representative
5289,time reset +0.182379 s,E1185,time reset <*> s,613,time reset <num> s,613,Thunderbird_C0000429,613,613,time reset <num> s,1,1,frequency_representative
5395,Received SNMP packet(s) from #34#,E746,Received SNMP packet(s) from <*>,63,received snmp packet(s) from # <num> #,2,Thunderbird_C0000430,2,63,received snmp packet (s) from # <num> #,1,1,frequency_representative
6011,CentOS-4 (Kernel Module GPG key),E689,CentOS-<*> (Kernel Module GPG key),12,<id> (kernel module gpg key),1,Thunderbird_C0000431,1,12,<id> (kernel module gpg key),1,1,frequency_representative
6012,(supports S0 S4 S5),E1194,(supports <*> <*> <*>),14,(supports s0 s4 s5),1,Thunderbird_C0000432,1,14,(supports s 0 s 4 s 5),1,1,frequency_representative
6013,DSDT (v001 DELL PE BKC 0x00000001 MSFT 0x0100000e) @ 0x0000000000000000,E947,DSDT (<*> DELL PE BKC <*> MSFT <*>) @ <*>,13,dsdt (v001 dell pe bkc <hex> msft <hex> ) @ <hex>,1,Thunderbird_C0000433,1,13,dsdt (v 001 dell pe bkc <hex> msft <hex>) @ <hex>,1,1,frequency_representative
6014,FADT (v001 DELL PE BKC 0x00000001 MSFT 0x0100000a) @ 0x00000000000fd6b0,E946,FADT (<*> DELL PE BKC <*> MSFT <*>) @ <*>,13,fadt (v001 dell pe bkc <hex> msft <hex> ) @ <hex>,1,Thunderbird_C0000434,1,13,fadt (v 001 dell pe bkc <hex> msft <hex>) @ <hex>,1,1,frequency_representative
6015,HPET (v001 DELL PE BKC 0x00000001 MSFT 0x0100000a) @ 0x00000000000fd81c,E945,HPET (<*> DELL PE BKC <*> MSFT <*>) @ <*>,13,hpet (v001 dell pe bkc <hex> msft <hex> ) @ <hex>,1,Thunderbird_C0000435,1,13,hpet (v 001 dell pe bkc <hex> msft <hex>) @ <hex>,1,1,frequency_representative
6016,HPET id: 0xffffffff base: 0xfed00000,E1156,HPET id: <*> base: <*>,13,hpet id: <hex> base: <hex>,1,Thunderbird_C0000436,1,13,hpet id: <hex> base: <hex>,1,1,frequency_representative
6017,INT_SRC_OVR (bus 0 bus_irq 0 global_irq 2 dfl dfl),E377,INT_SRC_OVR (bus <*> bus_irq <*> global_irq <*> dfl dfl),13,int_src_ovr (bus <num> bus_irq <num> global_irq <num> dfl dfl),1,Thunderbird_C0000437,1,13,int_src_ovr (bus <num> bus_irq <num> global_irq <num> dfl dfl),1,1,frequency_representative
6018,IOAPIC (id[0x08] address[0xfec00000] gsi_base[0]),E582,IOAPIC (id[<*>] address[<*>] gsi_base[<*>]),39,ioapic (id[ <hex> ] address[ <hex> ] gsi_base[ <num> ]),6,Thunderbird_C0000438,6,39,ioapic (id [<hex>] address [<hex>] gsi_base [<num>]),1,1,frequency_representative
6021,Interpreter enabled,E996,Interpreter enabled,13,interpreter enabled,1,Thunderbird_C0000439,1,13,interpreter enabled,1,1,frequency_representative
6022,LAPIC (acpi_id[0x01] lapic_id[0x00] enabled),E537,LAPIC (acpi_id[<*>] lapic_id[<*>] enabled),48,lapic (acpi_id[ <hex> ] lapic_id[ <hex> ] enabled),4,Thunderbird_C0000440,6,52,lapic (acpi_id [<hex>] lapic_id [<hex>] <*>),2,1,frequency_representative
7714434,LAPIC (acpi_id[0x03] lapic_id[0x01] disabled),E509,LAPIC (acpi_id[<*>] lapic_id[<*>] disabled),4,lapic (acpi_id[ <hex> ] lapic_id[ <hex> ] disabled),2,Thunderbird_C0000440,6,52,lapic (acpi_id [<hex>] lapic_id [<hex>] <*>),2,2,complex_sample
6026,LAPIC_NMI (acpi_id[0x01] high edge lint[0x1]),E513,LAPIC_NMI (acpi_id[<*>] high edge lint[<*>]),52,lapic_nmi (acpi_id[ <hex> ] high edge lint[ <hex> ]),4,Thunderbird_C0000441,4,52,lapic_nmi (acpi_id [<hex>] high edge lint [<hex>]),1,1,frequency_representative
6030,Local APIC address 0xfee00000,E1057,Local APIC address <*>,13,local apic address <hex>,1,Thunderbird_C0000442,1,13,local apic address <hex>,1,1,frequency_representative
6031,PCI Interrupt Link [LNKA] (IRQs 3 4 5 6 7 10 11 12) *14,E803,PCI Interrupt Link [<*>] (IRQs <*>) <*>,14,pci interrupt link [lnka] (irqs <num> <num> <num> <num> <num> <num> <num> <num> ) * <num>,2,Thunderbird_C0000443,4,28,pci interrupt link [<*>] (irqs <num> <num> <num> <num> <num> <num> <num> <num>) * <num>,2,1,frequency_representative
6032,PCI Interrupt Link [LNKC] (IRQs 3 4 5 6 7 10 11 12) *15,E803,PCI Interrupt Link [<*>] (IRQs <*>) <*>,12,pci interrupt link [lnkc] (irqs <num> <num> <num> <num> <num> <num> <num> <num> ) * <num>,1,Thunderbird_C0000443,4,28,pci interrupt link [<*>] (irqs <num> <num> <num> <num> <num> <num> <num> <num>) * <num>,2,2,complex_sample
6034,"PCI Interrupt Link [LNKE] (IRQs 3 4 5 6 7 10 11 12) *0, disabled.",E803,PCI Interrupt Link [<*>] (IRQs <*>) <*>,14,"pci interrupt link [lnke] (irqs <num> <num> <num> <num> <num> <num> <num> <num> ) * <num> , disabled.",1,Thunderbird_C0000444,5,66,"pci interrupt link [<*>] (irqs <num> <num> <num> <num> <num> <num> <num> <num>) * <num>, disabled.",3,1,frequency_representative
6035,"PCI Interrupt Link [LNKF] (IRQs 3 4 5 6 7 10 11 12) *0, disabled.",E803,PCI Interrupt Link [<*>] (IRQs <*>) <*>,14,"pci interrupt link [lnkf] (irqs <num> <num> <num> <num> <num> <num> <num> <num> ) * <num> , disabled.",1,Thunderbird_C0000444,5,66,"pci interrupt link [<*>] (irqs <num> <num> <num> <num> <num> <num> <num> <num>) * <num>, disabled.",3,2,complex_sample
6036,"PCI Interrupt Link [LNKG] (IRQs 3 4 5 6 7 10 11 12) *0, disabled.",E803,PCI Interrupt Link [<*>] (IRQs <*>) <*>,14,"pci interrupt link [lnkg] (irqs <num> <num> <num> <num> <num> <num> <num> <num> ) * <num> , disabled.",1,Thunderbird_C0000444,5,66,"pci interrupt link [<*>] (irqs <num> <num> <num> <num> <num> <num> <num> <num>) * <num>, disabled.",3,3,diverse_sample
6038,PCI Interrupt Routing Table [\_SB_.PCI0.PALO.DOBA._PRT],E727,PCI Interrupt Routing Table [<*>],138,pci interrupt routing table [\ <id> ],10,Thunderbird_C0000445,10,138,pci interrupt routing table [\ <id>],1,1,frequency_representative
6048,PCI Root Bridge [PCI0] (00:00),E1038,PCI Root Bridge [<*>] (<*>),13,pci root bridge [pci0] ( <num> : <num> ),1,Thunderbird_C0000446,1,13,pci root bridge [pci 0] (<num>: <num>),1,1,frequency_representative
6053,"PCI interrupt 0000:02:0e.0[A] -> GSI 46 (level, low) -> IRQ 177",E567,"PCI interrupt <*>[<*>] -> GSI <*> (level, <*>) -> IRQ <*>",159,"pci interrupt <ip> . <num> [a] -> gsi <num> (level, low) -> irq <num>",13,Thunderbird_C0000447,16,165,"pci interrupt <ip>. <num> [<*>]-> gsi <num> (level, low)-> irq <num>",2,1,frequency_representative
250685,"PCI interrupt 0000:00:1d.1[B] -> GSI 19 (level, low) -> IRQ 177",E567,"PCI interrupt <*>[<*>] -> GSI <*> (level, <*>) -> IRQ <*>",2,"pci interrupt <ip> . <num> [b] -> gsi <num> (level, low) -> irq <num>",1,Thunderbird_C0000447,16,165,"pci interrupt <ip>. <num> [<*>]-> gsi <num> (level, low)-> irq <num>",2,2,complex_sample
6060,Power Button (FF) [PWRF],E1093,Power Button (<*>) [<*>],15,power button (ff) [pwrf],1,Thunderbird_C0000448,1,15,power button (ff) [pwrf],1,1,frequency_representative
6061,Processor [CPU0] (supports C1),E888,Processor <*> (supports C1),14,processor [cpu0] (supports c1),1,Thunderbird_C0000449,4,50,processor [cpu <*>] (supports c 1),2,1,frequency_representative
6062,Processor [CPU1] (supports C1),E888,Processor <*> (supports C1),14,processor [cpu1] (supports c1),1,Thunderbird_C0000449,4,50,processor [cpu <*>] (supports c 1),2,2,complex_sample
6065,Subsystem revision 20040816,E1030,Subsystem revision <*>,13,subsystem revision <num>,1,Thunderbird_C0000450,1,13,subsystem revision <num>,1,1,frequency_representative
6066,Using IOAPIC for interrupt routing,E590,Using IOAPIC for interrupt routing,13,using ioapic for interrupt routing,1,Thunderbird_C0000451,1,13,using ioapic for interrupt routing,1,1,frequency_representative
6070,00000000cffcfc00 - 00000000cffff000 (reserved),E1179,<*> - <*> (reserved),65,<hex> - <hex> (reserved),5,Thunderbird_C0000452,9,104,<hex>-<hex> (<*>),2,1,frequency_representative
6067,0000000000000000 - 00000000000a0000 (usable),E1204,<*> - <*> (usable),39,<hex> - <hex> (usable),4,Thunderbird_C0000452,9,104,<hex>-<hex> (<*>),2,2,complex_sample
6069,00000000cffc0000 - 00000000cffcfc00 (ACPI data),E1178,<*> - <*> (ACPI data),13,<hex> - <hex> (acpi data),1,Thunderbird_C0000453,1,13,<hex>-<hex> (acpi data),1,1,frequency_representative
6077,L2 cache: 2048K,E1210,L2 cache: <*>,61,l2 cache: 2048k,1,Thunderbird_C0000454,1,61,l 2 cache: 2048 k,1,1,frequency_representative
6082,Physical Processor ID: 0,E929,Physical Processor ID: <*>,55,physical processor id: <num>,2,Thunderbird_C0000455,2,55,physical processor id: <num>,1,1,frequency_representative
6087,"Trace cache: 12K uops, L1 D cache: 16K",E761,"Trace cache: <*> uops, L1 D cache: <*>",61,"trace cache: 12k uops, l1 d cache: 16k",1,Thunderbird_C0000456,1,61,"trace cache: 12 k uops, l 1 d cache: 16 k",1,1,frequency_representative
6092,colour VGA+ 80x25,E1233,colour <*> <*>,13,colour vga+ 80x25,1,Thunderbird_C0000457,1,13,colour vga + 80 x 25,1,1,frequency_representative
6093,"4096 pages, LIFO batch:1",E1067,"<*> pages, LIFO batch:<*>",26,"<num> pages, lifo batch: <num>",2,Thunderbird_C0000458,2,26,"<num> pages, lifo batch: <num>",1,1,frequency_representative
6094,"512 (order 0, 4096 bytes)",E1145,"<*> (order <*>, <*> bytes)",14,"<num> (order <num> , <num> bytes)",1,Thunderbird_C0000459,1,14,"<num> (order <num>, <num> bytes)",1,1,frequency_representative
6095,mounted filesystem with ordered data mode.,E404,mounted filesystem with ordered data mode.,47,mounted filesystem with ordered data mode.,1,Thunderbird_C0000460,1,47,mounted filesystem with ordered data mode.,1,1,frequency_representative
6099,"routing cache hash table of 65536 buckets, 1024Kbytes",E581,"routing cache hash table of <*> buckets, <*>",14,"routing cache hash table of <num> buckets, <id>",2,Thunderbird_C0000461,2,14,"routing cache hash table of <num> buckets, <id>",1,1,frequency_representative
6100,PCI Hot Plug PCI Core version: 0.5,E756,PCI Hot Plug PCI Core version: <*>,14,pci hot plug pci core version: <num>,1,Thunderbird_C0000462,1,14,pci hot plug pci core version: <num>,1,1,frequency_representative
6101,"root=LABEL=/ initrd=/x86_64/initrd-2.6.9-5.0.5.EL-lustre-1.4.2-perfctr-admin console=tty0 console=ttyS0,19200 fastboot BOOT_IMAGE=/x86_64/vmlinuz-2.6.9-5.0.5.EL-lustre-1.4.2-perfctr",E251,root=<*> initrd=<*> console=<*> console=<*> fastboot BOOT_IMAGE=<*>,12,"root=label=/ initrd= <path> console=tty0 console=ttys0, <num> fastboot boot_image= <path>",1,Thunderbird_C0000463,1,12,"root = label =/initrd = <path> console = tty 0 console = ttys 0, <num> fastboot boot_image = <path>",1,1,frequency_representative
6102,"12302088k/13369344k available (2341k kernel code, 0k reserved, 924k data, 196k init)",E345,"<*> available (<*> kernel code, <*> reserved, <*> data, <*> init)",12,"<id> / <id> available (2341k kernel code, 0k reserved, 924k data, 196k init)",1,Thunderbird_C0000464,2,13,"<id>/<id> available (<*> k kernel code, 0 k reserved, <*> k data, <*> k init)",2,1,frequency_representative
11445879,"6109744k/7077888k available (2033k kernel code, 0k reserved, 1252k data, 188k init)",E345,"<*> available (<*> kernel code, <*> reserved, <*> data, <*> init)",1,"<id> / <id> available (2033k kernel code, 0k reserved, 1252k data, 188k init)",1,Thunderbird_C0000464,2,13,"<id>/<id> available (<*> k kernel code, 0 k reserved, <*> k data, <*> k init)",2,2,complex_sample
6277,Registered protocol family 10,E792,Registered protocol family <*>,70,registered protocol family <num>,5,Thunderbird_C0000465,5,70,registered protocol family <num>,1,1,frequency_representative
6107,"3338240 pages, LIFO batch:16",E1067,"<*> pages, LIFO batch:<*>",13,"<num> pages, lifo <id>",2,Thunderbird_C0000466,2,13,"<num> pages, lifo <id>",1,1,frequency_representative
6108,Using software bounce buffering for IO (SWIOTLB),E316,Using software bounce buffering for IO (SWIOTLB),14,using software bounce buffering for io (swiotlb),1,Thunderbird_C0000467,1,14,using software bounce buffering for io (swiotlb),1,1,frequency_representative
6109,Probing PCI hardware (bus 00),E816,Probing PCI hardware (bus <*>),13,probing pci hardware (bus <num> ),1,Thunderbird_C0000468,1,13,probing pci hardware (bus <num>),1,1,frequency_representative
6110,Transparent bridge - 0000:00:1e.0,E1010,Transparent bridge - <*>,13,transparent bridge - <ip> . <num>,1,Thunderbird_C0000469,1,13,transparent bridge-<ip>. <num>,1,1,frequency_representative
6111,Using MMCONFIG at e0000000,E1084,Using MMCONFIG at <*>,13,using mmconfig at <id>,1,Thunderbird_C0000470,1,13,using mmconfig at <id>,1,1,frequency_representative
6112,Using configuration type 1,E859,Using configuration type <*>,13,using configuration type <num>,1,Thunderbird_C0000471,1,13,using configuration type <num>,1,1,frequency_representative
6113,16 RAM disks of 16384K size 1024 blocksize,E838,<*> RAM disks of <*> size <*> blocksize,14,<num> ram disks of 16384k size <num> blocksize,1,Thunderbird_C0000472,1,14,<num> ram disks of 16384 k size <num> blocksize,1,1,frequency_representative
6114,Compressed image found at block 0,E680,Compressed image found at block <*>,12,compressed image found at block <num>,1,Thunderbird_C0000473,1,12,compressed image found at block <num>,1,1,frequency_representative
6115,286515200 512-byte hdwr sectors (146696 MB),E943,<*> <*>-byte hdwr sectors (<*> MB),15,<num> <id> hdwr sectors ( <num> mb),2,Thunderbird_C0000474,2,15,<num> <id> hdwr sectors (<num> mb),1,1,frequency_representative
6116,Disabled at runtime.,E1001,Disabled at runtime.,15,disabled at runtime.,1,Thunderbird_C0000475,1,15,disabled at runtime.,1,1,frequency_representative
6117,Initializing.,E1132,Initializing.,13,initializing.,1,Thunderbird_C0000476,1,13,initializing.,1,1,frequency_representative
6118,Registering netfilter hooks,E740,Registering netfilter hooks,14,registering netfilter hooks,1,Thunderbird_C0000477,1,14,registering netfilter hooks,1,1,frequency_representative
6119,Starting in permissive mode,E779,Starting in permissive mode,13,starting in permissive mode,1,Thunderbird_C0000478,1,13,starting in permissive mode,1,1,frequency_representative
6120,Unregistering netfilter hooks,E678,Unregistering netfilter hooks,15,unregistering netfilter hooks,1,Thunderbird_C0000479,1,15,unregistering netfilter hooks,1,1,frequency_representative
6121,"8250/16550 driver $Revision: 1.90 $ 8 ports, IRQ sharing enabled",E624,"<*> driver <*> ports, IRQ sharing enabled",14,"<num> / <num> driver $revision: <num> $ <num> ports, irq sharing enabled",1,Thunderbird_C0000480,1,14,"<num>/<num> driver $ revision: <num> $ <num> ports, irq sharing enabled",1,1,frequency_representative
6122,Hash tables configured (established 262144 bind 65536),E418,Hash tables configured (established <*> bind <*>),14,hash tables configured (established <num> bind <num> ),1,Thunderbird_C0000481,1,14,hash tables configured (established <num> bind <num>),1,1,frequency_representative
6123,Direct-Access ANSI SCSI revision: 02,E595,Direct-Access ANSI SCSI revision: <*>,15,direct-access ansi scsi revision: <num>,1,Thunderbird_C0000482,1,15,direct-access ansi scsi revision: <num>,1,1,frequency_representative
6124,Processor ANSI SCSI revision: 02,E717,Processor ANSI SCSI revision: <*>,15,processor ansi scsi revision: <num>,1,Thunderbird_C0000483,1,15,processor ansi scsi revision: <num>,1,1,frequency_representative
6125,Disk quotas dquot_6.5.1,E1187,Disk quotas <*>,14,disk quotas <id>,1,Thunderbird_C0000484,1,14,disk quotas <id>,1,1,frequency_representative
6126,Mounted root (ext2 filesystem).,E940,Mounted <*> (<*> filesystem).,12,mounted root (ext2 filesystem).,1,Thunderbird_C0000485,1,12,mounted root (ext 2 filesystem).,1,1,frequency_representative
6127,MegaRAID Model: LD 0 RAID1 139G Rev: 516A,E766,MegaRAID Model: LD <*> RAID1 <*> Rev: <*>,14,megaraid model: ld <num> raid1 139g rev: 516a,1,Thunderbird_C0000486,1,14,megaraid model: ld <num> raid 1 139 g rev: 516 a,1,1,frequency_representative
6128,PE/PV Model: 1x2 SCSI BP Rev: 1.0,E896,PE/PV Model: <*> SCSI BP Rev: <*>,15,pe/pv model: 1x2 scsi bp rev: <num>,1,Thunderbird_C0000487,1,15,pe/pv model: 1 x 2 scsi bp rev: <num>,1,1,frequency_representative
6129,initialized,E1166,initialized,14,initialized,1,Thunderbird_C0000488,1,14,initialized,1,1,frequency_representative
6130,initializing netlink socket (disabled),E458,initializing netlink socket (disabled),14,initializing netlink socket (disabled),1,Thunderbird_C0000489,1,14,initializing netlink socket (disabled),1,1,frequency_representative
6131,passed.,E1216,passed.,13,passed.,1,Thunderbird_C0000490,1,13,passed.,1,1,frequency_representative
6132,4.1.0-ioctl (2003-12-10) initialised: #36#@#37#,E873,<*>-ioctl (<*>-<*>-<*>) initialised: <*>,15,<id> ( <date> ) initialised: # <num> #@# <num> #,2,Thunderbird_C0000491,2,15,<id> (<date>) initialised: # <num> # @ # <num> #,1,1,frequency_representative
6133,not allocating divert_blk for non-ethernet device lo,E289,not allocating divert_blk for non-ethernet device <*>,14,not allocating divert_blk for non-ethernet device lo,1,Thunderbird_C0000492,1,14,not allocating divert_blk for non-ethernet device lo,1,1,frequency_representative
6134,no floppy controllers found,E771,no floppy controllers found,15,no floppy controllers found,1,Thunderbird_C0000493,1,15,no floppy controllers found,1,1,frequency_representative
6135,RNG not detected,E1106,RNG not detected,15,rng not detected,1,Thunderbird_C0000494,1,15,rng not detected,1,1,frequency_representative
6136,Wait for ready failed before probe !,E585,Wait for ready failed before probe !,72,wait for ready failed before probe !,1,Thunderbird_C0000495,1,72,wait for ready failed before probe!,1,1,frequency_representative
6142,Unknown cmd fd(5) cmd(80081272){00} arg(ffffda44) on /dev/sda,E666,Unknown cmd fd(<*>) cmd(<*>){<*>} arg(<*>) on <*>,12,unknown cmd fd( <num> ) cmd( <num> ){ <num> } arg( <id> ) on /dev/sda,1,Thunderbird_C0000496,1,12,unknown cmd fd (<num>) cmd (<num>) {<num>} arg (<id>) on/dev/sda,1,1,frequency_representative
6143,(C) 2000-2002 Netfilter core team,E932,(C) <*> Netfilter core team,54,(c) <num> - <num> netfilter core team,1,Thunderbird_C0000497,1,54,(c) <num>-<num> netfilter core team,1,1,frequency_representative
6147,Installing public key data,E814,Installing public key data,14,installing public key data,1,Thunderbird_C0000498,1,14,installing public key data,1,1,frequency_representative
6148,... autorun DONE.,E1075,... autorun DONE.,27,... autorun done.,1,Thunderbird_C0000499,1,27,... autorun done.,1,1,frequency_representative
6150,Autodetecting RAID arrays.,E776,Autodetecting RAID arrays.,27,autodetecting raid arrays.,1,Thunderbird_C0000500,1,27,autodetecting raid arrays.,1,1,frequency_representative
6152,autorun ...,E1182,autorun ...,27,autorun ...,1,Thunderbird_C0000501,1,27,autorun...,1,1,frequency_representative
6154,"md driver 0.90.0 MAX_MD_DEVS=256, MD_SB_DISKS=27",E540,"md driver <*> MAX_MD_DEVS=<*>, MD_SB_DISKS=<*>",14,"md driver <num> . <num> max_md_devs= <num> , md_sb_disks= <num>",1,Thunderbird_C0000502,1,14,"md driver <num>. <num> max_md_devs = <num>, md_sb_disks = <num>",1,1,frequency_representative
6155,#38#-rh1 (Release Date: Fri Dec 10 19:02:14 EST 2004),E1017,<*>-rh1 (Release Date: <*>),12,# <num> #-rh1 (release date: fri dec <num> <ip> est <num> ),1,Thunderbird_C0000503,1,12,# <num> #-rh 1 (release date: fri dec <num> <ip> est <num>),1,1,frequency_representative
6156,#39# (Release Date: Mon Sep 27 22:15:07 EDT 2004),E1122,<*> (Release Date: <*>),12,# <num> # (release date: mon sep <num> <ip> edt <num> ),1,Thunderbird_C0000504,1,12,# <num> # (release date: mon sep <num> <ip> edt <num>),1,1,frequency_representative
6157,fw version:[516A] bios version:[H418],E728,fw version:[<*>] bios version:[<*>],15,fw version:[516a] bios version:[h418],1,Thunderbird_C0000505,1,15,fw version: [516 a] bios version: [h 418],1,1,frequency_representative
6158,probe new device 0x1028:0x0013:0x1028:0x016c: bus 2:slot 14:func 0,E665,probe new device <*>: bus <*>:slot <*>:func <*>,15,probe new device <hex> : <hex> : <hex> : <hex> : bus <num> :slot <num> :func <num>,1,Thunderbird_C0000506,1,15,probe new device <hex>: <hex>: <hex>: <hex>: bus <num>: slot <num>: func <num>,1,1,frequency_representative
6159,PS/2 mouse device common for all mice,E690,<*> mouse device common for all mice,14,ps/ <num> mouse device common for all mice,1,Thunderbird_C0000507,1,14,ps/<num> mouse device common for all mice,1,1,frequency_representative
6160,v2.0 (20020519),E1238,v2.<*> (<*>),13,v2. <num> ( <num> ),1,Thunderbird_C0000508,1,13,v 2. <num> (<num>),1,1,frequency_representative
6162,852.05 usecs.,E1229,<*> usecs.,13,<num> usecs.,1,Thunderbird_C0000509,1,13,<num> usecs.,1,1,frequency_representative
6165,LSI Logic MegaRAID driver,E843,LSI Logic MegaRAID driver,15,lsi logic megaraid driver,1,Thunderbird_C0000510,1,15,lsi logic megaraid driver,1,1,frequency_representative
6166,scanning scsi channel 0 [Phy 0] for non-raid devices,E320,scanning scsi channel <*> [Phy <*>] for non-raid devices,15,scanning scsi channel <num> [phy <num> ] for non-raid devices,1,Thunderbird_C0000511,1,15,scanning scsi channel <num> [phy <num>] for non-raid devices,1,1,frequency_representative
6167,scanning scsi channel 1 [virtual] for logical drives,E295,scanning scsi channel <*> [virtual] for logical drives,15,scanning scsi channel <num> [virtual] for logical drives,1,Thunderbird_C0000512,1,15,scanning scsi channel <num> [virtual] for logical drives,1,1,frequency_representative
6168,Registering secondary module capability,E430,Registering secondary module capability,13,registering secondary module capability,1,Thunderbird_C0000513,1,13,registering secondary module capability,1,1,frequency_representative
6169,"i8042 AUX port at 0x60,0x64 irq 12",E1157,<*> AUX port at <*> irq <*>,14,"i8042 aux port at <hex> , <hex> irq <num>",1,Thunderbird_C0000514,1,14,"i 8042 aux port at <hex>, <hex> irq <num>",1,1,frequency_representative
6170,syslog-ng startup succeeded,E1056,<*> startup succeeded,30,syslog-ng startup succeeded,1,Thunderbird_C0000515,1,30,syslog-ng startup succeeded,1,1,frequency_representative
6171,syslog-ng version 1.6.7 starting,E788,syslog-ng version <*> starting,27,syslog-ng version <num> . <num> starting,2,Thunderbird_C0000516,2,27,syslog-ng version <num>. <num> starting,1,1,frequency_representative
6172,1 msecs.,E1228,<*> msecs.,13,<num> msecs.,1,Thunderbird_C0000517,1,13,<num> msecs.,1,1,frequency_representative
6173,Detected 3591.360 MHz processor.,E881,Detected <*> MHz processor.,13,detected <num> mhz processor.,9,Thunderbird_C0000518,9,13,detected <num> mhz processor.,1,1,frequency_representative
6174,Using 14.318180 MHz HPET timer.,E1006,Using <*> MHz HPET timer.,13,using <num> mhz hpet timer.,1,Thunderbird_C0000519,1,13,using <num> mhz hpet timer.,1,1,frequency_representative
6175,Using HPET based timekeeping.,E711,Using HPET based timekeeping.,13,using hpet based timekeeping.,1,Thunderbird_C0000520,1,13,using hpet based timekeeping.,1,1,frequency_representative
6177,registered new driver hiddev,E736,registered new driver hiddev,12,registered new driver hiddev,1,Thunderbird_C0000521,1,12,registered new driver hiddev,1,1,frequency_representative
6178,probe of vesafb0 failed with error -6,E862,probe of <*> failed with error <*>,12,probe of vesafb0 failed with error <num>,1,Thunderbird_C0000522,1,12,probe of vesafb 0 failed with error <num>,1,1,frequency_representative
6203,Warning: we failed to resolve data source name an14 an15 an16 an17 an18 an19 an20 an21 an22 an23 an24 an25 an26 an27 an28 an29 an30 an31 an32 an33 an34 an35 an36 an37 an38 an39 an40 an41 an42 an43 an44 an45 an46 an47 an48 an49 an50 an51 an52 an53 an54 an55 an56 an57 an58 an59 an60 an61 an62 an63 an64 an65 an66 an67 an68 an69 an70 an71 an72 an73 an74 an75 an76 an77 an78 an79 an80 an81 an82 an83 an84 an85 an86 an87 an88 an89 an90 an91 an92 an93 an94 an95 an96 an97 an98 an99 an100 an101 an102 an103 an104 an105 an106 an107 an108 an109 an110 an111 an112 an113 an114 an115 an116 an117 an118 an119 an120 an121 an122 an123 an124 an125 an126 an127 an128,E369,Warning: we failed to resolve data source name <*>,24,warning: we failed to resolve data source name an14 an15 an16 an17 an18 an19 an20 an21 an22 an23 an24 an25 an26 an27 an28 an29 an30 an31 an32 an33 an34 an35 an36 an37 an38 an39 an40 an41 an42 an43 an44 an45 an46 an47 an48 an49 an50 an51 an52 an53 an54 an55 an56 an57 an58 an59 an60 an61 an62 an63 an64 an65 an66 an67 an68 an69 an70 an71 an72 an73 an74 an75 an76 an77 an78 an79 an80 an81 an82 an83 an84 an85 an86 an87 an88 an89 an90 an91 an92 an93 an94 an95 an96 an97 an98 an99 an100 an101 an102 an103 an104 an105 an106 an107 an108 an109 an110 an111 an112 an113 an114 an115 an116 an117 an118 an119 an120 an121 an122 an123 an124 an125 an126 an127 an128,1,Thunderbird_C0000523,1,24,warning: we failed to resolve data source name an 14 an 15 an 16 an 17 an 18 an 19 an 20 an 21 an 22 an 23 an 24 an 25 an 26 an 27 an 28 an 29 an 30 an 31 an 32 an 33 an 34 an 35 an 36 an 37 an 38 an 39 an 40 an 41 an 42 an 43 an 44 an 45 an 46 an 47 an 48 an 49 an 50 an 51 an 52 an 53 an 54 an 55 an 56 an 57 an 58 an 59 an 60 an 61 an 62 an 63 an 64 an 65 an 66 an 67 an 68 an 69 an 70 an 71 an 72 an 73 an 74 an 75 an 76 an 77 an 78 an 79 an 80 an 81 an 82 an 83 an 84 an 85 an 86 an 87 an 88 an 89 an 90 an 91 an 92 an 93 an 94 an 95 an 96 an 97 an 98 an 99 an 100 an 101 an 102 an 103 an 104 an 105 an 106 an 107 an 108 an 109 an 110 an 111 an 112 an 113 an 114 an 115 an 116 an 117 an 118 an 119 an 120 an 121 an 122 an 123 an 124 an 125 an 126 an 127 an 128,1,1,frequency_representative
6205,Warning: we failed to resolve data source name an142 an143 an144 an145 an146 an147 an148 an149 an150 an151 an152 an153 an154 an155 an156 an157 an158 an159 an160 an161 an162 an163 an164 an165 an166 an167 an168 an169 an170 an171 an172 an173 an174 an175 an176 an177 an178 an179 an180 an181 an182 an183 an184 an185 an186 an187 an188 an189 an190 an191 an192 an193 an194 an195 an196 an197 an198 an199 an200 an201 an202 an203 an204 an205 an206 an207 an208 an209 an210 an211 an212 an213 an214 an215 an216 an217 an218 an219 an220 an221 an222 an223 an224 an225 an226 an227 an228 an229 an230 an231 an232 an233 an234 an235 an236 an237 an238 an239 an240 an241 an242 an243 an244 an245 an246 an247 an248 an249 an250 an251 an252 an253 an254 an255 an256,E369,Warning: we failed to resolve data source name <*>,12,warning: we failed to resolve data source name an142 an143 an144 an145 an146 an147 an148 an149 an150 an151 an152 an153 an154 an155 an156 an157 an158 an159 an160 an161 an162 an163 an164 an165 an166 an167 an168 an169 an170 an171 an172 an173 an174 an175 an176 an177 an178 an179 an180 an181 an182 an183 an184 an185 an186 an187 an188 an189 an190 an191 an192 an193 an194 an195 an196 an197 an198 an199 an200 an201 an202 an203 an204 an205 an206 an207 an208 an209 an210 an211 an212 an213 an214 an215 an216 an217 an218 an219 an220 an221 an222 an223 an224 an225 an226 an227 an228 an229 an230 an231 an232 an233 an234 an235 an236 an237 an238 an239 an240 an241 an242 an243 an244 an245 an246 an247 an248 an249 an250 an251 an252 an253 an254 an255 an256,1,Thunderbird_C0000524,1,12,warning: we failed to resolve data source name an 142 an 143 an 144 an 145 an 146 an 147 an 148 an 149 an 150 an 151 an 152 an 153 an 154 an 155 an 156 an 157 an 158 an 159 an 160 an 161 an 162 an 163 an 164 an 165 an 166 an 167 an 168 an 169 an 170 an 171 an 172 an 173 an 174 an 175 an 176 an 177 an 178 an 179 an 180 an 181 an 182 an 183 an 184 an 185 an 186 an 187 an 188 an 189 an 190 an 191 an 192 an 193 an 194 an 195 an 196 an 197 an 198 an 199 an 200 an 201 an 202 an 203 an 204 an 205 an 206 an 207 an 208 an 209 an 210 an 211 an 212 an 213 an 214 an 215 an 216 an 217 an 218 an 219 an 220 an 221 an 222 an 223 an 224 an 225 an 226 an 227 an 228 an 229 an 230 an 231 an 232 an 233 an 234 an 235 an 236 an 237 an 238 an 239 an 240 an 241 an 242 an 243 an 244 an 245 an 246 an 247 an 248 an 249 an 250 an 251 an 252 an 253 an 254 an 255 an 256,1,1,frequency_representative
6206,Warning: we failed to resolve data source name an270 an271 an272 an273 an274 an275 an276 an277 an278 an279 an280 an281 an282 an283 an284 an285 an286 an287 an288 an289 an290 an291 an292 an293 an294 an295 an296 an297 an298 an299 an300 an301 an302 an303 an304 an305 an306 an307 an308 an309 an310 an311 an312 an313 an314 an315 an316 an317 an318 an319 an320 an321 an322 an323 an324 an325 an326 an327 an328 an329 an330 an331 an332 an333 an334 an335 an336 an337 an338 an339 an340 an341 an342 an343 an344 an345 an346 an347 an348 an349 an350 an351 an352 an353 an354 an355 an356 an357 an358 an359 an360 an361 an362 an363 an364 an365 an366 an367 an368 an369 an370 an371 an372 an373 an374 an375 an376 an377 an378 an379 an380 an381 an382 an383 an384,E369,Warning: we failed to resolve data source name <*>,12,warning: we failed to resolve data source name an270 an271 an272 an273 an274 an275 an276 an277 an278 an279 an280 an281 an282 an283 an284 an285 an286 an287 an288 an289 an290 an291 an292 an293 an294 an295 an296 an297 an298 an299 an300 an301 an302 an303 an304 an305 an306 an307 an308 an309 an310 an311 an312 an313 an314 an315 an316 an317 an318 an319 an320 an321 an322 an323 an324 an325 an326 an327 an328 an329 an330 an331 an332 an333 an334 an335 an336 an337 an338 an339 an340 an341 an342 an343 an344 an345 an346 an347 an348 an349 an350 an351 an352 an353 an354 an355 an356 an357 an358 an359 an360 an361 an362 an363 an364 an365 an366 an367 an368 an369 an370 an371 an372 an373 an374 an375 an376 an377 an378 an379 an380 an381 an382 an383 an384,1,Thunderbird_C0000525,1,12,warning: we failed to resolve data source name an 270 an 271 an 272 an 273 an 274 an 275 an 276 an 277 an 278 an 279 an 280 an 281 an 282 an 283 an 284 an 285 an 286 an 287 an 288 an 289 an 290 an 291 an 292 an 293 an 294 an 295 an 296 an 297 an 298 an 299 an 300 an 301 an 302 an 303 an 304 an 305 an 306 an 307 an 308 an 309 an 310 an 311 an 312 an 313 an 314 an 315 an 316 an 317 an 318 an 319 an 320 an 321 an 322 an 323 an 324 an 325 an 326 an 327 an 328 an 329 an 330 an 331 an 332 an 333 an 334 an 335 an 336 an 337 an 338 an 339 an 340 an 341 an 342 an 343 an 344 an 345 an 346 an 347 an 348 an 349 an 350 an 351 an 352 an 353 an 354 an 355 an 356 an 357 an 358 an 359 an 360 an 361 an 362 an 363 an 364 an 365 an 366 an 367 an 368 an 369 an 370 an 371 an 372 an 373 an 374 an 375 an 376 an 377 an 378 an 379 an 380 an 381 an 382 an 383 an 384,1,1,frequency_representative
6207,Warning: we failed to resolve data source name an398 an399 an400 an401 an402 an403 an404 an405 an406 an407 an408 an409 an410 an411 an412 an413 an414 an415 an416 an417 an418 an419 an420 an421 an422 an423 an424 an425 an426 an427 an428 an429 an430 an431 an432 an433 an434 an435 an436 an437 an438 an439 an440 an441 an442 an443 an444 an445 an446 an447 an448 an449 an450 an451 an452 an453 an454 an455 an456 an457 an458 an459 an460 an461 an462 an463 an464 an465 an466 an467 an468 an469 an470 an471 an472 an473 an474 an475 an476 an477 an478 an479 an480 an481 an482 an483 an484 an485 an486 an487 an488 an489 an490 an491 an492 an493 an494 an495 an496 an497 an498 an499 an500 an501 an502 an503 an504 an505 an506 an507 an508 an509 an510 an511 an512,E369,Warning: we failed to resolve data source name <*>,12,warning: we failed to resolve data source name an398 an399 an400 an401 an402 an403 an404 an405 an406 an407 an408 an409 an410 an411 an412 an413 an414 an415 an416 an417 an418 an419 an420 an421 an422 an423 an424 an425 an426 an427 an428 an429 an430 an431 an432 an433 an434 an435 an436 an437 an438 an439 an440 an441 an442 an443 an444 an445 an446 an447 an448 an449 an450 an451 an452 an453 an454 an455 an456 an457 an458 an459 an460 an461 an462 an463 an464 an465 an466 an467 an468 an469 an470 an471 an472 an473 an474 an475 an476 an477 an478 an479 an480 an481 an482 an483 an484 an485 an486 an487 an488 an489 an490 an491 an492 an493 an494 an495 an496 an497 an498 an499 an500 an501 an502 an503 an504 an505 an506 an507 an508 an509 an510 an511 an512,1,Thunderbird_C0000526,1,12,warning: we failed to resolve data source name an 398 an 399 an 400 an 401 an 402 an 403 an 404 an 405 an 406 an 407 an 408 an 409 an 410 an 411 an 412 an 413 an 414 an 415 an 416 an 417 an 418 an 419 an 420 an 421 an 422 an 423 an 424 an 425 an 426 an 427 an 428 an 429 an 430 an 431 an 432 an 433 an 434 an 435 an 436 an 437 an 438 an 439 an 440 an 441 an 442 an 443 an 444 an 445 an 446 an 447 an 448 an 449 an 450 an 451 an 452 an 453 an 454 an 455 an 456 an 457 an 458 an 459 an 460 an 461 an 462 an 463 an 464 an 465 an 466 an 467 an 468 an 469 an 470 an 471 an 472 an 473 an 474 an 475 an 476 an 477 an 478 an 479 an 480 an 481 an 482 an 483 an 484 an 485 an 486 an 487 an 488 an 489 an 490 an 491 an 492 an 493 an 494 an 495 an 496 an 497 an 498 an 499 an 500 an 501 an 502 an 503 an 504 an 505 an 506 an 507 an 508 an 509 an 510 an 511 an 512,1,1,frequency_representative
6208,Warning: we failed to resolve data source name an526 an527 an528 an529 an530 an531 an532 an533 an534 an535 an536 an537 an538 an539 an540 an541 an542 an543 an544 an545 an546 an547 an548 an549 an550 an551 an552 an553 an554 an555 an556 an557 an558 an559 an560 an561 an562 an563 an564 an565 an566 an567 an568 an569 an570 an571 an572 an573 an574 an575 an576 an577 an578 an579 an580 an581 an582 an583 an584 an585 an586 an587 an588 an589 an590 an591 an592 an593 an594 an595 an596 an597 an598 an599 an600 an601 an602 an603 an604 an605 an606 an607 an608 an609 an610 an611 an612 an613 an614 an615 an616 an617 an618 an619 an620 an621 an622 an623 an624 an625 an626 an627 an628 an629 an630 an631 an632 an633 an634 an635 an636 an637 an638 an639 an640,E369,Warning: we failed to resolve data source name <*>,12,warning: we failed to resolve data source name an526 an527 an528 an529 an530 an531 an532 an533 an534 an535 an536 an537 an538 an539 an540 an541 an542 an543 an544 an545 an546 an547 an548 an549 an550 an551 an552 an553 an554 an555 an556 an557 an558 an559 an560 an561 an562 an563 an564 an565 an566 an567 an568 an569 an570 an571 an572 an573 an574 an575 an576 an577 an578 an579 an580 an581 an582 an583 an584 an585 an586 an587 an588 an589 an590 an591 an592 an593 an594 an595 an596 an597 an598 an599 an600 an601 an602 an603 an604 an605 an606 an607 an608 an609 an610 an611 an612 an613 an614 an615 an616 an617 an618 an619 an620 an621 an622 an623 an624 an625 an626 an627 an628 an629 an630 an631 an632 an633 an634 an635 an636 an637 an638 an639 an640,1,Thunderbird_C0000527,1,12,warning: we failed to resolve data source name an 526 an 527 an 528 an 529 an 530 an 531 an 532 an 533 an 534 an 535 an 536 an 537 an 538 an 539 an 540 an 541 an 542 an 543 an 544 an 545 an 546 an 547 an 548 an 549 an 550 an 551 an 552 an 553 an 554 an 555 an 556 an 557 an 558 an 559 an 560 an 561 an 562 an 563 an 564 an 565 an 566 an 567 an 568 an 569 an 570 an 571 an 572 an 573 an 574 an 575 an 576 an 577 an 578 an 579 an 580 an 581 an 582 an 583 an 584 an 585 an 586 an 587 an 588 an 589 an 590 an 591 an 592 an 593 an 594 an 595 an 596 an 597 an 598 an 599 an 600 an 601 an 602 an 603 an 604 an 605 an 606 an 607 an 608 an 609 an 610 an 611 an 612 an 613 an 614 an 615 an 616 an 617 an 618 an 619 an 620 an 621 an 622 an 623 an 624 an 625 an 626 an 627 an 628 an 629 an 630 an 631 an 632 an 633 an 634 an 635 an 636 an 637 an 638 an 639 an 640,1,1,frequency_representative
6209,Warning: we failed to resolve data source name an654 an655 an656 an657 an658 an659 an660 an661 an662 an663 an664 an665 an666 an667 an668 an669 an670 an671 an672 an673 an674 an675 an676 an677 an678 an679 an680 an681 an682 an683 an684 an685 an686 an687 an688 an689 an690 an691 an692 an693 an694 an695 an696 an697 an698 an699 an700 an701 an702 an703 an704 an705 an706 an707 an708 an709 an710 an711 an712 an713 an714 an715 an716 an717 an718 an719 an720 an721 an722 an723 an724 an725 an726 an727 an728 an729 an730 an731 an732 an733 an734 an735 an736 an737 an738 an739 an740 an741 an742 an743 an744 an745 an746 an747 an748 an749 an750 an751 an752 an753 an754 an755 an756 an757 an758 an759 an760 an761 an762 an763 an764 an765 an766 an767 an768,E369,Warning: we failed to resolve data source name <*>,12,warning: we failed to resolve data source name an654 an655 an656 an657 an658 an659 an660 an661 an662 an663 an664 an665 an666 an667 an668 an669 an670 an671 an672 an673 an674 an675 an676 an677 an678 an679 an680 an681 an682 an683 an684 an685 an686 an687 an688 an689 an690 an691 an692 an693 an694 an695 an696 an697 an698 an699 an700 an701 an702 an703 an704 an705 an706 an707 an708 an709 an710 an711 an712 an713 an714 an715 an716 an717 an718 an719 an720 an721 an722 an723 an724 an725 an726 an727 an728 an729 an730 an731 an732 an733 an734 an735 an736 an737 an738 an739 an740 an741 an742 an743 an744 an745 an746 an747 an748 an749 an750 an751 an752 an753 an754 an755 an756 an757 an758 an759 an760 an761 an762 an763 an764 an765 an766 an767 an768,1,Thunderbird_C0000528,1,12,warning: we failed to resolve data source name an 654 an 655 an 656 an 657 an 658 an 659 an 660 an 661 an 662 an 663 an 664 an 665 an 666 an 667 an 668 an 669 an 670 an 671 an 672 an 673 an 674 an 675 an 676 an 677 an 678 an 679 an 680 an 681 an 682 an 683 an 684 an 685 an 686 an 687 an 688 an 689 an 690 an 691 an 692 an 693 an 694 an 695 an 696 an 697 an 698 an 699 an 700 an 701 an 702 an 703 an 704 an 705 an 706 an 707 an 708 an 709 an 710 an 711 an 712 an 713 an 714 an 715 an 716 an 717 an 718 an 719 an 720 an 721 an 722 an 723 an 724 an 725 an 726 an 727 an 728 an 729 an 730 an 731 an 732 an 733 an 734 an 735 an 736 an 737 an 738 an 739 an 740 an 741 an 742 an 743 an 744 an 745 an 746 an 747 an 748 an 749 an 750 an 751 an 752 an 753 an 754 an 755 an 756 an 757 an 758 an 759 an 760 an 761 an 762 an 763 an 764 an 765 an 766 an 767 an 768,1,1,frequency_representative
6210,Warning: we failed to resolve data source name an782 an783 an784 an785 an786 an787 an788 an789 an790 an791 an792 an793 an794 an795 an796 an797 an798 an799 an800 an801 an802 an803 an804 an805 an806 an807 an808 an809 an810 an811 an812 an813 an814 an815 an816 an817 an818 an819 an820 an821 an822 an823 an824 an825 an826 an827 an828 an829 an830 an831 an832 an833 an834 an835 an836 an837 an838 an839 an840 an841 an842 an843 an844 an845 an846 an847 an848 an849 an850 an851 an852 an853 an854 an855 an856 an857 an858 an859 an860 an861 an862 an863 an864 an865 an866 an867 an868 an869 an870 an871 an872 an873 an874 an875 an876 an877 an878 an879 an880 an881 an882 an883 an884 an885 an886 an887 an888 an889 an890 an891 an892 an893 an894 an895 an896,E369,Warning: we failed to resolve data source name <*>,12,warning: we failed to resolve data source name an782 an783 an784 an785 an786 an787 an788 an789 an790 an791 an792 an793 an794 an795 an796 an797 an798 an799 an800 an801 an802 an803 an804 an805 an806 an807 an808 an809 an810 an811 an812 an813 an814 an815 an816 an817 an818 an819 an820 an821 an822 an823 an824 an825 an826 an827 an828 an829 an830 an831 an832 an833 an834 an835 an836 an837 an838 an839 an840 an841 an842 an843 an844 an845 an846 an847 an848 an849 an850 an851 an852 an853 an854 an855 an856 an857 an858 an859 an860 an861 an862 an863 an864 an865 an866 an867 an868 an869 an870 an871 an872 an873 an874 an875 an876 an877 an878 an879 an880 an881 an882 an883 an884 an885 an886 an887 an888 an889 an890 an891 an892 an893 an894 an895 an896,1,Thunderbird_C0000529,1,12,warning: we failed to resolve data source name an 782 an 783 an 784 an 785 an 786 an 787 an 788 an 789 an 790 an 791 an 792 an 793 an 794 an 795 an 796 an 797 an 798 an 799 an 800 an 801 an 802 an 803 an 804 an 805 an 806 an 807 an 808 an 809 an 810 an 811 an 812 an 813 an 814 an 815 an 816 an 817 an 818 an 819 an 820 an 821 an 822 an 823 an 824 an 825 an 826 an 827 an 828 an 829 an 830 an 831 an 832 an 833 an 834 an 835 an 836 an 837 an 838 an 839 an 840 an 841 an 842 an 843 an 844 an 845 an 846 an 847 an 848 an 849 an 850 an 851 an 852 an 853 an 854 an 855 an 856 an 857 an 858 an 859 an 860 an 861 an 862 an 863 an 864 an 865 an 866 an 867 an 868 an 869 an 870 an 871 an 872 an 873 an 874 an 875 an 876 an 877 an 878 an 879 an 880 an 881 an 882 an 883 an 884 an 885 an 886 an 887 an 888 an 889 an 890 an 891 an 892 an 893 an 894 an 895 an 896,1,1,frequency_representative
6211,Warning: we failed to resolve data source name an910 an911 an912 an913 an914 an915 an916 an917 an918 an919 an920 an921 an922 an923 an924 an925 an926 an927 an928 an929 an930 an931 an932 an933 an934 an935 an936 an937 an938 an939 an940 an941 an942 an943 an944 an945 an946 an947 an948 an949 an950 an951 an952 an953 an954 an955 an956 an957 an958 an959 an960 an961 an962 an963 an964 an965 an966 an967 an968 an969 an970 an971 an972 an973 an974 an975 an976 an977 an978 an979 an980 an981 an982 an983 an984 an985 an986 an987 an988 an989 an990 an991 an992 an993 an994 an995 an996 an997 an998 an999 an1000 an1001 an1002 an1003 an1004 an1005 an1006 an1007 an1008 an1009 an1010 an1011 an1012 an1013 an1014 an1015 an1016 an1017 an1018 an1019 an1020 an1021 an1022 an1023 an1024,E369,Warning: we failed to resolve data source name <*>,12,warning: we failed to resolve data source name an910 an911 an912 an913 an914 an915 an916 an917 an918 an919 an920 an921 an922 an923 an924 an925 an926 an927 an928 an929 an930 an931 an932 an933 an934 an935 an936 an937 an938 an939 an940 an941 an942 an943 an944 an945 an946 an947 an948 an949 an950 an951 an952 an953 an954 an955 an956 an957 an958 an959 an960 an961 an962 an963 an964 an965 an966 an967 an968 an969 an970 an971 an972 an973 an974 an975 an976 an977 an978 an979 an980 an981 an982 an983 an984 an985 an986 an987 an988 an989 an990 an991 an992 an993 an994 an995 an996 an997 an998 an999 an1000 an1001 an1002 an1003 an1004 an1005 an1006 an1007 an1008 an1009 an1010 an1011 an1012 an1013 an1014 an1015 an1016 an1017 an1018 an1019 an1020 an1021 an1022 an1023 an1024,1,Thunderbird_C0000530,1,12,warning: we failed to resolve data source name an 910 an 911 an 912 an 913 an 914 an 915 an 916 an 917 an 918 an 919 an 920 an 921 an 922 an 923 an 924 an 925 an 926 an 927 an 928 an 929 an 930 an 931 an 932 an 933 an 934 an 935 an 936 an 937 an 938 an 939 an 940 an 941 an 942 an 943 an 944 an 945 an 946 an 947 an 948 an 949 an 950 an 951 an 952 an 953 an 954 an 955 an 956 an 957 an 958 an 959 an 960 an 961 an 962 an 963 an 964 an 965 an 966 an 967 an 968 an 969 an 970 an 971 an 972 an 973 an 974 an 975 an 976 an 977 an 978 an 979 an 980 an 981 an 982 an 983 an 984 an 985 an 986 an 987 an 988 an 989 an 990 an 991 an 992 an 993 an 994 an 995 an 996 an 997 an 998 an 999 an 1000 an 1001 an 1002 an 1003 an 1004 an 1005 an 1006 an 1007 an 1008 an 1009 an 1010 an 1011 an 1012 an 1013 an 1014 an 1015 an 1016 an 1017 an 1018 an 1019 an 1020 an 1021 an 1022 an 1023 an 1024,1,1,frequency_representative
6212,Warning: we failed to resolve data source name bn14 bn15 bn16 bn17 bn18 bn19 bn20 bn21 bn22 bn23 bn24 bn25 bn26 bn27 bn28 bn29 bn30 bn31 bn32 bn33 bn34 bn35 bn36 bn37 bn38 bn39 bn40 bn41 bn42 bn43 bn44 bn45 bn46 bn47 bn48 bn49 bn50 bn51 bn52 bn53 bn54 bn55 bn56 bn57 bn58 bn59 bn60 bn61 bn62 bn63 bn64 bn65 bn66 bn67 bn68 bn69 bn70 bn71 bn72 bn73 bn74 bn75 bn76 bn77 bn78 bn79 bn80 bn81 bn82 bn83 bn84 bn85 bn86 bn87 bn88 bn89 bn90 bn91 bn92 bn93 bn94 bn95 bn96 bn97 bn98 bn99 bn100 bn101 bn102 bn103 bn104 bn105 bn106 bn107 bn108 bn109 bn110 bn111 bn112 bn113 bn114 bn115 bn116 bn117 bn118 bn119 bn120 bn121 bn122 bn123 bn124 bn125 bn126 bn127 bn128,E369,Warning: we failed to resolve data source name <*>,12,warning: we failed to resolve data source name bn14 bn15 bn16 bn17 bn18 bn19 bn20 bn21 bn22 bn23 bn24 bn25 bn26 bn27 bn28 bn29 bn30 bn31 bn32 bn33 bn34 bn35 bn36 bn37 bn38 bn39 bn40 bn41 bn42 bn43 bn44 bn45 bn46 bn47 bn48 bn49 bn50 bn51 bn52 bn53 bn54 bn55 bn56 bn57 bn58 bn59 bn60 bn61 bn62 bn63 bn64 bn65 bn66 bn67 bn68 bn69 bn70 bn71 bn72 bn73 bn74 bn75 bn76 bn77 bn78 bn79 bn80 bn81 bn82 bn83 bn84 bn85 bn86 bn87 bn88 bn89 bn90 bn91 bn92 bn93 bn94 bn95 bn96 bn97 bn98 bn99 bn100 bn101 bn102 bn103 bn104 bn105 bn106 bn107 bn108 bn109 bn110 bn111 bn112 bn113 bn114 bn115 bn116 bn117 bn118 bn119 bn120 bn121 bn122 bn123 bn124 bn125 bn126 bn127 bn128,1,Thunderbird_C0000531,1,12,warning: we failed to resolve data source name bn 14 bn 15 bn 16 bn 17 bn 18 bn 19 bn 20 bn 21 bn 22 bn 23 bn 24 bn 25 bn 26 bn 27 bn 28 bn 29 bn 30 bn 31 bn 32 bn 33 bn 34 bn 35 bn 36 bn 37 bn 38 bn 39 bn 40 bn 41 bn 42 bn 43 bn 44 bn 45 bn 46 bn 47 bn 48 bn 49 bn 50 bn 51 bn 52 bn 53 bn 54 bn 55 bn 56 bn 57 bn 58 bn 59 bn 60 bn 61 bn 62 bn 63 bn 64 bn 65 bn 66 bn 67 bn 68 bn 69 bn 70 bn 71 bn 72 bn 73 bn 74 bn 75 bn 76 bn 77 bn 78 bn 79 bn 80 bn 81 bn 82 bn 83 bn 84 bn 85 bn 86 bn 87 bn 88 bn 89 bn 90 bn 91 bn 92 bn 93 bn 94 bn 95 bn 96 bn 97 bn 98 bn 99 bn 100 bn 101 bn 102 bn 103 bn 104 bn 105 bn 106 bn 107 bn 108 bn 109 bn 110 bn 111 bn 112 bn 113 bn 114 bn 115 bn 116 bn 117 bn 118 bn 119 bn 120 bn 121 bn 122 bn 123 bn 124 bn 125 bn 126 bn 127 bn 128,1,1,frequency_representative
6213,Warning: we failed to resolve data source name bn142 bn143 bn144 bn145 bn146 bn147 bn148 bn149 bn150 bn151 bn152 bn153 bn154 bn155 bn156 bn157 bn158 bn159 bn160 bn161 bn162 bn163 bn164 bn165 bn166 bn167 bn168 bn169 bn170 bn171 bn172 bn173 bn174 bn175 bn176 bn177 bn178 bn179 bn180 bn181 bn182 bn183 bn184 bn185 bn186 bn187 bn188 bn189 bn190 bn191 bn192 bn193 bn194 bn195 bn196 bn197 bn198 bn199 bn200 bn201 bn202 bn203 bn204 bn205 bn206 bn207 bn208 bn209 bn210 bn211 bn212 bn213 bn214 bn215 bn216 bn217 bn218 bn219 bn220 bn221 bn222 bn223 bn224 bn225 bn226 bn227 bn228 bn229 bn230 bn231 bn232 bn233 bn234 bn235 bn236 bn237 bn238 bn239 bn240 bn241 bn242 bn243 bn244 bn245 bn246 bn247 bn248 bn249 bn250 bn251 bn252 bn253 bn254 bn255 bn256,E369,Warning: we failed to resolve data source name <*>,12,warning: we failed to resolve data source name bn142 bn143 bn144 bn145 bn146 bn147 bn148 bn149 bn150 bn151 bn152 bn153 bn154 bn155 bn156 bn157 bn158 bn159 bn160 bn161 bn162 bn163 bn164 bn165 bn166 bn167 bn168 bn169 bn170 bn171 bn172 bn173 bn174 bn175 bn176 bn177 bn178 bn179 bn180 bn181 bn182 bn183 bn184 bn185 bn186 bn187 bn188 bn189 bn190 bn191 bn192 bn193 bn194 bn195 bn196 bn197 bn198 bn199 bn200 bn201 bn202 bn203 bn204 bn205 bn206 bn207 bn208 bn209 bn210 bn211 bn212 bn213 bn214 bn215 bn216 bn217 bn218 bn219 bn220 bn221 bn222 bn223 bn224 bn225 bn226 bn227 bn228 bn229 bn230 bn231 bn232 bn233 bn234 bn235 bn236 bn237 bn238 bn239 bn240 bn241 bn242 bn243 bn244 bn245 bn246 bn247 bn248 bn249 bn250 bn251 bn252 bn253 bn254 bn255 bn256,1,Thunderbird_C0000532,1,12,warning: we failed to resolve data source name bn 142 bn 143 bn 144 bn 145 bn 146 bn 147 bn 148 bn 149 bn 150 bn 151 bn 152 bn 153 bn 154 bn 155 bn 156 bn 157 bn 158 bn 159 bn 160 bn 161 bn 162 bn 163 bn 164 bn 165 bn 166 bn 167 bn 168 bn 169 bn 170 bn 171 bn 172 bn 173 bn 174 bn 175 bn 176 bn 177 bn 178 bn 179 bn 180 bn 181 bn 182 bn 183 bn 184 bn 185 bn 186 bn 187 bn 188 bn 189 bn 190 bn 191 bn 192 bn 193 bn 194 bn 195 bn 196 bn 197 bn 198 bn 199 bn 200 bn 201 bn 202 bn 203 bn 204 bn 205 bn 206 bn 207 bn 208 bn 209 bn 210 bn 211 bn 212 bn 213 bn 214 bn 215 bn 216 bn 217 bn 218 bn 219 bn 220 bn 221 bn 222 bn 223 bn 224 bn 225 bn 226 bn 227 bn 228 bn 229 bn 230 bn 231 bn 232 bn 233 bn 234 bn 235 bn 236 bn 237 bn 238 bn 239 bn 240 bn 241 bn 242 bn 243 bn 244 bn 245 bn 246 bn 247 bn 248 bn 249 bn 250 bn 251 bn 252 bn 253 bn 254 bn 255 bn 256,1,1,frequency_representative
6214,Warning: we failed to resolve data source name bn270 bn271 bn272 bn273 bn274 bn275 bn276 bn277 bn278 bn279 bn280 bn281 bn282 bn283 bn284 bn285 bn286 bn287 bn288 bn289 bn290 bn291 bn292 bn293 bn294 bn295 bn296 bn297 bn298 bn299 bn300 bn301 bn302 bn303 bn304 bn305 bn306 bn307 bn308 bn309 bn310 bn311 bn312 bn313 bn314 bn315 bn316 bn317 bn318 bn319 bn320 bn321 bn322 bn323 bn324 bn325 bn326 bn327 bn328 bn329 bn330 bn331 bn332 bn333 bn334 bn335 bn336 bn337 bn338 bn339 bn340 bn341 bn342 bn343 bn344 bn345 bn346 bn347 bn348 bn349 bn350 bn351 bn352 bn353 bn354 bn355 bn356 bn357 bn358 bn359 bn360 bn361 bn362 bn363 bn364 bn365 bn366 bn367 bn368 bn369 bn370 bn371 bn372 bn373 bn374 bn375 bn376 bn377 bn378 bn379 bn380 bn381 bn382 bn383 bn384,E369,Warning: we failed to resolve data source name <*>,12,warning: we failed to resolve data source name bn270 bn271 bn272 bn273 bn274 bn275 bn276 bn277 bn278 bn279 bn280 bn281 bn282 bn283 bn284 bn285 bn286 bn287 bn288 bn289 bn290 bn291 bn292 bn293 bn294 bn295 bn296 bn297 bn298 bn299 bn300 bn301 bn302 bn303 bn304 bn305 bn306 bn307 bn308 bn309 bn310 bn311 bn312 bn313 bn314 bn315 bn316 bn317 bn318 bn319 bn320 bn321 bn322 bn323 bn324 bn325 bn326 bn327 bn328 bn329 bn330 bn331 bn332 bn333 bn334 bn335 bn336 bn337 bn338 bn339 bn340 bn341 bn342 bn343 bn344 bn345 bn346 bn347 bn348 bn349 bn350 bn351 bn352 bn353 bn354 bn355 bn356 bn357 bn358 bn359 bn360 bn361 bn362 bn363 bn364 bn365 bn366 bn367 bn368 bn369 bn370 bn371 bn372 bn373 bn374 bn375 bn376 bn377 bn378 bn379 bn380 bn381 bn382 bn383 bn384,1,Thunderbird_C0000533,1,12,warning: we failed to resolve data source name bn 270 bn 271 bn 272 bn 273 bn 274 bn 275 bn 276 bn 277 bn 278 bn 279 bn 280 bn 281 bn 282 bn 283 bn 284 bn 285 bn 286 bn 287 bn 288 bn 289 bn 290 bn 291 bn 292 bn 293 bn 294 bn 295 bn 296 bn 297 bn 298 bn 299 bn 300 bn 301 bn 302 bn 303 bn 304 bn 305 bn 306 bn 307 bn 308 bn 309 bn 310 bn 311 bn 312 bn 313 bn 314 bn 315 bn 316 bn 317 bn 318 bn 319 bn 320 bn 321 bn 322 bn 323 bn 324 bn 325 bn 326 bn 327 bn 328 bn 329 bn 330 bn 331 bn 332 bn 333 bn 334 bn 335 bn 336 bn 337 bn 338 bn 339 bn 340 bn 341 bn 342 bn 343 bn 344 bn 345 bn 346 bn 347 bn 348 bn 349 bn 350 bn 351 bn 352 bn 353 bn 354 bn 355 bn 356 bn 357 bn 358 bn 359 bn 360 bn 361 bn 362 bn 363 bn 364 bn 365 bn 366 bn 367 bn 368 bn 369 bn 370 bn 371 bn 372 bn 373 bn 374 bn 375 bn 376 bn 377 bn 378 bn 379 bn 380 bn 381 bn 382 bn 383 bn 384,1,1,frequency_representative
6215,Warning: we failed to resolve data source name bn398 bn399 bn400 bn401 bn402 bn403 bn404 bn405 bn406 bn407 bn408 bn409 bn410 bn411 bn412 bn413 bn414 bn415 bn416 bn417 bn418 bn419 bn420 bn421 bn422 bn423 bn424 bn425 bn426 bn427 bn428 bn429 bn430 bn431 bn432 bn433 bn434 bn435 bn436 bn437 bn438 bn439 bn440 bn441 bn442 bn443 bn444 bn445 bn446 bn447 bn448 bn449 bn450 bn451 bn452 bn453 bn454 bn455 bn456 bn457 bn458 bn459 bn460 bn461 bn462 bn463 bn464 bn465 bn466 bn467 bn468 bn469 bn470 bn471 bn472 bn473 bn474 bn475 bn476 bn477 bn478 bn479 bn480 bn481 bn482 bn483 bn484 bn485 bn486 bn487 bn488 bn489 bn490 bn491 bn492 bn493 bn494 bn495 bn496 bn497 bn498 bn499 bn500 bn501 bn502 bn503 bn504 bn505 bn506 bn507 bn508 bn509 bn510 bn511 bn512,E369,Warning: we failed to resolve data source name <*>,12,warning: we failed to resolve data source name bn398 bn399 bn400 bn401 bn402 bn403 bn404 bn405 bn406 bn407 bn408 bn409 bn410 bn411 bn412 bn413 bn414 bn415 bn416 bn417 bn418 bn419 bn420 bn421 bn422 bn423 bn424 bn425 bn426 bn427 bn428 bn429 bn430 bn431 bn432 bn433 bn434 bn435 bn436 bn437 bn438 bn439 bn440 bn441 bn442 bn443 bn444 bn445 bn446 bn447 bn448 bn449 bn450 bn451 bn452 bn453 bn454 bn455 bn456 bn457 bn458 bn459 bn460 bn461 bn462 bn463 bn464 bn465 bn466 bn467 bn468 bn469 bn470 bn471 bn472 bn473 bn474 bn475 bn476 bn477 bn478 bn479 bn480 bn481 bn482 bn483 bn484 bn485 bn486 bn487 bn488 bn489 bn490 bn491 bn492 bn493 bn494 bn495 bn496 bn497 bn498 bn499 bn500 bn501 bn502 bn503 bn504 bn505 bn506 bn507 bn508 bn509 bn510 bn511 bn512,1,Thunderbird_C0000534,1,12,warning: we failed to resolve data source name bn 398 bn 399 bn 400 bn 401 bn 402 bn 403 bn 404 bn 405 bn 406 bn 407 bn 408 bn 409 bn 410 bn 411 bn 412 bn 413 bn 414 bn 415 bn 416 bn 417 bn 418 bn 419 bn 420 bn 421 bn 422 bn 423 bn 424 bn 425 bn 426 bn 427 bn 428 bn 429 bn 430 bn 431 bn 432 bn 433 bn 434 bn 435 bn 436 bn 437 bn 438 bn 439 bn 440 bn 441 bn 442 bn 443 bn 444 bn 445 bn 446 bn 447 bn 448 bn 449 bn 450 bn 451 bn 452 bn 453 bn 454 bn 455 bn 456 bn 457 bn 458 bn 459 bn 460 bn 461 bn 462 bn 463 bn 464 bn 465 bn 466 bn 467 bn 468 bn 469 bn 470 bn 471 bn 472 bn 473 bn 474 bn 475 bn 476 bn 477 bn 478 bn 479 bn 480 bn 481 bn 482 bn 483 bn 484 bn 485 bn 486 bn 487 bn 488 bn 489 bn 490 bn 491 bn 492 bn 493 bn 494 bn 495 bn 496 bn 497 bn 498 bn 499 bn 500 bn 501 bn 502 bn 503 bn 504 bn 505 bn 506 bn 507 bn 508 bn 509 bn 510 bn 511 bn 512,1,1,frequency_representative
6216,Warning: we failed to resolve data source name bn526 bn527 bn528 bn529 bn530 bn531 bn532 bn533 bn534 bn535 bn536 bn537 bn538 bn539 bn540 bn541 bn542 bn543 bn544 bn545 bn546 bn547 bn548 bn549 bn550 bn551 bn552 bn553 bn554 bn555 bn556 bn557 bn558 bn559 bn560 bn561 bn562 bn563 bn564 bn565 bn566 bn567 bn568 bn569 bn570 bn571 bn572 bn573 bn574 bn575 bn576 bn577 bn578 bn579 bn580 bn581 bn582 bn583 bn584 bn585 bn586 bn587 bn588 bn589 bn590 bn591 bn592 bn593 bn594 bn595 bn596 bn597 bn598 bn599 bn600 bn601 bn602 bn603 bn604 bn605 bn606 bn607 bn608 bn609 bn610 bn611 bn612 bn613 bn614 bn615 bn616 bn617 bn618 bn619 bn620 bn621 bn622 bn623 bn624 bn625 bn626 bn627 bn628 bn629 bn630 bn631 bn632 bn633 bn634 bn635 bn636 bn637 bn638 bn639 bn640,E369,Warning: we failed to resolve data source name <*>,12,warning: we failed to resolve data source name bn526 bn527 bn528 bn529 bn530 bn531 bn532 bn533 bn534 bn535 bn536 bn537 bn538 bn539 bn540 bn541 bn542 bn543 bn544 bn545 bn546 bn547 bn548 bn549 bn550 bn551 bn552 bn553 bn554 bn555 bn556 bn557 bn558 bn559 bn560 bn561 bn562 bn563 bn564 bn565 bn566 bn567 bn568 bn569 bn570 bn571 bn572 bn573 bn574 bn575 bn576 bn577 bn578 bn579 bn580 bn581 bn582 bn583 bn584 bn585 bn586 bn587 bn588 bn589 bn590 bn591 bn592 bn593 bn594 bn595 bn596 bn597 bn598 bn599 bn600 bn601 bn602 bn603 bn604 bn605 bn606 bn607 bn608 bn609 bn610 bn611 bn612 bn613 bn614 bn615 bn616 bn617 bn618 bn619 bn620 bn621 bn622 bn623 bn624 bn625 bn626 bn627 bn628 bn629 bn630 bn631 bn632 bn633 bn634 bn635 bn636 bn637 bn638 bn639 bn640,1,Thunderbird_C0000535,1,12,warning: we failed to resolve data source name bn 526 bn 527 bn 528 bn 529 bn 530 bn 531 bn 532 bn 533 bn 534 bn 535 bn 536 bn 537 bn 538 bn 539 bn 540 bn 541 bn 542 bn 543 bn 544 bn 545 bn 546 bn 547 bn 548 bn 549 bn 550 bn 551 bn 552 bn 553 bn 554 bn 555 bn 556 bn 557 bn 558 bn 559 bn 560 bn 561 bn 562 bn 563 bn 564 bn 565 bn 566 bn 567 bn 568 bn 569 bn 570 bn 571 bn 572 bn 573 bn 574 bn 575 bn 576 bn 577 bn 578 bn 579 bn 580 bn 581 bn 582 bn 583 bn 584 bn 585 bn 586 bn 587 bn 588 bn 589 bn 590 bn 591 bn 592 bn 593 bn 594 bn 595 bn 596 bn 597 bn 598 bn 599 bn 600 bn 601 bn 602 bn 603 bn 604 bn 605 bn 606 bn 607 bn 608 bn 609 bn 610 bn 611 bn 612 bn 613 bn 614 bn 615 bn 616 bn 617 bn 618 bn 619 bn 620 bn 621 bn 622 bn 623 bn 624 bn 625 bn 626 bn 627 bn 628 bn 629 bn 630 bn 631 bn 632 bn 633 bn 634 bn 635 bn 636 bn 637 bn 638 bn 639 bn 640,1,1,frequency_representative
6217,Warning: we failed to resolve data source name bn654 bn655 bn656 bn657 bn658 bn659 bn660 bn661 bn662 bn663 bn664 bn665 bn666 bn667 bn668 bn669 bn670 bn671 bn672 bn673 bn674 bn675 bn676 bn677 bn678 bn679 bn680 bn681 bn682 bn683 bn684 bn685 bn686 bn687 bn688 bn689 bn690 bn691 bn692 bn693 bn694 bn695 bn696 bn697 bn698 bn699 bn700 bn701 bn702 bn703 bn704 bn705 bn706 bn707 bn708 bn709 bn710 bn711 bn712 bn713 bn714 bn715 bn716 bn717 bn718 bn719 bn720 bn721 bn722 bn723 bn724 bn725 bn726 bn727 bn728 bn729 bn730 bn731 bn732 bn733 bn734 bn735 bn736 bn737 bn738 bn739 bn740 bn741 bn742 bn743 bn744 bn745 bn746 bn747 bn748 bn749 bn750 bn751 bn752 bn753 bn754 bn755 bn756 bn757 bn758 bn759 bn760 bn761 bn762 bn763 bn764 bn765 bn766 bn767 bn768,E369,Warning: we failed to resolve data source name <*>,12,warning: we failed to resolve data source name bn654 bn655 bn656 bn657 bn658 bn659 bn660 bn661 bn662 bn663 bn664 bn665 bn666 bn667 bn668 bn669 bn670 bn671 bn672 bn673 bn674 bn675 bn676 bn677 bn678 bn679 bn680 bn681 bn682 bn683 bn684 bn685 bn686 bn687 bn688 bn689 bn690 bn691 bn692 bn693 bn694 bn695 bn696 bn697 bn698 bn699 bn700 bn701 bn702 bn703 bn704 bn705 bn706 bn707 bn708 bn709 bn710 bn711 bn712 bn713 bn714 bn715 bn716 bn717 bn718 bn719 bn720 bn721 bn722 bn723 bn724 bn725 bn726 bn727 bn728 bn729 bn730 bn731 bn732 bn733 bn734 bn735 bn736 bn737 bn738 bn739 bn740 bn741 bn742 bn743 bn744 bn745 bn746 bn747 bn748 bn749 bn750 bn751 bn752 bn753 bn754 bn755 bn756 bn757 bn758 bn759 bn760 bn761 bn762 bn763 bn764 bn765 bn766 bn767 bn768,1,Thunderbird_C0000536,1,12,warning: we failed to resolve data source name bn 654 bn 655 bn 656 bn 657 bn 658 bn 659 bn 660 bn 661 bn 662 bn 663 bn 664 bn 665 bn 666 bn 667 bn 668 bn 669 bn 670 bn 671 bn 672 bn 673 bn 674 bn 675 bn 676 bn 677 bn 678 bn 679 bn 680 bn 681 bn 682 bn 683 bn 684 bn 685 bn 686 bn 687 bn 688 bn 689 bn 690 bn 691 bn 692 bn 693 bn 694 bn 695 bn 696 bn 697 bn 698 bn 699 bn 700 bn 701 bn 702 bn 703 bn 704 bn 705 bn 706 bn 707 bn 708 bn 709 bn 710 bn 711 bn 712 bn 713 bn 714 bn 715 bn 716 bn 717 bn 718 bn 719 bn 720 bn 721 bn 722 bn 723 bn 724 bn 725 bn 726 bn 727 bn 728 bn 729 bn 730 bn 731 bn 732 bn 733 bn 734 bn 735 bn 736 bn 737 bn 738 bn 739 bn 740 bn 741 bn 742 bn 743 bn 744 bn 745 bn 746 bn 747 bn 748 bn 749 bn 750 bn 751 bn 752 bn 753 bn 754 bn 755 bn 756 bn 757 bn 758 bn 759 bn 760 bn 761 bn 762 bn 763 bn 764 bn 765 bn 766 bn 767 bn 768,1,1,frequency_representative
6218,Warning: we failed to resolve data source name dadmin2 dadmin3 dadmin4,E369,Warning: we failed to resolve data source name <*>,12,warning: we failed to resolve data source name dadmin2 dadmin3 dadmin4,1,Thunderbird_C0000537,1,12,warning: we failed to resolve data source name dadmin 2 dadmin 3 dadmin 4,1,1,frequency_representative
6252,Warning: we failed to resolve data source name bn782 bn783 bn784 bn785 bn786 bn787 bn788 bn789 bn790 bn791 bn792 bn793 bn794 bn795 bn796 bn797 bn798 bn799 bn800 bn801 bn802 bn803 bn804 bn805 bn806 bn807 bn808 bn809 bn810 bn811 bn812 bn813 bn814 bn815 bn816 bn817 bn818 bn819 bn820 bn821 bn822 bn823 bn824 bn825 bn826 bn827 bn828 bn829 bn830 bn831 bn832 bn833 bn834 bn835 bn836 bn837 bn838 bn839 bn840 bn841 bn842 bn843 bn844 bn845 bn846 bn847 bn848 bn849 bn850 bn851 bn852 bn853 bn854 bn855 bn856 bn857 bn858 bn859 bn860 bn861 bn862 bn863 bn864 bn865 bn866 bn867 bn868 bn869 bn870 bn871 bn872 bn873 bn874 bn875 bn876 bn877 bn878 bn879 bn880 bn881 bn882 bn883 bn884 bn885 bn886 bn887 bn888 bn889 bn890 bn891 bn892 bn893 bn894 bn895 bn896,E369,Warning: we failed to resolve data source name <*>,12,warning: we failed to resolve data source name bn782 bn783 bn784 bn785 bn786 bn787 bn788 bn789 bn790 bn791 bn792 bn793 bn794 bn795 bn796 bn797 bn798 bn799 bn800 bn801 bn802 bn803 bn804 bn805 bn806 bn807 bn808 bn809 bn810 bn811 bn812 bn813 bn814 bn815 bn816 bn817 bn818 bn819 bn820 bn821 bn822 bn823 bn824 bn825 bn826 bn827 bn828 bn829 bn830 bn831 bn832 bn833 bn834 bn835 bn836 bn837 bn838 bn839 bn840 bn841 bn842 bn843 bn844 bn845 bn846 bn847 bn848 bn849 bn850 bn851 bn852 bn853 bn854 bn855 bn856 bn857 bn858 bn859 bn860 bn861 bn862 bn863 bn864 bn865 bn866 bn867 bn868 bn869 bn870 bn871 bn872 bn873 bn874 bn875 bn876 bn877 bn878 bn879 bn880 bn881 bn882 bn883 bn884 bn885 bn886 bn887 bn888 bn889 bn890 bn891 bn892 bn893 bn894 bn895 bn896,1,Thunderbird_C0000538,1,12,warning: we failed to resolve data source name bn 782 bn 783 bn 784 bn 785 bn 786 bn 787 bn 788 bn 789 bn 790 bn 791 bn 792 bn 793 bn 794 bn 795 bn 796 bn 797 bn 798 bn 799 bn 800 bn 801 bn 802 bn 803 bn 804 bn 805 bn 806 bn 807 bn 808 bn 809 bn 810 bn 811 bn 812 bn 813 bn 814 bn 815 bn 816 bn 817 bn 818 bn 819 bn 820 bn 821 bn 822 bn 823 bn 824 bn 825 bn 826 bn 827 bn 828 bn 829 bn 830 bn 831 bn 832 bn 833 bn 834 bn 835 bn 836 bn 837 bn 838 bn 839 bn 840 bn 841 bn 842 bn 843 bn 844 bn 845 bn 846 bn 847 bn 848 bn 849 bn 850 bn 851 bn 852 bn 853 bn 854 bn 855 bn 856 bn 857 bn 858 bn 859 bn 860 bn 861 bn 862 bn 863 bn 864 bn 865 bn 866 bn 867 bn 868 bn 869 bn 870 bn 871 bn 872 bn 873 bn 874 bn 875 bn 876 bn 877 bn 878 bn 879 bn 880 bn 881 bn 882 bn 883 bn 884 bn 885 bn 886 bn 887 bn 888 bn 889 bn 890 bn 891 bn 892 bn 893 bn 894 bn 895 bn 896,1,1,frequency_representative
6253,Warning: we failed to resolve data source name bn910 bn911 bn912 bn913 bn914 bn915 bn916 bn917 bn918 bn919 bn920 bn921 bn922 bn923 bn924 bn925 bn926 bn927 bn928 bn929 bn930 bn931 bn932 bn933 bn934 bn935 bn936 bn937 bn938 bn939 bn940 bn941 bn942 bn943 bn944 bn945 bn946 bn947 bn948 bn949 bn950 bn951 bn952 bn953 bn954 bn955 bn956 bn957 bn958 bn959 bn960 bn961 bn962 bn963 bn964 bn965 bn966 bn967 bn968 bn969 bn970 bn971 bn972 bn973 bn974 bn975 bn976 bn977 bn978 bn979 bn980 bn981 bn982 bn983 bn984 bn985 bn986 bn987 bn988 bn989 bn990 bn991 bn992 bn993 bn994 bn995 bn996 bn997 bn998 bn999 bn1000 bn1001 bn1002 bn1003 bn1004 bn1005 bn1006 bn1007 bn1008 bn1009 bn1010 bn1011 bn1012 bn1013 bn1014 bn1015 bn1016 bn1017 bn1018 bn1019 bn1020 bn1021 bn1022 bn1023 bn1024,E369,Warning: we failed to resolve data source name <*>,12,warning: we failed to resolve data source name bn910 bn911 bn912 bn913 bn914 bn915 bn916 bn917 bn918 bn919 bn920 bn921 bn922 bn923 bn924 bn925 bn926 bn927 bn928 bn929 bn930 bn931 bn932 bn933 bn934 bn935 bn936 bn937 bn938 bn939 bn940 bn941 bn942 bn943 bn944 bn945 bn946 bn947 bn948 bn949 bn950 bn951 bn952 bn953 bn954 bn955 bn956 bn957 bn958 bn959 bn960 bn961 bn962 bn963 bn964 bn965 bn966 bn967 bn968 bn969 bn970 bn971 bn972 bn973 bn974 bn975 bn976 bn977 bn978 bn979 bn980 bn981 bn982 bn983 bn984 bn985 bn986 bn987 bn988 bn989 bn990 bn991 bn992 bn993 bn994 bn995 bn996 bn997 bn998 bn999 bn1000 bn1001 bn1002 bn1003 bn1004 bn1005 bn1006 bn1007 bn1008 bn1009 bn1010 bn1011 bn1012 bn1013 bn1014 bn1015 bn1016 bn1017 bn1018 bn1019 bn1020 bn1021 bn1022 bn1023 bn1024,1,Thunderbird_C0000539,1,12,warning: we failed to resolve data source name bn 910 bn 911 bn 912 bn 913 bn 914 bn 915 bn 916 bn 917 bn 918 bn 919 bn 920 bn 921 bn 922 bn 923 bn 924 bn 925 bn 926 bn 927 bn 928 bn 929 bn 930 bn 931 bn 932 bn 933 bn 934 bn 935 bn 936 bn 937 bn 938 bn 939 bn 940 bn 941 bn 942 bn 943 bn 944 bn 945 bn 946 bn 947 bn 948 bn 949 bn 950 bn 951 bn 952 bn 953 bn 954 bn 955 bn 956 bn 957 bn 958 bn 959 bn 960 bn 961 bn 962 bn 963 bn 964 bn 965 bn 966 bn 967 bn 968 bn 969 bn 970 bn 971 bn 972 bn 973 bn 974 bn 975 bn 976 bn 977 bn 978 bn 979 bn 980 bn 981 bn 982 bn 983 bn 984 bn 985 bn 986 bn 987 bn 988 bn 989 bn 990 bn 991 bn 992 bn 993 bn 994 bn 995 bn 996 bn 997 bn 998 bn 999 bn 1000 bn 1001 bn 1002 bn 1003 bn 1004 bn 1005 bn 1006 bn 1007 bn 1008 bn 1009 bn 1010 bn 1011 bn 1012 bn 1013 bn 1014 bn 1015 bn 1016 bn 1017 bn 1018 bn 1019 bn 1020 bn 1021 bn 1022 bn 1023 bn 1024,1,1,frequency_representative
6254,Warning: we failed to resolve data source name cn14 cn15 cn16 cn17 cn18 cn19 cn20 cn21 cn22 cn23 cn24 cn25 cn26 cn27 cn28 cn29 cn30 cn31 cn32 cn33 cn34 cn35 cn36 cn37 cn38 cn39 cn40 cn41 cn42 cn43 cn44 cn45 cn46 cn47 cn48 cn49 cn50 cn51 cn52 cn53 cn54 cn55 cn56 cn57 cn58 cn59 cn60 cn61 cn62 cn63 cn64 cn65 cn66 cn67 cn68 cn69 cn70 cn71 cn72 cn73 cn74 cn75 cn76 cn77 cn78 cn79 cn80 cn81 cn82 cn83 cn84 cn85 cn86 cn87 cn88 cn89 cn90 cn91 cn92 cn93 cn94 cn95 cn96 cn97 cn98 cn99 cn100 cn101 cn102 cn103 cn104 cn105 cn106 cn107 cn108 cn109 cn110 cn111 cn112 cn113 cn114 cn115 cn116 cn117 cn118 cn119 cn120 cn121 cn122 cn123 cn124 cn125 cn126 cn127 cn128,E369,Warning: we failed to resolve data source name <*>,12,warning: we failed to resolve data source name cn14 cn15 cn16 cn17 cn18 cn19 cn20 cn21 cn22 cn23 cn24 cn25 cn26 cn27 cn28 cn29 cn30 cn31 cn32 cn33 cn34 cn35 cn36 cn37 cn38 cn39 cn40 cn41 cn42 cn43 cn44 cn45 cn46 cn47 cn48 cn49 cn50 cn51 cn52 cn53 cn54 cn55 cn56 cn57 cn58 cn59 cn60 cn61 cn62 cn63 cn64 cn65 cn66 cn67 cn68 cn69 cn70 cn71 cn72 cn73 cn74 cn75 cn76 cn77 cn78 cn79 cn80 cn81 cn82 cn83 cn84 cn85 cn86 cn87 cn88 cn89 cn90 cn91 cn92 cn93 cn94 cn95 cn96 cn97 cn98 cn99 cn100 cn101 cn102 cn103 cn104 cn105 cn106 cn107 cn108 cn109 cn110 cn111 cn112 cn113 cn114 cn115 cn116 cn117 cn118 cn119 cn120 cn121 cn122 cn123 cn124 cn125 cn126 cn127 cn128,1,Thunderbird_C0000540,1,12,warning: we failed to resolve data source name cn 14 cn 15 cn 16 cn 17 cn 18 cn 19 cn 20 cn 21 cn 22 cn 23 cn 24 cn 25 cn 26 cn 27 cn 28 cn 29 cn 30 cn 31 cn 32 cn 33 cn 34 cn 35 cn 36 cn 37 cn 38 cn 39 cn 40 cn 41 cn 42 cn 43 cn 44 cn 45 cn 46 cn 47 cn 48 cn 49 cn 50 cn 51 cn 52 cn 53 cn 54 cn 55 cn 56 cn 57 cn 58 cn 59 cn 60 cn 61 cn 62 cn 63 cn 64 cn 65 cn 66 cn 67 cn 68 cn 69 cn 70 cn 71 cn 72 cn 73 cn 74 cn 75 cn 76 cn 77 cn 78 cn 79 cn 80 cn 81 cn 82 cn 83 cn 84 cn 85 cn 86 cn 87 cn 88 cn 89 cn 90 cn 91 cn 92 cn 93 cn 94 cn 95 cn 96 cn 97 cn 98 cn 99 cn 100 cn 101 cn 102 cn 103 cn 104 cn 105 cn 106 cn 107 cn 108 cn 109 cn 110 cn 111 cn 112 cn 113 cn 114 cn 115 cn 116 cn 117 cn 118 cn 119 cn 120 cn 121 cn 122 cn 123 cn 124 cn 125 cn 126 cn 127 cn 128,1,1,frequency_representative
6255,Warning: we failed to resolve data source name cn142 cn143 cn144 cn145 cn146 cn147 cn148 cn149 cn150 cn151 cn152 cn153 cn154 cn155 cn156 cn157 cn158 cn159 cn160 cn161 cn162 cn163 cn164 cn165 cn166 cn167 cn168 cn169 cn170 cn171 cn172 cn173 cn174 cn175 cn176 cn177 cn178 cn179 cn180 cn181 cn182 cn183 cn184 cn185 cn186 cn187 cn188 cn189 cn190 cn191 cn192 cn193 cn194 cn195 cn196 cn197 cn198 cn199 cn200 cn201 cn202 cn203 cn204 cn205 cn206 cn207 cn208 cn209 cn210 cn211 cn212 cn213 cn214 cn215 cn216 cn217 cn218 cn219 cn220 cn221 cn222 cn223 cn224 cn225 cn226 cn227 cn228 cn229 cn230 cn231 cn232 cn233 cn234 cn235 cn236 cn237 cn238 cn239 cn240 cn241 cn242 cn243 cn244 cn245 cn246 cn247 cn248 cn249 cn250 cn251 cn252 cn253 cn254 cn255 cn256,E369,Warning: we failed to resolve data source name <*>,12,warning: we failed to resolve data source name cn142 cn143 cn144 cn145 cn146 cn147 cn148 cn149 cn150 cn151 cn152 cn153 cn154 cn155 cn156 cn157 cn158 cn159 cn160 cn161 cn162 cn163 cn164 cn165 cn166 cn167 cn168 cn169 cn170 cn171 cn172 cn173 cn174 cn175 cn176 cn177 cn178 cn179 cn180 cn181 cn182 cn183 cn184 cn185 cn186 cn187 cn188 cn189 cn190 cn191 cn192 cn193 cn194 cn195 cn196 cn197 cn198 cn199 cn200 cn201 cn202 cn203 cn204 cn205 cn206 cn207 cn208 cn209 cn210 cn211 cn212 cn213 cn214 cn215 cn216 cn217 cn218 cn219 cn220 cn221 cn222 cn223 cn224 cn225 cn226 cn227 cn228 cn229 cn230 cn231 cn232 cn233 cn234 cn235 cn236 cn237 cn238 cn239 cn240 cn241 cn242 cn243 cn244 cn245 cn246 cn247 cn248 cn249 cn250 cn251 cn252 cn253 cn254 cn255 cn256,1,Thunderbird_C0000541,1,12,warning: we failed to resolve data source name cn 142 cn 143 cn 144 cn 145 cn 146 cn 147 cn 148 cn 149 cn 150 cn 151 cn 152 cn 153 cn 154 cn 155 cn 156 cn 157 cn 158 cn 159 cn 160 cn 161 cn 162 cn 163 cn 164 cn 165 cn 166 cn 167 cn 168 cn 169 cn 170 cn 171 cn 172 cn 173 cn 174 cn 175 cn 176 cn 177 cn 178 cn 179 cn 180 cn 181 cn 182 cn 183 cn 184 cn 185 cn 186 cn 187 cn 188 cn 189 cn 190 cn 191 cn 192 cn 193 cn 194 cn 195 cn 196 cn 197 cn 198 cn 199 cn 200 cn 201 cn 202 cn 203 cn 204 cn 205 cn 206 cn 207 cn 208 cn 209 cn 210 cn 211 cn 212 cn 213 cn 214 cn 215 cn 216 cn 217 cn 218 cn 219 cn 220 cn 221 cn 222 cn 223 cn 224 cn 225 cn 226 cn 227 cn 228 cn 229 cn 230 cn 231 cn 232 cn 233 cn 234 cn 235 cn 236 cn 237 cn 238 cn 239 cn 240 cn 241 cn 242 cn 243 cn 244 cn 245 cn 246 cn 247 cn 248 cn 249 cn 250 cn 251 cn 252 cn 253 cn 254 cn 255 cn 256,1,1,frequency_representative
6256,Warning: we failed to resolve data source name cn270 cn271 cn272 cn273 cn274 cn275 cn276 cn277 cn278 cn279 cn280 cn281 cn282 cn283 cn284 cn285 cn286 cn287 cn288 cn289 cn290 cn291 cn292 cn293 cn294 cn295 cn296 cn297 cn298 cn299 cn300 cn301 cn302 cn303 cn304 cn305 cn306 cn307 cn308 cn309 cn310 cn311 cn312 cn313 cn314 cn315 cn316 cn317 cn318 cn319 cn320 cn321 cn322 cn323 cn324 cn325 cn326 cn327 cn328 cn329 cn330 cn331 cn332 cn333 cn334 cn335 cn336 cn337 cn338 cn339 cn340 cn341 cn342 cn343 cn344 cn345 cn346 cn347 cn348 cn349 cn350 cn351 cn352 cn353 cn354 cn355 cn356 cn357 cn358 cn359 cn360 cn361 cn362 cn363 cn364 cn365 cn366 cn367 cn368 cn369 cn370 cn371 cn372 cn373 cn374 cn375 cn376 cn377 cn378 cn379 cn380 cn381 cn382 cn383 cn384,E369,Warning: we failed to resolve data source name <*>,12,warning: we failed to resolve data source name cn270 cn271 cn272 cn273 cn274 cn275 cn276 cn277 cn278 cn279 cn280 cn281 cn282 cn283 cn284 cn285 cn286 cn287 cn288 cn289 cn290 cn291 cn292 cn293 cn294 cn295 cn296 cn297 cn298 cn299 cn300 cn301 cn302 cn303 cn304 cn305 cn306 cn307 cn308 cn309 cn310 cn311 cn312 cn313 cn314 cn315 cn316 cn317 cn318 cn319 cn320 cn321 cn322 cn323 cn324 cn325 cn326 cn327 cn328 cn329 cn330 cn331 cn332 cn333 cn334 cn335 cn336 cn337 cn338 cn339 cn340 cn341 cn342 cn343 cn344 cn345 cn346 cn347 cn348 cn349 cn350 cn351 cn352 cn353 cn354 cn355 cn356 cn357 cn358 cn359 cn360 cn361 cn362 cn363 cn364 cn365 cn366 cn367 cn368 cn369 cn370 cn371 cn372 cn373 cn374 cn375 cn376 cn377 cn378 cn379 cn380 cn381 cn382 cn383 cn384,1,Thunderbird_C0000542,1,12,warning: we failed to resolve data source name cn 270 cn 271 cn 272 cn 273 cn 274 cn 275 cn 276 cn 277 cn 278 cn 279 cn 280 cn 281 cn 282 cn 283 cn 284 cn 285 cn 286 cn 287 cn 288 cn 289 cn 290 cn 291 cn 292 cn 293 cn 294 cn 295 cn 296 cn 297 cn 298 cn 299 cn 300 cn 301 cn 302 cn 303 cn 304 cn 305 cn 306 cn 307 cn 308 cn 309 cn 310 cn 311 cn 312 cn 313 cn 314 cn 315 cn 316 cn 317 cn 318 cn 319 cn 320 cn 321 cn 322 cn 323 cn 324 cn 325 cn 326 cn 327 cn 328 cn 329 cn 330 cn 331 cn 332 cn 333 cn 334 cn 335 cn 336 cn 337 cn 338 cn 339 cn 340 cn 341 cn 342 cn 343 cn 344 cn 345 cn 346 cn 347 cn 348 cn 349 cn 350 cn 351 cn 352 cn 353 cn 354 cn 355 cn 356 cn 357 cn 358 cn 359 cn 360 cn 361 cn 362 cn 363 cn 364 cn 365 cn 366 cn 367 cn 368 cn 369 cn 370 cn 371 cn 372 cn 373 cn 374 cn 375 cn 376 cn 377 cn 378 cn 379 cn 380 cn 381 cn 382 cn 383 cn 384,1,1,frequency_representative
6257,Warning: we failed to resolve data source name cn398 cn399 cn400 cn401 cn402 cn403 cn404 cn405 cn406 cn407 cn408 cn409 cn410 cn411 cn412 cn413 cn414 cn415 cn416 cn417 cn418 cn419 cn420 cn421 cn422 cn423 cn424 cn425 cn426 cn427 cn428 cn429 cn430 cn431 cn432 cn433 cn434 cn435 cn436 cn437 cn438 cn439 cn440 cn441 cn442 cn443 cn444 cn445 cn446 cn447 cn448 cn449 cn450 cn451 cn452 cn453 cn454 cn455 cn456 cn457 cn458 cn459 cn460 cn461 cn462 cn463 cn464 cn465 cn466 cn467 cn468 cn469 cn470 cn471 cn472 cn473 cn474 cn475 cn476 cn477 cn478 cn479 cn480 cn481 cn482 cn483 cn484 cn485 cn486 cn487 cn488 cn489 cn490 cn491 cn492 cn493 cn494 cn495 cn496 cn497 cn498 cn499 cn500 cn501 cn502 cn503 cn504 cn505 cn506 cn507 cn508 cn509 cn510 cn511 cn512,E369,Warning: we failed to resolve data source name <*>,12,warning: we failed to resolve data source name cn398 cn399 cn400 cn401 cn402 cn403 cn404 cn405 cn406 cn407 cn408 cn409 cn410 cn411 cn412 cn413 cn414 cn415 cn416 cn417 cn418 cn419 cn420 cn421 cn422 cn423 cn424 cn425 cn426 cn427 cn428 cn429 cn430 cn431 cn432 cn433 cn434 cn435 cn436 cn437 cn438 cn439 cn440 cn441 cn442 cn443 cn444 cn445 cn446 cn447 cn448 cn449 cn450 cn451 cn452 cn453 cn454 cn455 cn456 cn457 cn458 cn459 cn460 cn461 cn462 cn463 cn464 cn465 cn466 cn467 cn468 cn469 cn470 cn471 cn472 cn473 cn474 cn475 cn476 cn477 cn478 cn479 cn480 cn481 cn482 cn483 cn484 cn485 cn486 cn487 cn488 cn489 cn490 cn491 cn492 cn493 cn494 cn495 cn496 cn497 cn498 cn499 cn500 cn501 cn502 cn503 cn504 cn505 cn506 cn507 cn508 cn509 cn510 cn511 cn512,1,Thunderbird_C0000543,1,12,warning: we failed to resolve data source name cn 398 cn 399 cn 400 cn 401 cn 402 cn 403 cn 404 cn 405 cn 406 cn 407 cn 408 cn 409 cn 410 cn 411 cn 412 cn 413 cn 414 cn 415 cn 416 cn 417 cn 418 cn 419 cn 420 cn 421 cn 422 cn 423 cn 424 cn 425 cn 426 cn 427 cn 428 cn 429 cn 430 cn 431 cn 432 cn 433 cn 434 cn 435 cn 436 cn 437 cn 438 cn 439 cn 440 cn 441 cn 442 cn 443 cn 444 cn 445 cn 446 cn 447 cn 448 cn 449 cn 450 cn 451 cn 452 cn 453 cn 454 cn 455 cn 456 cn 457 cn 458 cn 459 cn 460 cn 461 cn 462 cn 463 cn 464 cn 465 cn 466 cn 467 cn 468 cn 469 cn 470 cn 471 cn 472 cn 473 cn 474 cn 475 cn 476 cn 477 cn 478 cn 479 cn 480 cn 481 cn 482 cn 483 cn 484 cn 485 cn 486 cn 487 cn 488 cn 489 cn 490 cn 491 cn 492 cn 493 cn 494 cn 495 cn 496 cn 497 cn 498 cn 499 cn 500 cn 501 cn 502 cn 503 cn 504 cn 505 cn 506 cn 507 cn 508 cn 509 cn 510 cn 511 cn 512,1,1,frequency_representative
6258,Warning: we failed to resolve data source name cn526 cn527 cn528 cn529 cn530 cn531 cn532 cn533 cn534 cn535 cn536 cn537 cn538 cn539 cn540 cn541 cn542 cn543 cn544 cn545 cn546 cn547 cn548 cn549 cn550 cn551 cn552 cn553 cn554 cn555 cn556 cn557 cn558 cn559 cn560 cn561 cn562 cn563 cn564 cn565 cn566 cn567 cn568 cn569 cn570 cn571 cn572 cn573 cn574 cn575 cn576 cn577 cn578 cn579 cn580 cn581 cn582 cn583 cn584 cn585 cn586 cn587 cn588 cn589 cn590 cn591 cn592 cn593 cn594 cn595 cn596 cn597 cn598 cn599 cn600 cn601 cn602 cn603 cn604 cn605 cn606 cn607 cn608 cn609 cn610 cn611 cn612 cn613 cn614 cn615 cn616 cn617 cn618 cn619 cn620 cn621 cn622 cn623 cn624 cn625 cn626 cn627 cn628 cn629 cn630 cn631 cn632 cn633 cn634 cn635 cn636 cn637 cn638 cn639 cn640,E369,Warning: we failed to resolve data source name <*>,12,warning: we failed to resolve data source name cn526 cn527 cn528 cn529 cn530 cn531 cn532 cn533 cn534 cn535 cn536 cn537 cn538 cn539 cn540 cn541 cn542 cn543 cn544 cn545 cn546 cn547 cn548 cn549 cn550 cn551 cn552 cn553 cn554 cn555 cn556 cn557 cn558 cn559 cn560 cn561 cn562 cn563 cn564 cn565 cn566 cn567 cn568 cn569 cn570 cn571 cn572 cn573 cn574 cn575 cn576 cn577 cn578 cn579 cn580 cn581 cn582 cn583 cn584 cn585 cn586 cn587 cn588 cn589 cn590 cn591 cn592 cn593 cn594 cn595 cn596 cn597 cn598 cn599 cn600 cn601 cn602 cn603 cn604 cn605 cn606 cn607 cn608 cn609 cn610 cn611 cn612 cn613 cn614 cn615 cn616 cn617 cn618 cn619 cn620 cn621 cn622 cn623 cn624 cn625 cn626 cn627 cn628 cn629 cn630 cn631 cn632 cn633 cn634 cn635 cn636 cn637 cn638 cn639 cn640,1,Thunderbird_C0000544,1,12,warning: we failed to resolve data source name cn 526 cn 527 cn 528 cn 529 cn 530 cn 531 cn 532 cn 533 cn 534 cn 535 cn 536 cn 537 cn 538 cn 539 cn 540 cn 541 cn 542 cn 543 cn 544 cn 545 cn 546 cn 547 cn 548 cn 549 cn 550 cn 551 cn 552 cn 553 cn 554 cn 555 cn 556 cn 557 cn 558 cn 559 cn 560 cn 561 cn 562 cn 563 cn 564 cn 565 cn 566 cn 567 cn 568 cn 569 cn 570 cn 571 cn 572 cn 573 cn 574 cn 575 cn 576 cn 577 cn 578 cn 579 cn 580 cn 581 cn 582 cn 583 cn 584 cn 585 cn 586 cn 587 cn 588 cn 589 cn 590 cn 591 cn 592 cn 593 cn 594 cn 595 cn 596 cn 597 cn 598 cn 599 cn 600 cn 601 cn 602 cn 603 cn 604 cn 605 cn 606 cn 607 cn 608 cn 609 cn 610 cn 611 cn 612 cn 613 cn 614 cn 615 cn 616 cn 617 cn 618 cn 619 cn 620 cn 621 cn 622 cn 623 cn 624 cn 625 cn 626 cn 627 cn 628 cn 629 cn 630 cn 631 cn 632 cn 633 cn 634 cn 635 cn 636 cn 637 cn 638 cn 639 cn 640,1,1,frequency_representative
6259,Warning: we failed to resolve data source name cn654 cn655 cn656 cn657 cn658 cn659 cn660 cn661 cn662 cn663 cn664 cn665 cn666 cn667 cn668 cn669 cn670 cn671 cn672 cn673 cn674 cn675 cn676 cn677 cn678 cn679 cn680 cn681 cn682 cn683 cn684 cn685 cn686 cn687 cn688 cn689 cn690 cn691 cn692 cn693 cn694 cn695 cn696 cn697 cn698 cn699 cn700 cn701 cn702 cn703 cn704 cn705 cn706 cn707 cn708 cn709 cn710 cn711 cn712 cn713 cn714 cn715 cn716 cn717 cn718 cn719 cn720 cn721 cn722 cn723 cn724 cn725 cn726 cn727 cn728 cn729 cn730 cn731 cn732 cn733 cn734 cn735 cn736 cn737 cn738 cn739 cn740 cn741 cn742 cn743 cn744 cn745 cn746 cn747 cn748 cn749 cn750 cn751 cn752 cn753 cn754 cn755 cn756 cn757 cn758 cn759 cn760 cn761 cn762 cn763 cn764 cn765 cn766 cn767 cn768,E369,Warning: we failed to resolve data source name <*>,12,warning: we failed to resolve data source name cn654 cn655 cn656 cn657 cn658 cn659 cn660 cn661 cn662 cn663 cn664 cn665 cn666 cn667 cn668 cn669 cn670 cn671 cn672 cn673 cn674 cn675 cn676 cn677 cn678 cn679 cn680 cn681 cn682 cn683 cn684 cn685 cn686 cn687 cn688 cn689 cn690 cn691 cn692 cn693 cn694 cn695 cn696 cn697 cn698 cn699 cn700 cn701 cn702 cn703 cn704 cn705 cn706 cn707 cn708 cn709 cn710 cn711 cn712 cn713 cn714 cn715 cn716 cn717 cn718 cn719 cn720 cn721 cn722 cn723 cn724 cn725 cn726 cn727 cn728 cn729 cn730 cn731 cn732 cn733 cn734 cn735 cn736 cn737 cn738 cn739 cn740 cn741 cn742 cn743 cn744 cn745 cn746 cn747 cn748 cn749 cn750 cn751 cn752 cn753 cn754 cn755 cn756 cn757 cn758 cn759 cn760 cn761 cn762 cn763 cn764 cn765 cn766 cn767 cn768,1,Thunderbird_C0000545,1,12,warning: we failed to resolve data source name cn 654 cn 655 cn 656 cn 657 cn 658 cn 659 cn 660 cn 661 cn 662 cn 663 cn 664 cn 665 cn 666 cn 667 cn 668 cn 669 cn 670 cn 671 cn 672 cn 673 cn 674 cn 675 cn 676 cn 677 cn 678 cn 679 cn 680 cn 681 cn 682 cn 683 cn 684 cn 685 cn 686 cn 687 cn 688 cn 689 cn 690 cn 691 cn 692 cn 693 cn 694 cn 695 cn 696 cn 697 cn 698 cn 699 cn 700 cn 701 cn 702 cn 703 cn 704 cn 705 cn 706 cn 707 cn 708 cn 709 cn 710 cn 711 cn 712 cn 713 cn 714 cn 715 cn 716 cn 717 cn 718 cn 719 cn 720 cn 721 cn 722 cn 723 cn 724 cn 725 cn 726 cn 727 cn 728 cn 729 cn 730 cn 731 cn 732 cn 733 cn 734 cn 735 cn 736 cn 737 cn 738 cn 739 cn 740 cn 741 cn 742 cn 743 cn 744 cn 745 cn 746 cn 747 cn 748 cn 749 cn 750 cn 751 cn 752 cn 753 cn 754 cn 755 cn 756 cn 757 cn 758 cn 759 cn 760 cn 761 cn 762 cn 763 cn 764 cn 765 cn 766 cn 767 cn 768,1,1,frequency_representative
6260,Warning: we failed to resolve data source name cn782 cn783 cn784 cn785 cn786 cn787 cn788 cn789 cn790 cn791 cn792 cn793 cn794 cn795 cn796 cn797 cn798 cn799 cn800 cn801 cn802 cn803 cn804 cn805 cn806 cn807 cn808 cn809 cn810 cn811 cn812 cn813 cn814 cn815 cn816 cn817 cn818 cn819 cn820 cn821 cn822 cn823 cn824 cn825 cn826 cn827 cn828 cn829 cn830 cn831 cn832 cn833 cn834 cn835 cn836 cn837 cn838 cn839 cn840 cn841 cn842 cn843 cn844 cn845 cn846 cn847 cn848 cn849 cn850 cn851 cn852 cn853 cn854 cn855 cn856 cn857 cn858 cn859 cn860 cn861 cn862 cn863 cn864 cn865 cn866 cn867 cn868 cn869 cn870 cn871 cn872 cn873 cn874 cn875 cn876 cn877 cn878 cn879 cn880 cn881 cn882 cn883 cn884 cn885 cn886 cn887 cn888 cn889 cn890 cn891 cn892 cn893 cn894 cn895 cn896,E369,Warning: we failed to resolve data source name <*>,12,warning: we failed to resolve data source name cn782 cn783 cn784 cn785 cn786 cn787 cn788 cn789 cn790 cn791 cn792 cn793 cn794 cn795 cn796 cn797 cn798 cn799 cn800 cn801 cn802 cn803 cn804 cn805 cn806 cn807 cn808 cn809 cn810 cn811 cn812 cn813 cn814 cn815 cn816 cn817 cn818 cn819 cn820 cn821 cn822 cn823 cn824 cn825 cn826 cn827 cn828 cn829 cn830 cn831 cn832 cn833 cn834 cn835 cn836 cn837 cn838 cn839 cn840 cn841 cn842 cn843 cn844 cn845 cn846 cn847 cn848 cn849 cn850 cn851 cn852 cn853 cn854 cn855 cn856 cn857 cn858 cn859 cn860 cn861 cn862 cn863 cn864 cn865 cn866 cn867 cn868 cn869 cn870 cn871 cn872 cn873 cn874 cn875 cn876 cn877 cn878 cn879 cn880 cn881 cn882 cn883 cn884 cn885 cn886 cn887 cn888 cn889 cn890 cn891 cn892 cn893 cn894 cn895 cn896,1,Thunderbird_C0000546,1,12,warning: we failed to resolve data source name cn 782 cn 783 cn 784 cn 785 cn 786 cn 787 cn 788 cn 789 cn 790 cn 791 cn 792 cn 793 cn 794 cn 795 cn 796 cn 797 cn 798 cn 799 cn 800 cn 801 cn 802 cn 803 cn 804 cn 805 cn 806 cn 807 cn 808 cn 809 cn 810 cn 811 cn 812 cn 813 cn 814 cn 815 cn 816 cn 817 cn 818 cn 819 cn 820 cn 821 cn 822 cn 823 cn 824 cn 825 cn 826 cn 827 cn 828 cn 829 cn 830 cn 831 cn 832 cn 833 cn 834 cn 835 cn 836 cn 837 cn 838 cn 839 cn 840 cn 841 cn 842 cn 843 cn 844 cn 845 cn 846 cn 847 cn 848 cn 849 cn 850 cn 851 cn 852 cn 853 cn 854 cn 855 cn 856 cn 857 cn 858 cn 859 cn 860 cn 861 cn 862 cn 863 cn 864 cn 865 cn 866 cn 867 cn 868 cn 869 cn 870 cn 871 cn 872 cn 873 cn 874 cn 875 cn 876 cn 877 cn 878 cn 879 cn 880 cn 881 cn 882 cn 883 cn 884 cn 885 cn 886 cn 887 cn 888 cn 889 cn 890 cn 891 cn 892 cn 893 cn 894 cn 895 cn 896,1,1,frequency_representative
6261,Warning: we failed to resolve data source name cn910 cn911 cn912 cn913 cn914 cn915 cn916 cn917 cn918 cn919 cn920 cn921 cn922 cn923 cn924 cn925 cn926 cn927 cn928 cn929 cn930 cn931 cn932 cn933 cn934 cn935 cn936 cn937 cn938 cn939 cn940 cn941 cn942 cn943 cn944 cn945 cn946 cn947 cn948 cn949 cn950 cn951 cn952 cn953 cn954 cn955 cn956 cn957 cn958 cn959 cn960 cn961 cn962 cn963 cn964 cn965 cn966 cn967 cn968 cn969 cn970 cn971 cn972 cn973 cn974 cn975 cn976 cn977 cn978 cn979 cn980 cn981 cn982 cn983 cn984 cn985 cn986 cn987 cn988 cn989 cn990 cn991 cn992 cn993 cn994 cn995 cn996 cn997 cn998 cn999 cn1000 cn1001 cn1002 cn1003 cn1004 cn1005 cn1006 cn1007 cn1008 cn1009 cn1010 cn1011 cn1012 cn1013 cn1014 cn1015 cn1016 cn1017 cn1018 cn1019 cn1020 cn1021 cn1022 cn1023 cn1024,E369,Warning: we failed to resolve data source name <*>,12,warning: we failed to resolve data source name cn910 cn911 cn912 cn913 cn914 cn915 cn916 cn917 cn918 cn919 cn920 cn921 cn922 cn923 cn924 cn925 cn926 cn927 cn928 cn929 cn930 cn931 cn932 cn933 cn934 cn935 cn936 cn937 cn938 cn939 cn940 cn941 cn942 cn943 cn944 cn945 cn946 cn947 cn948 cn949 cn950 cn951 cn952 cn953 cn954 cn955 cn956 cn957 cn958 cn959 cn960 cn961 cn962 cn963 cn964 cn965 cn966 cn967 cn968 cn969 cn970 cn971 cn972 cn973 cn974 cn975 cn976 cn977 cn978 cn979 cn980 cn981 cn982 cn983 cn984 cn985 cn986 cn987 cn988 cn989 cn990 cn991 cn992 cn993 cn994 cn995 cn996 cn997 cn998 cn999 cn1000 cn1001 cn1002 cn1003 cn1004 cn1005 cn1006 cn1007 cn1008 cn1009 cn1010 cn1011 cn1012 cn1013 cn1014 cn1015 cn1016 cn1017 cn1018 cn1019 cn1020 cn1021 cn1022 cn1023 cn1024,1,Thunderbird_C0000547,1,12,warning: we failed to resolve data source name cn 910 cn 911 cn 912 cn 913 cn 914 cn 915 cn 916 cn 917 cn 918 cn 919 cn 920 cn 921 cn 922 cn 923 cn 924 cn 925 cn 926 cn 927 cn 928 cn 929 cn 930 cn 931 cn 932 cn 933 cn 934 cn 935 cn 936 cn 937 cn 938 cn 939 cn 940 cn 941 cn 942 cn 943 cn 944 cn 945 cn 946 cn 947 cn 948 cn 949 cn 950 cn 951 cn 952 cn 953 cn 954 cn 955 cn 956 cn 957 cn 958 cn 959 cn 960 cn 961 cn 962 cn 963 cn 964 cn 965 cn 966 cn 967 cn 968 cn 969 cn 970 cn 971 cn 972 cn 973 cn 974 cn 975 cn 976 cn 977 cn 978 cn 979 cn 980 cn 981 cn 982 cn 983 cn 984 cn 985 cn 986 cn 987 cn 988 cn 989 cn 990 cn 991 cn 992 cn 993 cn 994 cn 995 cn 996 cn 997 cn 998 cn 999 cn 1000 cn 1001 cn 1002 cn 1003 cn 1004 cn 1005 cn 1006 cn 1007 cn 1008 cn 1009 cn 1010 cn 1011 cn 1012 cn 1013 cn 1014 cn 1015 cn 1016 cn 1017 cn 1018 cn 1019 cn 1020 cn 1021 cn 1022 cn 1023 cn 1024,1,1,frequency_representative
6262,Warning: we failed to resolve data source name dn14 dn15 dn16 dn17 dn18 dn19 dn20 dn21 dn22 dn23 dn24 dn25 dn26 dn27 dn28 dn29 dn30 dn31 dn32 dn33 dn34 dn35 dn36 dn37 dn38 dn39 dn40 dn41 dn42 dn43 dn44 dn45 dn46 dn47 dn48 dn49 dn50 dn51 dn52 dn53 dn54 dn55 dn56 dn57 dn58 dn59 dn60 dn61 dn62 dn63 dn64 dn65 dn66 dn67 dn68 dn69 dn70 dn71 dn72 dn73 dn74 dn75 dn76 dn77 dn78 dn79 dn80 dn81 dn82 dn83 dn84 dn85 dn86 dn87 dn88 dn89 dn90 dn91 dn92 dn93 dn94 dn95 dn96 dn97 dn98 dn99 dn100 dn101 dn102 dn103 dn104 dn105 dn106 dn107 dn108 dn109 dn110 dn111 dn112 dn113 dn114 dn115 dn116 dn117 dn118 dn119 dn120 dn121 dn122 dn123 dn124 dn125 dn126 dn127 dn128,E369,Warning: we failed to resolve data source name <*>,12,warning: we failed to resolve data source name dn14 dn15 dn16 dn17 dn18 dn19 dn20 dn21 dn22 dn23 dn24 dn25 dn26 dn27 dn28 dn29 dn30 dn31 dn32 dn33 dn34 dn35 dn36 dn37 dn38 dn39 dn40 dn41 dn42 dn43 dn44 dn45 dn46 dn47 dn48 dn49 dn50 dn51 dn52 dn53 dn54 dn55 dn56 dn57 dn58 dn59 dn60 dn61 dn62 dn63 dn64 dn65 dn66 dn67 dn68 dn69 dn70 dn71 dn72 dn73 dn74 dn75 dn76 dn77 dn78 dn79 dn80 dn81 dn82 dn83 dn84 dn85 dn86 dn87 dn88 dn89 dn90 dn91 dn92 dn93 dn94 dn95 dn96 dn97 dn98 dn99 dn100 dn101 dn102 dn103 dn104 dn105 dn106 dn107 dn108 dn109 dn110 dn111 dn112 dn113 dn114 dn115 dn116 dn117 dn118 dn119 dn120 dn121 dn122 dn123 dn124 dn125 dn126 dn127 dn128,1,Thunderbird_C0000548,1,12,warning: we failed to resolve data source name dn 14 dn 15 dn 16 dn 17 dn 18 dn 19 dn 20 dn 21 dn 22 dn 23 dn 24 dn 25 dn 26 dn 27 dn 28 dn 29 dn 30 dn 31 dn 32 dn 33 dn 34 dn 35 dn 36 dn 37 dn 38 dn 39 dn 40 dn 41 dn 42 dn 43 dn 44 dn 45 dn 46 dn 47 dn 48 dn 49 dn 50 dn 51 dn 52 dn 53 dn 54 dn 55 dn 56 dn 57 dn 58 dn 59 dn 60 dn 61 dn 62 dn 63 dn 64 dn 65 dn 66 dn 67 dn 68 dn 69 dn 70 dn 71 dn 72 dn 73 dn 74 dn 75 dn 76 dn 77 dn 78 dn 79 dn 80 dn 81 dn 82 dn 83 dn 84 dn 85 dn 86 dn 87 dn 88 dn 89 dn 90 dn 91 dn 92 dn 93 dn 94 dn 95 dn 96 dn 97 dn 98 dn 99 dn 100 dn 101 dn 102 dn 103 dn 104 dn 105 dn 106 dn 107 dn 108 dn 109 dn 110 dn 111 dn 112 dn 113 dn 114 dn 115 dn 116 dn 117 dn 118 dn 119 dn 120 dn 121 dn 122 dn 123 dn 124 dn 125 dn 126 dn 127 dn 128,1,1,frequency_representative
6263,Warning: we failed to resolve data source name dn142 dn143 dn144 dn145 dn146 dn147 dn148 dn149 dn150 dn151 dn152 dn153 dn154 dn155 dn156 dn157 dn158 dn159 dn160 dn161 dn162 dn163 dn164 dn165 dn166 dn167 dn168 dn169 dn170 dn171 dn172 dn173 dn174 dn175 dn176 dn177 dn178 dn179 dn180 dn181 dn182 dn183 dn184 dn185 dn186 dn187 dn188 dn189 dn190 dn191 dn192 dn193 dn194 dn195 dn196 dn197 dn198 dn199 dn200 dn201 dn202 dn203 dn204 dn205 dn206 dn207 dn208 dn209 dn210 dn211 dn212 dn213 dn214 dn215 dn216 dn217 dn218 dn219 dn220 dn221 dn222 dn223 dn224 dn225 dn226 dn227 dn228 dn229 dn230 dn231 dn232 dn233 dn234 dn235 dn236 dn237 dn238 dn239 dn240 dn241 dn242 dn243 dn244 dn245 dn246 dn247 dn248 dn249 dn250 dn251 dn252 dn253 dn254 dn255 dn256,E369,Warning: we failed to resolve data source name <*>,12,warning: we failed to resolve data source name dn142 dn143 dn144 dn145 dn146 dn147 dn148 dn149 dn150 dn151 dn152 dn153 dn154 dn155 dn156 dn157 dn158 dn159 dn160 dn161 dn162 dn163 dn164 dn165 dn166 dn167 dn168 dn169 dn170 dn171 dn172 dn173 dn174 dn175 dn176 dn177 dn178 dn179 dn180 dn181 dn182 dn183 dn184 dn185 dn186 dn187 dn188 dn189 dn190 dn191 dn192 dn193 dn194 dn195 dn196 dn197 dn198 dn199 dn200 dn201 dn202 dn203 dn204 dn205 dn206 dn207 dn208 dn209 dn210 dn211 dn212 dn213 dn214 dn215 dn216 dn217 dn218 dn219 dn220 dn221 dn222 dn223 dn224 dn225 dn226 dn227 dn228 dn229 dn230 dn231 dn232 dn233 dn234 dn235 dn236 dn237 dn238 dn239 dn240 dn241 dn242 dn243 dn244 dn245 dn246 dn247 dn248 dn249 dn250 dn251 dn252 dn253 dn254 dn255 dn256,1,Thunderbird_C0000549,1,12,warning: we failed to resolve data source name dn 142 dn 143 dn 144 dn 145 dn 146 dn 147 dn 148 dn 149 dn 150 dn 151 dn 152 dn 153 dn 154 dn 155 dn 156 dn 157 dn 158 dn 159 dn 160 dn 161 dn 162 dn 163 dn 164 dn 165 dn 166 dn 167 dn 168 dn 169 dn 170 dn 171 dn 172 dn 173 dn 174 dn 175 dn 176 dn 177 dn 178 dn 179 dn 180 dn 181 dn 182 dn 183 dn 184 dn 185 dn 186 dn 187 dn 188 dn 189 dn 190 dn 191 dn 192 dn 193 dn 194 dn 195 dn 196 dn 197 dn 198 dn 199 dn 200 dn 201 dn 202 dn 203 dn 204 dn 205 dn 206 dn 207 dn 208 dn 209 dn 210 dn 211 dn 212 dn 213 dn 214 dn 215 dn 216 dn 217 dn 218 dn 219 dn 220 dn 221 dn 222 dn 223 dn 224 dn 225 dn 226 dn 227 dn 228 dn 229 dn 230 dn 231 dn 232 dn 233 dn 234 dn 235 dn 236 dn 237 dn 238 dn 239 dn 240 dn 241 dn 242 dn 243 dn 244 dn 245 dn 246 dn 247 dn 248 dn 249 dn 250 dn 251 dn 252 dn 253 dn 254 dn 255 dn 256,1,1,frequency_representative
6264,Warning: we failed to resolve data source name dn270 dn271 dn272 dn273 dn274 dn275 dn276 dn277 dn278 dn279 dn280 dn281 dn282 dn283 dn284 dn285 dn286 dn287 dn288 dn289 dn290 dn291 dn292 dn293 dn294 dn295 dn296 dn297 dn298 dn299 dn300 dn301 dn302 dn303 dn304 dn305 dn306 dn307 dn308 dn309 dn310 dn311 dn312 dn313 dn314 dn315 dn316 dn317 dn318 dn319 dn320 dn321 dn322 dn323 dn324 dn325 dn326 dn327 dn328 dn329 dn330 dn331 dn332 dn333 dn334 dn335 dn336 dn337 dn338 dn339 dn340 dn341 dn342 dn343 dn344 dn345 dn346 dn347 dn348 dn349 dn350 dn351 dn352 dn353 dn354 dn355 dn356 dn357 dn358 dn359 dn360 dn361 dn362 dn363 dn364 dn365 dn366 dn367 dn368 dn369 dn370 dn371 dn372 dn373 dn374 dn375 dn376 dn377 dn378 dn379 dn380 dn381 dn382 dn383 dn384,E369,Warning: we failed to resolve data source name <*>,12,warning: we failed to resolve data source name dn270 dn271 dn272 dn273 dn274 dn275 dn276 dn277 dn278 dn279 dn280 dn281 dn282 dn283 dn284 dn285 dn286 dn287 dn288 dn289 dn290 dn291 dn292 dn293 dn294 dn295 dn296 dn297 dn298 dn299 dn300 dn301 dn302 dn303 dn304 dn305 dn306 dn307 dn308 dn309 dn310 dn311 dn312 dn313 dn314 dn315 dn316 dn317 dn318 dn319 dn320 dn321 dn322 dn323 dn324 dn325 dn326 dn327 dn328 dn329 dn330 dn331 dn332 dn333 dn334 dn335 dn336 dn337 dn338 dn339 dn340 dn341 dn342 dn343 dn344 dn345 dn346 dn347 dn348 dn349 dn350 dn351 dn352 dn353 dn354 dn355 dn356 dn357 dn358 dn359 dn360 dn361 dn362 dn363 dn364 dn365 dn366 dn367 dn368 dn369 dn370 dn371 dn372 dn373 dn374 dn375 dn376 dn377 dn378 dn379 dn380 dn381 dn382 dn383 dn384,1,Thunderbird_C0000550,1,12,warning: we failed to resolve data source name dn 270 dn 271 dn 272 dn 273 dn 274 dn 275 dn 276 dn 277 dn 278 dn 279 dn 280 dn 281 dn 282 dn 283 dn 284 dn 285 dn 286 dn 287 dn 288 dn 289 dn 290 dn 291 dn 292 dn 293 dn 294 dn 295 dn 296 dn 297 dn 298 dn 299 dn 300 dn 301 dn 302 dn 303 dn 304 dn 305 dn 306 dn 307 dn 308 dn 309 dn 310 dn 311 dn 312 dn 313 dn 314 dn 315 dn 316 dn 317 dn 318 dn 319 dn 320 dn 321 dn 322 dn 323 dn 324 dn 325 dn 326 dn 327 dn 328 dn 329 dn 330 dn 331 dn 332 dn 333 dn 334 dn 335 dn 336 dn 337 dn 338 dn 339 dn 340 dn 341 dn 342 dn 343 dn 344 dn 345 dn 346 dn 347 dn 348 dn 349 dn 350 dn 351 dn 352 dn 353 dn 354 dn 355 dn 356 dn 357 dn 358 dn 359 dn 360 dn 361 dn 362 dn 363 dn 364 dn 365 dn 366 dn 367 dn 368 dn 369 dn 370 dn 371 dn 372 dn 373 dn 374 dn 375 dn 376 dn 377 dn 378 dn 379 dn 380 dn 381 dn 382 dn 383 dn 384,1,1,frequency_representative
6265,Warning: we failed to resolve data source name dn398 dn399 dn400 dn401 dn402 dn403 dn404 dn405 dn406 dn407 dn408 dn409 dn410 dn411 dn412 dn413 dn414 dn415 dn416 dn417 dn418 dn419 dn420 dn421 dn422 dn423 dn424 dn425 dn426 dn427 dn428 dn429 dn430 dn431 dn432 dn433 dn434 dn435 dn436 dn437 dn438 dn439 dn440 dn441 dn442 dn443 dn444 dn445 dn446 dn447 dn448 dn449 dn450 dn451 dn452 dn453 dn454 dn455 dn456 dn457 dn458 dn459 dn460 dn461 dn462 dn463 dn464 dn465 dn466 dn467 dn468 dn469 dn470 dn471 dn472 dn473 dn474 dn475 dn476 dn477 dn478 dn479 dn480 dn481 dn482 dn483 dn484 dn485 dn486 dn487 dn488 dn489 dn490 dn491 dn492 dn493 dn494 dn495 dn496 dn497 dn498 dn499 dn500 dn501 dn502 dn503 dn504 dn505 dn506 dn507 dn508 dn509 dn510 dn511 dn512,E369,Warning: we failed to resolve data source name <*>,12,warning: we failed to resolve data source name dn398 dn399 dn400 dn401 dn402 dn403 dn404 dn405 dn406 dn407 dn408 dn409 dn410 dn411 dn412 dn413 dn414 dn415 dn416 dn417 dn418 dn419 dn420 dn421 dn422 dn423 dn424 dn425 dn426 dn427 dn428 dn429 dn430 dn431 dn432 dn433 dn434 dn435 dn436 dn437 dn438 dn439 dn440 dn441 dn442 dn443 dn444 dn445 dn446 dn447 dn448 dn449 dn450 dn451 dn452 dn453 dn454 dn455 dn456 dn457 dn458 dn459 dn460 dn461 dn462 dn463 dn464 dn465 dn466 dn467 dn468 dn469 dn470 dn471 dn472 dn473 dn474 dn475 dn476 dn477 dn478 dn479 dn480 dn481 dn482 dn483 dn484 dn485 dn486 dn487 dn488 dn489 dn490 dn491 dn492 dn493 dn494 dn495 dn496 dn497 dn498 dn499 dn500 dn501 dn502 dn503 dn504 dn505 dn506 dn507 dn508 dn509 dn510 dn511 dn512,1,Thunderbird_C0000551,1,12,warning: we failed to resolve data source name dn 398 dn 399 dn 400 dn 401 dn 402 dn 403 dn 404 dn 405 dn 406 dn 407 dn 408 dn 409 dn 410 dn 411 dn 412 dn 413 dn 414 dn 415 dn 416 dn 417 dn 418 dn 419 dn 420 dn 421 dn 422 dn 423 dn 424 dn 425 dn 426 dn 427 dn 428 dn 429 dn 430 dn 431 dn 432 dn 433 dn 434 dn 435 dn 436 dn 437 dn 438 dn 439 dn 440 dn 441 dn 442 dn 443 dn 444 dn 445 dn 446 dn 447 dn 448 dn 449 dn 450 dn 451 dn 452 dn 453 dn 454 dn 455 dn 456 dn 457 dn 458 dn 459 dn 460 dn 461 dn 462 dn 463 dn 464 dn 465 dn 466 dn 467 dn 468 dn 469 dn 470 dn 471 dn 472 dn 473 dn 474 dn 475 dn 476 dn 477 dn 478 dn 479 dn 480 dn 481 dn 482 dn 483 dn 484 dn 485 dn 486 dn 487 dn 488 dn 489 dn 490 dn 491 dn 492 dn 493 dn 494 dn 495 dn 496 dn 497 dn 498 dn 499 dn 500 dn 501 dn 502 dn 503 dn 504 dn 505 dn 506 dn 507 dn 508 dn 509 dn 510 dn 511 dn 512,1,1,frequency_representative
6266,Warning: we failed to resolve data source name dn526 dn527 dn528 dn529 dn530 dn531 dn532 dn533 dn534 dn535 dn536 dn537 dn538 dn539 dn540 dn541 dn542 dn543 dn544 dn545 dn546 dn547 dn548 dn549 dn550 dn551 dn552 dn553 dn554 dn555 dn556 dn557 dn558 dn559 dn560 dn561 dn562 dn563 dn564 dn565 dn566 dn567 dn568 dn569 dn570 dn571 dn572 dn573 dn574 dn575 dn576 dn577 dn578 dn579 dn580 dn581 dn582 dn583 dn584 dn585 dn586 dn587 dn588 dn589 dn590 dn591 dn592 dn593 dn594 dn595 dn596 dn597 dn598 dn599 dn600 dn601 dn602 dn603 dn604 dn605 dn606 dn607 dn608 dn609 dn610 dn611 dn612 dn613 dn614 dn615 dn616 dn617 dn618 dn619 dn620 dn621 dn622 dn623 dn624 dn625 dn626 dn627 dn628 dn629 dn630 dn631 dn632 dn633 dn634 dn635 dn636 dn637 dn638 dn639 dn640,E369,Warning: we failed to resolve data source name <*>,12,warning: we failed to resolve data source name dn526 dn527 dn528 dn529 dn530 dn531 dn532 dn533 dn534 dn535 dn536 dn537 dn538 dn539 dn540 dn541 dn542 dn543 dn544 dn545 dn546 dn547 dn548 dn549 dn550 dn551 dn552 dn553 dn554 dn555 dn556 dn557 dn558 dn559 dn560 dn561 dn562 dn563 dn564 dn565 dn566 dn567 dn568 dn569 dn570 dn571 dn572 dn573 dn574 dn575 dn576 dn577 dn578 dn579 dn580 dn581 dn582 dn583 dn584 dn585 dn586 dn587 dn588 dn589 dn590 dn591 dn592 dn593 dn594 dn595 dn596 dn597 dn598 dn599 dn600 dn601 dn602 dn603 dn604 dn605 dn606 dn607 dn608 dn609 dn610 dn611 dn612 dn613 dn614 dn615 dn616 dn617 dn618 dn619 dn620 dn621 dn622 dn623 dn624 dn625 dn626 dn627 dn628 dn629 dn630 dn631 dn632 dn633 dn634 dn635 dn636 dn637 dn638 dn639 dn640,1,Thunderbird_C0000552,1,12,warning: we failed to resolve data source name dn 526 dn 527 dn 528 dn 529 dn 530 dn 531 dn 532 dn 533 dn 534 dn 535 dn 536 dn 537 dn 538 dn 539 dn 540 dn 541 dn 542 dn 543 dn 544 dn 545 dn 546 dn 547 dn 548 dn 549 dn 550 dn 551 dn 552 dn 553 dn 554 dn 555 dn 556 dn 557 dn 558 dn 559 dn 560 dn 561 dn 562 dn 563 dn 564 dn 565 dn 566 dn 567 dn 568 dn 569 dn 570 dn 571 dn 572 dn 573 dn 574 dn 575 dn 576 dn 577 dn 578 dn 579 dn 580 dn 581 dn 582 dn 583 dn 584 dn 585 dn 586 dn 587 dn 588 dn 589 dn 590 dn 591 dn 592 dn 593 dn 594 dn 595 dn 596 dn 597 dn 598 dn 599 dn 600 dn 601 dn 602 dn 603 dn 604 dn 605 dn 606 dn 607 dn 608 dn 609 dn 610 dn 611 dn 612 dn 613 dn 614 dn 615 dn 616 dn 617 dn 618 dn 619 dn 620 dn 621 dn 622 dn 623 dn 624 dn 625 dn 626 dn 627 dn 628 dn 629 dn 630 dn 631 dn 632 dn 633 dn 634 dn 635 dn 636 dn 637 dn 638 dn 639 dn 640,1,1,frequency_representative
6267,Warning: we failed to resolve data source name dn654 dn655 dn656 dn657 dn658 dn659 dn660 dn661 dn662 dn663 dn664 dn665 dn666 dn667 dn668 dn669 dn670 dn671 dn672 dn673 dn674 dn675 dn676 dn677 dn678 dn679 dn680 dn681 dn682 dn683 dn684 dn685 dn686 dn687 dn688 dn689 dn690 dn691 dn692 dn693 dn694 dn695 dn696 dn697 dn698 dn699 dn700 dn701 dn702 dn703 dn704 dn705 dn706 dn707 dn708 dn709 dn710 dn711 dn712 dn713 dn714 dn715 dn716 dn717 dn718 dn719 dn720 dn721 dn722 dn723 dn724 dn725 dn726 dn727 dn728 dn729 dn730 dn731 dn732 dn733 dn734 dn735 dn736 dn737 dn738 dn739 dn740 dn741 dn742 dn743 dn744 dn745 dn746 dn747 dn748 dn749 dn750 dn751 dn752 dn753 dn754 dn755 dn756 dn757 dn758 dn759 dn760 dn761 dn762 dn763 dn764 dn765 dn766 dn767 dn768,E369,Warning: we failed to resolve data source name <*>,12,warning: we failed to resolve data source name dn654 dn655 dn656 dn657 dn658 dn659 dn660 dn661 dn662 dn663 dn664 dn665 dn666 dn667 dn668 dn669 dn670 dn671 dn672 dn673 dn674 dn675 dn676 dn677 dn678 dn679 dn680 dn681 dn682 dn683 dn684 dn685 dn686 dn687 dn688 dn689 dn690 dn691 dn692 dn693 dn694 dn695 dn696 dn697 dn698 dn699 dn700 dn701 dn702 dn703 dn704 dn705 dn706 dn707 dn708 dn709 dn710 dn711 dn712 dn713 dn714 dn715 dn716 dn717 dn718 dn719 dn720 dn721 dn722 dn723 dn724 dn725 dn726 dn727 dn728 dn729 dn730 dn731 dn732 dn733 dn734 dn735 dn736 dn737 dn738 dn739 dn740 dn741 dn742 dn743 dn744 dn745 dn746 dn747 dn748 dn749 dn750 dn751 dn752 dn753 dn754 dn755 dn756 dn757 dn758 dn759 dn760 dn761 dn762 dn763 dn764 dn765 dn766 dn767 dn768,1,Thunderbird_C0000553,1,12,warning: we failed to resolve data source name dn 654 dn 655 dn 656 dn 657 dn 658 dn 659 dn 660 dn 661 dn 662 dn 663 dn 664 dn 665 dn 666 dn 667 dn 668 dn 669 dn 670 dn 671 dn 672 dn 673 dn 674 dn 675 dn 676 dn 677 dn 678 dn 679 dn 680 dn 681 dn 682 dn 683 dn 684 dn 685 dn 686 dn 687 dn 688 dn 689 dn 690 dn 691 dn 692 dn 693 dn 694 dn 695 dn 696 dn 697 dn 698 dn 699 dn 700 dn 701 dn 702 dn 703 dn 704 dn 705 dn 706 dn 707 dn 708 dn 709 dn 710 dn 711 dn 712 dn 713 dn 714 dn 715 dn 716 dn 717 dn 718 dn 719 dn 720 dn 721 dn 722 dn 723 dn 724 dn 725 dn 726 dn 727 dn 728 dn 729 dn 730 dn 731 dn 732 dn 733 dn 734 dn 735 dn 736 dn 737 dn 738 dn 739 dn 740 dn 741 dn 742 dn 743 dn 744 dn 745 dn 746 dn 747 dn 748 dn 749 dn 750 dn 751 dn 752 dn 753 dn 754 dn 755 dn 756 dn 757 dn 758 dn 759 dn 760 dn 761 dn 762 dn 763 dn 764 dn 765 dn 766 dn 767 dn 768,1,1,frequency_representative
6268,Warning: we failed to resolve data source name dn782 dn783 dn784 dn785 dn786 dn787 dn788 dn789 dn790 dn791 dn792 dn793 dn794 dn795 dn796 dn797 dn798 dn799 dn800 dn801 dn802 dn803 dn804 dn805 dn806 dn807 dn808 dn809 dn810 dn811 dn812 dn813 dn814 dn815 dn816 dn817 dn818 dn819 dn820 dn821 dn822 dn823 dn824 dn825 dn826 dn827 dn828 dn829 dn830 dn831 dn832 dn833 dn834 dn835 dn836 dn837 dn838 dn839 dn840 dn841 dn842 dn843 dn844 dn845 dn846 dn847 dn848 dn849 dn850 dn851 dn852 dn853 dn854 dn855 dn856 dn857 dn858 dn859 dn860 dn861 dn862 dn863 dn864 dn865 dn866 dn867 dn868 dn869 dn870 dn871 dn872 dn873 dn874 dn875 dn876 dn877 dn878 dn879 dn880 dn881 dn882 dn883 dn884 dn885 dn886 dn887 dn888 dn889 dn890 dn891 dn892 dn893 dn894 dn895 dn896,E369,Warning: we failed to resolve data source name <*>,12,warning: we failed to resolve data source name dn782 dn783 dn784 dn785 dn786 dn787 dn788 dn789 dn790 dn791 dn792 dn793 dn794 dn795 dn796 dn797 dn798 dn799 dn800 dn801 dn802 dn803 dn804 dn805 dn806 dn807 dn808 dn809 dn810 dn811 dn812 dn813 dn814 dn815 dn816 dn817 dn818 dn819 dn820 dn821 dn822 dn823 dn824 dn825 dn826 dn827 dn828 dn829 dn830 dn831 dn832 dn833 dn834 dn835 dn836 dn837 dn838 dn839 dn840 dn841 dn842 dn843 dn844 dn845 dn846 dn847 dn848 dn849 dn850 dn851 dn852 dn853 dn854 dn855 dn856 dn857 dn858 dn859 dn860 dn861 dn862 dn863 dn864 dn865 dn866 dn867 dn868 dn869 dn870 dn871 dn872 dn873 dn874 dn875 dn876 dn877 dn878 dn879 dn880 dn881 dn882 dn883 dn884 dn885 dn886 dn887 dn888 dn889 dn890 dn891 dn892 dn893 dn894 dn895 dn896,1,Thunderbird_C0000554,1,12,warning: we failed to resolve data source name dn 782 dn 783 dn 784 dn 785 dn 786 dn 787 dn 788 dn 789 dn 790 dn 791 dn 792 dn 793 dn 794 dn 795 dn 796 dn 797 dn 798 dn 799 dn 800 dn 801 dn 802 dn 803 dn 804 dn 805 dn 806 dn 807 dn 808 dn 809 dn 810 dn 811 dn 812 dn 813 dn 814 dn 815 dn 816 dn 817 dn 818 dn 819 dn 820 dn 821 dn 822 dn 823 dn 824 dn 825 dn 826 dn 827 dn 828 dn 829 dn 830 dn 831 dn 832 dn 833 dn 834 dn 835 dn 836 dn 837 dn 838 dn 839 dn 840 dn 841 dn 842 dn 843 dn 844 dn 845 dn 846 dn 847 dn 848 dn 849 dn 850 dn 851 dn 852 dn 853 dn 854 dn 855 dn 856 dn 857 dn 858 dn 859 dn 860 dn 861 dn 862 dn 863 dn 864 dn 865 dn 866 dn 867 dn 868 dn 869 dn 870 dn 871 dn 872 dn 873 dn 874 dn 875 dn 876 dn 877 dn 878 dn 879 dn 880 dn 881 dn 882 dn 883 dn 884 dn 885 dn 886 dn 887 dn 888 dn 889 dn 890 dn 891 dn 892 dn 893 dn 894 dn 895 dn 896,1,1,frequency_representative
6269,Warning: we failed to resolve data source name dn910 dn911 dn912 dn913 dn914 dn915 dn916 dn917 dn918 dn919 dn920 dn921 dn922 dn923 dn924 dn925 dn926 dn927 dn928 dn929 dn930 dn931 dn932 dn933 dn934 dn935 dn936 dn937 dn938 dn939 dn940 dn941 dn942 dn943 dn944 dn945 dn946 dn947 dn948 dn949 dn950 dn951 dn952 dn953 dn954 dn955 dn956 dn957 dn958 dn959 dn960 dn961 dn962 dn963 dn964 dn965 dn966 dn967 dn968 dn969 dn970 dn971 dn972 dn973 dn974 dn975 dn976 dn977 dn978 dn979 dn980 dn981 dn982 dn983 dn984 dn985 dn986 dn987 dn988 dn989 dn990 dn991 dn992 dn993 dn994 dn995 dn996 dn997 dn998 dn999 dn1000 dn1001 dn1002 dn1003 dn1004 dn1005 dn1006 dn1007 dn1008 dn1009 dn1010 dn1011 dn1012 dn1013 dn1014 dn1015 dn1016 dn1017 dn1018 dn1019 dn1020 dn1021 dn1022 dn1023 dn1024,E369,Warning: we failed to resolve data source name <*>,12,warning: we failed to resolve data source name dn910 dn911 dn912 dn913 dn914 dn915 dn916 dn917 dn918 dn919 dn920 dn921 dn922 dn923 dn924 dn925 dn926 dn927 dn928 dn929 dn930 dn931 dn932 dn933 dn934 dn935 dn936 dn937 dn938 dn939 dn940 dn941 dn942 dn943 dn944 dn945 dn946 dn947 dn948 dn949 dn950 dn951 dn952 dn953 dn954 dn955 dn956 dn957 dn958 dn959 dn960 dn961 dn962 dn963 dn964 dn965 dn966 dn967 dn968 dn969 dn970 dn971 dn972 dn973 dn974 dn975 dn976 dn977 dn978 dn979 dn980 dn981 dn982 dn983 dn984 dn985 dn986 dn987 dn988 dn989 dn990 dn991 dn992 dn993 dn994 dn995 dn996 dn997 dn998 dn999 dn1000 dn1001 dn1002 dn1003 dn1004 dn1005 dn1006 dn1007 dn1008 dn1009 dn1010 dn1011 dn1012 dn1013 dn1014 dn1015 dn1016 dn1017 dn1018 dn1019 dn1020 dn1021 dn1022 dn1023 dn1024,1,Thunderbird_C0000555,1,12,warning: we failed to resolve data source name dn 910 dn 911 dn 912 dn 913 dn 914 dn 915 dn 916 dn 917 dn 918 dn 919 dn 920 dn 921 dn 922 dn 923 dn 924 dn 925 dn 926 dn 927 dn 928 dn 929 dn 930 dn 931 dn 932 dn 933 dn 934 dn 935 dn 936 dn 937 dn 938 dn 939 dn 940 dn 941 dn 942 dn 943 dn 944 dn 945 dn 946 dn 947 dn 948 dn 949 dn 950 dn 951 dn 952 dn 953 dn 954 dn 955 dn 956 dn 957 dn 958 dn 959 dn 960 dn 961 dn 962 dn 963 dn 964 dn 965 dn 966 dn 967 dn 968 dn 969 dn 970 dn 971 dn 972 dn 973 dn 974 dn 975 dn 976 dn 977 dn 978 dn 979 dn 980 dn 981 dn 982 dn 983 dn 984 dn 985 dn 986 dn 987 dn 988 dn 989 dn 990 dn 991 dn 992 dn 993 dn 994 dn 995 dn 996 dn 997 dn 998 dn 999 dn 1000 dn 1001 dn 1002 dn 1003 dn 1004 dn 1005 dn 1006 dn 1007 dn 1008 dn 1009 dn 1010 dn 1011 dn 1012 dn 1013 dn 1014 dn 1015 dn 1016 dn 1017 dn 1018 dn 1019 dn 1020 dn 1021 dn 1022 dn 1023 dn 1024,1,1,frequency_representative
6270,gmetad startup succeeded,E1056,<*> startup succeeded,12,gmetad startup succeeded,1,Thunderbird_C0000556,1,12,gmetad startup succeeded,1,1,frequency_representative
6278,not allocating divert_blk for non-ethernet device sit0,E289,not allocating divert_blk for non-ethernet device <*>,15,not allocating divert_blk for non-ethernet device sit0,1,Thunderbird_C0000557,1,15,not allocating divert_blk for non-ethernet device sit 0,1,1,frequency_representative
6285,Cannot open file /dev/logsurfer for writing (No such file or directory),E239,Cannot open file <*> for writing (No such file or directory),13,cannot open file /dev/logsurfer for writing (no such file or directory),1,Thunderbird_C0000558,1,13,cannot open file/dev/logsurfer for writing (no such file or directory),1,1,frequency_representative
6286,Changing permissions on special file /dev/logsurfer,E555,Changing permissions on special file <*>,18,changing permissions on special file /dev/logsurfer,1,Thunderbird_C0000559,1,18,changing permissions on special file/dev/logsurfer,1,1,frequency_representative
9220,"User jtfish, coming from #45#, authenticated.",E603,"User <*>, coming from <*>, authenticated.",561,"user jtfish, coming from # <num> #, authenticated.",1,Thunderbird_C0000560,1,561,"user jtfish, coming from # <num> #, authenticated.",1,1,frequency_representative
23846,Now running on root's privileges.,E749,Now running on <*>'s privileges.,690,now running on root's privileges.,1,Thunderbird_C0000561,8,1522,now running on <*> ' s privileges.,3,1,frequency_representative
10119191,Now running on lnihlen's privileges.,E749,Now running on <*>'s privileges.,108,now running on lnihlen's privileges.,1,Thunderbird_C0000561,8,1522,now running on <*> ' s privileges.,3,2,complex_sample
9227,Now running on jtfish's privileges.,E749,Now running on <*>'s privileges.,560,now running on jtfish's privileges.,1,Thunderbird_C0000561,8,1522,now running on <*> ' s privileges.,3,3,diverse_sample
11685,ROOT LOGIN ON tty1,E1225,<*> LOGIN ON <*>,93,root login on tty1,1,Thunderbird_C0000562,1,93,root login on tty 1,1,1,frequency_representative
11873,DEVPATH is not set,E1209,<*> is not set,112,devpath is not set,1,Thunderbird_C0000563,1,112,devpath is not set,1,1,frequency_representative
187381,bad username [],E1176,bad username <*>,6,bad username [],1,Thunderbird_C0000564,2,9,bad username [],2,1,frequency_representative
11876,bad username [ ],E1176,bad username <*>,3,bad username [ ],1,Thunderbird_C0000564,2,9,bad username [],2,2,complex_sample
11877,"FAILED LOGIN 1 FROM (null) FOR , Authentication failure",E253,"FAILED LOGIN <*> FROM (null) FOR , Authentication failure",7,"failed login <num> from (null) for , authentication failure",3,Thunderbird_C0000565,4,9,"failed login <*> from (null) for, authentication failure",2,1,frequency_representative
187387,"FAILED LOGIN SESSION FROM (null) FOR , Authentication failure",E253,"FAILED LOGIN <*> FROM (null) FOR , Authentication failure",2,"failed login session from (null) for , authentication failure",1,Thunderbird_C0000565,4,9,"failed login <*> from (null) for, authentication failure",2,2,complex_sample
12018,input: AT Translated Set 2 keyboard on isa0060/serio0,E1213,input: <*> on <*>,140,input: at translated set <num> keyboard on isa0060/serio0,1,Thunderbird_C0000566,1,140,input: at translated set <num> keyboard on isa 0060/serio 0,1,1,frequency_representative
12041,messagebus shutdown failed,E1114,<*> shutdown failed,6155,messagebus shutdown failed,1,Thunderbird_C0000567,1,6155,messagebus shutdown failed,1,1,frequency_representative
12042,pbs_mom shutdown succeeded,E1032,<*> shutdown succeeded,14086,pbs_mom shutdown succeeded,1,Thunderbird_C0000568,1,14086,pbs_mom shutdown succeeded,1,1,frequency_representative
12043,smartd shutdown failed,E1114,<*> shutdown failed,3879,smartd shutdown failed,1,Thunderbird_C0000569,1,3879,smartd shutdown failed,1,1,frequency_representative
12044,Received TERM or STOP signal... shutting down...,E558,Received <*> signal... shutting down...,8784,received term or stop signal... shutting down...,1,Thunderbird_C0000570,1,8784,received term or stop signal... shutting down...,1,1,frequency_representative
12049,acpid shutdown succeeded,E1032,<*> shutdown succeeded,5645,acpid shutdown succeeded,1,Thunderbird_C0000571,1,5645,acpid shutdown succeeded,1,1,frequency_representative
12053,snmpd shutdown succeeded,E1032,<*> shutdown succeeded,8890,snmpd shutdown succeeded,1,Thunderbird_C0000572,1,8890,snmpd shutdown succeeded,1,1,frequency_representative
12059,Kernel log daemon terminating.,E671,Kernel log daemon terminating.,4899,kernel log daemon terminating.,1,Thunderbird_C0000573,1,4899,kernel log daemon terminating.,1,1,frequency_representative
12060,Kernel logging (proc) stopped.,E882,Kernel logging <*> stopped.,4908,kernel logging (proc) stopped.,1,Thunderbird_C0000574,1,4908,kernel logging (proc) stopped.,1,1,frequency_representative
12061,lockd shutdown failed,E1114,<*> shutdown failed,4443,lockd shutdown failed,1,Thunderbird_C0000575,1,4443,lockd shutdown failed,1,1,frequency_representative
12070,klogd shutdown succeeded,E1032,<*> shutdown succeeded,983,klogd shutdown succeeded,1,Thunderbird_C0000576,1,983,klogd shutdown succeeded,1,1,frequency_representative
12821,hw_random: RNG not detected,E773,hw_random: RNG not detected,1651,hw_random: rng not detected,1,Thunderbird_C0000577,1,1651,hw_random: rng not detected,1,1,frequency_representative
12886,[/sbin/fsck.ext3 (1) -- /],E1234,[<*> (<*>) -- <*>],1428,[ <path> ( <num> ) -- /],1,Thunderbird_C0000578,1,1428,[<path> (<num>)-- /],1,1,frequency_representative
12890,fsck.ext3 -a /dev/sda3,E1174,fsck.ext3 -a <*>,3046,<id> -a <path>,4,Thunderbird_C0000579,4,3046,<id>-a <path>,1,1,frequency_representative
13414,Instrumentation Service EventID: 1053 Temperature sensor detected a warning value Sensor location: BMC Ambient Temp Chassis location: Main System Chassis Previous state was: OK (Normal) Temperature sensor value (in Degrees Celsius): 10.0,E2,Instrumentation Service EventID: <*> Temperature sensor detected a warning value Sensor location: <*> Chassis location: <*> Previous state was: <*> (Normal) Temperature sensor value (in Degrees Celsius): <*>,608933,instrumentation service eventid: <num> temperature sensor detected a warning value sensor location: bmc ambient temp chassis location: main system chassis previous state was: ok (normal) temperature sensor value (in degrees celsius): <num>,1,Thunderbird_C0000580,1,608933,instrumentation service eventid: <num> temperature sensor detected a warning value sensor location: bmc ambient temp chassis location: main system chassis previous state was: ok (normal) temperature sensor value (in degrees celsius): <num>,1,1,frequency_representative
13646,Instrumentation Service EventID: 1052 Temperature sensor returned to a normal value Sensor location: BMC Ambient Temp Chassis location: Main System Chassis Previous state was: Non-Critical (Warning) Temperature sensor value (in Degrees Celsius): 11.0,E4,Instrumentation Service EventID: <*> Temperature sensor returned to a normal value Sensor location: <*> Chassis location: <*> Previous state was: <*> Temperature sensor value (in Degrees Celsius): <*>,609878,instrumentation service eventid: <num> temperature sensor returned to a normal value sensor location: bmc ambient temp chassis location: main system chassis previous state was: non-critical (warning) temperature sensor value (in degrees celsius): <num>,2,Thunderbird_C0000581,2,609878,instrumentation service eventid: <num> temperature sensor returned to a normal value sensor location: bmc ambient temp chassis location: main system chassis previous state was: non-critical (warning) temperature sensor value (in degrees celsius): <num>,1,1,frequency_representative
13685,[ib_sm_sweep.c:1264]: Rediscover the subnet,E835,[<*>]: Rediscover the subnet,147510,[ <id> ]: rediscover the subnet,1,Thunderbird_C0000582,1,147510,[<id>]: rediscover the subnet,1,1,frequency_representative
13686,[ib_sm_sweep.c:1792]: async events require sweep,E694,[<*>]: async events require sweep,2640,[ <id> ]: async events require sweep,1,Thunderbird_C0000583,1,2640,[<id>]: async events require sweep,1,1,frequency_representative
2491321,"[ib_sm_discovery.c:1103]: Failed discover node test, node 5ad0000027b60, port_num= 22, error code 1",E200,"[<*>]: Failed discover node test, node <*>, port_num= <*>, error code <*>",560474,"[ <id> ]: failed discover node test, node <hex> , port_num= <num> , error code <num>",209,Thunderbird_C0000584,209,560474,"[<id>]: failed discover node test, node <hex>, port_num = <num>, error code <num>",1,1,frequency_representative
15977740,"[ib_sm_discovery.c:422]: Failed to GetPortInfo() - hop_count: 4, direct_path: 0, 1, 1, 4, 9, 0, 0, 0, 0, 0",E216,"[<*>]: Failed to GetPortInfo() - hop_count: <*>, direct_path: <*>",83,"[ <id> ]: failed to getportinfo() - hop_count: <num> , direct_path: <num> , <num> , <num> , <num> , <num> , <num> , <num> , <num> , <num> , <num>",62,Thunderbird_C0000585,62,83,"[<id>]: failed to getportinfo ()-hop_count: <num>, direct_path: <num>, <num>, <num>, <num>, <num>, <num>, <num>, <num>, <num>, <num>",1,1,frequency_representative
13692,[ib_sm_discovery.c:470]: Failed to GetNodeInfo() because of NO RESPONSE,E297,[<*>]: Failed to GetNodeInfo() because of NO RESPONSE,560692,[ <id> ]: failed to getnodeinfo() because of no response,1,Thunderbird_C0000586,1,560692,[<id>]: failed to getnodeinfo () because of no response,1,1,frequency_representative
17482,"[ib_sm_discovery.c:949]: no routing required for port guid 0x5ad000003947d, lid 738",E449,"[<*>]: no routing required for port guid <*>, lid <*>",953,"[ <id> ]: no routing required for port guid <hex> , lid <num>",766,Thunderbird_C0000587,766,953,"[<id>]: no routing required for port guid <hex>, lid <num>",1,1,frequency_representative
13694,[INFO]: Configuration caused by discovering new ports,E233,[INFO]: Configuration caused by discovering new ports,1383,[info]: configuration caused by discovering new ports,1,Thunderbird_C0000588,1,1383,[info]: configuration caused by discovering new ports,1,1,frequency_representative
190991,"[ib_sm_assign.c:229]: Set port GUID=5ad00000393dc, port=1 DOWN (port prefix fe80000000000000, subnet_prefix fe80000000",E202,"[<*>]: Set port GUID=<*>, port=<*> DOWN (port prefix <*>, subnet_prefix <*>",11397,"[ <id> ]: set port guid= <hex> , port= <num> down (port prefix <hex> , subnet_prefix <id>",4250,Thunderbird_C0000589,4250,11397,"[<id>]: set port guid = <hex>, port = <num> down (port prefix <hex>, subnet_prefix <id>",1,1,frequency_representative
191005,"[ib_sm_assign.c:568]: Force port to go down due to LID conflict, node - GUID=5ad00000393dc, port=1",E172,"[<*>]: Force port to go down due to LID conflict, node - GUID=<*>, port=<*>",7536,"[ <id> ]: force port to go down due to lid conflict, node - guid= <hex> , port= <num>",3777,Thunderbird_C0000590,3777,7536,"[<id>]: force port to go down due to lid conflict, node-guid = <hex>, port = <num>",1,1,frequency_representative
13697,[ib_sm_sweep.c:1442]: Topology changed,E975,[<*>]: Topology changed,1837,[ <id> ]: topology changed,1,Thunderbird_C0000591,1,1837,[<id>]: topology changed,1,1,frequency_representative
13792,"Kernel command line: ro root=LABEL=/1 tsc console=tty0 console=ttyS0,19200 rhgb quiet",E211,"Kernel command line: ro <*>=<*> tsc console=<*> console=<*>,<*> rhgb quiet",3097,"kernel command line: ro root=label=/ <num> tsc console=tty0 console=ttys0, <num> rhgb quiet",2,Thunderbird_C0000592,2,3097,"kernel command line: ro root = label =/<num> tsc console = tty 0 console = ttys 0, <num> rhgb quiet",1,1,frequency_representative
11086821,"/1: clean, 174823/1026144 files, 956745/2048287 blocks",E988,"<*>: clean, <*> files, <*> blocks",3124,"/ <num> : clean, <num> / <num> files, <num> / <num> blocks",1786,Thunderbird_C0000593,1786,3124,"/ <num>: clean, <num>/<num> files, <num>/<num> blocks",1,1,frequency_representative
38249,"/boot1: clean, 42/64256 files, 24908/257008 blocks",E988,"<*>: clean, <*> files, <*> blocks",2630,"/boot1: clean, <num> / <num> files, <num> / <num> blocks",21,Thunderbird_C0000594,21,2630,"/ boot 1: clean, <num>/<num> files, <num>/<num> blocks",1,1,frequency_representative
13880,/boot1: recovering journal,E1014,<*>: recovering journal,1287,/boot1: recovering journal,1,Thunderbird_C0000595,1,1287,/ boot 1: recovering journal,1,1,frequency_representative
446882,"/tmp1: clean, 27/4947968 files, 175775/9887999 blocks",E988,"<*>: clean, <*> files, <*> blocks",3128,"/tmp1: clean, <num> / <num> files, <num> / <num> blocks",869,Thunderbird_C0000596,869,3128,"/ tmp 1: clean, <num>/<num> files, <num>/<num> blocks",1,1,frequency_representative
13882,/tmp1: recovering journal,E1014,<*>: recovering journal,1456,/tmp1: recovering journal,1,Thunderbird_C0000597,1,1456,/ tmp 1: recovering journal,1,1,frequency_representative
13902,[trip Temperature is 68 Celsius],E714,[trip Temperature is <*> Celsius],2130,[trip temperature is <num> celsius],2,Thunderbird_C0000598,2,2130,[trip temperature is <num> celsius],1,1,frequency_representative
363094,"Device: /dev/sda, initial Temperature is 24 Celsius",E474,"Device: <*>, initial Temperature is <*> Celsius",2322,"device: /dev/sda, initial temperature is <num> celsius",25,Thunderbird_C0000599,25,2322,"device:/dev/sda, initial temperature is <num> celsius",1,1,frequency_representative
13905,"Device: /dev/sda, is SMART capable. Adding to ""monitor"" list.",E395,"Device: <*>, is SMART capable. Adding to <*> list.",2318,"device: /dev/sda, is smart capable. adding to ""monitor"" list.",1,Thunderbird_C0000600,1,2318,"device:/dev/sda, is smart capable. adding to "" monitor "" list.",1,1,frequency_representative
13908,Monitoring 0 ATA and 1 SCSI devices,E699,Monitoring <*> ATA and <*> SCSI devices,2337,monitoring <num> ata and <num> scsi devices,1,Thunderbird_C0000601,1,2337,monitoring <num> ata and <num> scsi devices,1,1,frequency_representative
13928,smartd startup succeeded,E1056,<*> startup succeeded,2332,smartd startup succeeded,1,Thunderbird_C0000602,1,2332,smartd startup succeeded,1,1,frequency_representative
8177054,smartd has fork()ed into background mode. New PID=1815.,E296,smartd has fork()ed into background mode. New PID=<*>.,2311,smartd has fork()ed into background mode. new pid= <num> .,152,Thunderbird_C0000603,152,2311,smartd has fork () ed into background mode. new pid = <num>.,1,1,frequency_representative
13974,ttyS0 at I/O 0x3f8 (irq = 4) is a 16550A,E1126,<*> at I/O <*> (irq = <*>) is a <*>,223,ttys0 at i/o <hex> (irq = <num> ) is a 16550a,1,Thunderbird_C0000604,1,223,ttys 0 at i/o <hex> (irq = <num>) is a 16550 a,1,1,frequency_representative
13988,Vendor: SEAGATE Model: ST373207LC Rev: D701,E1044,Vendor: <*> Model: <*> Rev: <*>,2572,vendor: seagate model: <id> rev: d701,1,Thunderbird_C0000605,1,2572,vendor: seagate model: <id> rev: d 701,1,1,frequency_representative
13998,Copyright (c) 1999-2005 LSI Logic Corporation,E571,Copyright (c) <*> LSI Logic Corporation,2898,copyright (c) <num> - <num> lsi logic corporation,1,Thunderbird_C0000606,1,2898,copyright (c) <num>-<num> lsi logic corporation,1,1,frequency_representative
14004,Fusion MPT SCSI Host driver 3.02.18,E825,Fusion MPT SCSI Host driver <*>,2893,fusion mpt scsi host driver <num> . <num>,1,Thunderbird_C0000607,1,2893,fusion mpt scsi host driver <num>. <num>,1,1,frequency_representative
14005,Fusion MPT base driver 3.02.18,E972,Fusion MPT base driver <*>,2904,fusion mpt base driver <num> . <num>,1,Thunderbird_C0000608,1,2904,fusion mpt base driver <num>. <num>,1,1,frequency_representative
14013,SCSI device sda: drive cache: write through,E499,SCSI device <*>: drive cache: write through,2915,scsi device sda: drive cache: write through,1,Thunderbird_C0000609,1,2915,scsi device sda: drive cache: write through,1,1,frequency_representative
14025,"ioc0: 53C1030: Capabilities={Initiator,Target}",E978,ioc0: <*>: Capabilities=<*>,2884,"ioc0: 53c1030: capabilities={initiator,target}",1,Thunderbird_C0000610,1,2884,"ioc 0: 53 c 1030: capabilities = {initiator, target}",1,1,frequency_representative
14027,mptbase: Initiating ioc0 bringup,E759,mptbase: Initiating <*> bringup,2892,mptbase: initiating ioc0 bringup,1,Thunderbird_C0000611,1,2892,mptbase: initiating ioc 0 bringup,1,1,frequency_representative
14028,"scsi0 : ioc0: LSI53C1030, FwRev=01032300h, Ports=1, MaxQ=203, IRQ=201",E707,"<*> : <*>: <*>, FwRev=<*>, Ports=<*>, MaxQ=<*>, IRQ=<*>",2889,"scsi0 : ioc0: <id> , fwrev= <id> , ports= <num> , maxq= <num> , irq= <num>",2,Thunderbird_C0000612,2,2889,"scsi 0: ioc 0: <id>, fwrev = <id>, ports = <num>, maxq = <num>, irq = <num>",1,1,frequency_representative
14155,eth0: no IPv6 routers present,E878,<*>: no IPv6 routers present,7299,eth0: no ipv6 routers present,1,Thunderbird_C0000613,1,7299,eth 0: no ipv 6 routers present,1,1,frequency_representative
14156,ib0: no IPv6 routers present,E878,<*>: no IPv6 routers present,6382,ib0: no ipv6 routers present,1,Thunderbird_C0000614,1,6382,ib 0: no ipv 6 routers present,1,1,frequency_representative
17485,[INFO]: Generate SM IN_SERVICE trap for GID=0x000000fe800000000005ad000003947d,E389,[INFO]: Generate SM IN_SERVICE trap for GID=<*>,11303,[info]: generate sm in_service trap for gid= <hex>,5441,Thunderbird_C0000615,5441,11303,[info]: generate sm in_service trap for gid = <hex>,1,1,frequency_representative
17484,"[ib_sm_bringup.c:513]: Program port state, node=5ad0000025af7, port= 19, current state 2, neighbor node=5ad000003947c, port= 1, current state 2",E61,"[<*>]: Program port state, node=<*>, port=<*>, current state <*>, neighbor node=<*>, port=<*>, current state <*>",24462,"[ <id> ]: program port state, node= <hex> , port= <num> , current state <num> , neighbor node= <hex> , port= <num> , current state <num>",12364,Thunderbird_C0000616,12364,24462,"[<id>]: program port state, node = <hex>, port = <num>, current state <num>, neighbor node = <hex>, port = <num>, current state <num>",1,1,frequency_representative
17487,[ib_sm_sweep.c:144]: A new IB node 0x0005AD000003947D was discovered and assigned LID 738,E343,[<*>]: A new IB node <*> was discovered and assigned LID <*>,10054,[ <id> ]: a new ib node <hex> was discovered and assigned lid <num>,4393,Thunderbird_C0000617,4393,10054,[<id>]: a new ib node <hex> was discovered and assigned lid <num>,1,1,frequency_representative
14533,[INFO]: IB CliSessionThread PID= 24904,E612,[INFO]: IB CliSessionThread PID= <*>,604,[info]: ib clisessionthread pid= <num>,1,Thunderbird_C0000618,1,604,[info]: ib clisessionthread pid = <num>,1,1,frequency_representative
56625,[/sbin/fsck.ext3 (1) -- /tmp],E1234,[<*> (<*>) -- <*>],1151,[ <path> ( <num> ) -- /tmp],1,Thunderbird_C0000619,3,1638,[<path> (<num>)--/<*>],2,1,frequency_representative
632443,[/sbin/fsck.ext3 (1) -- /boot],E1234,[<*> (<*>) -- <*>],17,[ <path> ( <num> ) -- /boot],1,Thunderbird_C0000619,3,1638,[<path> (<num>)--/<*>],2,2,complex_sample
15652,eth1: no IPv6 routers present,E878,<*>: no IPv6 routers present,6915,eth1: no ipv6 routers present,1,Thunderbird_C0000620,1,6915,eth 1: no ipv 6 routers present,1,1,frequency_representative
15901,in your dhcpd.conf file for the network segment,E347,in your dhcpd.conf file for the network segment,1214,in your dhcpd.conf file for the network segment,1,Thunderbird_C0000621,1,1214,in your dhcpd. conf file for the network segment,1,1,frequency_representative
15903,to which interface eth1:0 is attached. **,E615,to which interface <*> is attached. **,1214,to which interface eth1: <num> is attached. **,1,Thunderbird_C0000622,1,1214,to which interface eth 1: <num> is attached. * *,1,1,frequency_representative
15905,"you want, please write a subnet declaration",E406,"you want, please write a subnet declaration",1214,"you want, please write a subnet declaration",1,Thunderbird_C0000623,1,1214,"you want, please write a subnet declaration",1,1,frequency_representative
15907,** Ignoring requests on eth1:0. If this is not what,E441,** Ignoring requests on <*>. If this is not what,1214,** ignoring requests on eth1: <num> . if this is not what,1,Thunderbird_C0000624,1,1214,* * ignoring requests on eth 1: <num>. if this is not what,1,1,frequency_representative
213850,Listening on LPF/eth1/00:11:43:e3:ba:df/C_net,E1171,Listening on <*>,262,listening on lpf/eth1/ <ip> /c_net,4,Thunderbird_C0000625,4,262,listening on lpf/eth 1/<ip>/c_net,1,1,frequency_representative
15920,No subnet declaration for eth1:0 (0.0.0.0).,E763,No subnet declaration for <*> (<*>).,1214,no subnet declaration for eth1: <num> ( <ip> ).,1,Thunderbird_C0000626,1,1214,no subnet declaration for eth 1: <num> (<ip>).,1,1,frequency_representative
213854,Sending on LPF/eth1/00:11:43:e3:ba:df/C_net,E1201,Sending on <*>,262,sending on lpf/eth1/ <ip> /c_net,4,Thunderbird_C0000627,4,262,sending on lpf/eth 1/<ip>/c_net,1,1,frequency_representative
349321,"pan_ips: error -- cfg target addresses, 0x5 (Out of memory), err_loc=1, rhel_4_amd64/release/build/panfs/ips/pan_ips_cfg.c:294 <11>Nov 10 18:14:55 mount.panfs: pan_ips: error -- real init, 0x5 (Out of memory), err_loc=3, rhel_4_amd64/release/build/panfs/ips/pan_ips.c:143",E215,"pan_ips: error -- cfg target addresses, <*> (Out of memory), <*>",1126,"pan_ips: error -- cfg target addresses, <hex> (out of memory), err_loc= <num> , <id> /release/build/panfs/ips/ <id> < <num> >nov <num> <ip> mount.panfs: pan_ips: error -- real init, <hex> (out of memory), err_loc= <num> , <id> /release/build/panfs/ips/ <id>",604,Thunderbird_C0000628,919,1533,"pan_ips: error-- cfg target addresses, <hex> (out of memory), err_loc = <num>, <id>/release/build/panfs/ips/<id> < <num> > <*> <num> <ip> mount. panfs: pan_ips: error-- real init, <hex> (out of memory), err_loc = <num>, <id>/release/build/panfs/ips/<id>",2,1,frequency_representative
10002564,"pan_ips: error -- cfg target addresses, 0x5 (Out of memory), err_loc=1, rhel_4_amd64/release/build/panfs/ips/pan_ips_cfg.c:294 <11>Dec 8 12:41:42 mount.panfs: pan_ips: error -- real init, 0x5 (Out of memory), err_loc=3, rhel_4_amd64/release/build/panfs/ips/pan_ips.c:143",E215,"pan_ips: error -- cfg target addresses, <*> (Out of memory), <*>",407,"pan_ips: error -- cfg target addresses, <hex> (out of memory), err_loc= <num> , <id> /release/build/panfs/ips/ <id> < <num> >dec <num> <ip> mount.panfs: pan_ips: error -- real init, <hex> (out of memory), err_loc= <num> , <id> /release/build/panfs/ips/ <id>",315,Thunderbird_C0000628,919,1533,"pan_ips: error-- cfg target addresses, <hex> (out of memory), err_loc = <num>, <id>/release/build/panfs/ips/<id> < <num> > <*> <num> <ip> mount. panfs: pan_ips: error-- real init, <hex> (out of memory), err_loc = <num>, <id>/release/build/panfs/ips/<id>",2,2,complex_sample
16727,System clock time adjusted to the past. Resetting next wakeup time.,E145,System clock time adjusted to the past. Resetting next wakeup time.,402,system clock time adjusted to the past. resetting next wakeup time.,1,Thunderbird_C0000629,1,402,system clock time adjusted to the past. resetting next wakeup time.,1,1,frequency_representative
11085410,"/var: clean, 3623/1281696 files, 88492/2560351 blocks",E988,"<*>: clean, <*> files, <*> blocks",2744,"/var: clean, <num> / <num> files, <num> / <num> blocks",2007,Thunderbird_C0000630,2007,2744,"/ var: clean, <num>/<num> files, <num>/<num> blocks",1,1,frequency_representative
17080,/var: recovering journal,E1014,<*>: recovering journal,858,/var: recovering journal,1,Thunderbird_C0000631,1,858,/ var: recovering journal,1,1,frequency_representative
17418,#26# : TTY=pts/5 ; PWD=/home/#26#/cisco ; USER=root ; COMMAND=/bin/bash,E768,<*> : TTY=<*> ; PWD=<*> ; USER=<*> ; COMMAND=<*>,1,# <num> # : tty=pts/ <num> ; pwd=/home/# <num> #/cisco ; user=root ; command=/bin/bash,1,Thunderbird_C0000632,1,1,# <num> #: tty = pts/<num>; pwd =/home/# <num> #/cisco; user = root; command =/bin/bash,1,1,frequency_representative
17469,[ib_sm_sweep.c:254]: An existing IB node GUID 0005AD000003947D LID 738 was removed,E428,[<*>]: An existing IB node GUID <*> LID <*> was removed,15455,[ <id> ]: an existing ib node guid <hex> lid <num> was removed,4742,Thunderbird_C0000633,4742,15455,[<id>]: an existing ib node guid <hex> lid <num> was removed,1,1,frequency_representative
17551,"[ib_sm_bringup.c:472]: Active port(s) now in INIT state node=0x0005AD0000025AF7, port=19, state=2, neighbor node=0x0005AD000003947C, port=1, state=2",E66,"[<*>]: Active port(s) now in INIT state node=<*>, port=<*>, state=<*>, neighbor node=<*>, port=<*>, state=<*>",264,"[ <id> ]: active port(s) now in init state node= <hex> , port= <num> , state= <num> , neighbor node= <hex> , port= <num> , state= <num>",212,Thunderbird_C0000634,212,264,"[<id>]: active port (s) now in init state node = <hex>, port = <num>, state = <num>, neighbor node = <hex>, port = <num>, state = <num>",1,1,frequency_representative
17559,[INFO]: Configuration caused by previous GET/SET operation failures,E126,[INFO]: Configuration caused by previous GET/SET operation failures,275,[info]: configuration caused by previous get/set operation failures,1,Thunderbird_C0000635,1,275,[info]: configuration caused by previous get/set operation failures,1,1,frequency_representative
18084,RTNETLINK answers: Network is unreachable,E402,RTNETLINK answers: Network is unreachable,688,rtnetlink answers: network is unreachable,1,Thunderbird_C0000636,1,688,rtnetlink answers: network is unreachable,1,1,frequency_representative
18565,Mounting local filesystems: succeeded,E495,Mounting local filesystems: succeeded,854,mounting local filesystems: succeeded,1,Thunderbird_C0000637,1,854,mounting local filesystems: succeeded,1,1,frequency_representative
53586,DHCPACK on 10.100.249.250 to 00:11:43:e3:95:16 via eth0,E1125,DHCPACK on <*> to <*> via <*>,290,dhcpack on <ip> to <ip> via eth0,4,Thunderbird_C0000638,4,290,dhcpack on <ip> to <ip> via eth 0,1,1,frequency_representative
53587,DHCPREQUEST for 10.100.249.250 from 00:11:43:e3:95:16 via eth0,E904,DHCPREQUEST for <*> from <*> via <*>,280,dhcprequest for <ip> from <ip> via eth0,3,Thunderbird_C0000639,3,280,dhcprequest for <ip> from <ip> via eth 0,1,1,frequency_representative
20501,mount.panfs warning: mount still trying to ping realm. Mount has been trying to ping for 2 seconds and may try for another 8 seconds,E21,mount.panfs warning: mount still trying to ping realm. Mount has been trying to ping for <*> seconds and may try for another <*> seconds,2351,mount.panfs warning: mount still trying to ping realm. mount has been trying to ping for <num> seconds and may try for another <num> seconds,1,Thunderbird_C0000640,1,2351,mount. panfs warning: mount still trying to ping realm. mount has been trying to ping for <num> seconds and may try for another <num> seconds,1,1,frequency_representative
20503,PanFS Client version: rhel_4_amd64/release 2.2.3-169447#1 SMP,E849,PanFS Client version: <*> SMP,12,panfs client version: <id> /release <num> . <num> - <num> # <num> smp,1,Thunderbird_C0000641,1,12,panfs client version: <id>/release <num>. <num>-<num> # <num> smp,1,1,frequency_representative
6755716,"couldn't ping address #27#:3095 using 10.100.140.63:1, 0x23a1 (pan_sock: timeout)",E315,"couldn't ping address <*> using <*>, <*> (pan_sock: timeout)",895,"couldn't ping address # <num> #: <num> using <ip> , <hex> (pan_sock: timeout)",862,Thunderbird_C0000642,862,895,"couldn ' t ping address # <num> #: <num> using <ip>, <hex> (pan_sock: timeout)",1,1,frequency_representative
20511,mount.panfs warning:,E951,mount.panfs warning:,899,mount.panfs warning:,1,Thunderbird_C0000643,1,899,mount. panfs warning:,1,1,frequency_representative
20512,"mount.panfs warning: This mount still may succeed, but one or more local interfaces (listed below) failed communicate with the Panasas realm during mount. This suggests that a route cannot be established between these local interface(s) and the system. A client sends a list of IP addresses on which the Panasas storage system may establish a connection. If any one of these addresses should be excluded from the mount time check, use the 'callback-network-disallow' or 'callback-address-disallow' mount options. See 'man 8 mount.panfs' for more details on PanFS mount options. Excluding the interface from the check at mount time #15# avoid long running mount commands.",E1,"mount.panfs warning: This mount still may succeed, but one or more local interfaces (listed below) failed communicate with the Panasas realm during mount. This suggests that a route cannot be established between these local interface(s) and the system. A client sends a list of IP addresses on which the Panasas storage system may establish a connection. If any one of these addresses should be excluded from the mount time check, use the 'callback-network-disallow' or 'callback-address-disallow' mount options. See 'man <*> mount.panfs' for more details on PanFS mount options. Excluding the interface from the check at mount time <*> avoid long running mount commands.",2319,"mount.panfs warning: this mount still may succeed, but one or more local interfaces (listed below) failed communicate with the panasas realm during mount. this suggests that a route cannot be established between these local interface(s) and the system. a client sends a list of ip addresses on which the panasas storage system may establish a connection. if any one of these addresses should be excluded from the mount time check, use the 'callback-network-disallow' or 'callback-address-disallow' mount options. see 'man <num> mount.panfs' for more details on panfs mount options. excluding the interface from the check at mount time # <num> # avoid long running mount commands.",1,Thunderbird_C0000644,1,2319,"mount. panfs warning: this mount still may succeed, but one or more local interfaces (listed below) failed communicate with the panasas realm during mount. this suggests that a route cannot be established between these local interface (s) and the system. a client sends a list of ip addresses on which the panasas storage system may establish a connection. if any one of these addresses should be excluded from the mount time check, use the ' callback-network-disallow ' or ' callback-address-disallow ' mount options. see ' man <num> mount. panfs ' for more details on panfs mount options. excluding the interface from the check at mount time # <num> # avoid long running mount commands.",1,1,frequency_representative
6376260,mount.panfs: failed local addresses: 10.100.140.63:1,E529,mount.panfs: failed local addresses: <*>,2311,mount.panfs: failed local addresses: <ip>,2139,Thunderbird_C0000645,2139,2311,mount. panfs: failed local addresses: <ip>,1,1,frequency_representative
20776,RPC: error 512 connecting to server saon101v2,E700,RPC: error <*> connecting to server <*>,7,rpc: error <num> connecting to server <id>,1,Thunderbird_C0000646,1,7,rpc: error <num> connecting to server <id>,1,1,frequency_representative
830316,session opened for user #47# by (uid=0),E664,session opened for user <*> by <*>(uid=<*>),38467,session opened for user # <num> # by (uid= <num> ),13,Thunderbird_C0000647,13,38467,session opened for user # <num> # by (uid = <num>),1,1,frequency_representative
830317,Accepted publickey for #47# from ::ffff:10.100.8.251 port 38752 ssh2,E561,Accepted publickey for <*> from <*> port <*> ssh2,39122,accepted publickey for # <num> # from ::ffff: <ip> port <num> ssh2,36226,Thunderbird_C0000648,36226,39122,accepted publickey for # <num> # from:: ffff: <ip> port <num> ssh 2,1,1,frequency_representative
835135,session closed for user #47#,E919,session closed for user <*>,26506,session closed for user # <num> #,23,Thunderbird_C0000649,23,26506,session closed for user # <num> #,1,1,frequency_representative
22222,recovery complete.,E1024,recovery complete.,11,recovery complete.,1,Thunderbird_C0000650,1,11,recovery complete.,1,1,frequency_representative
23822,"connection from ""10.100.248.3""",E1062,"connection from ""<*>""",858,"connection from "" <ip> """,47,Thunderbird_C0000651,47,858,"connection from "" <ip> """,1,1,frequency_representative
23824,Remote host disconnected: Authentication cancelled by user.,E174,Remote host disconnected: Authentication cancelled by user.,17,remote host disconnected: authentication cancelled by user.,1,Thunderbird_C0000652,1,17,remote host disconnected: authentication cancelled by user.,1,1,frequency_representative
23825,authentication cancelled by user: 'Authentication cancelled by user.',E592,authentication cancelled by user: <*>,16,authentication cancelled by user: 'authentication cancelled by user.',1,Thunderbird_C0000653,1,16,authentication cancelled by user: ' authentication cancelled by user. ',1,1,frequency_representative
23827,Key exchange failed in remote: 'Key exchange failed.',E715,Key exchange failed in remote: <*>,28,key exchange failed in remote: 'key exchange failed.',1,Thunderbird_C0000654,1,28,key exchange failed in remote: ' key exchange failed. ',1,1,frequency_representative
23828,Remote host disconnected: Key exchange failed.,E327,Remote host disconnected: Key exchange failed.,28,remote host disconnected: key exchange failed.,1,Thunderbird_C0000655,1,28,remote host disconnected: key exchange failed.,1,1,frequency_representative
23848,Public key /root/.ssh2/id_dsa_cap_ssh.pub used.,E1116,Public key <*> used.,693,public key <path> used.,1,Thunderbird_C0000656,1,693,public key <path> used.,1,1,frequency_representative
23849,Public key authentication for user root accepted.,E366,Public key authentication for user <*> accepted.,691,public key authentication for user root accepted.,1,Thunderbird_C0000657,1,691,public key authentication for user root accepted.,1,1,frequency_representative
23850,"User root, coming from tbird-admin2, authenticated.",E603,"User <*>, coming from <*>, authenticated.",237,"user root, coming from <id> , authenticated.",19,Thunderbird_C0000658,19,237,"user root, coming from <id>, authenticated.",1,1,frequency_representative
24239,LOGIN ON tty1 BY #26#,E1205,LOGIN ON <*> BY <*>,30,login on tty1 by # <num> #,1,Thunderbird_C0000659,3,55,login on <*> <*> by # <num> #,2,1,frequency_representative
7958898,LOGIN ON ttyS0 BY #26#,E1205,LOGIN ON <*> BY <*>,1,login on ttys0 by # <num> #,1,Thunderbird_C0000659,3,55,login on <*> <*> by # <num> #,2,2,complex_sample
24250,session opened for user root by #26#(uid=0),E664,session opened for user <*> by <*>(uid=<*>),165,session opened for user root by # <num> #(uid= <num> ),13,Thunderbird_C0000660,18,229,session opened for user <*> <*> # <*> <*> (uid = <num>),2,1,frequency_representative
24240,session opened for user #26# by LOGIN(uid=0),E664,session opened for user <*> by <*>(uid=<*>),55,session opened for user # <num> # by login(uid= <num> ),1,Thunderbird_C0000660,18,229,session opened for user <*> <*> # <*> <*> (uid = <num>),2,2,complex_sample
24251,#26# : TTY=tty1 ; PWD=/home/#26# ; USER=root ; COMMAND=/bin/su -,E768,<*> : TTY=<*> ; PWD=<*> ; USER=<*> ; COMMAND=<*>,28,# <num> # : tty=tty1 ; pwd=/home/# <num> # ; user=root ; command=/bin/su -,1,Thunderbird_C0000661,3,41,# <num> #: tty = <*> <*>; pwd =/home/# <num> #; user = root; command =/bin/su -,2,1,frequency_representative
7958908,#26# : TTY=ttyS0 ; PWD=/home/#26# ; USER=root ; COMMAND=/bin/su -,E768,<*> : TTY=<*> ; PWD=<*> ; USER=<*> ; COMMAND=<*>,1,# <num> # : tty=ttys0 ; pwd=/home/# <num> # ; user=root ; command=/bin/su -,1,Thunderbird_C0000661,3,41,# <num> #: tty = <*> <*>; pwd =/home/# <num> #; user = root; command =/bin/su -,2,2,complex_sample
24478,ROOT LOGIN ON tty2,E1225,<*> LOGIN ON <*>,14,root login on tty2,1,Thunderbird_C0000662,1,14,root login on tty 2,1,1,frequency_representative
7193618,"User root, coming from #9#, authenticated.",E603,"User <*>, coming from <*>, authenticated.",350,"user root, coming from # <num> #, authenticated.",6,Thunderbird_C0000663,6,350,"user root, coming from # <num> #, authenticated.",1,1,frequency_representative
189765,"[ib_sm_assign.c:273]: Clean up SA resources for port forced down due to subnet prefix change, node - GUID=5ad000004b488, port=1",E58,"[<*>]: Clean up SA resources for port forced down due to subnet prefix change, node - GUID=<*>, port=<*>",3848,"[ <id> ]: clean up sa resources for port forced down due to subnet prefix change, node - guid= <hex> , port= <num>",3207,Thunderbird_C0000664,3207,3848,"[<id>]: clean up sa resources for port forced down due to subnet prefix change, node-guid = <hex>, port = <num>",1,1,frequency_representative
679515,"[ib_sm_bringup.c:531]: Force port (node=5ad0000025af7, port=19, state=1) to DOWN because (1) 1st sweep or (2) role change.",E252,"[<*>]: Force port (node=<*>, port=<*>, state=<*>) to DOWN because <*>.",4241,"[ <id> ]: force port (node= <hex> , port= <num> , state= <num> ) to down because ( <num> ) 1st sweep or ( <num> ) role change.",3209,Thunderbird_C0000665,3209,4241,"[<id>]: force port (node = <hex>, port = <num>, state = <num>) to down because (<num>) 1 st sweep or (<num>) role change.",1,1,frequency_representative
189948,"[ib_sm_bringup.c:577]: Force neighbor port (node=5ad000004b488, port=1, state=4) to DOWN because (1) 1st sweep or (2) role change.",E53,"[<*>]: Force neighbor port (node=<*>, port=<*>, state=<*>) to DOWN because (<*>) 1st sweep or (<*>) role change.",4224,"[ <id> ]: force neighbor port (node= <hex> , port= <num> , state= <num> ) to down because ( <num> ) 1st sweep or ( <num> ) role change.",3209,Thunderbird_C0000666,3209,4224,"[<id>]: force neighbor port (node = <hex>, port = <num>, state = <num>) to down because (<num>) 1 st sweep or (<num>) role change.",1,1,frequency_representative
61155,"[ib_sm_discovery.c:739]: switch lid change, node - GUID=66a00010003f9, port=0, neighbor (nil), changing lid from 0, back to original 3818",E54,"[<*>]: switch lid change, node - GUID=<*>, port=<*>, neighbor (nil), changing lid from <*>, back to original <*>",5779,"[ <id> ]: switch lid change, node - guid= <hex> , port= <num> , neighbor (nil), changing lid from <num> , back to original <num>",362,Thunderbird_C0000667,362,5779,"[<id>]: switch lid change, node-guid = <hex>, port = <num>, neighbor (nil), changing lid from <num>, back to original <num>",1,1,frequency_representative
5933758,[ib_sm_routing.c:3050]: Failed to set LFT to switch=5ad000002a2ba,E704,[<*>]: Failed to set LFT to switch=<*>,8863,[ <id> ]: failed to set lft to switch= <hex>,124,Thunderbird_C0000668,253,9049,[<id>]: failed to <*> <*> <*> switch = <hex>,3,1,frequency_representative
5933748,[ib_sm_routing.c:2961]: Failed to set SwitchInfo on switch=5ad000002a2ba,E517,[<*>]: Failed to set SwitchInfo on switch=<*>,154,[ <id> ]: failed to set switchinfo on switch= <hex>,128,Thunderbird_C0000668,253,9049,[<id>]: failed to <*> <*> <*> switch = <hex>,3,2,complex_sample
11135366,[ib_sm_multicast.c:580]: Failed to read MFT for switch=5ad0000025af7,E628,[<*>]: Failed to read MFT for switch=<*>,32,[ <id> ]: failed to read mft for switch= <hex>,1,Thunderbird_C0000668,253,9049,[<id>]: failed to <*> <*> <*> switch = <hex>,3,3,diverse_sample
26335,Listening on LPF/eth1/00:11:43:e3:b8:e7/A_net,E1171,Listening on <*>,274,listening on lpf/eth1/ <ip> /a_net,4,Thunderbird_C0000669,4,274,listening on lpf/eth 1/<ip>/a_net,1,1,frequency_representative
26339,Sending on LPF/eth1/00:11:43:e3:b8:e7/A_net,E1201,Sending on <*>,274,sending on lpf/eth1/ <ip> /a_net,4,Thunderbird_C0000670,4,274,sending on lpf/eth 1/<ip>/a_net,1,1,frequency_representative
29206,Keyboard on isa0060/serio0 reports too many keys pressed.,E435,Keyboard on <*> reports too many keys pressed.,4,keyboard on isa0060/serio0 reports too many keys pressed.,1,Thunderbird_C0000671,1,4,keyboard on isa 0060/serio 0 reports too many keys pressed.,1,1,frequency_representative
29752,shutting down for system halt,E892,shutting down for system <*>,8036,shutting down for system halt,1,Thunderbird_C0000672,1,8036,shutting down for system halt,1,1,frequency_representative
30356,[IB_NET][ipoib_sarp_rewrite_send][/mnt_projects/sysapps/src/ib/topspin/topspin-src-3.2.0-16/host/ulp/ipoib/obj_host_amd64_custom1_rhel4/ts_ipoib/ipoib_arp.c:1008]ib0: can't find hw address for hash 00:00:00:00:00:00,E341,[IB_NET][<*>][<*>]ib0: can't find hw address for hash <*>,1276,[ib_net][ipoib_sarp_rewrite_send][ <path> ]ib0: can't find hw address for hash <ip>,1,Thunderbird_C0000673,1,1276,[ib_net] [ipoib_sarp_rewrite_send] [<path>] ib 0: can ' t find hw address for hash <ip>,1,1,frequency_representative
33252,mount.panfs warning: couldn't ping address #27#:3095,E392,mount.panfs warning: couldn't ping address <*>,1013,mount.panfs warning: couldn't ping address # <num> #: <num>,1,Thunderbird_C0000674,1,1013,mount. panfs warning: couldn ' t ping address # <num> #: <num>,1,1,frequency_representative
7032572,"using 10.100.140.63:1, 0x23a1 (pan_sock: timeout)",E798,"using <*>, <*> (pan_sock: timeout)",1005,"using <ip> , <hex> (pan_sock: timeout)",965,Thunderbird_C0000675,965,1005,"using <ip>, <hex> (pan_sock: timeout)",1,1,frequency_representative
7513882,[ib_sm_sweep.c:1035]: Detect switch (LID= 5098) port state change,E425,[<*>]: Detect switch (LID= <*>) port state change,182,[ <id> ]: detect switch (lid= <num> ) port state change,105,Thunderbird_C0000676,105,182,[<id>]: detect switch (lid = <num>) port state change,1,1,frequency_representative
37577,[ib_sm_sweep.c:1227]: Switch reported state change,E620,[<*>]: Switch reported state change,162,[ <id> ]: switch reported state change,1,Thunderbird_C0000677,1,162,[<id>]: switch reported state change,1,1,frequency_representative
44181,"Clearing orphaned inode 14 (uid=18252, gid=18252, mode=0100775, size=6036)",E306,"Clearing orphaned inode <*> (uid=<*>, gid=<*>, mode=<*>, size=<*>)",376,"clearing orphaned inode <num> (uid= <num> , gid= <num> , mode= <num> , size= <num> )",31,Thunderbird_C0000678,31,376,"clearing orphaned inode <num> (uid = <num>, gid = <num>, mode = <num>, size = <num>)",1,1,frequency_representative
38486,RRD_update (/var/lib/ganglia/rrds/A Nodes/__SummaryInfo__/disk_free.rrd): illegal attempt to update using time 1131573774 when last update time is 1131573774 (minimum one second step),E45,RRD_update (<*>): illegal attempt to update using time <*> when last update time is <*> (minimum one second step),141,rrd_update (/var/lib/ganglia/rrds/a nodes/__summaryinfo__/disk_free.rrd): illegal attempt to update using time <num> when last update time is <num> (minimum one second step),141,Thunderbird_C0000679,164,164,rrd_update (/ var/lib/ganglia/rrds/<*> nodes/__summaryinfo__/<*>. rrd): illegal attempt to update using time <num> when last update time is <num> (minimum one second step),3,1,frequency_representative
6977077,RRD_update (/var/lib/ganglia/rrds/C Nodes/__SummaryInfo__/load_fifteen.rrd): illegal attempt to update using time 1132699486 when last update time is 1132699489 (minimum one second step),E45,RRD_update (<*>): illegal attempt to update using time <*> when last update time is <*> (minimum one second step),1,rrd_update (/var/lib/ganglia/rrds/c nodes/__summaryinfo__/load_fifteen.rrd): illegal attempt to update using time <num> when last update time is <num> (minimum one second step),1,Thunderbird_C0000679,164,164,rrd_update (/ var/lib/ganglia/rrds/<*> nodes/__summaryinfo__/<*>. rrd): illegal attempt to update using time <num> when last update time is <num> (minimum one second step),3,2,complex_sample
6759400,RRD_update (/var/lib/ganglia/rrds/B Nodes/__SummaryInfo__/bytes_out.rrd): illegal attempt to update using time 1132693896 when last update time is 1132693900 (minimum one second step),E45,RRD_update (<*>): illegal attempt to update using time <*> when last update time is <*> (minimum one second step),1,rrd_update (/var/lib/ganglia/rrds/b nodes/__summaryinfo__/bytes_out.rrd): illegal attempt to update using time <num> when last update time is <num> (minimum one second step),1,Thunderbird_C0000679,164,164,rrd_update (/ var/lib/ganglia/rrds/<*> nodes/__summaryinfo__/<*>. rrd): illegal attempt to update using time <num> when last update time is <num> (minimum one second step),3,3,diverse_sample
38891,"[ib_sm_assign.c:615]: Clean up SA resources for port forced down due to LID conflict, node - GUID=5ad000004debc, port=1",E78,"[<*>]: Clean up SA resources for port forced down due to LID conflict, node - GUID=<*>, port=<*>",51,"[ <id> ]: clean up sa resources for port forced down due to lid conflict, node - guid= <hex> , port= <num>",51,Thunderbird_C0000680,51,51,"[<id>]: clean up sa resources for port forced down due to lid conflict, node-guid = <hex>, port = <num>",1,1,frequency_representative
296368,"[ib_sm_bringup.c:450]: Active state mismatch GUID=629a020000ad0500, port=10, state 1, GUID=58d0040000ad0500, port=1, state 4",E144,"[<*>]: Active state mismatch GUID=<*>, port=<*>, state <*>, GUID=<*>, port=<*>, state <*>",5069,"[ <id> ]: active state mismatch guid= <hex> , port= <num> , state <num> , guid= <hex> , port= <num> , state <num>",3090,Thunderbird_C0000681,3090,5069,"[<id>]: active state mismatch guid = <hex>, port = <num>, state <num>, guid = <hex>, port = <num>, state <num>",1,1,frequency_representative
15299351,[ib_sm_sweep.c:411]: IB node 0x0005AD00000270AC port 22 is INIT state,E767,[<*>]: IB node <*> port <*> is INIT state,145229,[ <id> ]: ib node <hex> port <num> is init state,137,Thunderbird_C0000682,137,145229,[<id>]: ib node <hex> port <num> is init state,1,1,frequency_representative
40470,[INFO]: Configuration caused by some ports in INIT state,E218,[INFO]: Configuration caused by some ports in INIT state,145227,[info]: configuration caused by some ports in init state,1,Thunderbird_C0000683,1,145227,[info]: configuration caused by some ports in init state,1,1,frequency_representative
184191,"[ib_sm_bringup.c:538]: Force port (node=5ad0000027108, port=1) to DOWN because state(1) should be active but not.",E95,"[<*>]: Force port (node=<*>, port=<*>) to DOWN because state(<*>) should be active but not.",31,"[ <id> ]: force port (node= <hex> , port= <num> ) to down because state( <num> ) should be active but not.",30,Thunderbird_C0000684,30,31,"[<id>]: force port (node = <hex>, port = <num>) to down because state (<num>) should be active but not.",1,1,frequency_representative
184194,"[ib_sm_bringup.c:584]: Force neighbor port (node=66a00010002f3, port=9) to DOWN because state(1) should be active but not.",E69,"[<*>]: Force neighbor port (node=<*>, port=<*>) to DOWN because state(<*>) should be active but not.",32,"[ <id> ]: force neighbor port (node= <hex> , port= <num> ) to down because state( <num> ) should be active but not.",31,Thunderbird_C0000685,31,32,"[<id>]: force neighbor port (node = <hex>, port = <num>) to down because state (<num>) should be active but not.",1,1,frequency_representative
2853571,"[ib_sm_bringup.c:422]: Skip node= 5ad000004068c, port= 1 bringup because topology is stale, no response",E136,"[<*>]: Skip node= <*>, port= <*> bringup because topology is stale, no response",203,"[ <id> ]: skip node= <hex> , port= <num> bringup because topology is stale, no response",202,Thunderbird_C0000686,202,203,"[<id>]: skip node = <hex>, port = <num> bringup because topology is stale, no response",1,1,frequency_representative
7188261,Invalid user #126# from ::ffff:10.100.248.3,E1096,Invalid user <*> from <*>,7,invalid user # <num> # from ::ffff: <ip>,5,Thunderbird_C0000687,5,7,invalid user # <num> # from:: ffff: <ip>,1,1,frequency_representative
42298,haldaemon -TERM succeeded,E1108,<*> -TERM succeeded,4251,haldaemon -term succeeded,1,Thunderbird_C0000688,1,4251,haldaemon-term succeeded,1,1,frequency_representative
42299,messagebus -TERM succeeded,E1108,<*> -TERM succeeded,3166,messagebus -term succeeded,1,Thunderbird_C0000689,1,3166,messagebus-term succeeded,1,1,frequency_representative
6092977,"pan_ips: error -- real init, 0x5 (Out of memory), err_loc=3, rhel_4_amd64/release/build/panfs/ips/pan_ips.c:143 <11>Nov 22 13:39:44 mount.panfs: bindcache: failed init IPS: 0x5 (Out of memory)",E230,"pan_ips: error -- real init, <*> (Out of memory), err_loc=<*>, <*>",271,"pan_ips: error -- real init, <hex> (out of memory), err_loc= <num> , <id> /release/build/panfs/ips/ <id> < <num> >nov <num> <ip> mount.panfs: bindcache: failed init ips: <hex> (out of memory)",189,Thunderbird_C0000690,227,311,"pan_ips: error-- real init, <hex> (out of memory), err_loc = <num>, <id>/release/build/panfs/ips/<id> < <num> > <*> <num> <ip> mount. panfs: bindcache: failed init ips: <hex> (out of memory)",2,1,frequency_representative
11860153,"pan_ips: error -- real init, 0x5 (Out of memory), err_loc=3, rhel_4_amd64/release/build/panfs/ips/pan_ips.c:143 <11>Dec 14 08:43:04 mount.panfs: bindcache: failed init IPS: 0x5 (Out of memory)",E230,"pan_ips: error -- real init, <*> (Out of memory), err_loc=<*>, <*>",40,"pan_ips: error -- real init, <hex> (out of memory), err_loc= <num> , <id> /release/build/panfs/ips/ <id> < <num> >dec <num> <ip> mount.panfs: bindcache: failed init ips: <hex> (out of memory)",38,Thunderbird_C0000690,227,311,"pan_ips: error-- real init, <hex> (out of memory), err_loc = <num>, <id>/release/build/panfs/ips/<id> < <num> > <*> <num> <ip> mount. panfs: bindcache: failed init ips: <hex> (out of memory)",2,2,complex_sample
55856,#64# : TTY=pts/2 ; PWD=/home/#64# ; USER=root ; COMMAND=/bin/su -,E768,<*> : TTY=<*> ; PWD=<*> ; USER=<*> ; COMMAND=<*>,120,# <num> # : tty=pts/ <num> ; pwd=/home/# <num> # ; user=root ; command=/bin/su -,70,Thunderbird_C0000691,70,120,# <num> #: tty = pts/<num>; pwd =/home/# <num> #; user = root; command =/bin/su -,1,1,frequency_representative
54705,[WARN]: CLI output failed with error Broken pipe. Exiting thread.,E255,[WARN]: CLI output failed with error <*>. Exiting thread.,18,[warn]: cli output failed with error broken pipe. exiting thread.,1,Thunderbird_C0000692,1,18,[warn]: cli output failed with error broken pipe. exiting thread.,1,1,frequency_representative
55922,[INFO]: Receive SystemImageGUID change trap from port (LID= 29),E176,[INFO]: Receive SystemImageGUID change trap from port (LID= <*>),1,[info]: receive systemimageguid change trap from port (lid= <num> ),1,Thunderbird_C0000693,1,1,[info]: receive systemimageguid change trap from port (lid = <num>),1,1,frequency_representative
58624,"[ib_sm_assign.c:389]: Failed to set LID on switch=66a000400017e, because NO RESPONSE",E280,"[<*>]: Failed to set LID on switch=<*>, because NO RESPONSE",2,"[ <id> ]: failed to set lid on switch= <hex> , because no response",2,Thunderbird_C0000694,2,2,"[<id>]: failed to set lid on switch = <hex>, because no response",1,1,frequency_representative
64981,"[ib_sm_discovery.c:163]: Failed to discover port - GUID=66a0001000209, port=3",E450,"[<*>]: Failed to discover port - GUID=<*>, port=<*>",442,"[ <id> ]: failed to discover port - guid= <hex> , port= <num>",436,Thunderbird_C0000695,447,455,"[<id>]: failed to <*> <*> <*> <*> = <hex>, port = <num>",3,1,frequency_representative
58632,"[ib_sm_assign.c:122]: Failed to get PortInfo - GUID=66a000400017e, port=1",E490,"[<*>]: Failed to get PortInfo - GUID=<*>, port=<*>",10,"[ <id> ]: failed to get portinfo - guid= <hex> , port= <num>",10,Thunderbird_C0000695,447,455,"[<id>]: failed to <*> <*> <*> <*> = <hex>, port = <num>",3,2,complex_sample
6162527,"[ib_sm_assign.c:600]: Failed to set LID to CA=5ad000003947c, port=1",E629,"[<*>]: Failed to set LID to CA=<*>, port=<*>",3,"[ <id> ]: failed to set lid to ca= <hex> , port= <num>",1,Thunderbird_C0000695,447,455,"[<id>]: failed to <*> <*> <*> <*> = <hex>, port = <num>",3,3,diverse_sample
60631,Public key /home/#47#/.ssh2/id_dsa_cap_ssh.pub used.,E1116,Public key <*> used.,68,public key /home/# <num> # <path> used.,8,Thunderbird_C0000696,8,68,public key/home/# <num> # <path> used.,1,1,frequency_representative
60632,Public key authentication for user #47# accepted.,E366,Public key authentication for user <*> accepted.,68,public key authentication for user # <num> # accepted.,8,Thunderbird_C0000697,8,68,public key authentication for user # <num> # accepted.,1,1,frequency_representative
61927,[ib_sm_sweep.c:369]: Failed to discover management port - GUID=66a0001000185,E355,[<*>]: Failed to discover management port - GUID=<*>,8,[ <id> ]: failed to discover management port - guid= <hex>,8,Thunderbird_C0000698,8,8,[<id>]: failed to discover management port-guid = <hex>,1,1,frequency_representative
65141,"[ib_sm_routing.c:2458]: No spine present in chassis, splitting switch_elem",E225,"[<*>]: No spine present in chassis, splitting switch_elem",1,"[ <id> ]: no spine present in chassis, splitting switch_elem",1,Thunderbird_C0000699,1,1,"[<id>]: no spine present in chassis, splitting switch_elem",1,1,frequency_representative
71303,Idle timeout exceeded.,E915,Idle timeout exceeded.,259,idle timeout exceeded.,1,Thunderbird_C0000700,1,259,idle timeout exceeded.,1,1,frequency_representative
7243481,Active:786431 inactive:704812 dirty:0 writeback:0 unstable:0 free:3556 slab:8214 mapped:1490572 pagetables:9974,E91,Active:<*> inactive:<*> dirty:<*> writeback:<*> unstable:<*> free:<*> slab:<*> mapped:<*> pagetables:<*>,934,<id> <id> dirty: <num> <id> <id> <id> <id> <id> <id>,932,Thunderbird_C0000701,932,934,<id> <id> dirty: <num> <id> <id> <id> <id> <id> <id>,1,1,frequency_representative
315379,Free pages: 14112kB (0kB HighMem),E981,Free pages: <*> (<*> HighMem),6,free pages: 14112kb (0kb highmem),1,Thunderbird_C0000702,106,145,free pages: <*> kb (0 kb highmem),3,1,frequency_representative
7046463,Free pages: 14388kB (0kB HighMem),E981,Free pages: <*> (<*> HighMem),5,free pages: 14388kb (0kb highmem),1,Thunderbird_C0000702,106,145,free pages: <*> kb (0 kb highmem),3,2,complex_sample
7043965,Free pages: 14252kB (0kB HighMem),E981,Free pages: <*> (<*> HighMem),4,free pages: 14252kb (0kb highmem),1,Thunderbird_C0000702,106,145,free pages: <*> kb (0 kb highmem),3,3,diverse_sample
99676,Mem-info:,E1198,Mem-info:,947,mem-info:,1,Thunderbird_C0000703,1,947,mem-info:,1,1,frequency_representative
7074405,Node 0 DMA free:11596kB min:4kB low:8kB high:12kB active:0kB inactive:0kB present:16384kB pages_scanned:5033 all_unreclaimable? yes,E71,Node <*> <*> <*> min:<*> low:<*> high:<*> active:<*> inactive:<*> present:<*> pages_scanned:<*> all_unreclaimable? <*>,955,node <num> dma <id> min:4kb low:8kb <id> <id> <id> <id> <id> all_unreclaimable? yes,92,Thunderbird_C0000704,92,955,node <num> dma <id> min: 4 kb low: 8 kb <id> <id> <id> <id> <id> all_unreclaimable? yes,1,1,frequency_representative
1769701,Node 0 DMA: 1*4kB 1*8kB 0*16kB 0*32kB 1*64kB 4*128kB 1*256kB 1*512kB 0*1024kB 1*2048kB 2*4096kB = 11596kB,E1206,Node <*> DMA: <*> = <*>,587,node <num> dma: <num> *4kb <num> *8kb <num> *16kb <num> *32kb <num> *64kb <num> *128kb <num> *256kb <num> *512kb <num> *1024kb <num> *2048kb <num> *4096kb = 11596kb,1,Thunderbird_C0000705,4,951,node <num> dma: <num> * 4 kb <num> * 8 kb <num> * 16 kb <num> * 32 kb <num> * 64 kb <num> * 128 kb <num> * 256 kb <num> * 512 kb <num> * 1024 kb <num> * 2048 kb <num> * 4096 kb = <*> kb,2,1,frequency_representative
7094719,Node 0 DMA: 0*4kB 0*8kB 1*16kB 0*32kB 1*64kB 4*128kB 1*256kB 1*512kB 0*1024kB 1*2048kB 2*4096kB = 11600kB,E1206,Node <*> DMA: <*> = <*>,332,node <num> dma: <num> *4kb <num> *8kb <num> *16kb <num> *32kb <num> *64kb <num> *128kb <num> *256kb <num> *512kb <num> *1024kb <num> *2048kb <num> *4096kb = 11600kb,1,Thunderbird_C0000705,4,951,node <num> dma: <num> * 4 kb <num> * 8 kb <num> * 16 kb <num> * 32 kb <num> * 64 kb <num> * 128 kb <num> * 256 kb <num> * 512 kb <num> * 1024 kb <num> * 2048 kb <num> * 4096 kb = <*> kb,2,2,complex_sample
99679,Node 0 HighMem free:0kB min:128kB low:256kB high:384kB active:0kB inactive:0kB present:0kB pages_scanned:0 all_unreclaimable? no,E71,Node <*> <*> <*> min:<*> low:<*> high:<*> active:<*> inactive:<*> present:<*> pages_scanned:<*> all_unreclaimable? <*>,961,node <num> highmem <id> <id> <id> <id> <id> <id> <id> <id> all_unreclaimable? no,1,Thunderbird_C0000706,1,961,node <num> highmem <id> <id> <id> <id> <id> <id> <id> <id> all_unreclaimable? no,1,1,frequency_representative
99680,Node 0 HighMem per-cpu: empty,E786,Node <*> HighMem per-cpu: empty,963,node <num> highmem per-cpu: empty,1,Thunderbird_C0000707,1,963,node <num> highmem per-cpu: empty,1,1,frequency_representative
99681,Node 0 Normal free:2608kB min:2696kB low:5392kB high:8088kB active:3060220kB inactive:2906516kB present:7323648kB pages_scanned:8117010 all_unreclaimable? yes,E71,Node <*> <*> <*> min:<*> low:<*> high:<*> active:<*> inactive:<*> present:<*> pages_scanned:<*> all_unreclaimable? <*>,10,node <num> normal <id> <id> <id> <id> <id> <id> <id> <id> all_unreclaimable? yes,10,Thunderbird_C0000708,10,10,node <num> normal <id> <id> <id> <id> <id> <id> <id> <id> all_unreclaimable? yes,1,1,frequency_representative
315427,Node 0 Normal: 0*4kB 1*8kB 113*16kB 0*32kB 1*64kB 1*128kB 0*256kB 1*512kB 0*1024kB 0*2048kB 0*4096kB = 2520kB,E1159,Node <*> Normal: <*> = <*>,6,node <num> normal: <num> *4kb <num> *8kb <num> *16kb <num> *32kb <num> *64kb <num> *128kb <num> *256kb <num> *512kb <num> *1024kb <num> *2048kb <num> *4096kb = 2520kb,1,Thunderbird_C0000709,105,141,node <num> normal: <num> * 4 kb <num> * 8 kb <num> * 16 kb <num> * 32 kb <num> * 64 kb <num> * 128 kb <num> * 256 kb <num> * 512 kb <num> * 1024 kb <num> * 2048 kb <num> * 4096 kb = <*> kb,3,1,frequency_representative
1820362,Node 0 Normal: 114*4kB 75*8kB 50*16kB 39*32kB 13*64kB 18*128kB 4*256kB 1*512kB 1*1024kB 0*2048kB 0*4096kB = 8800kB,E1159,Node <*> Normal: <*> = <*>,1,node <num> normal: <num> *4kb <num> *8kb <num> *16kb <num> *32kb <num> *64kb <num> *128kb <num> *256kb <num> *512kb <num> *1024kb <num> *2048kb <num> *4096kb = 8800kb,1,Thunderbird_C0000709,105,141,node <num> normal: <num> * 4 kb <num> * 8 kb <num> * 16 kb <num> * 32 kb <num> * 64 kb <num> * 128 kb <num> * 256 kb <num> * 512 kb <num> * 1024 kb <num> * 2048 kb <num> * 4096 kb = <*> kb,3,2,complex_sample
8737594,Node 0 Normal: 406*4kB 111*8kB 3*16kB 0*32kB 0*64kB 0*128kB 0*256kB 0*512kB 0*1024kB 0*2048kB 0*4096kB = 2560kB,E1159,Node <*> Normal: <*> = <*>,3,node <num> normal: <num> *4kb <num> *8kb <num> *16kb <num> *32kb <num> *64kb <num> *128kb <num> *256kb <num> *512kb <num> *1024kb <num> *2048kb <num> *4096kb = 2560kb,3,Thunderbird_C0000709,105,141,node <num> normal: <num> * 4 kb <num> * 8 kb <num> * 16 kb <num> * 32 kb <num> * 64 kb <num> * 128 kb <num> * 256 kb <num> * 512 kb <num> * 1024 kb <num> * 2048 kb <num> * 4096 kb = <*> kb,3,3,diverse_sample
8737600,"Swap cache: add 686781, delete 478895, find 50161/57976, race 0+0",E605,"Swap cache: add <*>, delete <*>, find <*>, race <*>",958,"swap cache: add <num> , delete <num> , find <num> / <num> , race <num> + <num>",924,Thunderbird_C0000710,924,958,"swap cache: add <num>, delete <num>, find <num>/<num>, race <num> + <num>",1,1,frequency_representative
99685,"cpu 0 cold: low 0, high 32, batch 16",E872,"cpu <*> cold: low <*>, high <*>, batch <*>",3823,"cpu <num> cold: low <num> , high <num> , batch <num>",4,Thunderbird_C0000711,4,3823,"cpu <num> cold: low <num>, high <num>, batch <num>",1,1,frequency_representative
99687,"cpu 0 hot: low 32, high 96, batch 16",E905,"cpu <*> hot: low <*>, high <*>, batch <*>",3811,"cpu <num> hot: low <num> , high <num> , batch <num>",4,Thunderbird_C0000712,4,3811,"cpu <num> hot: low <num>, high <num>, batch <num>",1,1,frequency_representative
99692,oom-killer: gfp_mask=0x1d2,E927,oom-killer: gfp_mask=<*>,11,oom-killer: gfp_mask= <hex>,2,Thunderbird_C0000713,2,11,oom-killer: gfp_mask = <hex>,1,1,frequency_representative
99693,protections[]: 0 0 0,E1112,protections[]: <*>,2861,protections[]: <num> <num> <num>,1,Thunderbird_C0000714,1,2861,protections []: <num> <num> <num>,1,1,frequency_representative
99700,1835008 pages of RAM,E1186,<*> pages of RAM,951,<num> pages of ram,1,Thunderbird_C0000715,1,951,<num> pages of ram,1,1,frequency_representative
8716386,207887 pages swap cached,E1083,<*> pages swap cached,950,<num> pages swap cached,436,Thunderbird_C0000716,436,950,<num> pages swap cached,1,1,frequency_representative
99702,308365 reserved pages,E1141,<*> reserved pages,957,<num> reserved pages,1,Thunderbird_C0000717,1,957,<num> reserved pages,1,1,frequency_representative
8730765,147652 pages shared,E1170,<*> pages shared,956,<num> pages shared,635,Thunderbird_C0000718,635,956,<num> pages shared,1,1,frequency_representative
99704,Free swap: 0kB,E1200,Free swap: <*>,10,free swap: 0kb,1,Thunderbird_C0000719,1,10,free swap: 0 kb,1,1,frequency_representative
99705,Out of Memory: Killed process 25454 (cc1plus).,E662,Out of Memory: Killed process <*> (<*>).,4,out of memory: killed process <num> (cc1plus).,4,Thunderbird_C0000720,4,4,out of memory: killed process <num> (cc 1 plus).,1,1,frequency_representative
107371,(#65#) CMD (/home/#65#/salinas/tbird/cron_script.tbird > /home/#65#/salinas/tbird/VOTD/crontab.log 2>&1),E1223,(<*>) CMD (<*>),29,(# <num> #) cmd (/home/# <num> # <path> > /home/# <num> # <path> <num> >& <num> ),1,Thunderbird_C0000721,1,29,(# <num> #) cmd (/ home/# <num> # <path> >/home/# <num> # <path> <num> > & <num>),1,1,frequency_representative
138988,"jAAB21vf012121: from=root, size=5848, class=0, nrcpts=1, msgid=<200511101102.jAAB21vf012121@#68#>, relay=#7#@localhost",E346,"<*>: from=<*>, size=<*>, class=<*>, nrcpts=<*>, msgid=<*>, relay=<*>",278,"<id> : from=root, size= <num> , class= <num> , nrcpts= <num> , msgid=< <hex> . <id> @# <num> #>, relay=# <num> #@localhost",278,Thunderbird_C0000722,278,278,"<id>: from = root, size = <num>, class = <num>, nrcpts = <num>, msgid = < <hex>. <id> @ # <num> # >, relay = # <num> # @ localhost",1,1,frequency_representative
7804531,Updated timestamp for job `cron.daily' to 2005-11-30,E802,Updated timestamp for job <*> to <*>,32110,updated timestamp for job `cron.daily' to <date>,42,Thunderbird_C0000723,49,44753,updated timestamp for job ` cron. <*> ' to <date>,2,1,frequency_representative
8061126,Updated timestamp for job `cron.monthly' to 2005-12-01,E802,Updated timestamp for job <*> to <*>,733,updated timestamp for job `cron.monthly' to <date>,1,Thunderbird_C0000723,49,44753,updated timestamp for job ` cron. <*> ' to <date>,2,2,complex_sample
140773,"jAAB24FD021623: 1: fl=0x8002, mode=20666: CHR: dev=0/13, ino=1282, nlink=1, u/gid=0/0, size=0",E285,"<*>: <*>: fl=<*>, mode=<*>: CHR: dev=<*>, ino=<*>, nlink=<*>, u/gid=<*>, size=<*>",210,"<id> : <num> : fl= <hex> , mode= <num> : chr: dev= <num> / <num> , ino= <num> , nlink= <num> , u/gid= <num> / <num> , size= <num>",210,Thunderbird_C0000724,293,293,"<id>: <num>: fl = <hex>, mode = <num>: <*>: dev = <num>/<num>, ino = <num>, nlink = <num>, u/gid = <num>/<num>, size = <num>",2,1,frequency_representative
139240,"jAAB2403021621: 1: fl=0x1, mode=10600: FIFO: dev=0/7, ino=5719211, nlink=1, u/gid=0/0, size=0",E269,"<*>: <*>: fl=<*>, mode=<*>: FIFO: dev=<*>, ino=<*>, nlink=<*>, u/gid=<*>, size=<*>",83,"<id> : <num> : fl= <hex> , mode= <num> : fifo: dev= <num> / <num> , ino= <num> , nlink= <num> , u/gid= <num> / <num> , size= <num>",83,Thunderbird_C0000724,293,293,"<id>: <num>: fl = <hex>, mode = <num>: <*>: dev = <num>/<num>, ino = <num>, nlink = <num>, u/gid = <num>/<num>, size = <num>",2,2,complex_sample
139242,"jAAB2403021621: 3: fl=0x2, mode=140777: SOCK localhost->[[UNIX: /dev/log]]",E454,"<*>: <*>: fl=<*>, mode=<*>: SOCK localhost->[[UNIX: <*>]]",81,"<id> : <num> : fl= <hex> , mode= <num> : sock localhost->[[unix: /dev/log]]",81,Thunderbird_C0000725,81,81,"<id>: <num>: fl = <hex>, mode = <num>: sock localhost-> [[unix:/dev/log]]",1,1,frequency_representative
139243,"jAAB2403021621: SYSERR(root): queueup: cannot create queue file qfjAAB2403021621, euid=51, fd=-1, fp=0x0: No space left on device",E75,"<*>: SYSERR(<*>): queueup: cannot create queue file <*>, euid=<*>, fd=<*>, fp=<*>: No space left on device",19,"<id> : syserr(root): queueup: cannot create queue file <id> , euid= <num> , fd= <num> , fp= <hex> : no space left on device",19,Thunderbird_C0000726,19,19,"<id>: syserr (root): queueup: cannot create queue file <id>, euid = <num>, fd = <num>, fp = <hex>: no space left on device",1,1,frequency_representative
139244,jAAB2403021621: SYSERR(root): returntosender: cannot select queue for postmaster,E162,<*>: SYSERR(<*>): returntosender: cannot select queue for postmaster,45,<id> : syserr(root): returntosender: cannot select queue for postmaster,45,Thunderbird_C0000727,45,45,<id>: syserr (root): returntosender: cannot select queue for postmaster,1,1,frequency_representative
11405542,"jBDB4SJX029155: low on space (SMTP-DAEMON needs 560 bytes + 100 blocks in /var/spool/clientmqueue), max avail: 92",E180,"<*>: low on space (SMTP-DAEMON needs <*> bytes + <*> blocks in <*>), max avail: <*>",188,"<id> : low on space (smtp-daemon needs <num> bytes + <num> blocks in /var/spool/clientmqueue), max avail: <num>",182,Thunderbird_C0000728,182,188,"<id>: low on space (smtp-daemon needs <num> bytes + <num> blocks in/var/spool/clientmqueue), max avail: <num>",1,1,frequency_representative
9769475,(root) MAIL (mailed 2340 bytes of output but got status 0x0047 ),E378,(<*>) MAIL (mailed <*> bytes of output but got status <*> ),93,(root) mail (mailed <num> bytes of output but got status <hex> ),28,Thunderbird_C0000729,28,93,(root) mail (mailed <num> bytes of output but got status <hex>),1,1,frequency_representative
141158,Trying to re-exec init,E960,Trying to re-exec init,403,trying to re-exec init,1,Thunderbird_C0000730,1,403,trying to re-exec init,1,1,frequency_representative
161334,exiting,E1217,exiting,16,exiting,1,Thunderbird_C0000731,1,16,exiting,1,1,frequency_representative
161343,Lustre: Routing socket NAL unloaded (final mem 0),E396,Lustre: Routing socket <*> unloaded (final mem <*>),20,lustre: routing socket nal unloaded (final mem <num> ),2,Thunderbird_C0000732,2,20,lustre: routing socket nal unloaded (final mem <num>),1,1,frequency_representative
5581682,X11 connection from 10.100.8.251:41466 (#21#),E1120,<*> connection from <*>,348,x11 connection from <ip> (# <num> #),347,Thunderbird_C0000733,347,348,x 11 connection from <ip> (# <num> #),1,1,frequency_representative
171671,bad username [\],E1176,bad username <*>,2,bad username [\],1,Thunderbird_C0000734,1,2,bad username [\],1,1,frequency_representative
173533,#26# : TTY=tty1 ; PWD=/home/#26# ; USER=root ; COMMAND=/bin/su 0,E768,<*> : TTY=<*> ; PWD=<*> ; USER=<*> ; COMMAND=<*>,1,# <num> # : tty=tty1 ; pwd=/home/# <num> # ; user=root ; command=/bin/su <num>,1,Thunderbird_C0000735,1,1,# <num> #: tty = tty 1; pwd =/home/# <num> #; user = root; command =/bin/su <num>,1,1,frequency_representative
173978,#26# : TTY=tty2 ; PWD=/home/#26# ; USER=root ; COMMAND=/bin/bash,E768,<*> : TTY=<*> ; PWD=<*> ; USER=<*> ; COMMAND=<*>,1,# <num> # : tty=tty2 ; pwd=/home/# <num> # ; user=root ; command=/bin/bash,1,Thunderbird_C0000736,1,1,# <num> #: tty = tty 2; pwd =/home/# <num> #; user = root; command =/bin/bash,1,1,frequency_representative
7187726,Local password failed for user #110#.,E685,Local password failed for user <*>.,79,local password failed for user # <num> #.,20,Thunderbird_C0000737,20,79,local password failed for user # <num> #.,1,1,frequency_representative
7187727,PAM password failed for user #110#.,E754,PAM password failed for user <*>.,79,pam password failed for user # <num> #.,20,Thunderbird_C0000738,20,79,pam password failed for user # <num> #.,1,1,frequency_representative
174082,Password authentication for user #55# failed (from #78# port 56551).,E264,Password authentication for user <*> failed (from <*> port <*>).,67,password authentication for user # <num> # failed (from # <num> # port <num> ).,45,Thunderbird_C0000739,45,67,password authentication for user # <num> # failed (from # <num> # port <num>).,1,1,frequency_representative
174083,"auths-pam: PAM subprocess returned packet SSH_PAM_OP_ERROR. (err_num: 7, err_msg: Authentication failure)",E73,"auths-pam: PAM subprocess returned packet SSH_PAM_OP_ERROR. (err_num: <*>, err_msg: <*>)",79,"auths-pam: pam subprocess returned packet ssh_pam_op_error. (err_num: <num> , err_msg: authentication failure)",1,Thunderbird_C0000740,1,79,"auths-pam: pam subprocess returned packet ssh_pam_op_error. (err_num: <num>, err_msg: authentication failure)",1,1,frequency_representative
174084,PAM transaction resulted in error.,E587,PAM transaction resulted in error.,79,pam transaction resulted in error.,1,Thunderbird_C0000741,1,79,pam transaction resulted in error.,1,1,frequency_representative
174930,authentication failure; logname=LOGIN uid=0 euid=0 tty=tty1 ruser= rhost=,E164,authentication failure; logname=<*> uid=<*> euid=<*> tty=<*> ruser=<*> rhost=<*>,4,authentication failure; logname=login uid= <num> euid= <num> tty=tty1 ruser= rhost=,1,Thunderbird_C0000742,3,10,authentication failure; logname = login uid = <num> euid = <num> tty = <*> <*> ruser = rhost =,2,1,frequency_representative
7725801,authentication failure; logname=LOGIN uid=0 euid=0 tty=ttyS0 ruser= rhost=,E164,authentication failure; logname=<*> uid=<*> euid=<*> tty=<*> ruser=<*> rhost=<*>,4,authentication failure; logname=login uid= <num> euid= <num> tty=ttys0 ruser= rhost=,1,Thunderbird_C0000742,3,10,authentication failure; logname = login uid = <num> euid = <num> tty = <*> <*> ruser = rhost =,2,2,complex_sample
174931,check pass; user unknown,E876,check pass; user unknown,15,check pass; user unknown,1,Thunderbird_C0000743,1,15,check pass; user unknown,1,1,frequency_representative
175503,authentication failure; logname=LOGIN uid=0 euid=0 tty=tty2 ruser= rhost= user=#26#,E131,authentication failure; logname=<*> uid=<*> euid=<*> tty=<*> ruser=<*> rhost=<*> user=<*>,2,authentication failure; logname=login uid= <num> euid= <num> tty=tty2 ruser= rhost= user=# <num> #,1,Thunderbird_C0000744,2,4,authentication failure; logname = login uid = <num> euid = <num> tty = tty <*> ruser = rhost = user = # <num> #,2,1,frequency_representative
234781,authentication failure; logname=LOGIN uid=0 euid=0 tty=tty1 ruser= rhost= user=#26#,E131,authentication failure; logname=<*> uid=<*> euid=<*> tty=<*> ruser=<*> rhost=<*> user=<*>,2,authentication failure; logname=login uid= <num> euid= <num> tty=tty1 ruser= rhost= user=# <num> #,1,Thunderbird_C0000744,2,4,authentication failure; logname = login uid = <num> euid = <num> tty = tty <*> ruser = rhost = user = # <num> #,2,2,complex_sample
177681,#26# : TTY=tty1 ; PWD=/home/#26# ; USER=root ; COMMAND=/bin/sh,E768,<*> : TTY=<*> ; PWD=<*> ; USER=<*> ; COMMAND=<*>,1,# <num> # : tty=tty1 ; pwd=/home/# <num> # ; user=root ; command=/bin/sh,1,Thunderbird_C0000745,1,1,# <num> #: tty = tty 1; pwd =/home/# <num> #; user = root; command =/bin/sh,1,1,frequency_representative
178102,Lustre: 13191:0:(socknal.c:325:ksocknal_associate_route_conn_locked()) Binding 0xa00044a 10.0.4.74 to 10.100.16.251,E909,Lustre: <*>:(<*>) Binding <*> <*> to <*>,535,lustre: <num> : <num> :( <id> ()) binding <hex> <ip> to <ip>,535,Thunderbird_C0000746,535,535,lustre: <num>: <num>: (<id> ()) binding <hex> <ip> to <ip>,1,1,frequency_representative
14029338,Lustre: 3154:0:(socknal.c:325:ksocknal_associate_route_conn_locked()) previously skipped 3 similar messages,E305,Lustre: <*>:(<*>) previously skipped <*> similar messages,81,lustre: <num> : <num> :( <id> ()) previously skipped <num> similar messages,69,Thunderbird_C0000747,69,81,lustre: <num>: <num>: (<id> ()) previously skipped <num> similar messages,1,1,frequency_representative
181992,root : TTY=pts/0 ; PWD=/root ; USER=root ; COMMAND=/bin/su -,E768,<*> : TTY=<*> ; PWD=<*> ; USER=<*> ; COMMAND=<*>,1,root : tty=pts/ <num> ; pwd=/root ; user=root ; command=/bin/su -,1,Thunderbird_C0000748,1,1,root: tty = pts/<num>; pwd =/root; user = root; command =/bin/su -,1,1,frequency_representative
184751,#47# : TTY=pts/1 ; PWD=/home/#47# ; USER=root ; COMMAND=/usr/bin/ssh an1 df,E768,<*> : TTY=<*> ; PWD=<*> ; USER=<*> ; COMMAND=<*>,1,# <num> # : tty=pts/ <num> ; pwd=/home/# <num> # ; user=root ; command=/usr/bin/ssh an1 df,1,Thunderbird_C0000749,1,1,# <num> #: tty = pts/<num>; pwd =/home/# <num> #; user = root; command =/usr/bin/ssh an 1 df,1,1,frequency_representative
191724,authentication failure; logname=LOGIN uid=0 euid=0 tty=tty1 ruser= rhost= user=root,E131,authentication failure; logname=<*> uid=<*> euid=<*> tty=<*> ruser=<*> rhost=<*> user=<*>,3,authentication failure; logname=login uid= <num> euid= <num> tty=tty1 ruser= rhost= user=root,1,Thunderbird_C0000750,1,3,authentication failure; logname = login uid = <num> euid = <num> tty = tty 1 ruser = rhost = user = root,1,1,frequency_representative
194539,root : TTY=pts/1 ; PWD=/projects/tbird/root ; USER=root ; COMMAND=/bin/bash,E768,<*> : TTY=<*> ; PWD=<*> ; USER=<*> ; COMMAND=<*>,1,root : tty=pts/ <num> ; pwd=/projects/tbird/root ; user=root ; command=/bin/bash,1,Thunderbird_C0000751,1,1,root: tty = pts/<num>; pwd =/projects/tbird/root; user = root; command =/bin/bash,1,1,frequency_representative
813527,"WARNING: DNS lookup failed for ""#114#"".",E618,"WARNING: DNS lookup failed for ""<*>"".",15,"warning: dns lookup failed for ""# <num> #"".",6,Thunderbird_C0000752,6,15,"warning: dns lookup failed for "" # <num> # "".",1,1,frequency_representative
211868,#57# : TTY=pts/3 ; PWD=/home/#57# ; USER=root ; COMMAND=/apps/contrib/sm,E768,<*> : TTY=<*> ; PWD=<*> ; USER=<*> ; COMMAND=<*>,297,# <num> # : tty=pts/ <num> ; pwd=/home/# <num> # ; user=root ; command=/apps/contrib/sm,12,Thunderbird_C0000753,12,297,# <num> #: tty = pts/<num>; pwd =/home/# <num> #; user = root; command =/apps/contrib/sm,1,1,frequency_representative
213802,Listening on LPF/eth1/00:11:43:e3:b8:96/B_net,E1171,Listening on <*>,262,listening on lpf/eth1/ <ip> /b_net,4,Thunderbird_C0000754,4,262,listening on lpf/eth 1/<ip>/b_net,1,1,frequency_representative
213806,Sending on LPF/eth1/00:11:43:e3:b8:96/B_net,E1201,Sending on <*>,262,sending on lpf/eth1/ <ip> /b_net,4,Thunderbird_C0000755,4,262,sending on lpf/eth 1/<ip>/b_net,1,1,frequency_representative
214107,Listening on LPF/eth1/00:11:43:e3:ba:04/D_net,E1171,Listening on <*>,258,listening on lpf/eth1/ <ip> /d_net,4,Thunderbird_C0000756,4,258,listening on lpf/eth 1/<ip>/d_net,1,1,frequency_representative
214111,Sending on LPF/eth1/00:11:43:e3:ba:04/D_net,E1201,Sending on <*>,258,sending on lpf/eth1/ <ip> /d_net,4,Thunderbird_C0000757,4,258,sending on lpf/eth 1/<ip>/d_net,1,1,frequency_representative
234371,smartd shutdown succeeded,E1032,<*> shutdown succeeded,1890,smartd shutdown succeeded,1,Thunderbird_C0000758,1,1890,smartd shutdown succeeded,1,1,frequency_representative
234372,smartd is exiting (exit status 0),E686,smartd is exiting (exit status <*>),1853,smartd is exiting (exit status <num> ),1,Thunderbird_C0000759,1,1853,smartd is exiting (exit status <num>),1,1,frequency_representative
234373,smartd received signal 15: Terminated,E576,smartd received signal <*>: Terminated,1844,smartd received signal <num> : terminated,1,Thunderbird_C0000760,1,1844,smartd received signal <num>: terminated,1,1,frequency_representative
234713,Lustre: 11986:0:(linux-debug.c:132:portals_debug_dumpstack()) showing stack for process 11986,E518,Lustre: <*>:(<*>) showing stack for process <*>,11,lustre: <num> : <num> :( <id> ()) showing stack for process <num>,11,Thunderbird_C0000761,11,11,lustre: <num>: <num>: (<id> ()) showing stack for process <num>,1,1,frequency_representative
234714,LustreError: 11899:0:(class_obd.c:315:class_handle_ioctl()) OBD ioctl: device not setup 31,E360,LustreError: <*>:(<*>) OBD ioctl: device not setup <*>,11,lustreerror: <num> : <num> :( <id> ()) obd ioctl: device not setup <num>,11,Thunderbird_C0000762,11,11,lustreerror: <num>: <num>: (<id> ()) obd ioctl: device not setup <num>,1,1,frequency_representative
234715,LustreError: 11986:0:(echo_client.c:1382:echo_client_cleanup()) ASSERTION(eco->eco_refcount == 0) failed,E626,LustreError: <*> ASSERTION(<*>) failed,11,lustreerror: <num> : <num> :( <id> ()) assertion(eco->eco_refcount == <num> ) failed,11,Thunderbird_C0000763,11,11,lustreerror: <num>: <num>: (<id> ()) assertion (eco-> eco_refcount = = <num>) failed,1,1,frequency_representative
234716,LustreError: 11986:0:(module.c:46:kportal_assertion_failed()) LBUG,E908,LustreError: <*>:(<*>) LBUG,11,lustreerror: <num> : <num> :( <id> ()) lbug,11,Thunderbird_C0000764,11,11,lustreerror: <num>: <num>: (<id> ()) lbug,1,1,frequency_representative
234717,LustreError: dumping log to /tmp/lustre-log-#25#.1131655895.11986,E781,LustreError: dumping log to <*>,11,lustreerror: dumping log to <path> # <num> #. <num>,11,Thunderbird_C0000765,11,11,lustreerror: dumping log to <path> # <num> #. <num>,1,1,frequency_representative
234718,lctl R running task 0 11986 11944 (NOTLB),E837,lctl R running task <*> <*> <*> (NOTLB),11,lctl r running task <num> <num> <num> (notlb),11,Thunderbird_C0000766,11,11,lctl r running task <num> <num> <num> (notlb),1,1,frequency_representative
234721,"Lustre: 11986:0:(linux-debug.c:96:portals_run_upcall()) Invoked portals upcall /usr/lib/lustre/portals_upcall LBUG,/f3home/#13#/build.2.6/buildir/BUILD/lustre-#12#/lustre/obdecho/echo_client.c,echo_client_cleanup,1382",E566,Lustre: <*>:(<*>) Invoked portals upcall <*>,11,"lustre: <num> : <num> :( <id> ()) invoked portals upcall <path> lbug,/f3home/# <num> # <path> # <num> # <path> ,echo_client_cleanup, <num>",11,Thunderbird_C0000767,11,11,"lustre: <num>: <num>: (<id> ()) invoked portals upcall <path> lbug,/f 3 home/# <num> # <path> # <num> # <path>, echo_client_cleanup, <num>",1,1,frequency_representative
235486,bad username [\\\\\\\\\\\\\\],E1176,bad username <*>,1,bad username [\\\\\\\\\\\\\\],1,Thunderbird_C0000768,1,1,bad username [\ \ \ \ \ \ \ \ \ \ \ \ \ \],1,1,frequency_representative
235518,LustreError: 14192:0:(obd_config.c:636:class_process_config()) no device for: ECHO_client,E632,LustreError: <*>:(<*>) no device for: <*>,12,lustreerror: <num> : <num> :( <id> ()) no device for: echo_client,11,Thunderbird_C0000769,11,12,lustreerror: <num>: <num>: (<id> ()) no device for: echo_client,1,1,frequency_representative
235521,LustreError: 14193:0:(obd_config.c:249:class_detach()) OBD device 30 still set up,E452,LustreError: <*>:(<*>) OBD device <*> still set up,2,lustreerror: <num> : <num> :( <id> ()) obd device <num> still set up,2,Thunderbird_C0000770,2,2,lustreerror: <num>: <num>: (<id> ()) obd device <num> still set up,1,1,frequency_representative
235522,LustreError: 14193:0:(obd_config.c:349:class_cleanup()) OBD OSC_#9#_ca865_ECHO_client is still busy with 4 references,E282,LustreError: <*>:(<*>) OBD <*> is still busy with <*> references,2,lustreerror: <num> : <num> :( <id> ()) obd osc_# <num> # <id> is still busy with <num> references,2,Thunderbird_C0000771,2,2,lustreerror: <num>: <num>: (<id> ()) obd osc_ # <num> # <id> is still busy with <num> references,1,1,frequency_representative
235523,"You should stop active file system users, or use the --force option to cleanup.",E96,"You should stop active file system users, or use the --force option to cleanup.",2,"you should stop active file system users, or use the --force option to cleanup.",1,Thunderbird_C0000772,1,2,"you should stop active file system users, or use the-- force option to cleanup.",1,1,frequency_representative
235887,LustreError: 14210:0:(obd_config.c:636:class_process_config()) no device for: ECHO_client_9,E632,LustreError: <*>:(<*>) no device for: <*>,9,lustreerror: <num> : <num> :( <id> ()) no device for: <id>,9,Thunderbird_C0000773,9,9,lustreerror: <num>: <num>: (<id> ()) no device for: <id>,1,1,frequency_representative
235888,LustreError: 14210:0:(obd_config.c:636:class_process_config()) previously skipped 1 similar messages,E217,LustreError: <*>:(<*>) previously skipped <*> similar messages,24,lustreerror: <num> : <num> :( <id> ()) previously skipped <num> similar messages,24,Thunderbird_C0000774,24,24,lustreerror: <num>: <num>: (<id> ()) previously skipped <num> similar messages,1,1,frequency_representative
236233,LustreError: 30424:0:(obd_config.c:636:class_process_config()) no device for: OSC_#33#_ca865_ECHO_client,E632,LustreError: <*>:(<*>) no device for: <*>,8,lustreerror: <num> : <num> :( <id> ()) no device for: osc_# <num> # <id>,8,Thunderbird_C0000775,8,8,lustreerror: <num>: <num>: (<id> ()) no device for: osc_ # <num> # <id>,1,1,frequency_representative
238126,dcstor32d shutdown succeeded,E1032,<*> shutdown succeeded,46580,<id> shutdown succeeded,3,Thunderbird_C0000776,3,46580,<id> shutdown succeeded,1,1,frequency_representative
7529339,omsad32[2764]: segfault at 0000000000000000 rip 0000000000000000 rsp 00000000f40a601c error 14,E806,<*>[<*>]: segfault at <*> rip <*> rsp <*> error <*>,8028,omsad32[ <num> ]: segfault at <hex> rip <hex> rsp <hex> error <num>,2632,Thunderbird_C0000777,2632,8028,omsad 32 [<num>]: segfault at <hex> rip <hex> rsp <hex> error <num>,1,1,frequency_representative
238121,omsad32 shutdown succeeded,E1032,<*> shutdown succeeded,12267,omsad32 shutdown succeeded,1,Thunderbird_C0000778,1,12267,omsad 32 shutdown succeeded,1,1,frequency_representative
238123,peer disconnected: SNMPv2-SMI::enterprises.674.10892.1,E1027,peer disconnected: <*>,15346,peer disconnected: <id>,1,Thunderbird_C0000779,1,15346,peer disconnected: <id>,1,1,frequency_representative
238130,crond shutdown succeeded,E1032,<*> shutdown succeeded,3421,crond shutdown succeeded,1,Thunderbird_C0000780,1,3421,crond shutdown succeeded,1,1,frequency_representative
238858,ACPI: PM-Timer IO Port: 0x808,E931,ACPI: PM-Timer IO Port: <*>,229,acpi: pm-timer io port: <hex>,1,Thunderbird_C0000781,1,229,acpi: pm-timer io port: <hex>,1,1,frequency_representative
239060,mount.panfs warning: mounting panfs in an untested environment!!,E146,mount.panfs warning: mounting panfs in an untested environment!!,882,mount.panfs warning: mounting panfs in an untested environment!!,1,Thunderbird_C0000782,1,882,mount. panfs warning: mounting panfs in an untested environment!!,1,1,frequency_representative
239061,pan_kernel: expected release: 2.6.9-15.EL.rootsmp release is: 2.6.9-1.4.5.6smp,E422,pan_kernel: expected release: <*> release is: <*>,894,pan_kernel: expected release: <id> release is: <id>,1,Thunderbird_C0000783,1,894,pan_kernel: expected release: <id> release is: <id>,1,1,frequency_representative
239078,"ts_ipoib device ib0 does not seem to be present, delaying initialization.",E127,"ts_ipoib device <*> does not seem to be present, delaying initialization.",224,"ts_ipoib device ib0 does not seem to be present, delaying initialization.",1,Thunderbird_C0000784,1,224,"ts_ipoib device ib 0 does not seem to be present, delaying initialization.",1,1,frequency_representative
239092,Bringing up interface ib0: failed,E716,Bringing up interface <*>: failed,224,bringing up interface ib0: failed,1,Thunderbird_C0000785,1,224,bringing up interface ib 0: failed,1,1,frequency_representative
239129,"couldn't ping address #27#:3095 using #86#:1, 0x23a1 (pan_sock: timeout)",E315,"couldn't ping address <*> using <*>, <*> (pan_sock: timeout)",6,"couldn't ping address # <num> #: <num> using # <num> #: <num> , <hex> (pan_sock: timeout)",4,Thunderbird_C0000786,4,6,"couldn ' t ping address # <num> #: <num> using # <num> #: <num>, <hex> (pan_sock: timeout)",1,1,frequency_representative
239132,mount.panfs: failed local addresses: #86#:1,E529,mount.panfs: failed local addresses: <*>,7,mount.panfs: failed local addresses: # <num> #: <num>,3,Thunderbird_C0000787,3,7,mount. panfs: failed local addresses: # <num> #: <num>,1,1,frequency_representative
239133,mount.panfs: panfs is not configured in the kernel,E307,mount.panfs: panfs is not configured in the kernel,431,mount.panfs: panfs is not configured in the kernel,1,Thunderbird_C0000788,1,431,mount. panfs: panfs is not configured in the kernel,1,1,frequency_representative
239138,dcdbas: module license 'unspecified' taints kernel.,E468,dcdbas: module license <*> taints kernel.,92,dcdbas: module license 'unspecified' taints kernel.,1,Thunderbird_C0000789,1,92,dcdbas: module license ' unspecified ' taints kernel.,1,1,frequency_representative
239139,"dcdbas: no version for ""struct_module"" found: kernel tainted.",E364,dcdbas: no version for <*> found: kernel tainted.,46,"dcdbas: no version for ""struct_module"" found: kernel tainted.",1,Thunderbird_C0000790,1,46,"dcdbas: no version for "" struct_module "" found: kernel tainted.",1,1,frequency_representative
762731,Instrumentation Service EventID: 1306 Redundancy lost Redundancy unit: BMC Fan Redundancy Chassis location: Main System Chassis Previous redundancy state was: Unknown,E15,Instrumentation Service EventID: <*> Redundancy lost Redundancy unit: <*> Redundancy Chassis location: <*> System Chassis Previous redundancy state was: <*>,6,instrumentation service eventid: <num> redundancy lost redundancy unit: bmc fan redundancy chassis location: main system chassis previous redundancy state was: unknown,1,Thunderbird_C0000791,2,9,instrumentation service eventid: <num> redundancy lost redundancy unit: bmc <*> redundancy chassis location: main system chassis previous redundancy state was: unknown,2,1,frequency_representative
239175,Instrumentation Service EventID: 1306 Redundancy lost Redundancy unit: BMC PS Redundancy Chassis location: Main System Chassis Previous redundancy state was: Unknown,E15,Instrumentation Service EventID: <*> Redundancy lost Redundancy unit: <*> Redundancy Chassis location: <*> System Chassis Previous redundancy state was: <*>,3,instrumentation service eventid: <num> redundancy lost redundancy unit: bmc ps redundancy chassis location: main system chassis previous redundancy state was: unknown,1,Thunderbird_C0000791,2,9,instrumentation service eventid: <num> redundancy lost redundancy unit: bmc <*> redundancy chassis location: main system chassis previous redundancy state was: unknown,2,2,complex_sample
239176,"Instrumentation Service EventID: 1354 Power supply detected a failure Sensor location: PS 1 Status Chassis location: Main System Chassis Previous state was: Unknown Power Supply type: AC Power Supply state: Presence detected, Failure detected, AC lost",E8,Instrumentation Service EventID: <*> Power supply detected a failure Sensor location: <*> Status Chassis location: <*> Previous state was: <*> Power Supply type: <*> Power Supply state: <*>,3,"instrumentation service eventid: <num> power supply detected a failure sensor location: ps <num> status chassis location: main system chassis previous state was: unknown power supply type: ac power supply state: presence detected, failure detected, ac lost",1,Thunderbird_C0000792,1,3,"instrumentation service eventid: <num> power supply detected a failure sensor location: ps <num> status chassis location: main system chassis previous state was: unknown power supply type: ac power supply state: presence detected, failure detected, ac lost",1,1,frequency_representative
239186,Listener created on port 22.,E860,Listener created on port <*>.,12,listener created on port <num> .,1,Thunderbird_C0000793,1,12,listener created on port <num>.,1,1,frequency_representative
239187,Daemon is running.,E1052,Daemon is running.,12,daemon is running.,1,Thunderbird_C0000794,1,12,daemon is running.,1,1,frequency_representative
239230,failed,E1226,failed,2381,failed,1,Thunderbird_C0000795,1,2381,failed,1,1,frequency_representative
239231,no server suitable for synchronization found,E363,no server suitable for synchronization found,1743,no server suitable for synchronization found,1,Thunderbird_C0000796,1,1743,no server suitable for synchronization found,1,1,frequency_representative
239240,"Listening on interface eth1, #86##123",E870,"Listening on interface <*>, <*>",17,"listening on interface eth1, # <num> ## <num>",8,Thunderbird_C0000797,8,17,"listening on interface eth 1, # <num> # # <num>",1,1,frequency_representative
239413,wall: user root broadcasted 5 lines (114 chars),E564,wall: user <*> broadcasted <*> lines (<*> chars),4,wall: user root broadcasted <num> lines ( <num> chars),4,Thunderbird_C0000798,4,4,wall: user root broadcasted <num> lines (<num> chars),1,1,frequency_representative
240463,Linux version 2.6.9-1.4.5.6smp (#13#@#9#) (gcc version 3.4.3 20050227 (Red Hat 3.4.3-22.1)) #1 SMP Tue Nov 1 11:57:43 MST 2005,E631,Linux version <*> (<*>) (gcc version <*>) <*> SMP <*>,3,linux version <id> (# <num> #@# <num> #) (gcc version <num> . <num> <num> (red hat <num> . <num> - <num> )) # <num> smp tue nov <num> <ip> mst <num>,1,Thunderbird_C0000799,1,3,linux version <id> (# <num> # @ # <num> #) (gcc version <num>. <num> <num> (red hat <num>. <num>-<num>)) # <num> smp tue nov <num> <ip> mst <num>,1,1,frequency_representative
240654,/sbin/ip route add 10.0.0.0/8 via 10.100.23.254 dev eth0,E1127,<*> route add <*> via <*> dev <*>,3,/sbin/ip route add <ip> / <num> via <ip> dev eth0,1,Thunderbird_C0000800,1,3,/ sbin/ip route add <ip>/<num> via <ip> dev eth 0,1,1,frequency_representative
240655,/sbin/ip route add #87#/24 via 10.100.23.254 dev eth0,E1127,<*> route add <*> via <*> dev <*>,3,/sbin/ip route add # <num> #/ <num> via <ip> dev eth0,1,Thunderbird_C0000801,1,3,/ sbin/ip route add # <num> #/<num> via <ip> dev eth 0,1,1,frequency_representative
242532,WARNING: Could not write /var/log/lastlog: No space left on device,E333,WARNING: Could not write <*>: No space left on device,17,warning: could not write /var/log/lastlog: no space left on device,1,Thunderbird_C0000802,1,17,warning: could not write/var/log/lastlog: no space left on device,1,1,frequency_representative
1914264,segfault at 0000000000000000 rip 0000000000000000 rsp 0000007fbfffeac0 error 14,E907,segfault at <*> rip <*> rsp <*> error <*>,2699,segfault at <hex> rip <hex> rsp <hex> error <num>,7,Thunderbird_C0000803,7,2699,segfault at <hex> rip <hex> rsp <hex> error <num>,1,1,frequency_representative
243329,DHCPDISCOVER from 00:11:43:e3:ba:a6 via eth0,E983,DHCPDISCOVER from <*> via <*>,8,dhcpdiscover from <ip> via eth0,1,Thunderbird_C0000804,1,8,dhcpdiscover from <ip> via eth 0,1,1,frequency_representative
243330,DHCPOFFER on 10.100.248.19 to 00:11:43:e3:ba:a6 via eth0,E1068,DHCPOFFER on <*> to <*> via <*>,8,dhcpoffer on <ip> to <ip> via eth0,1,Thunderbird_C0000805,1,8,dhcpoffer on <ip> to <ip> via eth 0,1,1,frequency_representative
243342,DHCPREQUEST for 10.100.248.19 (10.100.248.1) from 00:11:43:e3:ba:a6 via eth0,E904,DHCPREQUEST for <*> from <*> via <*>,8,dhcprequest for <ip> ( <ip> ) from <ip> via eth0,2,Thunderbird_C0000806,2,8,dhcprequest for <ip> (<ip>) from <ip> via eth 0,1,1,frequency_representative
246315,Vendor: MegaRAID Model: LD 0 RAID0 69G Rev: 516A,E1044,Vendor: <*> Model: <*> Rev: <*>,4,vendor: megaraid model: ld <num> raid0 69g rev: 516a,1,Thunderbird_C0000807,1,4,vendor: megaraid model: ld <num> raid 0 69 g rev: 516 a,1,1,frequency_representative
246556,megaraid: fw version:[516A] bios version:[H418],E480,megaraid: fw version:[<*>] bios version:[<*>],4,megaraid: fw version:[516a] bios version:[h418],1,Thunderbird_C0000808,1,4,megaraid: fw version: [516 a] bios version: [h 418],1,1,frequency_representative
248989,Instrumentation Service EventID: 1154 Voltage sensor detected a failure value Sensor location: BMC ROMB Battery Chassis location: Main System Chassis Previous state was: OK (Normal) Discrete voltage state: Bad,E12,Instrumentation Service EventID: <*> Voltage sensor detected a failure value Sensor location: <*> Chassis location: <*> Previous state was: <*> Discrete voltage state: <*>,133,instrumentation service eventid: <num> voltage sensor detected a failure value sensor location: bmc romb battery chassis location: main system chassis previous state was: ok (normal) discrete voltage state: bad,1,Thunderbird_C0000809,4,144,instrumentation service eventid: <num> voltage sensor detected a failure value sensor location: <*> <*> <*> chassis location: main system chassis previous state was: ok (normal) discrete voltage state: bad,2,1,frequency_representative
8267480,Instrumentation Service EventID: 1154 Voltage sensor detected a failure value Sensor location: PROC_1 VCORE Chassis location: Main System Chassis Previous state was: OK (Normal) Discrete voltage state: Bad,E12,Instrumentation Service EventID: <*> Voltage sensor detected a failure value Sensor location: <*> Chassis location: <*> Previous state was: <*> Discrete voltage state: <*>,4,instrumentation service eventid: <num> voltage sensor detected a failure value sensor location: proc_1 vcore chassis location: main system chassis previous state was: ok (normal) discrete voltage state: bad,1,Thunderbird_C0000809,4,144,instrumentation service eventid: <num> voltage sensor detected a failure value sensor location: <*> <*> <*> chassis location: main system chassis previous state was: ok (normal) discrete voltage state: bad,2,2,complex_sample
249029,Instrumentation Service EventID: 1152 Voltage sensor returned to a normal value Sensor location: BMC ROMB Battery Chassis location: Main System Chassis Previous state was: Critical (Failed) Discrete voltage state: Good,E10,Instrumentation Service EventID: <*> Voltage sensor returned to a normal value Sensor location: <*> Chassis location: <*> Previous state was: <*> Discrete voltage state: <*>,131,instrumentation service eventid: <num> voltage sensor returned to a normal value sensor location: bmc romb battery chassis location: main system chassis previous state was: critical (failed) discrete voltage state: good,1,Thunderbird_C0000810,4,141,instrumentation service eventid: <num> voltage sensor returned to a normal value sensor location: <*> <*> <*> chassis location: main system chassis previous state was: critical (failed) discrete voltage state: good,2,1,frequency_representative
8267558,Instrumentation Service EventID: 1152 Voltage sensor returned to a normal value Sensor location: PROC_2 VCORE Chassis location: Main System Chassis Previous state was: Critical (Failed) Discrete voltage state: Good,E10,Instrumentation Service EventID: <*> Voltage sensor returned to a normal value Sensor location: <*> Chassis location: <*> Previous state was: <*> Discrete voltage state: <*>,4,instrumentation service eventid: <num> voltage sensor returned to a normal value sensor location: proc_2 vcore chassis location: main system chassis previous state was: critical (failed) discrete voltage state: good,1,Thunderbird_C0000810,4,141,instrumentation service eventid: <num> voltage sensor returned to a normal value sensor location: <*> <*> <*> chassis location: main system chassis previous state was: critical (failed) discrete voltage state: good,2,2,complex_sample
249219,WARNING: Could not chdir to home directory /Net/usr/home/#95#: No such file or directory,E139,WARNING: Could not chdir to home directory <*>: No such file or directory,1,warning: could not chdir to home directory /net/usr/home/# <num> #: no such file or directory,1,Thunderbird_C0000811,1,1,warning: could not chdir to home directory/net/usr/home/# <num> #: no such file or directory,1,1,frequency_representative
249261,WARNING: Setting tty modes failed: Invalid argument,E271,WARNING: Setting tty modes failed: Invalid argument,39,warning: setting tty modes failed: invalid argument,1,Thunderbird_C0000812,1,39,warning: setting tty modes failed: invalid argument,1,1,frequency_representative
250665,"Red Hat, Inc. (Kernel Module GPG key)",E751,"<*>, Inc. (Kernel Module GPG key)",2,"red hat, inc. (kernel module gpg key)",1,Thunderbird_C0000813,1,2,"red hat, inc. (kernel module gpg key)",1,1,frequency_representative
250735,#104# (Release Date: Fri Jan 21 00:01:03 EST 2005),E1122,<*> (Release Date: <*>),3,# <num> # (release date: fri jan <num> <ip> est <num> ),1,Thunderbird_C0000814,2,6,# <num> # (release date: <*> <*> <num> <ip> est <num>),2,1,frequency_representative
250736,#105# (Release Date: Thu Feb 03 12:27:22 EST 2005),E1122,<*> (Release Date: <*>),3,# <num> # (release date: thu feb <num> <ip> est <num> ),1,Thunderbird_C0000814,2,6,# <num> # (release date: <*> <*> <num> <ip> est <num>),2,2,complex_sample
250749,USB support disabled,E994,USB support disabled,2,usb support disabled,1,Thunderbird_C0000815,1,2,usb support disabled,1,1,frequency_representative
250770,: server is down.,E1103,: server is down.,491,: server is down.,1,Thunderbird_C0000816,1,491,: server is down.,1,1,frequency_representative
250771,mount to NFS server 'nfs1' failed,E790,mount to NFS server <*> failed,499,mount to nfs server 'nfs1' failed,1,Thunderbird_C0000817,1,499,mount to nfs server ' nfs 1 ' failed,1,1,frequency_representative
250782,module license 'unspecified' taints kernel.,E648,module license <*> taints kernel.,4,module license 'unspecified' taints kernel.,1,Thunderbird_C0000818,1,4,module license ' unspecified ' taints kernel.,1,1,frequency_representative
250887,no IPv6 routers present,E914,no IPv6 routers present,22,no ipv6 routers present,1,Thunderbird_C0000819,1,22,no ipv 6 routers present,1,1,frequency_representative
252078,session closed for user mwsukal,E919,session closed for user <*>,5008,session closed for user mwsukal,1,Thunderbird_C0000820,1,5008,session closed for user mwsukal,1,1,frequency_representative
254606,Searching for custom.cnf. . .,E742,Searching for custom.cnf. . .,8,searching for custom.cnf. . .,1,Thunderbird_C0000821,1,8,searching for custom. cnf...,1,1,frequency_representative
254607,Skipping customization. custom.cnf not found.,E575,Skipping customization. <*> not found.,8,skipping customization. custom.cnf not found.,1,Thunderbird_C0000822,1,8,skipping customization. custom. cnf not found.,1,1,frequency_representative
3267380,Kerberos TGT authentication as user #145# accepted for #145#@#24#.,E313,Kerberos TGT authentication as user <*> accepted for <*>.,893,kerberos tgt authentication as user # <num> # accepted for # <num> #@# <num> #.,15,Thunderbird_C0000823,15,893,kerberos tgt authentication as user # <num> # accepted for # <num> # @ # <num> #.,1,1,frequency_representative
261243,root : TTY=pts/3 ; PWD=/root ; USER=root ; COMMAND=/apps/contrib/sm,E768,<*> : TTY=<*> ; PWD=<*> ; USER=<*> ; COMMAND=<*>,33,root : tty=pts/ <num> ; pwd=/root ; user=root ; command=/apps/contrib/sm,4,Thunderbird_C0000824,4,33,root: tty = pts/<num>; pwd =/root; user = root; command =/apps/contrib/sm,1,1,frequency_representative
273672,foo[13937]: segfault at 0000000000000000 rip 0000002a955d0f4c rsp 0000007fbffff180 error 4,E806,<*>[<*>]: segfault at <*> rip <*> rsp <*> error <*>,168,foo[ <num> ]: segfault at <hex> rip <hex> rsp <hex> error <num>,166,Thunderbird_C0000825,166,168,foo [<num>]: segfault at <hex> rip <hex> rsp <hex> error <num>,1,1,frequency_representative
2832811,#47# : TTY=pts/2 ; PWD=/home/#47# ; USER=root ; COMMAND=/usr/bin/ssh tbird-admin2,E768,<*> : TTY=<*> ; PWD=<*> ; USER=<*> ; COMMAND=<*>,7,# <num> # : tty=pts/ <num> ; pwd=/home/# <num> # ; user=root ; command=/usr/bin/ssh <id>,6,Thunderbird_C0000826,6,7,# <num> #: tty = pts/<num>; pwd =/home/# <num> #; user = root; command =/usr/bin/ssh <id>,1,1,frequency_representative
279867,fs_client: Umounting panfs ...,E675,fs_client: Umounting panfs ...,6493,fs_client: umounting panfs ...,1,Thunderbird_C0000827,1,6493,fs_client: umounting panfs...,1,1,frequency_representative
279868,fs_client_cap: done,E995,fs_client_cap: done,6432,fs_client_cap: done,1,Thunderbird_C0000828,1,6432,fs_client_cap: done,1,1,frequency_representative
279869,fs_client_cap: starting to scrub the caps,E433,fs_client_cap: starting to scrub the caps,6472,fs_client_cap: starting to scrub the caps,1,Thunderbird_C0000829,1,6472,fs_client_cap: starting to scrub the caps,1,1,frequency_representative
279870,fs_client_fm: All RPCs returned,E636,fs_client_fm: All RPCs returned,6497,fs_client_fm: all rpcs returned,1,Thunderbird_C0000830,1,6497,fs_client_fm: all rpcs returned,1,1,frequency_representative
279871,"pan_kmod: done quiescing subdev 0x78 (""PANASAS kernel trace facility"")",E560,"pan_kmod: done quiescing subdev <*> (""<*>"")",6475,"pan_kmod: done quiescing subdev <hex> (""panasas kernel trace facility"")",1,Thunderbird_C0000831,1,6475,"pan_kmod: done quiescing subdev <hex> ("" panasas kernel trace facility "")",1,1,frequency_representative
279872,Unmounting PanFS filesystems: succeeded,E866,Unmounting <*> filesystems: <*>,3913,unmounting panfs filesystems: succeeded,1,Thunderbird_C0000832,1,3913,unmounting panfs filesystems: succeeded,1,1,frequency_representative
281728,many lost ticks.,E1107,many lost ticks.,12,many lost ticks.,1,Thunderbird_C0000833,1,12,many lost ticks.,1,1,frequency_representative
303820,Timed out waiting for hotplug event 237. Rebasing to 239,E340,Timed out waiting for hotplug event <*>. Rebasing to <*>,32,timed out waiting for hotplug event <num> . rebasing to <num>,10,Thunderbird_C0000834,10,32,timed out waiting for hotplug event <num>. rebasing to <num>,1,1,frequency_representative
300349,haldaemon shutdown failed,E1114,<*> shutdown failed,27695,haldaemon shutdown failed,1,Thunderbird_C0000835,1,27695,haldaemon shutdown failed,1,1,frequency_representative
315434,Out of Memory: Killed process 10406 (ld).,E662,Out of Memory: Killed process <*> (<*>).,5,out of memory: killed process <num> (ld).,5,Thunderbird_C0000836,6,6,out of memory: killed process <num> (<*>).,2,1,frequency_representative
315436,Out of Memory: Killed process 436 (python).,E662,Out of Memory: Killed process <*> (<*>).,1,out of memory: killed process <num> (python).,1,Thunderbird_C0000836,6,6,out of memory: killed process <num> (<*>).,2,2,complex_sample
354031,/var:,E1235,/var:,1,/var:,1,Thunderbird_C0000837,1,1,/ var:,1,1,frequency_representative
371238,Vendor: FUJITSU Model: MAT3073NC Rev: 5704,E1044,Vendor: <*> Model: <*> Rev: <*>,88,vendor: fujitsu model: <id> rev: <num>,1,Thunderbird_C0000838,1,88,vendor: fujitsu model: <id> rev: <num>,1,1,frequency_representative
371240,EXT3-fs: sda3: orphan cleanup on readonly fs,E702,<*>: <*>: orphan cleanup on readonly fs,6,ext3-fs: sda3: orphan cleanup on readonly fs,1,Thunderbird_C0000839,1,6,ext 3-fs: sda 3: orphan cleanup on readonly fs,1,1,frequency_representative
371249,ext3_orphan_cleanup: deleting unreferenced inode 135081,E275,ext3_orphan_cleanup: deleting unreferenced inode <*>,236,<id> : deleting unreferenced inode <num>,236,Thunderbird_C0000840,236,236,<id>: deleting unreferenced inode <num>,1,1,frequency_representative
444157,"usb 3-1: device not accepting address 2, error -71",E483,"usb <*>: device not accepting address <*>, error <*>",12,"usb <num> - <num> : device not accepting address <num> , error <num>",2,Thunderbird_C0000841,2,12,"usb <num>-<num>: device not accepting address <num>, error <num>",1,1,frequency_representative
446569,Floppy drive(s): fd0 is 1.44M,E1036,Floppy drive(s): <*> is <*>,22,floppy drive(s): fd0 is <num> .44m,1,Thunderbird_C0000842,1,22,floppy drive (s): fd 0 is <num>. 44 m,1,1,frequency_representative
453631,"orphaned inode 14 (uid=18252, gid=18252, mode=0100775, size=6036)",E453,"orphaned inode <*> (uid=<*>, gid=<*>, mode=<*>, size=<*>)",59,"orphaned inode <num> (uid= <num> , gid= <num> , mode= <num> , size= <num> )",13,Thunderbird_C0000843,13,59,"orphaned inode <num> (uid = <num>, gid = <num>, mode = <num>, size = <num>)",1,1,frequency_representative
451866,/tmp: Clearing,E1203,<*>: Clearing,33,/tmp: clearing,1,Thunderbird_C0000844,1,33,/ tmp: clearing,1,1,frequency_representative
453635,/tmp1: Clearing,E1203,<*>: Clearing,32,/tmp1: clearing,1,Thunderbird_C0000845,1,32,/ tmp 1: clearing,1,1,frequency_representative
456665,panfs: module license 'Proprietary' taints kernel.,E503,panfs: module license <*> taints kernel.,343,panfs: module license 'proprietary' taints kernel.,1,Thunderbird_C0000846,1,343,panfs: module license ' proprietary ' taints kernel.,1,1,frequency_representative
13228064,EXT3-fs: sda3: 54 orphan inodes deleted,E659,EXT3-fs: <*>: <*> orphan inodes deleted,5,ext3-fs: sda3: <num> orphan inodes deleted,4,Thunderbird_C0000847,4,5,ext 3-fs: sda 3: <num> orphan inodes deleted,1,1,frequency_representative
534898,Configuration file /etc/smartd.conf parsed but has no entries (like /dev/hda),E301,Configuration file <*> parsed but has no entries (like <*>),9,configuration file /etc/smartd.conf parsed but has no entries (like /dev/hda),1,Thunderbird_C0000848,1,9,configuration file/etc/smartd. conf parsed but has no entries (like/dev/hda),1,1,frequency_representative
534901,Unable to monitor any SMART enabled devices. Try debug (-d) option. Exiting...,E93,Unable to monitor any SMART enabled devices. Try debug (-d) option. Exiting...,9,unable to monitor any smart enabled devices. try debug (-d) option. exiting...,1,Thunderbird_C0000849,1,9,unable to monitor any smart enabled devices. try debug (- d) option. exiting...,1,1,frequency_representative
550225,- key was been created 15429758 seconds in future,E525,- key was been created <*> seconds in future,1,- key was been created <num> seconds in future,1,Thunderbird_C0000850,1,1,- key was been created <num> seconds in future,1,1,frequency_representative
663431,"[ib_sm_bringup.c:943]: Failed to bring port to ACTIVE for node=5ad000003947c, port= 1, no response",E173,"[<*>]: Failed to bring port to ACTIVE for node=<*>, port=<*>, no response",4,"[ <id> ]: failed to bring port to active for node= <hex> , port= <num> , no response",1,Thunderbird_C0000851,1,4,"[<id>]: failed to bring port to active for node = <hex>, port = <num>, no response",1,1,frequency_representative
680497,0x23a1 (pan_sock: timeout),E1004,<*> (pan_sock: timeout),407,<hex> (pan_sock: timeout),1,Thunderbird_C0000852,1,407,<hex> (pan_sock: timeout),1,1,frequency_representative
2852652,"[ib_sm_bringup.c:903]: Failed to bring port to ACTIVE for node=5ad00000278ee, port= 23, mad status 0x1c",E182,"[<*>]: Failed to bring port to ACTIVE for node=<*>, port=<*>, mad status <*>",39,"[ <id> ]: failed to bring port to active for node= <hex> , port= <num> , mad status <hex>",4,Thunderbird_C0000853,4,39,"[<id>]: failed to bring port to active for node = <hex>, port = <num>, mad status <hex>",1,1,frequency_representative
720076,"Found 2, no active local ports, check cables",E439,"Found <*>, no active local ports, check cables",1,"found <num> , no active local ports, check cables",1,Thunderbird_C0000854,1,1,"found <num>, no active local ports, check cables",1,1,frequency_representative
726108,no servers reachable,E1002,no servers reachable,656,no servers reachable,1,Thunderbird_C0000855,1,656,no servers reachable,1,1,frequency_representative
762730,Instrumentation Service EventID: 1104 Fan sensor detected a failure value Sensor location: BMC FAN 4A RPM Chassis location: Main System Chassis Previous state was: Unknown Fan sensor value (in RPM): 0,E11,Instrumentation Service EventID: <*> Fan sensor detected a failure value Sensor location: <*> RPM Chassis location: <*> Previous state was: <*> Fan sensor value (in RPM): <*>,7,instrumentation service eventid: <num> fan sensor detected a failure value sensor location: bmc fan 4a rpm chassis location: main system chassis previous state was: unknown fan sensor value (in rpm): <num>,2,Thunderbird_C0000856,2,7,instrumentation service eventid: <num> fan sensor detected a failure value sensor location: bmc fan 4 a rpm chassis location: main system chassis previous state was: unknown fan sensor value (in rpm): <num>,1,1,frequency_representative
7754768,UDP: short packet: From 10.100.12.91:32771 48/16 to #112#:8649,E869,UDP: short packet: From <*> <*> to <*>,1628,udp: short packet: from <ip> <num> / <num> to # <num> #: <num>,936,Thunderbird_C0000857,936,1628,udp: short packet: from <ip> <num>/<num> to # <num> #: <num>,1,1,frequency_representative
804393,Instrumentation Service EventID: 1404 Memory device status is critical Memory device location: DIMM1_B Possible memory module event cause:Single bit error logging disabled,E19,Instrumentation Service EventID: <*> Memory device status is critical Memory device location: <*> Possible memory module event cause:<*>,5,instrumentation service eventid: <num> memory device status is critical memory device location: dimm1_b possible memory module event cause:single bit error logging disabled,1,Thunderbird_C0000858,5,18,instrumentation service eventid: <num> memory device status is critical memory device location: dimm <*> <*> possible memory module event cause: single bit error logging disabled,3,1,frequency_representative
6700013,Instrumentation Service EventID: 1404 Memory device status is critical Memory device location: DIMM1_A Possible memory module event cause:Single bit error logging disabled,E19,Instrumentation Service EventID: <*> Memory device status is critical Memory device location: <*> Possible memory module event cause:<*>,4,instrumentation service eventid: <num> memory device status is critical memory device location: dimm1_a possible memory module event cause:single bit error logging disabled,1,Thunderbird_C0000858,5,18,instrumentation service eventid: <num> memory device status is critical memory device location: dimm <*> <*> possible memory module event cause: single bit error logging disabled,3,2,complex_sample
8807254,Instrumentation Service EventID: 1404 Memory device status is critical Memory device location: DIMM2_A Possible memory module event cause:Single bit error logging disabled,E19,Instrumentation Service EventID: <*> Memory device status is critical Memory device location: <*> Possible memory module event cause:<*>,4,instrumentation service eventid: <num> memory device status is critical memory device location: dimm2_a possible memory module event cause:single bit error logging disabled,1,Thunderbird_C0000858,5,18,instrumentation service eventid: <num> memory device status is critical memory device location: dimm <*> <*> possible memory module event cause: single bit error logging disabled,3,3,diverse_sample
805200,"Error accepting AF_UNIX connection, opened connections: 100, max: 100",E161,"Error accepting AF_UNIX connection, opened connections: <*>, max: <*>",57,"error accepting af_unix connection, opened connections: <num> , max: <num>",1,Thunderbird_C0000859,1,57,"error accepting af_unix connection, opened connections: <num>, max: <num>",1,1,frequency_representative
835252,Did not receive identification string from ::ffff:10.100.8.251,E413,Did not receive identification string from <*>,14,did not receive identification string from ::ffff: <ip>,9,Thunderbird_C0000860,9,14,did not receive identification string from:: ffff: <ip>,1,1,frequency_representative
812075,root : TTY=pts/7 ; PWD=/root ; USER=root ; COMMAND=/bin/su - #113# -c /apps/breakfix-testing/stress-system/linpack/start_linpack_warmup.sh,E768,<*> : TTY=<*> ; PWD=<*> ; USER=<*> ; COMMAND=<*>,2,root : tty=pts/ <num> ; pwd=/root ; user=root ; command=/bin/su - # <num> # -c <path>,1,Thunderbird_C0000861,1,2,root: tty = pts/<num>; pwd =/root; user = root; command =/bin/su-# <num> #-c <path>,1,1,frequency_representative
814933,#23# : TTY=pts/5 ; PWD=/home/#23# ; USER=root ; COMMAND=/bin/su,E768,<*> : TTY=<*> ; PWD=<*> ; USER=<*> ; COMMAND=<*>,1,# <num> # : tty=pts/ <num> ; pwd=/home/# <num> # ; user=root ; command=/bin/su,1,Thunderbird_C0000862,1,1,# <num> #: tty = pts/<num>; pwd =/home/# <num> #; user = root; command =/bin/su,1,1,frequency_representative
815106,#47# : TTY=pts/8 ; PWD=/mnt_projects/sysapps/#117#/largerun ; USER=root ; COMMAND=/apps/contrib/ccmd.sh all /apps/#117#/prepnode,E768,<*> : TTY=<*> ; PWD=<*> ; USER=<*> ; COMMAND=<*>,9,# <num> # : tty=pts/ <num> ; pwd=/mnt_projects/sysapps/# <num> #/largerun ; user=root ; command=/apps/contrib/ccmd.sh all /apps/# <num> #/prepnode,1,Thunderbird_C0000863,1,9,# <num> #: tty = pts/<num>; pwd =/mnt_projects/sysapps/# <num> #/largerun; user = root; command =/apps/contrib/ccmd. sh all/apps/# <num> #/prepnode,1,1,frequency_representative
815273,dcdipm device driver unloaded,E933,<*> device driver unloaded,7812,dcdipm device driver unloaded,1,Thunderbird_C0000864,1,7812,dcdipm device driver unloaded,1,1,frequency_representative
815277,dcdbas device driver unloaded,E933,<*> device driver unloaded,7867,dcdbas device driver unloaded,1,Thunderbird_C0000865,1,7867,dcdbas device driver unloaded,1,1,frequency_representative
816864,gmond shutdown failed,E1114,<*> shutdown failed,27600,gmond shutdown failed,1,Thunderbird_C0000866,1,27600,gmond shutdown failed,1,1,frequency_representative
843097,crond shutdown failed,E1114,<*> shutdown failed,27989,crond shutdown failed,1,Thunderbird_C0000867,1,27989,crond shutdown failed,1,1,frequency_representative
849802,#47# : TTY=pts/8 ; PWD=/mnt_projects/sysapps/#117#/largerun ; USER=root ; COMMAND=/apps/contrib/ccmd.sh all killall /apps/#117#/largerun/xhpl-gcc-viadebug2-csum-goto-nptl,E768,<*> : TTY=<*> ; PWD=<*> ; USER=<*> ; COMMAND=<*>,6,# <num> # : tty=pts/ <num> ; pwd=/mnt_projects/sysapps/# <num> #/largerun ; user=root ; command=/apps/contrib/ccmd.sh all killall /apps/# <num> # <path>,1,Thunderbird_C0000868,1,6,# <num> #: tty = pts/<num>; pwd =/mnt_projects/sysapps/# <num> #/largerun; user = root; command =/apps/contrib/ccmd. sh all killall/apps/# <num> # <path>,1,1,frequency_representative
858901,#47# : TTY=pts/8 ; PWD=/mnt_projects/sysapps/#117#/largerun ; USER=root ; COMMAND=/apps/contrib/ccmd.sh all /apps/#117#/largerun/killxhpl,E768,<*> : TTY=<*> ; PWD=<*> ; USER=<*> ; COMMAND=<*>,6,# <num> # : tty=pts/ <num> ; pwd=/mnt_projects/sysapps/# <num> #/largerun ; user=root ; command=/apps/contrib/ccmd.sh all /apps/# <num> #/largerun/killxhpl,1,Thunderbird_C0000869,1,6,# <num> #: tty = pts/<num>; pwd =/mnt_projects/sysapps/# <num> #/largerun; user = root; command =/apps/contrib/ccmd. sh all/apps/# <num> #/largerun/killxhpl,1,1,frequency_representative
862148,RPC: giant verf size: 2097152,E1007,RPC: giant verf size: <*>,1,rpc: giant verf size: <num>,1,Thunderbird_C0000870,1,1,rpc: giant verf size: <num>,1,1,frequency_representative
862149,call_verify: auth check failed,E674,call_verify: auth check failed,1,call_verify: auth check failed,1,Thunderbird_C0000871,1,1,call_verify: auth check failed,1,1,frequency_representative
868157,file-max limit 65536 reached,E924,file-max limit <*> reached,168390,file-max limit <num> reached,1,Thunderbird_C0000872,1,168390,file-max limit <num> reached,1,1,frequency_representative
869348,RRD_update (/var/lib/ganglia/rrds/__SummaryInfo__/bytes_in.rrd): opening '/var/lib/ganglia/rrds/__SummaryInfo__/bytes_in.rrd': Too many open files in system,E245,RRD_update (<*>): opening '<*>': Too many open files in system,15022,rrd_update ( <path> ): opening ' <path> ': too many open files in system,30,Thunderbird_C0000873,30,15022,rrd_update (<path>): opening ' <path> ': too many open files in system,1,1,frequency_representative
869376,Unable to write meta data for metric bytes_in to RRD,E463,Unable to write meta data for metric <*> to RRD,537,unable to write meta data for metric bytes_in to rrd,1,Thunderbird_C0000874,28,15020,unable to write meta data for metric <*> to rrd,3,1,frequency_representative
869396,Unable to write meta data for metric part_max_used to RRD,E463,Unable to write meta data for metric <*> to RRD,537,unable to write meta data for metric part_max_used to rrd,1,Thunderbird_C0000874,28,15020,unable to write meta data for metric <*> to rrd,3,2,complex_sample
869383,Unable to write meta data for metric cpu_system to RRD,E463,Unable to write meta data for metric <*> to RRD,537,unable to write meta data for metric cpu_system to rrd,1,Thunderbird_C0000874,28,15020,unable to write meta data for metric <*> to rrd,3,3,diverse_sample
941387,"THH(1): mnt_projects/sysapps/src/ib/topspin/topspin-src-3.2.0-16/third_party/thca4_linux/kernel/mlxhh/thh/obj_host_amd64_custom1_rhel4/mod_thh/cmdif_comm.c[1417]: print_track_arr: idx=69, token=0x0000, counter=0",E284,"THH(<*>): <*>[<*>]: print_track_arr: idx=<*>, token=<*>, counter=<*>",402,"thh( <num> ): mnt_projects/sysapps/src/ib/topspin/ <id> /third_party/ <id> /kernel/mlxhh/thh/ <id> /mod_thh/cmdif_comm.c[ <num> ]: print_track_arr: idx= <num> , token= <hex> , counter= <num>",136,Thunderbird_C0000875,138,428,"thh (<num>): mnt_projects/sysapps/src/ib/topspin/<id>/third_party/<id>/kernel/mlxhh/thh/<id>/mod_thh/<*>. c [<num>]: <*>: <*> = <num>, <*> = <hex>, <*> = <num>",2,1,frequency_representative
1004802,"THH(1): mnt_projects/sysapps/src/ib/topspin/topspin-src-3.2.0-16/third_party/thca4_linux/kernel/mlxhh/thh/obj_host_amd64_custom1_rhel4/mod_thh/hob_comm.c[2452]: XHH_hob_fatal_error: device=InfiniHost0, err_type=5, syndrome=12",E158,"THH(<*>): <*>[<*>]: XHH_hob_fatal_error: device=<*>, err_type=<*>, syndrome=<*>",26,"thh( <num> ): mnt_projects/sysapps/src/ib/topspin/ <id> /third_party/ <id> /kernel/mlxhh/thh/ <id> /mod_thh/hob_comm.c[ <num> ]: xhh_hob_fatal_error: device= <id> , err_type= <num> , syndrome= <num>",2,Thunderbird_C0000875,138,428,"thh (<num>): mnt_projects/sysapps/src/ib/topspin/<id>/third_party/<id>/kernel/mlxhh/thh/<id>/mod_thh/<*>. c [<num>]: <*>: <*> = <num>, <*> = <hex>, <*> = <num>",2,2,complex_sample
2079905,THH(1): mnt_projects/sysapps/src/ib/topspin/topspin-src-3.2.0-16/third_party/thca4_linux/kernel/mlxhh/thh/obj_host_amd64_custom1_rhel4/mod_thh/hob_comm.c[781]: XHH_hob_register_mr: Device in FATAL state,E247,THH(<*>): <*>[<*>]: XHH_hob_register_mr: Device in FATAL state,2524,thh( <num> ): mnt_projects/sysapps/src/ib/topspin/ <id> /third_party/ <id> /kernel/mlxhh/thh/ <id> /mod_thh/hob_comm.c[ <num> ]: xhh_hob_register_mr: device in fatal state,1,Thunderbird_C0000876,2,2577,thh (<num>): mnt_projects/sysapps/src/ib/topspin/<id>/third_party/<id>/kernel/mlxhh/thh/<id>/mod_thh/hob_comm. c [<num>]: <*>: device in fatal state,2,1,frequency_representative
944789,THH(1): mnt_projects/sysapps/src/ib/topspin/topspin-src-3.2.0-16/third_party/thca4_linux/kernel/mlxhh/thh/obj_host_amd64_custom1_rhel4/mod_thh/hob_comm.c[204]: XHH_hob_query_port_prop: Device in FATAL state,E196,THH(<*>): <*>[<*>]: XHH_hob_query_port_prop: Device in FATAL state,53,thh( <num> ): mnt_projects/sysapps/src/ib/topspin/ <id> /third_party/ <id> /kernel/mlxhh/thh/ <id> /mod_thh/hob_comm.c[ <num> ]: xhh_hob_query_port_prop: device in fatal state,1,Thunderbird_C0000876,2,2577,thh (<num>): mnt_projects/sysapps/src/ib/topspin/<id>/third_party/<id>/kernel/mlxhh/thh/<id>/mod_thh/hob_comm. c [<num>]: <*>: device in fatal state,2,2,complex_sample
944790,"[KERNEL_IB][tsIbTavorPortQuery][/mnt_projects/sysapps/src/ib/topspin/topspin-src-3.2.0-16/ib/tavor/provider/obj_host_amd64_custom1_rhel4/ts_ib_tavor/tavor_device.c:164]InfiniHost0: VAPI_query_hca_port_prop failed, return code = -254 (Fatal error (Local Catastrophic Error))",E34,"[KERNEL_IB][<*>][<*>]<*>: VAPI_query_hca_port_prop failed, return code = <*> (Fatal error (Local Catastrophic Error))",56,"[kernel_ib][tsibtavorportquery][ <path> ] <id> : vapi_query_hca_port_prop failed, return code = <num> (fatal error (local catastrophic error))",1,Thunderbird_C0000877,1,56,"[kernel_ib] [tsibtavorportquery] [<path>] <id>: vapi_query_hca_port_prop failed, return code = <num> (fatal error (local catastrophic error))",1,1,frequency_representative
950374,can't open /var/lib/ntp/drift.TEMP: Too many open files in system,E502,can't open <*>: Too many open files in system,3,can't open <path> too many open files in system,1,Thunderbird_C0000878,1,3,can ' t open <path> too many open files in system,1,1,frequency_representative
983190,#47# : TTY=pts/8 ; PWD=/mnt_projects/sysapps/#117#/largerun ; USER=root ; COMMAND=/apps/contrib/ccmd.sh all ps xauwwww,E768,<*> : TTY=<*> ; PWD=<*> ; USER=<*> ; COMMAND=<*>,3,# <num> # : tty=pts/ <num> ; pwd=/mnt_projects/sysapps/# <num> #/largerun ; user=root ; command=/apps/contrib/ccmd.sh all ps xauwwww,1,Thunderbird_C0000879,1,3,# <num> #: tty = pts/<num>; pwd =/mnt_projects/sysapps/# <num> #/largerun; user = root; command =/apps/contrib/ccmd. sh all ps xauwwww,1,1,frequency_representative
1004713,THH(1): mnt_projects/sysapps/src/ib/topspin/topspin-src-3.2.0-16/third_party/thca4_linux/kernel/mlxhh/thh/obj_host_amd64_custom1_rhel4/mod_thh/hob_comm.c[2300]: get_fatal_err_syndrome: FW CATASTR ERRBUF[6] = 0xffffffff,E210,THH(<*>): <*>[<*>]: get_fatal_err_syndrome: FW CATASTR ERRBUF[<*>] = <*>,700,thh( <num> ): mnt_projects/sysapps/src/ib/topspin/ <id> /third_party/ <id> /kernel/mlxhh/thh/ <id> /mod_thh/hob_comm.c[ <num> ]: get_fatal_err_syndrome: fw catastr errbuf[ <num> ] = <hex>,88,Thunderbird_C0000880,88,700,thh (<num>): mnt_projects/sysapps/src/ib/topspin/<id>/third_party/<id>/kernel/mlxhh/thh/<id>/mod_thh/hob_comm. c [<num>]: get_fatal_err_syndrome: fw catastr errbuf [<num>] = <hex>,1,1,frequency_representative
1004801,THH(1): mnt_projects/sysapps/src/ib/topspin/topspin-src-3.2.0-16/third_party/thca4_linux/kernel/mlxhh/thh/obj_host_amd64_custom1_rhel4/mod_thh/hob_comm.c[2368]: XHH_hob_fatal_err_thread: FATAL ERROR DETECTED IN WAKE-UP,E124,THH(<*>): <*>[<*>]: XHH_hob_fatal_err_thread: FATAL ERROR DETECTED IN WAKE-UP,22,thh( <num> ): mnt_projects/sysapps/src/ib/topspin/ <id> /third_party/ <id> /kernel/mlxhh/thh/ <id> /mod_thh/hob_comm.c[ <num> ]: xhh_hob_fatal_err_thread: fatal error detected in wake-up,1,Thunderbird_C0000881,1,22,thh (<num>): mnt_projects/sysapps/src/ib/topspin/<id>/third_party/<id>/kernel/mlxhh/thh/<id>/mod_thh/hob_comm. c [<num>]: xhh_hob_fatal_err_thread: fatal error detected in wake-up,1,1,frequency_representative
1004862,THH(1): mnt_projects/sysapps/src/ib/topspin/topspin-src-3.2.0-16/third_party/thca4_linux/kernel/mlxhh/thh/obj_host_amd64_custom1_rhel4/mod_thh/hob_comm.c[2250]: XHH_hob_halt_hca: HALT HCA returned 0x103,E344,THH(<*>): <*>[<*>]: XHH_hob_halt_hca: HALT HCA returned <*>,25,thh( <num> ): mnt_projects/sysapps/src/ib/topspin/ <id> /third_party/ <id> /kernel/mlxhh/thh/ <id> /mod_thh/hob_comm.c[ <num> ]: xhh_hob_halt_hca: halt hca returned <hex>,1,Thunderbird_C0000882,1,25,thh (<num>): mnt_projects/sysapps/src/ib/topspin/<id>/third_party/<id>/kernel/mlxhh/thh/<id>/mod_thh/hob_comm. c [<num>]: xhh_hob_halt_hca: halt hca returned <hex>,1,1,frequency_representative
1004865,THH(1): mnt_projects/sysapps/src/ib/topspin/topspin-src-3.2.0-16/third_party/thca4_linux/kernel/mlxhh/thh/obj_host_amd64_custom1_rhel4/mod_thh/hob_comm.c[2363]: XHH_hob_fatal_err_thread: RECEIVED FATAL ERROR WAKEUP,E142,THH(<*>): <*>[<*>]: XHH_hob_fatal_err_thread: RECEIVED FATAL ERROR WAKEUP,25,thh( <num> ): mnt_projects/sysapps/src/ib/topspin/ <id> /third_party/ <id> /kernel/mlxhh/thh/ <id> /mod_thh/hob_comm.c[ <num> ]: xhh_hob_fatal_err_thread: received fatal error wakeup,1,Thunderbird_C0000883,1,25,thh (<num>): mnt_projects/sysapps/src/ib/topspin/<id>/third_party/<id>/kernel/mlxhh/thh/<id>/mod_thh/hob_comm. c [<num>]: xhh_hob_fatal_err_thread: received fatal error wakeup,1,1,frequency_representative
1004866,THH(1): mnt_projects/sysapps/src/ib/topspin/topspin-src-3.2.0-16/third_party/thca4_linux/kernel/mlxhh/thh/obj_host_amd64_custom1_rhel4/mod_thh/hob_comm.c[2486]: XHH_hob_fatal_error: Fatal Event Syndrome = VAPI_CATAS_ERR_INTERNAL_PARITY_ERR (6),E231,THH(<*>): <*>[<*>]: XHH_hob_fatal_error: Fatal Event Syndrome = <*>,13,thh( <num> ): mnt_projects/sysapps/src/ib/topspin/ <id> /third_party/ <id> /kernel/mlxhh/thh/ <id> /mod_thh/hob_comm.c[ <num> ]: xhh_hob_fatal_error: fatal event syndrome = vapi_catas_err_internal_parity_err ( <num> ),1,Thunderbird_C0000884,4,25,thh (<num>): mnt_projects/sysapps/src/ib/topspin/<id>/third_party/<id>/kernel/mlxhh/thh/<id>/mod_thh/hob_comm. c [<num>]: xhh_hob_fatal_error: fatal event syndrome = <*> (<num>),2,1,frequency_representative
1928660,THH(1): mnt_projects/sysapps/src/ib/topspin/topspin-src-3.2.0-16/third_party/thca4_linux/kernel/mlxhh/thh/obj_host_amd64_custom1_rhel4/mod_thh/hob_comm.c[2486]: XHH_hob_fatal_error: Fatal Event Syndrome = VAPI_CATAS_ERR_HCA_DDR_DATA_ERR (5),E231,THH(<*>): <*>[<*>]: XHH_hob_fatal_error: Fatal Event Syndrome = <*>,6,thh( <num> ): mnt_projects/sysapps/src/ib/topspin/ <id> /third_party/ <id> /kernel/mlxhh/thh/ <id> /mod_thh/hob_comm.c[ <num> ]: xhh_hob_fatal_error: fatal event syndrome = vapi_catas_err_hca_ddr_data_err ( <num> ),1,Thunderbird_C0000884,4,25,thh (<num>): mnt_projects/sysapps/src/ib/topspin/<id>/third_party/<id>/kernel/mlxhh/thh/<id>/mod_thh/hob_comm. c [<num>]: xhh_hob_fatal_error: fatal event syndrome = <*> (<num>),2,2,complex_sample
1005158,"[KERNEL_IB][ib_mad_dispatch][/mnt_projects/sysapps/src/ib/topspin/topspin-src-3.2.0-16/ib/ts_api_ng/mad/obj_host_amd64_custom1_rhel4/ts_ib_mad/mad_filter.c:292]mad_process failed (0) for InfiniHost0 port 1 QPN 0 (class 0x81, aid 0x0011)",E85,"[KERNEL_IB][ib_mad_dispatch][<*>]mad_process failed (<*>) for <*> port <*> QPN <*> (class <*>, aid <*>)",757939,"[kernel_ib][ib_mad_dispatch][ <path> ]mad_process failed ( <num> ) for <id> port <num> qpn <num> (class <hex> , aid <hex> )",2,Thunderbird_C0000885,2,757939,"[kernel_ib] [ib_mad_dispatch] [<path>] mad_process failed (<num>) for <id> port <num> qpn <num> (class <hex>, aid <hex>)",1,1,frequency_representative
14163305,[ib_sm_sweep.c:454]: Failed to get PortInfo from IB node 0x0005AD0000047C64 port 1,E429,[<*>]: Failed to get PortInfo from IB node <*> port <*>,75,[ <id> ]: failed to get portinfo from ib node <hex> port <num>,72,Thunderbird_C0000886,72,75,[<id>]: failed to get portinfo from ib node <hex> port <num>,1,1,frequency_representative
1939087,[ib_sm_sweep.c:433]: IB node 0x0005AD0000041950 port 1 had discovery timeout,E543,[<*>]: IB node <*> port <*> had discovery timeout,78,[ <id> ]: ib node <hex> port <num> had discovery timeout,77,Thunderbird_C0000887,77,78,[<id>]: ib node <hex> port <num> had discovery timeout,1,1,frequency_representative
1005576,[KERNEL_IB][ib_cache_update][/mnt_projects/sysapps/src/ib/topspin/topspin-src-3.2.0-16/ib/ts_api_ng/core/obj_host_amd64_custom1_rhel4/ts_ib_core/core_cache.c:389]port_query failed (-22) for InfiniHost0,E195,[KERNEL_IB][ib_cache_update][<*>]port_query failed (<*>) for <*>,23,[kernel_ib][ib_cache_update][ <path> <id> ]port_query failed ( <num> ) for <id>,1,Thunderbird_C0000888,1,23,[kernel_ib] [ib_cache_update] [<path> <id>] port_query failed (<num>) for <id>,1,1,frequency_representative
1939101,"[INFO]: Program switch port state to down, node=5ad0000027277, port= 5, due to non-responding CA",E87,"[INFO]: Program switch port state to down, node=<*>, port=<*>, due to non-responding CA",134,"[info]: program switch port state to down, node= <hex> , port= <num> , due to non-responding ca",129,Thunderbird_C0000889,129,134,"[info]: program switch port state to down, node = <hex>, port = <num>, due to non-responding ca",1,1,frequency_representative
1009826,Losing some ticks... checking if CPU frequency changed.,E219,Losing some ticks... checking if CPU frequency changed.,35,losing some ticks... checking if cpu frequency changed.,1,Thunderbird_C0000890,1,35,losing some ticks... checking if cpu frequency changed.,1,1,frequency_representative
1030825,"nfs: server nfs1 not responding, still trying",E464,"nfs: server <*> not responding, still trying",35,"nfs: server nfs1 not responding, still trying",1,Thunderbird_C0000891,1,35,"nfs: server nfs 1 not responding, still trying",1,1,frequency_representative
1172982,xhpl-gcc-viadeb[5614]: segfault at 0000000000000031 rip 0000002a9585b36f rsp 0000007fbfff86a8 error 4,E806,<*>[<*>]: segfault at <*> rip <*> rsp <*> error <*>,4,xhpl-gcc-viadeb[ <num> ]: segfault at <hex> rip <hex> rsp <hex> error <num>,4,Thunderbird_C0000892,4,4,xhpl-gcc-viadeb [<num>]: segfault at <hex> rip <hex> rsp <hex> error <num>,1,1,frequency_representative
1387003,nfs: server nfs1 OK,E1148,nfs: server <*> OK,12,nfs: server nfs1 ok,1,Thunderbird_C0000893,1,12,nfs: server nfs 1 ok,1,1,frequency_representative
1426755,call_verify: RPC call version mismatch!,E459,call_verify: RPC call version mismatch!,1,call_verify: rpc call version mismatch!,1,Thunderbird_C0000894,1,1,call_verify: rpc call version mismatch!,1,1,frequency_representative
1430080,#57# : TTY=pts/6 ; PWD=/home/#57# ; USER=root ; COMMAND=/usr/bin/tail -f /root/screenlog.0,E768,<*> : TTY=<*> ; PWD=<*> ; USER=<*> ; COMMAND=<*>,1,# <num> # : tty=pts/ <num> ; pwd=/home/# <num> # ; user=root ; command=/usr/bin/tail -f <path>,1,Thunderbird_C0000895,1,1,# <num> #: tty = pts/<num>; pwd =/home/# <num> #; user = root; command =/usr/bin/tail-f <path>,1,1,frequency_representative
1455482,Your time source seems to be instable or some driver is hogging interupts,E122,Your time source seems to be instable or some driver is hogging interupts,26,your time source seems to be instable or some driver is hogging interupts,1,Thunderbird_C0000896,1,26,your time source seems to be instable or some driver is hogging interupts,1,1,frequency_representative
1455486,rip __do_softirq+0x4d/0xd0,E1241,rip <*>,26,rip __do_softirq+ <hex> / <hex>,1,Thunderbird_C0000897,1,26,rip __do_softirq + <hex>/<hex>,1,1,frequency_representative
1455487,warning: many lost ticks.,E845,warning: many lost ticks.,25,warning: many lost ticks.,1,Thunderbird_C0000898,1,25,warning: many lost ticks.,1,1,frequency_representative
1459018,#26# : TTY=unknown ; PWD=/mnt_projects/sysapps/#125#-test/nodehwtest/breakfix ; USER=root ; COMMAND=/tmp/tmp.qEGUyV6422,E768,<*> : TTY=<*> ; PWD=<*> ; USER=<*> ; COMMAND=<*>,1803,# <num> # : tty=unknown ; pwd=/mnt_projects/sysapps/# <num> #-test/nodehwtest/breakfix ; user=root ; command= <path>,1803,Thunderbird_C0000899,1803,1803,# <num> #: tty = unknown; pwd =/mnt_projects/sysapps/# <num> #-test/nodehwtest/breakfix; user = root; command = <path>,1,1,frequency_representative
1460055,#26# : TTY=unknown ; PWD=/mnt_projects/sysapps/#125#-test/nodehwtest/breakfix ; USER=root ; COMMAND=/tmp/tmp.JOBILZ6410,E768,<*> : TTY=<*> ; PWD=<*> ; USER=<*> ; COMMAND=<*>,2,# <num> # : tty=unknown ; pwd=/mnt_projects/sysapps/# <num> #-test/nodehwtest/breakfix ; user=root ; command= <path> <id>,2,Thunderbird_C0000900,2,2,# <num> #: tty = unknown; pwd =/mnt_projects/sysapps/# <num> #-test/nodehwtest/breakfix; user = root; command = <path> <id>,1,1,frequency_representative
1460400,root : TTY=pts/5 ; PWD=/mnt_projects/sysapps/#125#-test/nodehwtest/breakfix ; USER=root ; COMMAND=/apps/contrib/sm,E768,<*> : TTY=<*> ; PWD=<*> ; USER=<*> ; COMMAND=<*>,4,root : tty=pts/ <num> ; pwd=/mnt_projects/sysapps/# <num> #-test/nodehwtest/breakfix ; user=root ; command=/apps/contrib/sm,1,Thunderbird_C0000901,1,4,root: tty = pts/<num>; pwd =/mnt_projects/sysapps/# <num> #-test/nodehwtest/breakfix; user = root; command =/apps/contrib/sm,1,1,frequency_representative
1482837,TCP: drop open request from 10.100.10.81/32784,E830,TCP: drop open request from <*>,13,tcp: drop open request from <ip> / <num>,13,Thunderbird_C0000902,13,13,tcp: drop open request from <ip>/<num>,1,1,frequency_representative
1495355,tput: No value for $TERM and no -T specified,E572,tput: No value for <*> and no -T specified,1050,tput: no value for $term and no -t specified,1,Thunderbird_C0000903,1,1050,tput: no value for $ term and no-t specified,1,1,frequency_representative
1496129,tput:,E1236,tput:,401,tput:,1,Thunderbird_C0000904,1,401,tput:,1,1,frequency_representative
1500872,dcdbas device driver unload failed for kernel 2.6.9-15.EL.rootsmp,E539,<*> device driver unload failed for kernel <*>,7,dcdbas device driver unload failed for kernel <id>,1,Thunderbird_C0000905,1,7,dcdbas device driver unload failed for kernel <id>,1,1,frequency_representative
1503638,dcdipm device driver unload failed for kernel 2.6.9-15.EL.rootsmp,E539,<*> device driver unload failed for kernel <*>,2,dcdipm device driver unload failed for kernel <id>,1,Thunderbird_C0000906,1,2,dcdipm device driver unload failed for kernel <id>,1,1,frequency_representative
1505798,pan_common: got -16 registering panasas at 250,E512,pan_common: got <*> registering panasas at <*>,3,pan_common: got <num> registering panasas at <num>,2,Thunderbird_C0000907,2,3,pan_common: got <num> registering panasas at <num>,1,1,frequency_representative
1505799,pan_common: load aborted,E842,pan_common: load aborted,3,pan_common: load aborted,1,Thunderbird_C0000908,1,3,pan_common: load aborted,1,1,frequency_representative
1505802,"panfs exception: at u_modb.c:97, 0xfffffff0 (unknown), rollback: 0",E263,"panfs exception: at u_modb.c:<*>, <*> (unknown), rollback: <*>",3,"panfs exception: at <id> , <hex> (unknown), rollback: <num>",1,Thunderbird_C0000909,1,3,"panfs exception: at <id>, <hex> (unknown), rollback: <num>",1,1,frequency_representative
1654606,dcdbas: BIOS Update phys addr: 600000,E719,dcdbas: BIOS Update phys addr: <*>,5655,dcdbas: bios update phys addr: <num>,622,Thunderbird_C0000910,1872,9718,dcdbas: bios update phys addr: <num>,2,1,frequency_representative
1805861,dcdbas: BIOS Update phys addr: 1ac200000,E719,dcdbas: BIOS Update phys addr: <*>,4063,dcdbas: bios update phys addr: <id>,1250,Thunderbird_C0000910,1872,9718,dcdbas: bios update phys addr: <num>,2,2,complex_sample
1656752,"Package Release ID=R109030 Package Description=Dell Server System BIOS, A04 Support Log path=/var/log/#26#/updatepackage/log/support/R109030.log",E197,Package Release ID=<*> Package Description=<*> Support Log path=<*>,1891,"package release id=r109030 package description=dell server system bios, a04 support log path=/var/log/# <num> # <path>",1,Thunderbird_C0000911,1,1891,"package release id = r 109030 package description = dell server system bios, a 04 support log path =/var/log/# <num> # <path>",1,1,frequency_representative
1665251,"Package Release ID=R106628 Package Description=Dell BMC Firmware, v.1.40, A05 Support Log path=/var/log/#26#/updatepackage/log/support/R106628.log",E197,Package Release ID=<*> Package Description=<*> Support Log path=<*>,1571,"package release id=r106628 package description=dell bmc firmware, v. <num> , a05 support log path=/var/log/# <num> # <path>",1,Thunderbird_C0000912,1,1571,"package release id = r 106628 package description = dell bmc firmware, v. <num>, a 05 support log path =/var/log/# <num> # <path>",1,1,frequency_representative
1672735,ssh[13812]: segfault at 0000000000000000 rip 0000000000000000 rsp 0000007fbfffea90 error 14,E806,<*>[<*>]: segfault at <*> rip <*> rsp <*> error <*>,2479,ssh[ <num> ]: segfault at <hex> rip <hex> rsp <hex> error <num>,2479,Thunderbird_C0000913,2479,2479,ssh [<num>]: segfault at <hex> rip <hex> rsp <hex> error <num>,1,1,frequency_representative
1714974,ssh[16890] general protection rip:2a95702087 rsp:7fbfffea88 error:0,E448,ssh[<*>] general protection rip:<*> rsp:<*> error:<*>,1,ssh[ <num> ] general protection <id> <id> error: <num>,1,Thunderbird_C0000914,1,1,ssh [<num>] general protection <id> <id> error: <num>,1,1,frequency_representative
1734379,#117# : TTY=pts/9 ; PWD=/home/#117#/svn/#125#/bin ; USER=root ; COMMAND=/bin/su -,E768,<*> : TTY=<*> ; PWD=<*> ; USER=<*> ; COMMAND=<*>,1,# <num> # : tty=pts/ <num> ; pwd=/home/# <num> #/svn/# <num> #/bin ; user=root ; command=/bin/su -,1,Thunderbird_C0000915,1,1,# <num> #: tty = pts/<num>; pwd =/home/# <num> #/svn/# <num> #/bin; user = root; command =/bin/su -,1,1,frequency_representative
1739972,Instrumentation Service EventID: 1554 Log size is full Log type: ESM,E194,Instrumentation Service EventID: <*> Log size is full Log type: <*>,6,instrumentation service eventid: <num> log size is full log type: esm,1,Thunderbird_C0000916,1,6,instrumentation service eventid: <num> log size is full log type: esm,1,1,frequency_representative
1744478,Instrumentation Service EventID: 1552 Log size is no longer near or at capacity Log type: ESM,E80,Instrumentation Service EventID: <*> Log size is no longer near or at capacity Log type: <*>,4,instrumentation service eventid: <num> log size is no longer near or at capacity log type: esm,1,Thunderbird_C0000917,1,4,instrumentation service eventid: <num> log size is no longer near or at capacity log type: esm,1,1,frequency_representative
1745125,"Package Release ID=R109030 Package Description=Dell Server System BIOS, A04 Support Log path=/var/log/#26#/updatepackage/log/support/R109030.log Exit code = 2 (Reboot required)",E64,Package Release ID=<*> Package Description=<*> Support Log path=<*> Exit code = <*> (Reboot required),4170,"package release id=r109030 package description=dell server system bios, a04 support log path=/var/log/# <num> # <path> exit code = <num> (reboot required)",1,Thunderbird_C0000918,2,4176,"package release id = r 109030 package description = dell server system bios, a 04 support log path =/var/log/# <num> # <path> exit code = <num> (<*> <*>)",2,1,frequency_representative
7509364,"Package Release ID=R109030 Package Description=Dell Server System BIOS, A04 Support Log path=/var/log/#26#/updatepackage/log/support/R109030.log Exit code = 6 (Rebooting System)",E197,Package Release ID=<*> Package Description=<*> Support Log path=<*>,6,"package release id=r109030 package description=dell server system bios, a04 support log path=/var/log/# <num> # <path> exit code = <num> (rebooting system)",1,Thunderbird_C0000918,2,4176,"package release id = r 109030 package description = dell server system bios, a 04 support log path =/var/log/# <num> # <path> exit code = <num> (<*> <*>)",2,2,complex_sample
1767440,mount.panfs: failed local addresses: #129#:1 10.100.136.251:1,E529,mount.panfs: failed local addresses: <*>,1,mount.panfs: failed local addresses: # <num> #: <num> <ip>,1,Thunderbird_C0000919,1,1,mount. panfs: failed local addresses: # <num> #: <num> <ip>,1,1,frequency_representative
1767890,Frequency format error in /var/lib/ntp/drift,E854,Frequency format error in <*>,2,frequency format error in /var/lib/ntp/drift,1,Thunderbird_C0000920,1,2,frequency format error in/var/lib/ntp/drift,1,1,frequency_representative
1767901,Please make sure you have at least 100MB,E654,Please make sure you have at least <*>,4,please make sure you have at least 100mb,1,Thunderbird_C0000921,1,4,please make sure you have at least 100 mb,1,1,frequency_representative
1767902,invcol Error: Not enough space available in /var folder.,E293,invcol Error: Not enough space available in <*> folder.,2,invcol error: not enough space available in /var folder.,1,Thunderbird_C0000922,2,4,invcol error: not enough space available in/<*> folder.,2,1,frequency_representative
7973355,invcol Error: Not enough space available in /tmp folder.,E293,invcol Error: Not enough space available in <*> folder.,2,invcol error: not enough space available in /tmp folder.,1,Thunderbird_C0000922,2,4,invcol error: not enough space available in/<*> folder.,2,2,complex_sample
1769542,Instrumentation Service EventID: 1403 Memory device status is non-critical Memory device location: DIMM1_A Possible memory module event cause:Single bit warning error rate exceeded,E7,Instrumentation Service EventID: <*> Memory device status is non-critical Memory device location: <*> Possible memory module event cause:Single bit warning error rate exceeded,3,instrumentation service eventid: <num> memory device status is non-critical memory device location: dimm1_a possible memory module event cause:single bit warning error rate exceeded,1,Thunderbird_C0000923,2,4,instrumentation service eventid: <num> memory device status is non-critical memory device location: dimm <*> <*> possible memory module event cause: single bit warning error rate exceeded,2,1,frequency_representative
6998802,Instrumentation Service EventID: 1403 Memory device status is non-critical Memory device location: DIMM2_B Possible memory module event cause:Single bit warning error rate exceeded,E7,Instrumentation Service EventID: <*> Memory device status is non-critical Memory device location: <*> Possible memory module event cause:Single bit warning error rate exceeded,1,instrumentation service eventid: <num> memory device status is non-critical memory device location: dimm2_b possible memory module event cause:single bit warning error rate exceeded,1,Thunderbird_C0000923,2,4,instrumentation service eventid: <num> memory device status is non-critical memory device location: dimm <*> <*> possible memory module event cause: single bit warning error rate exceeded,2,2,complex_sample
1769696,Active:1497790 inactive:5469 dirty:5579 writeback:0 unstable:0 free:3635 slab:8515 mapped:1491873 pagetables:3281,E91,Active:<*> inactive:<*> dirty:<*> writeback:<*> unstable:<*> free:<*> slab:<*> mapped:<*> pagetables:<*>,18,<id> <id> <id> <id> <id> <id> <id> <id> <id>,18,Thunderbird_C0000924,18,18,<id> <id> <id> <id> <id> <id> <id> <id> <id>,1,1,frequency_representative
8716394,Free swap: 12475840kB,E1200,Free swap: <*>,943,free swap: <id>,849,Thunderbird_C0000925,849,943,free swap: <id>,1,1,frequency_representative
8737585,Node 0 Normal free:2560kB min:2696kB low:5392kB high:8088kB active:2976236kB inactive:2986000kB present:7323648kB pages_scanned:0 all_unreclaimable? no,E71,Node <*> <*> <*> min:<*> low:<*> high:<*> active:<*> inactive:<*> present:<*> pages_scanned:<*> all_unreclaimable? <*>,940,node <num> normal <id> <id> <id> <id> <id> <id> <id> <id> all_unreclaimable? no,936,Thunderbird_C0000926,936,940,node <num> normal <id> <id> <id> <id> <id> <id> <id> <id> all_unreclaimable? no,1,1,frequency_representative
1769707,"biosie.bin: page allocation failure. order:9, mode:0xd0",E278,"biosie.bin: page allocation failure. order:<*>, mode:<*>",4,"biosie.bin: page allocation failure. order: <num> , mode: <hex>",1,Thunderbird_C0000927,1,4,"biosie. bin: page allocation failure. order: <num>, mode: <hex>",1,1,frequency_representative
1769716,dcdbas failed to allocate memory for BIOS Update,E466,<*> failed to allocate memory for BIOS Update,4,dcdbas failed to allocate memory for bios update,1,Thunderbird_C0000928,1,4,dcdbas failed to allocate memory for bios update,1,1,frequency_representative
1769746,"Package Release ID=R109030 Package Description=Dell Server System BIOS, A04 Support Log path=/var/log/#26#/updatepackage/log/support/R109030.log Exit code = 1 (Failure)",E197,Package Release ID=<*> Package Description=<*> Support Log path=<*>,4,"package release id=r109030 package description=dell server system bios, a04 support log path=/var/log/# <num> # <path> exit code = <num> (failure)",1,Thunderbird_C0000929,1,4,"package release id = r 109030 package description = dell server system bios, a 04 support log path =/var/log/# <num> # <path> exit code = <num> (failure)",1,1,frequency_representative
1770566,"BIOS update verification was successful. Version expected: A04, Version found: A04",E100,"BIOS update verification was successful. Version expected: <*>, Version found: <*>",794,"bios update verification was successful. version expected: a04, version found: a04",1,Thunderbird_C0000930,1,794,"bios update verification was successful. version expected: a 04, version found: a 04",1,1,frequency_representative
1805939,dcdbas: BIOS Update phys addr: ea00000,E719,dcdbas: BIOS Update phys addr: <*>,1,dcdbas: bios update phys addr: ea00000,1,Thunderbird_C0000931,3,3,dcdbas: bios update phys addr: <*> 00000,2,1,frequency_representative
1806197,dcdbas: BIOS Update phys addr: de00000,E719,dcdbas: BIOS Update phys addr: <*>,1,dcdbas: bios update phys addr: de00000,1,Thunderbird_C0000931,3,3,dcdbas: bios update phys addr: <*> 00000,2,2,complex_sample
1805984,dcdbas: BIOS Update phys addr: f800000,E719,dcdbas: BIOS Update phys addr: <*>,1,dcdbas: bios update phys addr: f800000,1,Thunderbird_C0000932,2,2,dcdbas: bios update phys addr: <*> 800000,2,1,frequency_representative
1868033,dcdbas: BIOS Update phys addr: c800000,E719,dcdbas: BIOS Update phys addr: <*>,1,dcdbas: bios update phys addr: c800000,1,Thunderbird_C0000932,2,2,dcdbas: bios update phys addr: <*> 800000,2,2,complex_sample
1811287,dcdbas: BIOS Update phys addr: e000000,E719,dcdbas: BIOS Update phys addr: <*>,2,dcdbas: bios update phys addr: e000000,1,Thunderbird_C0000933,2,3,dcdbas: bios update phys addr: <*> 000000,2,1,frequency_representative
7237311,dcdbas: BIOS Update phys addr: f000000,E719,dcdbas: BIOS Update phys addr: <*>,1,dcdbas: bios update phys addr: f000000,1,Thunderbird_C0000933,2,3,dcdbas: bios update phys addr: <*> 000000,2,2,complex_sample
1829395,"Package Release ID=R106628 Package Description=Dell BMC Firmware, v.1.40, A05 Support Log path=/var/log/#26#/updatepackage/log/support/R106628.log Exit code = 1 (Failure)",E197,Package Release ID=<*> Package Description=<*> Support Log path=<*>,1,"package release id=r106628 package description=dell bmc firmware, v. <num> , a05 support log path=/var/log/# <num> # <path> exit code = <num> (failure)",1,Thunderbird_C0000934,1,1,"package release id = r 106628 package description = dell bmc firmware, v. <num>, a 05 support log path =/var/log/# <num> # <path> exit code = <num> (failure)",1,1,frequency_representative
1841431,"Instrumentation Service EventID: 1404 Memory device status is critical Memory device location: DIMM1_A Possible memory module event cause:Single bit warning error rate exceeded,Single bit failure error rate exceeded",E19,Instrumentation Service EventID: <*> Memory device status is critical Memory device location: <*> Possible memory module event cause:<*>,2,"instrumentation service eventid: <num> memory device status is critical memory device location: dimm1_a possible memory module event cause:single bit warning error rate exceeded,single bit failure error rate exceeded",1,Thunderbird_C0000935,2,3,"instrumentation service eventid: <num> memory device status is critical memory device location: dimm <*> <*> possible memory module event cause: single bit warning error rate exceeded, single bit failure error rate exceeded",2,1,frequency_representative
6999658,"Instrumentation Service EventID: 1404 Memory device status is critical Memory device location: DIMM2_B Possible memory module event cause:Single bit warning error rate exceeded,Single bit failure error rate exceeded",E19,Instrumentation Service EventID: <*> Memory device status is critical Memory device location: <*> Possible memory module event cause:<*>,1,"instrumentation service eventid: <num> memory device status is critical memory device location: dimm2_b possible memory module event cause:single bit warning error rate exceeded,single bit failure error rate exceeded",1,Thunderbird_C0000935,2,3,"instrumentation service eventid: <num> memory device status is critical memory device location: dimm <*> <*> possible memory module event cause: single bit warning error rate exceeded, single bit failure error rate exceeded",2,2,complex_sample
1841923,"BIOS update verification failed. Version expected: A04, Version found: A02",E134,"BIOS update verification failed. Version expected: <*>, Version found: <*>",1670,"bios update verification failed. version expected: a04, version found: a02",1,Thunderbird_C0000936,1,1670,"bios update verification failed. version expected: a 04, version found: a 02",1,1,frequency_representative
1860724,SCSI error : <0 1 0 0> return code = 0x40001,E897,SCSI error : <*> return code = <*>,1259,scsi error : < <num> <num> <num> <num> > return code = <hex>,3,Thunderbird_C0000937,3,1259,scsi error: < <num> <num> <num> <num> > return code = <hex>,1,1,frequency_representative
1861804,Instrumentation Service EventID: 1553 Log size is near or at capacity Log type: ESM,E112,Instrumentation Service EventID: <*> Log size is near or at capacity Log type: <*>,6,instrumentation service eventid: <num> log size is near or at capacity log type: esm,1,Thunderbird_C0000938,1,6,instrumentation service eventid: <num> log size is near or at capacity log type: esm,1,1,frequency_representative
1868251,dcdbas: BIOS Update phys addr: c200000,E719,dcdbas: BIOS Update phys addr: <*>,1,dcdbas: bios update phys addr: c200000,1,Thunderbird_C0000939,2,2,dcdbas: bios update phys addr: <*> 200000,2,1,frequency_representative
1869598,dcdbas: BIOS Update phys addr: d200000,E719,dcdbas: BIOS Update phys addr: <*>,1,dcdbas: bios update phys addr: d200000,1,Thunderbird_C0000939,2,2,dcdbas: bios update phys addr: <*> 200000,2,2,complex_sample
1869275,dcdbas: BIOS Update phys addr: f600000,E719,dcdbas: BIOS Update phys addr: <*>,2,dcdbas: bios update phys addr: f600000,1,Thunderbird_C0000940,1,2,dcdbas: bios update phys addr: f 600000,1,1,frequency_representative
1922706,"User root, coming from cadmin3, authenticated.",E603,"User <*>, coming from <*>, authenticated.",6,"user root, coming from cadmin3, authenticated.",1,Thunderbird_C0000941,1,6,"user root, coming from cadmin 3, authenticated.",1,1,frequency_representative
8661416,"THH(1): CMD ERROR DUMP. opcode=0x24, opc_mod = 0x0, exec_time_micro=60000000",E187,"THH(<*>): CMD ERROR DUMP. opcode=<*>, opc_mod = <*>, exec_time_micro=<*>",4,"thh( <num> ): cmd error dump. opcode= <hex> , opc_mod = <hex> , exec_time_micro= <num>",3,Thunderbird_C0000942,3,4,"thh (<num>): cmd error dump. opcode = <hex>, opc_mod = <hex>, exec_time_micro = <num>",1,1,frequency_representative
1939148,THH(1): HCR dump END,E1058,THH(<*>): HCR dump END,4,thh( <num> ): hcr dump end,1,Thunderbird_C0000943,1,4,thh (<num>): hcr dump end,1,1,frequency_representative
7215454,"THH(1): HCR dump, starting at addr 0x00000101bddb00a0, size=32:",E486,"THH(<*>): HCR dump, starting at addr <*>, size=<*>:",4,"thh( <num> ): hcr dump, starting at addr <hex> , size= <num> :",3,Thunderbird_C0000944,3,4,"thh (<num>): hcr dump, starting at addr <hex>, size = <num>:",1,1,frequency_representative
1939150,THH(1): OUT MAILBOX dump END,E819,THH(<*>): OUT MAILBOX dump END,4,thh( <num> ): out mailbox dump end,1,Thunderbird_C0000945,1,4,thh (<num>): out mailbox dump end,1,1,frequency_representative
1939151,"THH(1): OUT MAILBOX dump, starting at addr 0x00000101bcfc7000, size=64:",E323,"THH(<*>): OUT MAILBOX dump, starting at addr <*>, size=<*>:",4,"thh( <num> ): out mailbox dump, starting at addr <hex> , size= <num> :",4,Thunderbird_C0000946,4,4,"thh (<num>): out mailbox dump, starting at addr <hex>, size = <num>:",1,1,frequency_representative
1939152,THH(1): mnt_projects/sysapps/src/ib/topspin/topspin-src-3.2.0-16/third_party/thca4_linux/kernel/mlxhh/thh/obj_host_amd64_custom1_rhel4/mod_thh/cmdif.c[212]: Failed command 0x24 (TAVOR_IF_CMD_MAD_IFC): status=0x103 (0x0103 - unexpected error - fatal),E65,THH(<*>): <*>[<*>]: Failed command <*> (TAVOR_IF_CMD_MAD_IFC): status=<*> (<*> - unexpected error - fatal),6,thh( <num> ): mnt_projects/sysapps/src/ib/topspin/ <id> /third_party/ <id> /kernel/mlxhh/thh/ <id> /mod_thh/cmdif.c[ <num> ]: failed command <hex> (tavor_if_cmd_mad_ifc): status= <hex> ( <hex> - unexpected error - fatal),1,Thunderbird_C0000947,1,6,thh (<num>): mnt_projects/sysapps/src/ib/topspin/<id>/third_party/<id>/kernel/mlxhh/thh/<id>/mod_thh/cmdif. c [<num>]: failed command <hex> (tavor_if_cmd_mad_ifc): status = <hex> (<hex>-unexpected error-fatal),1,1,frequency_representative
1939153,THH(1): mnt_projects/sysapps/src/ib/topspin/topspin-src-3.2.0-16/third_party/thca4_linux/kernel/mlxhh/thh/obj_host_amd64_custom1_rhel4/mod_thh/cmdif_comm.c[1392]: list of outstanding tokens:,E541,THH(<*>): <*>[<*>]: list of outstanding tokens:,4,thh( <num> ): mnt_projects/sysapps/src/ib/topspin/ <id> /third_party/ <id> /kernel/mlxhh/thh/ <id> /mod_thh/cmdif_comm.c[ <num> ]: list of outstanding tokens:,1,Thunderbird_C0000948,1,4,thh (<num>): mnt_projects/sysapps/src/ib/topspin/<id>/third_party/<id>/kernel/mlxhh/thh/<id>/mod_thh/cmdif_comm. c [<num>]: list of outstanding tokens:,1,1,frequency_representative
1939154,"THH(1): mnt_projects/sysapps/src/ib/topspin/topspin-src-3.2.0-16/third_party/thca4_linux/kernel/mlxhh/thh/obj_host_amd64_custom1_rhel4/mod_thh/cmdif_comm.c[1395]: outstanding i=0, token=0x1700",E633,"THH(<*>): <*>[<*>]: outstanding i=<*>, token=<*>",7,"thh( <num> ): mnt_projects/sysapps/src/ib/topspin/ <id> /third_party/ <id> /kernel/mlxhh/thh/ <id> /mod_thh/cmdif_comm.c[ <num> ]: outstanding i= <num> , token= <hex>",7,Thunderbird_C0000949,7,7,"thh (<num>): mnt_projects/sysapps/src/ib/topspin/<id>/third_party/<id>/kernel/mlxhh/thh/<id>/mod_thh/cmdif_comm. c [<num>]: outstanding i = <num>, token = <hex>",1,1,frequency_representative
7215455,"THH(1): mnt_projects/sysapps/src/ib/topspin/topspin-src-3.2.0-16/third_party/thca4_linux/kernel/mlxhh/thh/obj_host_amd64_custom1_rhel4/mod_thh/cmdif_comm.c[823]: Command not completed after timeout: cmd=TAVOR_IF_CMD_MAD_IFC (0x24), token=0x4780, pid=0x1ADD, go=0",E125,"THH(<*>): <*>[<*>]: Command not completed after timeout: cmd=<*>, token=<*>, pid=<*>, go=<*>",3,"thh( <num> ): mnt_projects/sysapps/src/ib/topspin/ <id> /third_party/ <id> /kernel/mlxhh/thh/ <id> /mod_thh/cmdif_comm.c[ <num> ]: command not completed after timeout: cmd=tavor_if_cmd_mad_ifc ( <hex> ), token= <hex> , pid= <hex> , go= <num>",3,Thunderbird_C0000950,4,4,"thh (<num>): mnt_projects/sysapps/src/ib/topspin/<id>/third_party/<id>/kernel/mlxhh/thh/<id>/mod_thh/cmdif_comm. c [<num>]: command not completed after timeout: cmd = <*> (<hex>), token = <hex>, pid = <hex>, go = <num>",2,1,frequency_representative
1939194,"THH(1): mnt_projects/sysapps/src/ib/topspin/topspin-src-3.2.0-16/third_party/thca4_linux/kernel/mlxhh/thh/obj_host_amd64_custom1_rhel4/mod_thh/cmdif_comm.c[823]: Command not completed after timeout: cmd=TAVOR_IF_CMD_HW2SW_MPT (0xf), token=0x1681, pid=0x287D, go=0",E125,"THH(<*>): <*>[<*>]: Command not completed after timeout: cmd=<*>, token=<*>, pid=<*>, go=<*>",1,"thh( <num> ): mnt_projects/sysapps/src/ib/topspin/ <id> /third_party/ <id> /kernel/mlxhh/thh/ <id> /mod_thh/cmdif_comm.c[ <num> ]: command not completed after timeout: cmd= <id> ( <hex> ), token= <hex> , pid= <hex> , go= <num>",1,Thunderbird_C0000950,4,4,"thh (<num>): mnt_projects/sysapps/src/ib/topspin/<id>/third_party/<id>/kernel/mlxhh/thh/<id>/mod_thh/cmdif_comm. c [<num>]: command not completed after timeout: cmd = <*> (<hex>), token = <hex>, pid = <hex>, go = <num>",2,2,complex_sample
1939291,THH(1): mnt_projects/sysapps/src/ib/topspin/topspin-src-3.2.0-16/third_party/thca4_linux/kernel/mlxhh/thh/obj_host_amd64_custom1_rhel4/mod_thh/hob_comm.c[240]: XHH_hob_query_port_prop: cmdif returned FATAL,E266,THH(<*>): <*>[<*>]: XHH_hob_query_port_prop: cmdif returned <*>,3,thh( <num> ): mnt_projects/sysapps/src/ib/topspin/ <id> /third_party/ <id> /kernel/mlxhh/thh/ <id> /mod_thh/hob_comm.c[ <num> ]: xhh_hob_query_port_prop: cmdif returned fatal,1,Thunderbird_C0000951,1,3,thh (<num>): mnt_projects/sysapps/src/ib/topspin/<id>/third_party/<id>/kernel/mlxhh/thh/<id>/mod_thh/hob_comm. c [<num>]: xhh_hob_query_port_prop: cmdif returned fatal,1,1,frequency_representative
1939297,THH(2): [XHH_qpm_process_local_mad]: ERROR on port 1: 259,E262,THH(<*>): [XHH_qpm_process_local_mad]: ERROR on port <*>: <*>,3,thh( <num> ): [xhh_qpm_process_local_mad]: error on port <num> : <num>,1,Thunderbird_C0000952,1,3,thh (<num>): [xhh_qpm_process_local_mad]: error on port <num>: <num>,1,1,frequency_representative
2079924,VIPKL(1): [MM_create_mr]:MM_mr_get_keys failed,E309,VIPKL(<*>): [MM_create_mr]:MM_mr_get_keys failed,5046,vipkl( <num> ): [mm_create_mr]:mm_mr_get_keys failed,1,Thunderbird_C0000953,1,5046,vipkl (<num>): [mm_create_mr]: mm_mr_get_keys failed,1,1,frequency_representative
2080193,THH(1): mnt_projects/sysapps/src/ib/tKL(1): [MM_create_mr]:MM_mr_get_keys failed,E303,THH(<*>): <*>(<*>): [MM_create_mr]:MM_mr_get_keys failed,1,thh( <num> ): mnt_projects/sysapps/src/ib/tkl( <num> ): [mm_create_mr]:mm_mr_get_keys failed,1,Thunderbird_C0000954,1,1,thh (<num>): mnt_projects/sysapps/src/ib/tkl (<num>): [mm_create_mr]: mm_mr_get_keys failed,1,1,frequency_representative
2080194,THH(1): mnt_projects/sysapps/src/ib/topspin/topspin-src-3.2.0-16/third_party/thca4_linux/kernel/mlxhh/thh/obj_host_amd64_custom1_rhel4/mod_thh/hob_comm.c[781]: XHH_hob_register_KL(1): [MM_create_mr]:MM_mr_get_keys failed,E267,THH(<*>): <*>[<*>]: XHH_hob_register_KL(<*>): [MM_create_mr]:<*>,1,thh( <num> ): mnt_projects/sysapps/src/ib/topspin/ <id> /third_party/ <id> /kernel/mlxhh/thh/ <id> /mod_thh/hob_comm.c[ <num> ]: xhh_hob_register_kl( <num> ): [mm_create_mr]:mm_mr_get_keys failed,1,Thunderbird_C0000955,1,1,thh (<num>): mnt_projects/sysapps/src/ib/topspin/<id>/third_party/<id>/kernel/mlxhh/thh/<id>/mod_thh/hob_comm. c [<num>]: xhh_hob_register_kl (<num>): [mm_create_mr]: mm_mr_get_keys failed,1,1,frequency_representative
2080246,THH(1): mnt_projects/sysapps/src/ib/topspin/topspin-src-3.2.0-16/third_party/thca4_linux/kernel/mlxhh/thh/obj_host_amd64_custom1_rhel4/mod_thh/hKL(1): [MM_create_mr]:MM_mr_get_keys failed,E303,THH(<*>): <*>(<*>): [MM_create_mr]:MM_mr_get_keys failed,4,thh( <num> ): mnt_projects/sysapps/src/ib/topspin/ <id> /third_party/ <id> /kernel/mlxhh/thh/ <id> /mod_thh/hkl( <num> ): [mm_create_mr]:mm_mr_get_keys failed,1,Thunderbird_C0000956,1,4,thh (<num>): mnt_projects/sysapps/src/ib/topspin/<id>/third_party/<id>/kernel/mlxhh/thh/<id>/mod_thh/hkl (<num>): [mm_create_mr]: mm_mr_get_keys failed,1,1,frequency_representative
2080515,THH(1): mnt_projects/sysapps/src/ib/topspin/topspin-src-3.2.0-16/third_party/thca4_linux/kernel/mlxhh/thh/obj_host_amd64_custom1_rhel4/mod_thh/hob_comm.c[781]: XHH_hob_register_> THH(1): mnt_projects/sysapps/src/ib/topspin/topspin-src-3.2.0-16/third_party/thca4_linux/kernel/mlxhh/thh/obj_host_amd64_custom1_rhel4/mod_thh/hob_comm.c[781]: XHH_hob_register_mr: Device in FATAL state,E247,THH(<*>): <*>[<*>]: XHH_hob_register_mr: Device in FATAL state,1,thh( <num> ): mnt_projects/sysapps/src/ib/topspin/ <id> /third_party/ <id> /kernel/mlxhh/thh/ <id> /mod_thh/hob_comm.c[ <num> ]: xhh_hob_register_> thh( <num> ): mnt_projects/sysapps/src/ib/topspin/ <id> /third_party/ <id> /kernel/mlxhh/thh/ <id> /mod_thh/hob_comm.c[ <num> ]: xhh_hob_register_mr: device in fatal state,1,Thunderbird_C0000957,1,1,thh (<num>): mnt_projects/sysapps/src/ib/topspin/<id>/third_party/<id>/kernel/mlxhh/thh/<id>/mod_thh/hob_comm. c [<num>]: xhh_hob_register_ > thh (<num>): mnt_projects/sysapps/src/ib/topspin/<id>/third_party/<id>/kernel/mlxhh/thh/<id>/mod_thh/hob_comm. c [<num>]: xhh_hob_register_mr: device in fatal state,1,1,frequency_representative
2080614,[KERNEL_IB][ib_mad_dispatch][/mnt_projects/sysapps/srmr]:MM_mr_get_keys failed,E189,[KERNEL_IB][ib_mad_dispatch][<*>]:MM_mr_get_keys failed,1,[kernel_ib][ib_mad_dispatch][ <path> ]:mm_mr_get_keys failed,1,Thunderbird_C0000958,1,1,[kernel_ib] [ib_mad_dispatch] [<path>]: mm_mr_get_keys failed,1,1,frequency_representative
2080619,THH(1): mnt_projects/sysapps/src/ib/topspin/topspin-src-3.2.0-16/third_party/thca4_linux/kernel/mlxhh/thh/obj_host_amd64_custom1_rhel4/mod_thh/hob_comm.c[781]: XH781]: XHH_hob_register_mr: Device in FATAL state,E247,THH(<*>): <*>[<*>]: XHH_hob_register_mr: Device in FATAL state,1,thh( <num> ): mnt_projects/sysapps/src/ib/topspin/ <id> /third_party/ <id> /kernel/mlxhh/thh/ <id> /mod_thh/hob_comm.c[ <num> ]: xh781]: xhh_hob_register_mr: device in fatal state,1,Thunderbird_C0000959,1,1,thh (<num>): mnt_projects/sysapps/src/ib/topspin/<id>/third_party/<id>/kernel/mlxhh/thh/<id>/mod_thh/hob_comm. c [<num>]: xh 781]: xhh_hob_register_mr: device in fatal state,1,1,frequency_representative
2080777,VIPKL(16/third_party/thca4_linux/kernel/mlxhh/thh/obj_host_amd64_custom1_rhel4/mod_thh/hob_comm.c[781]: XHH_hob_register_mr: Device in FATAL state,E246,VIPKL(<*>[<*>]: XHH_hob_register_mr: Device in FATAL state,1,vipkl( <num> /third_party/ <id> /kernel/mlxhh/thh/ <id> /mod_thh/hob_comm.c[ <num> ]: xhh_hob_register_mr: device in fatal state,1,Thunderbird_C0000960,1,1,vipkl (<num>/third_party/<id>/kernel/mlxhh/thh/<id>/mod_thh/hob_comm. c [<num>]: xhh_hob_register_mr: device in fatal state,1,1,frequency_representative
2080805,THH(1): mnt_projects/sysapps/st_amd64_custom1_rhel4/mod_thh/hob_comm.c[781]: XHH_hob_register_mr: Device in FATAL state,E247,THH(<*>): <*>[<*>]: XHH_hob_register_mr: Device in FATAL state,1,thh( <num> ): mnt_projects/sysapps/ <id> /mod_thh/hob_comm.c[ <num> ]: xhh_hob_register_mr: device in fatal state,1,Thunderbird_C0000961,1,1,thh (<num>): mnt_projects/sysapps/<id>/mod_thh/hob_comm. c [<num>]: xhh_hob_register_mr: device in fatal state,1,1,frequency_representative
2138213,Aborting journal on device sda3.,E794,Aborting journal on device <*>.,17,aborting journal on device sda3.,1,Thunderbird_C0000962,3,33,aborting journal on device sda <*>.,2,1,frequency_representative
2138065,Aborting journal on device sda5.,E794,Aborting journal on device <*>.,12,aborting journal on device sda5.,1,Thunderbird_C0000962,3,33,aborting journal on device sda <*>.,2,2,complex_sample
2138215,"Buffer I/O error on device sda3, logical block 0",E482,"Buffer I/O error on device <*>, logical block <*>",125,"buffer i/o error on device sda3, logical block <num>",97,Thunderbird_C0000963,173,222,"buffer i/o error on device sda <*>, logical block <num>",3,1,frequency_representative
11365328,"Buffer I/O error on device sda5, logical block 0",E482,"Buffer I/O error on device <*>, logical block <*>",62,"buffer i/o error on device sda5, logical block <num>",57,Thunderbird_C0000963,173,222,"buffer i/o error on device sda <*>, logical block <num>",3,2,complex_sample
10431001,"Buffer I/O error on device sda6, logical block 0",E482,"Buffer I/O error on device <*>, logical block <*>",35,"buffer i/o error on device sda6, logical block <num>",19,Thunderbird_C0000963,173,222,"buffer i/o error on device sda <*>, logical block <num>",3,3,diverse_sample
2138068,EXT3-fs error (device sda5) in start_transaction: Journal has aborted,E150,EXT3-fs error (device <*>) in start_transaction: Journal has aborted,268,ext3-fs error (device sda5) in start_transaction: journal has aborted,1,Thunderbird_C0000964,1,268,ext 3-fs error (device sda 5) in start_transaction: journal has aborted,1,1,frequency_representative
2138069,EXT3-fs error (device sda5): ext3_journal_start_sb: Detected aborted journal,E299,EXT3-fs error (device <*>): <*>: Detected aborted journal,16,ext3-fs error (device sda5): <id> : detected aborted journal,1,Thunderbird_C0000965,3,37,ext 3-fs error (device sda <*>): <id>: detected aborted journal,2,1,frequency_representative
2138260,EXT3-fs error (device sda3): ext3_journal_start_sb: Detected aborted journal,E299,EXT3-fs error (device <*>): <*>: Detected aborted journal,13,ext3-fs error (device sda3): <id> : detected aborted journal,1,Thunderbird_C0000965,3,37,ext 3-fs error (device sda <*>): <id>: detected aborted journal,2,2,complex_sample
2138070,Remounting filesystem read-only,E610,Remounting filesystem read-only,38,remounting filesystem read-only,1,Thunderbird_C0000966,1,38,remounting filesystem read-only,1,1,frequency_representative
8997208,"end_request: I/O error, dev sda, sector 29626009",E580,"end_request: I/O error, dev <*>, sector <*>",1238,"end_request: i/o error, dev sda, sector <num>",873,Thunderbird_C0000967,873,1238,"end_request: i/o error, dev sda, sector <num>",1,1,frequency_representative
2138074,ext3_abort called.,E1219,<*> called.,35,<id> called.,1,Thunderbird_C0000968,1,35,<id> called.,1,1,frequency_representative
2138075,journal commit I/O error,E874,journal commit I/O error,11,journal commit i/o error,1,Thunderbird_C0000969,1,11,journal commit i/o error,1,1,frequency_representative
2138076,lost page write due to I/O error on sda3,E649,lost page write due to I/O error on <*>,125,lost page write due to i/o error on sda3,1,Thunderbird_C0000970,1,125,lost page write due to i/o error on sda 3,1,1,frequency_representative
2138077,lost page write due to I/O error on sda5,E649,lost page write due to I/O error on <*>,48,lost page write due to i/o error on sda5,1,Thunderbird_C0000971,1,48,lost page write due to i/o error on sda 5,1,1,frequency_representative
2138219,EXT3-fs error (device sda3) in ext3_dirty_inode: IO failure,E224,EXT3-fs error (device <*>) in ext3_dirty_inode: IO failure,7,ext3-fs error (device sda3) in <id> : io failure,1,Thunderbird_C0000972,2,8,ext 3-fs error (device sda <*>) in <id>: io failure,2,1,frequency_representative
11365335,EXT3-fs error (device sda5) in ext3_dirty_inode: IO failure,E224,EXT3-fs error (device <*>) in ext3_dirty_inode: IO failure,1,ext3-fs error (device sda5) in <id> : io failure,1,Thunderbird_C0000972,2,8,ext 3-fs error (device sda <*>) in <id>: io failure,2,2,complex_sample
2138220,"EXT3-fs error (device sda3): ext3_get_inode_loc: unable to read inode block - inode=490769, block=983108",E143,"EXT3-fs error (device <*>): <*>: unable to read inode block - inode=<*>, block=<*>",7,"ext3-fs error (device sda3): <id> : unable to read inode block - inode= <num> , block= <num>",7,Thunderbird_C0000973,8,8,"ext 3-fs error (device sda <*>): <id>: unable to read inode block-inode = <num>, block = <num>",2,1,frequency_representative
11365337,"EXT3-fs error (device sda5): ext3_get_inode_loc: unable to read inode block - inode=1216812, block=2457602",E143,"EXT3-fs error (device <*>): <*>: unable to read inode block - inode=<*>, block=<*>",1,"ext3-fs error (device sda5): <id> : unable to read inode block - inode= <num> , block= <num>",1,Thunderbird_C0000973,8,8,"ext 3-fs error (device sda <*>): <id>: unable to read inode block-inode = <num>, block = <num>",2,2,complex_sample
2138252,lost page write due to I/O error on sda6,E649,lost page write due to I/O error on <*>,37,lost page write due to i/o error on sda6,1,Thunderbird_C0000974,1,37,lost page write due to i/o error on sda 6,1,1,frequency_representative
2138264,__journal_remove_journal_head: freeing b_committed_data,E407,__journal_remove_journal_head: freeing <*>,3,__journal_remove_journal_head: freeing b_committed_data,1,Thunderbird_C0000975,1,3,__journal_remove_journal_head: freeing b_committed_data,1,1,frequency_representative
2138606,printk: 43 messages suppressed.,E721,printk: <*> messages suppressed.,10,printk: <num> messages suppressed.,10,Thunderbird_C0000976,10,10,printk: <num> messages suppressed.,1,1,frequency_representative
2141555,xhpl[11267]: segfault at 0000000000000001 rip 0000002a9580d36f rsp 0000007fbfffd338 error 4,E806,<*>[<*>]: segfault at <*> rip <*> rsp <*> error <*>,7,xhpl[ <num> ]: segfault at <hex> rip <hex> rsp <hex> error <num>,7,Thunderbird_C0000977,7,7,xhpl [<num>]: segfault at <hex> rip <hex> rsp <hex> error <num>,1,1,frequency_representative
2148419,can't open /var/lib/ntp/drift.TEMP: Read-only file system,E613,can't open <*>: Read-only file system,2067,can't open <path> read-only file system,1,Thunderbird_C0000978,1,2067,can ' t open <path> read-only file system,1,1,frequency_representative
2216774,recv_rply: [127.0.0.1] RPC status 1,E899,recv_rply: [<*>] RPC status <*>,2,recv_rply: [ <ip> ] rpc status <num>,1,Thunderbird_C0000979,1,2,recv_rply: [<ip>] rpc status <num>,1,1,frequency_representative
2216841,"Can't callback 127.0.0.1 (100021,4), giving up.",E764,"Can't callback <*> (<*>), giving up.",2,"can't callback <ip> ( <num> , <num> ), giving up.",1,Thunderbird_C0000980,1,2,"can ' t callback <ip> (<num>, <num>), giving up.",1,1,frequency_representative
2843044,fetidp_tester_d[1965]: segfault at 0000000000000020 rip 000000000066e45b rsp 0000007fbfffe688 error 4,E806,<*>[<*>]: segfault at <*> rip <*> rsp <*> error <*>,6,fetidp_tester_d[ <num> ]: segfault at <hex> rip <hex> rsp <hex> error <num>,6,Thunderbird_C0000981,6,6,fetidp_tester_d [<num>]: segfault at <hex> rip <hex> rsp <hex> error <num>,1,1,frequency_representative
2843543,matdrive_dp_opt[29417]: segfault at 0000000000000000 rip 00000000004860ee rsp 0000007fbfffe4f0 error 4,E806,<*>[<*>]: segfault at <*> rip <*> rsp <*> error <*>,1,matdrive_dp_opt[ <num> ]: segfault at <hex> rip <hex> rsp <hex> error <num>,1,Thunderbird_C0000982,1,1,matdrive_dp_opt [<num>]: segfault at <hex> rip <hex> rsp <hex> error <num>,1,1,frequency_representative
2846201,presto_ni_dp_op[2059]: segfault at 0000000000000020 rip 00000000013c302b rsp 0000007fbfffe9b8 error 4,E806,<*>[<*>]: segfault at <*> rip <*> rsp <*> error <*>,1,presto_ni_dp_op[ <num> ]: segfault at <hex> rip <hex> rsp <hex> error <num>,1,Thunderbird_C0000983,1,1,presto_ni_dp_op [<num>]: segfault at <hex> rip <hex> rsp <hex> error <num>,1,1,frequency_representative
2846372,adagio_ni_dp_op[6011]: segfault at 0000000000000020 rip 0000000002119ebb rsp 0000007fbfffe9b8 error 4,E806,<*>[<*>]: segfault at <*> rip <*> rsp <*> error <*>,1,adagio_ni_dp_op[ <num> ]: segfault at <hex> rip <hex> rsp <hex> error <num>,1,Thunderbird_C0000984,1,1,adagio_ni_dp_op [<num>]: segfault at <hex> rip <hex> rsp <hex> error <num>,1,1,frequency_representative
6599432,"[ib_sm_bringup.c:781]: Failed to bring port to ARMED for node=5ad0000025af7, port= 19, state= 1, hop_count=5, mad status 0x1c",E84,"[<*>]: Failed to bring port to ARMED for node=<*>, port=<*>, state=<*>, hop_count=<*>, mad status <*>",3,"[ <id> ]: failed to bring port to armed for node= <hex> , port= <num> , state= <num> , hop_count= <num> , mad status <hex>",2,Thunderbird_C0000985,2,3,"[<id>]: failed to bring port to armed for node = <hex>, port = <num>, state = <num>, hop_count = <num>, mad status <hex>",1,1,frequency_representative
2861649,Utst_comm_dp_op[2929]: segfault at 0000000000000020 rip 0000000000a3e8fb rsp 0000007fbfffe188 error 4,E806,<*>[<*>]: segfault at <*> rip <*> rsp <*> error <*>,68,utst_comm_dp_op[ <num> ]: segfault at <hex> rip <hex> rsp <hex> error <num>,68,Thunderbird_C0000986,68,68,utst_comm_dp_op [<num>]: segfault at <hex> rip <hex> rsp <hex> error <num>,1,1,frequency_representative
2916363,(root) BEGIN EDIT (root),E1143,(<*>) BEGIN EDIT (<*>),12,(root) begin edit (root),1,Thunderbird_C0000987,1,12,(root) begin edit (root),1,1,frequency_representative
7726444,(root) LIST (root),E1212,(<*>) LIST (<*>),11,(root) list (root),1,Thunderbird_C0000988,2,19,(root) <*> (root),2,1,frequency_representative
2920295,(root) REPLACE (root),E1177,(<*>) REPLACE (<*>),8,(root) replace (root),1,Thunderbird_C0000988,2,19,(root) <*> (root),2,2,complex_sample
2920623,(root) RELOAD (cron/root),E1191,(<*>) RELOAD (<*>),5,(root) reload (cron/root),1,Thunderbird_C0000989,1,5,(root) reload (cron/root),1,1,frequency_representative
2952268,(root) CMD (/home/#57#/fans/new/getFans-B1.sh),E1223,(<*>) CMD (<*>),96,(root) cmd (/home/# <num> # <path> ),6,Thunderbird_C0000990,6,96,(root) cmd (/ home/# <num> # <path>),1,1,frequency_representative
3119580,Utst_dyn_mesh_d[12774]: segfault at 0000000000000020 rip 0000000000ad98bb rsp 0000007fbfffe1c8 error 4,E806,<*>[<*>]: segfault at <*> rip <*> rsp <*> error <*>,192,utst_dyn_mesh_d[ <num> ]: segfault at <hex> rip <hex> rsp <hex> error <num>,192,Thunderbird_C0000991,192,192,utst_dyn_mesh_d [<num>]: segfault at <hex> rip <hex> rsp <hex> error <num>,1,1,frequency_representative
3119721,Utst_transfer_d[12788]: segfault at 0000000000000020 rip 0000000000b5950b rsp 0000007fbfffe1a8 error 4,E806,<*>[<*>]: segfault at <*> rip <*> rsp <*> error <*>,180,utst_transfer_d[ <num> ]: segfault at <hex> rip <hex> rsp <hex> error <num>,180,Thunderbird_C0000992,180,180,utst_transfer_d [<num>]: segfault at <hex> rip <hex> rsp <hex> error <num>,1,1,frequency_representative
3119739,Utst_collective[12790]: segfault at 0000000000000020 rip 000000000044bb0b rsp 0000007fbfffe2d8 error 4,E806,<*>[<*>]: segfault at <*> rip <*> rsp <*> error <*>,35,utst_collective[ <num> ]: segfault at <hex> rip <hex> rsp <hex> error <num>,35,Thunderbird_C0000993,35,35,utst_collective [<num>]: segfault at <hex> rip <hex> rsp <hex> error <num>,1,1,frequency_representative
3119858,adagio_dp_opt_t[12798]: segfault at 0000000000000020 rip 000000000216837b rsp 0000007fbfffe1c8 error 4,E806,<*>[<*>]: segfault at <*> rip <*> rsp <*> error <*>,429,adagio_dp_opt_t[ <num> ]: segfault at <hex> rip <hex> rsp <hex> error <num>,429,Thunderbird_C0000994,429,429,adagio_dp_opt_t [<num>]: segfault at <hex> rip <hex> rsp <hex> error <num>,1,1,frequency_representative
3119933,Utst_sparse_dp_[12804]: segfault at 0000000000000020 rip 00000000004479fb rsp 0000007fbfffe2d8 error 4,E806,<*>[<*>]: segfault at <*> rip <*> rsp <*> error <*>,33,utst_sparse_dp_[ <num> ]: segfault at <hex> rip <hex> rsp <hex> error <num>,33,Thunderbird_C0000995,33,33,utst_sparse_dp_ [<num>]: segfault at <hex> rip <hex> rsp <hex> error <num>,1,1,frequency_representative
3120467,presto_dp_opt_t[13676]: segfault at 0000000000000020 rip 000000000141116b rsp 0000007fbfffe1b8 error 4,E806,<*>[<*>]: segfault at <*> rip <*> rsp <*> error <*>,321,presto_dp_opt_t[ <num> ]: segfault at <hex> rip <hex> rsp <hex> error <num>,321,Thunderbird_C0000996,321,321,presto_dp_opt_t [<num>]: segfault at <hex> rip <hex> rsp <hex> error <num>,1,1,frequency_representative
3120505,bemagio_dp_opt_[13680]: segfault at 0000000000000020 rip 000000000228306b rsp 0000007fbfffe1f8 error 4,E806,<*>[<*>]: segfault at <*> rip <*> rsp <*> error <*>,6,bemagio_dp_opt_[ <num> ]: segfault at <hex> rip <hex> rsp <hex> error <num>,6,Thunderbird_C0000997,6,6,bemagio_dp_opt_ [<num>]: segfault at <hex> rip <hex> rsp <hex> error <num>,1,1,frequency_representative
3120638,bem_dp_opt_tbir[13690]: segfault at 0000000000000020 rip 000000000121c89b rsp 0000007fbfffe1e8 error 4,E806,<*>[<*>]: segfault at <*> rip <*> rsp <*> error <*>,74,bem_dp_opt_tbir[ <num> ]: segfault at <hex> rip <hex> rsp <hex> error <num>,74,Thunderbird_C0000998,74,74,bem_dp_opt_tbir [<num>]: segfault at <hex> rip <hex> rsp <hex> error <num>,1,1,frequency_representative
3124047,arpeggio_dp_opt[20241]: segfault at 0000000000000020 rip 00000000024e487b rsp 0000007fbfffe198 error 4,E806,<*>[<*>]: segfault at <*> rip <*> rsp <*> error <*>,6,arpeggio_dp_opt[ <num> ]: segfault at <hex> rip <hex> rsp <hex> error <num>,6,Thunderbird_C0000999,6,6,arpeggio_dp_opt [<num>]: segfault at <hex> rip <hex> rsp <hex> error <num>,1,1,frequency_representative
3124292,Utst_Solv_dp_op[20448]: segfault at 0000000000000020 rip 00000000012f0e0b rsp 0000007fbfffe1b8 error 4,E806,<*>[<*>]: segfault at <*> rip <*> rsp <*> error <*>,26,utst_solv_dp_op[ <num> ]: segfault at <hex> rip <hex> rsp <hex> error <num>,26,Thunderbird_C0001000,26,26,utst_solv_dp_op [<num>]: segfault at <hex> rip <hex> rsp <hex> error <num>,1,1,frequency_representative
3126485,adesto_dp_opt_t[22795]: segfault at 0000000000000020 rip 0000000002233b1b rsp 0000007fbfffe1e8 error 4,E806,<*>[<*>]: segfault at <*> rip <*> rsp <*> error <*>,41,adesto_dp_opt_t[ <num> ]: segfault at <hex> rip <hex> rsp <hex> error <num>,41,Thunderbird_C0001001,41,41,adesto_dp_opt_t [<num>]: segfault at <hex> rip <hex> rsp <hex> error <num>,1,1,frequency_representative
3127536,aria_dp_opt_tbi[23669]: segfault at 0000000000000020 rip 00000000015cc94b rsp 0000007fbfffe208 error 4,E806,<*>[<*>]: segfault at <*> rip <*> rsp <*> error <*>,20,aria_dp_opt_tbi[ <num> ]: segfault at <hex> rip <hex> rsp <hex> error <num>,20,Thunderbird_C0001002,20,20,aria_dp_opt_tbi [<num>]: segfault at <hex> rip <hex> rsp <hex> error <num>,1,1,frequency_representative
3128639,krino_dp_opt_tb[25196]: segfault at 0000000000000020 rip 0000000000b182fb rsp 0000007fbfffe1e8 error 4,E806,<*>[<*>]: segfault at <*> rip <*> rsp <*> error <*>,9,krino_dp_opt_tb[ <num> ]: segfault at <hex> rip <hex> rsp <hex> error <num>,9,Thunderbird_C0001003,9,9,krino_dp_opt_tb [<num>]: segfault at <hex> rip <hex> rsp <hex> error <num>,1,1,frequency_representative
3129135,salinas_#41#_[25779]: segfault at 0000000000000020 rip 000000000148aa5b rsp 0000007fbfffe198 error 4,E806,<*>[<*>]: segfault at <*> rip <*> rsp <*> error <*>,2,salinas_# <num> #_[ <num> ]: segfault at <hex> rip <hex> rsp <hex> error <num>,2,Thunderbird_C0001004,2,2,salinas_ # <num> # _ [<num>]: segfault at <hex> rip <hex> rsp <hex> error <num>,1,1,frequency_representative
3129291,Mjql_dp_opt_tbi[25912]: segfault at 0000000000000020 rip 0000000001a9848b rsp 0000007fbfffe1b8 error 4,E806,<*>[<*>]: segfault at <*> rip <*> rsp <*> error <*>,14,mjql_dp_opt_tbi[ <num> ]: segfault at <hex> rip <hex> rsp <hex> error <num>,14,Thunderbird_C0001005,14,14,mjql_dp_opt_tbi [<num>]: segfault at <hex> rip <hex> rsp <hex> error <num>,1,1,frequency_representative
3133616,Utst_GasPropert[30244]: segfault at 0000000000000020 rip 00000000008f2eeb rsp 0000007fbfffe2a8 error 4,E806,<*>[<*>]: segfault at <*> rip <*> rsp <*> error <*>,3,utst_gaspropert[ <num> ]: segfault at <hex> rip <hex> rsp <hex> error <num>,3,Thunderbird_C0001006,3,3,utst_gaspropert [<num>]: segfault at <hex> rip <hex> rsp <hex> error <num>,1,1,frequency_representative
3134581,Utst_element_dp[31475]: segfault at 0000000000000020 rip 0000000000a5318b rsp 0000007fbfffe1d8 error 4,E806,<*>[<*>]: segfault at <*> rip <*> rsp <*> error <*>,1,utst_element_dp[ <num> ]: segfault at <hex> rip <hex> rsp <hex> error <num>,1,Thunderbird_C0001007,1,1,utst_element_dp [<num>]: segfault at <hex> rip <hex> rsp <hex> error <num>,1,1,frequency_representative
3135121,Utst_RefWrapper[32393]: segfault at 0000000000000020 rip 00000000008d4e5b rsp 0000007fbfffe2d8 error 4,E806,<*>[<*>]: segfault at <*> rip <*> rsp <*> error <*>,1,utst_refwrapper[ <num> ]: segfault at <hex> rip <hex> rsp <hex> error <num>,1,Thunderbird_C0001008,1,1,utst_refwrapper [<num>]: segfault at <hex> rip <hex> rsp <hex> error <num>,1,1,frequency_representative
3135504,faust_dp_opt_tb[833]: segfault at 0000000000000020 rip 0000000000a89a7b rsp 0000007fbfffe1f8 error 4,E806,<*>[<*>]: segfault at <*> rip <*> rsp <*> error <*>,2,faust_dp_opt_tb[ <num> ]: segfault at <hex> rip <hex> rsp <hex> error <num>,2,Thunderbird_C0001009,2,2,faust_dp_opt_tb [<num>]: segfault at <hex> rip <hex> rsp <hex> error <num>,1,1,frequency_representative
3139067,Utst_ioel_dp_op[5812]: segfault at 0000000000000020 rip 00000000004ef56b rsp 0000007fbfffe1e8 error 4,E806,<*>[<*>]: segfault at <*> rip <*> rsp <*> error <*>,1,utst_ioel_dp_op[ <num> ]: segfault at <hex> rip <hex> rsp <hex> error <num>,1,Thunderbird_C0001010,1,1,utst_ioel_dp_op [<num>]: segfault at <hex> rip <hex> rsp <hex> error <num>,1,1,frequency_representative
3177771,(root) CMD (/home/#57#/GetProcs.sh a),E1223,(<*>) CMD (<*>),10,(root) cmd (/home/# <num> #/getprocs.sh a),1,Thunderbird_C0001011,10,100,(root) cmd (/ home/# <num> #/<*>. sh <*>),3,1,frequency_representative
3183542,(root) CMD (/home/#57#/GetProcs.sh b),E1223,(<*>) CMD (<*>),10,(root) cmd (/home/# <num> #/getprocs.sh b),1,Thunderbird_C0001011,10,100,(root) cmd (/ home/# <num> #/<*>. sh <*>),3,2,complex_sample
3277211,(root) CMD (/home/#57#/GetVolts.sh c),E1223,(<*>) CMD (<*>),10,(root) cmd (/home/# <num> #/getvolts.sh c),1,Thunderbird_C0001011,10,100,(root) cmd (/ home/# <num> #/<*>. sh <*>),3,3,diverse_sample
3180983,FAIL: rsync service_limit from=10.100.34.94,E655,FAIL: rsync service_limit from=<*>,783,fail: rsync service_limit from= <ip>,198,Thunderbird_C0001012,198,783,fail: rsync service_limit from = <ip>,1,1,frequency_representative
3250020,Kerberos authentication as #107# denied for #92#@#24#,E538,Kerberos authentication as <*> denied for <*>,1,kerberos authentication as # <num> # denied for # <num> #@# <num> #,1,Thunderbird_C0001013,1,1,kerberos authentication as # <num> # denied for # <num> # @ # <num> #,1,1,frequency_representative
3285852,Remote host disconnected: Disconnect requested by Windows SSH Client.,E121,Remote host disconnected: Disconnect requested by Windows SSH Client.,13,remote host disconnected: disconnect requested by windows ssh client.,1,Thunderbird_C0001014,1,13,remote host disconnected: disconnect requested by windows ssh client.,1,1,frequency_representative
3285853,disconnected by application in remote: 'Disconnect requested by Windows SSH Client.',E436,disconnected by application in remote: '<*>',13,disconnected by application in remote: 'disconnect requested by windows ssh client.',1,Thunderbird_C0001015,1,13,disconnected by application in remote: ' disconnect requested by windows ssh client. ',1,1,frequency_representative
3614563,"User tpfield, coming from #150#, authenticated.",E603,"User <*>, coming from <*>, authenticated.",69,"user tpfield, coming from # <num> #, authenticated.",1,Thunderbird_C0001016,1,69,"user tpfield, coming from # <num> #, authenticated.",1,1,frequency_representative
3658675,X11 connection from 10.100.31.127:56456 (dn1023),E1120,<*> connection from <*>,7,x11 connection from <ip> (dn1023),7,Thunderbird_C0001017,7,7,x 11 connection from <ip> (dn 1023),1,1,frequency_representative
13272092,Failed password for #126# from ::ffff:#127# port 39640 ssh2,E627,Failed password for <*> from <*> port <*> ssh2,8,failed password for # <num> # from ::ffff:# <num> # port <num> ssh2,7,Thunderbird_C0001018,7,8,failed password for # <num> # from:: ffff: # <num> # port <num> ssh 2,1,1,frequency_representative
3743225,sally[13172]: segfault at 00000b9800000c7f rip 000000308b368e97 rsp 0000007fbfffd970 error 6,E806,<*>[<*>]: segfault at <*> rip <*> rsp <*> error <*>,80,sally[ <num> ]: segfault at <hex> rip <hex> rsp <hex> error <num>,80,Thunderbird_C0001019,80,80,sally [<num>]: segfault at <hex> rip <hex> rsp <hex> error <num>,1,1,frequency_representative
3946399,My unqualified host name (#31#) unknown; sleeping for retry,E273,My unqualified host name <*> unknown; sleeping for retry,17,my unqualified host name (# <num> #) unknown; sleeping for retry,3,Thunderbird_C0001020,3,17,my unqualified host name (# <num> #) unknown; sleeping for retry,1,1,frequency_representative
3946224,unable to qualify my own domain name (#32#) -- using short name,E222,unable to qualify my own domain name (<*>) -- using short name,4,unable to qualify my own domain name (# <num> #) -- using short name,3,Thunderbird_C0001021,3,4,unable to qualify my own domain name (# <num> #)-- using short name,1,1,frequency_representative
4104011,process `omdiag' is using obsolete setsockopt SO_BSDCOMPAT,E290,process <*> is using obsolete setsockopt SO_BSDCOMPAT,3,process `omdiag' is using obsolete setsockopt so_bsdcompat,1,Thunderbird_C0001022,1,3,process ` omdiag ' is using obsolete setsockopt so_bsdcompat,1,1,frequency_representative
4104084,ioctl32(omdiag:23008): Unknown cmd fd(13) cmd(c00c5512){00} arg(63781080) on /proc/bus/usb/001/001,E807,<*>(<*>): Unknown cmd <*> <*> <*> on <*>,68,ioctl32( <id> ): unknown cmd fd( <num> ) cmd( <id> ){ <num> } arg( <num> ) on <path>,68,Thunderbird_C0001023,80,82,ioctl 32 (<id>): unknown cmd fd (<num>) cmd (<id>) {<num>} arg (<num>) on <path>,2,1,frequency_representative
10286719,ioctl32(ib_sm.x:26661): Unknown cmd fd(10) cmd(c004bc01){00} arg(ffffcf80) on /dev/ts_ua0,E807,<*>(<*>): Unknown cmd <*> <*> <*> on <*>,14,ioctl32( <id> ): unknown cmd fd( <num> ) cmd( <id> ){ <num> } arg( <id> ) on <path>,12,Thunderbird_C0001023,80,82,ioctl 32 (<id>): unknown cmd fd (<num>) cmd (<id>) {<num>} arg (<num>) on <path>,2,2,complex_sample
4174322,X11 connection from 10.100.35.34:53123 (en418),E1120,<*> connection from <*>,13,x11 connection from <ip> (en418),13,Thunderbird_C0001024,13,13,x 11 connection from <ip> (en 418),1,1,frequency_representative
4409717,#57# : TTY=pts/0 ; PWD=/home/#57# ; USER=root ; COMMAND=/bin/su i,E768,<*> : TTY=<*> ; PWD=<*> ; USER=<*> ; COMMAND=<*>,1,# <num> # : tty=pts/ <num> ; pwd=/home/# <num> # ; user=root ; command=/bin/su i,1,Thunderbird_C0001025,1,1,# <num> #: tty = pts/<num>; pwd =/home/# <num> #; user = root; command =/bin/su i,1,1,frequency_representative
4441870,"User mwheins, coming from #199#, authenticated.",E603,"User <*>, coming from <*>, authenticated.",9,"user mwheins, coming from # <num> #, authenticated.",1,Thunderbird_C0001026,1,9,"user mwheins, coming from # <num> #, authenticated.",1,1,frequency_representative
4463476,fatal: the Postfix mail system is not running,E383,fatal: the Postfix mail system is not running,1,fatal: the postfix mail system is not running,1,Thunderbird_C0001027,1,1,fatal: the postfix mail system is not running,1,1,frequency_representative
4463482,3CA5951955D: message-id=<20051111181508.3CA5951955D@tbird-#206#>,E1155,<*>: message-id=<*>,6185,<id> : message-id=< <hex> . <id> @tbird-# <num> #>,6185,Thunderbird_C0001028,6381,6381,<id>: message-id = < <hex>. <id> @ tbird-# <num> # >,3,1,frequency_representative
4482518,58653519342: message-id=<20051116172458.5655A51933E@tbird-#206#>,E1155,<*>: message-id=<*>,5,<num> : message-id=< <hex> . <id> @tbird-# <num> #>,5,Thunderbird_C0001028,6381,6381,<id>: message-id = < <hex>. <id> @ tbird-# <num> # >,3,2,complex_sample
4463485,49342518059: message-id=<20051109212353.49342518059@tbird-#206#>,E1155,<*>: message-id=<*>,183,<num> : message-id=< <hex> . <num> @tbird-# <num> #>,183,Thunderbird_C0001028,6381,6381,<id>: message-id = < <hex>. <id> @ tbird-# <num> # >,3,3,diverse_sample
4463632,daemon started -- version 2.1.5,E858,daemon started -- version <*>,9,daemon started -- version <num> . <num>,1,Thunderbird_C0001029,1,9,daemon started-- version <num>. <num>,1,1,frequency_representative
4463633,000665180EB: uid=0 from=<root>,E1195,<*>: uid=<*> from=<*>,5988,<id> : uid= <num> from=<root>,5988,Thunderbird_C0001030,6169,6169,<id>: uid = <num> from = <root>,2,1,frequency_representative
4463637,49342518059: uid=0 from=<root>,E1195,<*>: uid=<*> from=<*>,181,<num> : uid= <num> from=<root>,181,Thunderbird_C0001030,6169,6169,<id>: uid = <num> from = <root>,2,2,complex_sample
4463783,warning: 000665180EB: message has been queued for 8 days,E473,warning: <*> message has been queued for <*> days,4962,warning: <id> : message has been queued for <num> days,4962,Thunderbird_C0001031,5093,5093,warning: <id>: message has been queued for <num> days,2,1,frequency_representative
4463787,warning: 49342518059: message has been queued for 8 days,E473,warning: <*> message has been queued for <*> days,131,warning: <num> : message has been queued for <num> days,131,Thunderbird_C0001031,5093,5093,warning: <id>: message has been queued for <num> days,2,2,complex_sample
4463933,starting the Postfix mail system,E642,starting the Postfix mail system,9,starting the postfix mail system,1,Thunderbird_C0001032,1,9,starting the postfix mail system,1,1,frequency_representative
7464680,"038C5518087: from=<#7#@#207#>, size=2893, nrcpt=1 (queue active)",E565,"<*>: from=<*>, size=<*>, nrcpt=<*> (queue active)",6194,"<id> : from=<# <num> #@# <num> #>, size= <num> , nrcpt= <num> (queue active)",6187,Thunderbird_C0001033,6375,6382,"<id>: from = < # <num> # @ # <num> # >, size = <num>, nrcpt = <num> (queue active)",2,1,frequency_representative
4463937,"49342518059: from=<#7#@#207#>, size=470, nrcpt=2 (queue active)",E565,"<*>: from=<*>, size=<*>, nrcpt=<*> (queue active)",188,"<num> : from=<# <num> #@# <num> #>, size= <num> , nrcpt= <num> (queue active)",188,Thunderbird_C0001033,6375,6382,"<id>: from = < # <num> # @ # <num> # >, size = <num>, nrcpt = <num> (queue active)",2,2,complex_sample
4485605,"38E3351805C: from=<>, size=2693, nrcpt=1 (queue active)",E565,"<*>: from=<*>, size=<*>, nrcpt=<*> (queue active)",2,"<id> : from=<>, size= <num> , nrcpt= <num> (queue active)",2,Thunderbird_C0001034,2,2,"<id>: from = < >, size = <num>, nrcpt = <num> (queue active)",1,1,frequency_representative
4485606,"F030D51820A: from=<#7#@#207#>, status=expired, returned to sender",E398,"<*>: from=<*>, status=expired, returned to sender",1,"<id> : from=<# <num> #@# <num> #>, status=expired, returned to sender",1,Thunderbird_C0001035,1,1,"<id>: from = < # <num> # @ # <num> # >, status = expired, returned to sender",1,1,frequency_representative
4486922,Deleted: 4352 messages,E1061,Deleted: <*> messages,1,deleted: <num> messages,1,Thunderbird_C0001036,1,1,deleted: <num> messages,1,1,frequency_representative
4486923,warning: qmgr_active_corrupt: save corrupt file queue active id 0007A5188F6: No such file or directory,E60,warning: qmgr_active_corrupt: save corrupt file queue active id <*>: No such file or directory,4240,warning: qmgr_active_corrupt: save corrupt file queue active id <id> : no such file or directory,4240,Thunderbird_C0001037,4332,4332,warning: qmgr_active_corrupt: save corrupt file queue active id <id>: no such file or directory,2,1,frequency_representative
4486939,warning: qmgr_active_corrupt: save corrupt file queue active id 01464518617: No such file or directory,E60,warning: qmgr_active_corrupt: save corrupt file queue active id <*>: No such file or directory,92,warning: qmgr_active_corrupt: save corrupt file queue active id <num> : no such file or directory,92,Thunderbird_C0001037,4332,4332,warning: qmgr_active_corrupt: save corrupt file queue active id <id>: no such file or directory,2,2,complex_sample
4489703,warning: qmgr_active_done_3_generic: remove 99AFF518416 from active: No such file or directory,E242,warning: <*>: remove <*> from active: No such file or directory,14,warning: <id> : remove <id> from active: no such file or directory,14,Thunderbird_C0001038,14,14,warning: <id>: remove <id> from active: no such file or directory,1,1,frequency_representative
4489706,warning: open active 0252D5184A1: No such file or directory,E368,warning: open active <*> No such file or directory,4240,warning: open active <id> : no such file or directory,4240,Thunderbird_C0001039,4332,4332,warning: open active <id>: no such file or directory,2,1,frequency_representative
4489923,warning: open active 44541518503: No such file or directory,E368,warning: open active <*> No such file or directory,92,warning: open active <num> : no such file or directory,92,Thunderbird_C0001039,4332,4332,warning: open active <id>: no such file or directory,2,2,complex_sample
4495626,terminating on signal 15,E961,terminating on signal <*>,4,terminating on signal <num>,1,Thunderbird_C0001040,1,4,terminating on signal <num>,1,1,frequency_representative
4495629,stopping the Postfix mail system,E637,stopping the Postfix mail system,5,stopping the postfix mail system,1,Thunderbird_C0001041,1,5,stopping the postfix mail system,1,1,frequency_representative
4517748,fatal: uid=0: malformed input,E750,fatal: uid=<*>: malformed input,1,fatal: uid= <num> : malformed input,1,Thunderbird_C0001042,1,1,fatal: uid = <num>: malformed input,1,1,frequency_representative
4534696,send response: Error building ASN.1 representation (build int size 4: s/b 8),E118,send response: Error building ASN.<*> representation (build int size <*>: s/b <*>),7,send response: error building asn. <num> representation (build int size <num> : s/b <num> ),1,Thunderbird_C0001043,1,7,send response: error building asn. <num> representation (build int size <num>: s/b <num>),1,1,frequency_representative
4549695,sda3: 4 orphan inodes deleted,E935,<*>: <*> orphan inodes deleted,1,sda3: <num> orphan inodes deleted,1,Thunderbird_C0001044,1,1,sda 3: <num> orphan inodes deleted,1,1,frequency_representative
4549732,deleting unreferenced inode 195756,E755,deleting unreferenced inode <*>,4,deleting unreferenced inode <num>,4,Thunderbird_C0001045,4,4,deleting unreferenced inode <num>,1,1,frequency_representative
4623568,"warning: stdin: unexpected EOF in data, record type 78 length 65",E208,"warning: stdin: unexpected EOF in data, record type <*> length <*>",1,"warning: stdin: unexpected eof in data, record type <num> length <num>",1,Thunderbird_C0001046,1,1,"warning: stdin: unexpected eof in data, record type <num> length <num>",1,1,frequency_representative
4644357,EXT3-fs error (device sda3): ext3_get_inode_loc: <3>Aborting journal on device sda3.,E400,EXT3-fs error (device <*>): <*>: <*> journal on device <*>.,1,ext3-fs error (device sda3): <id> : < <num> >aborting journal on device sda3.,1,Thunderbird_C0001047,1,1,ext 3-fs error (device sda 3): <id>: < <num> > aborting journal on device sda 3.,1,1,frequency_representative
4644363,scsi0 (0:0): rejecting I/O to offline device,E682,<*> rejecting I/O to offline device,152,scsi0 ( <num> : <num> ): rejecting i/o to offline device,1,Thunderbird_C0001048,1,152,scsi 0 (<num>: <num>): rejecting i/o to offline device,1,1,frequency_representative
4644366,"unable to read inode block - inode=521957, block=1048601",E444,"unable to read inode block - inode=<*>, block=<*>",1,"unable to read inode block - inode= <num> , block= <num>",1,Thunderbird_C0001049,1,1,"unable to read inode block-inode = <num>, block = <num>",1,1,frequency_representative
4650375,iozone[16769]: segfault at 0000000000000008 rip 00000035fc930cdc rsp 0000007fbfff4650 error 4,E806,<*>[<*>]: segfault at <*> rip <*> rsp <*> error <*>,2,iozone[ <num> ]: segfault at <hex> rip <hex> rsp <hex> error <num>,2,Thunderbird_C0001050,2,2,iozone [<num>]: segfault at <hex> rip <hex> rsp <hex> error <num>,1,1,frequency_representative
11056864,#57# : TTY=pts/3 ; PWD=/home/#57# ; USER=root ; COMMAND=/apps/torque/bin/pbsnodes -l,E768,<*> : TTY=<*> ; PWD=<*> ; USER=<*> ; COMMAND=<*>,84,# <num> # : tty=pts/ <num> ; pwd=/home/# <num> # ; user=root ; command= <path> -l,4,Thunderbird_C0001051,4,84,# <num> #: tty = pts/<num>; pwd =/home/# <num> #; user = root; command = <path>-l,1,1,frequency_representative
5335443,megaraid mbox: critical hardware error!,E456,megaraid mbox: critical hardware error!,4,megaraid mbox: critical hardware error!,1,Thunderbird_C0001052,1,4,megaraid mbox: critical hardware error!,1,1,frequency_representative
5335444,"megaraid: hw error, cannot reset",E643,"megaraid: hw error, cannot reset",8,"megaraid: hw error, cannot reset",1,Thunderbird_C0001053,1,8,"megaraid: hw error, cannot reset",1,1,frequency_representative
5335446,megaraid: resetting the host...,E639,megaraid: resetting the host...,12,megaraid: resetting the host...,1,Thunderbird_C0001054,1,12,megaraid: resetting the host...,1,1,frequency_representative
5335451,scsi: Device offlined - not ready after error recovery: host 0 channel 1 id 0 lun 0,E113,scsi: Device offlined - not ready after error recovery: host <*> channel <*> id <*> lun <*>,5,scsi: device offlined - not ready after error recovery: host <num> channel <num> id <num> lun <num>,2,Thunderbird_C0001055,2,5,scsi: device offlined-not ready after error recovery: host <num> channel <num> id <num> lun <num>,1,1,frequency_representative
5529700,UDP: short packet: From #230#:2049 8328/4232 to #231#:800,E869,UDP: short packet: From <*> <*> to <*>,3,udp: short packet: from # <num> #: <num> <num> / <num> to # <num> #: <num>,2,Thunderbird_C0001056,2,3,udp: short packet: from # <num> #: <num> <num>/<num> to # <num> #: <num>,1,1,frequency_representative
5540573,gssapi authentication failed. Login to account #234# not allowed or account non-existent.,E72,gssapi authentication failed. Login to account <*> not allowed or account non-existent.,12,gssapi authentication failed. login to account # <num> # not allowed or account non-existent.,5,Thunderbird_C0001057,5,12,gssapi authentication failed. login to account # <num> # not allowed or account non-existent.,1,1,frequency_representative
5540574,kerberos-#235#@#236# authentication failed. Login to account #234# not allowed or account non-existent.,E62,kerberos-<*> authentication failed. Login to account <*> not allowed or account non-existent.,7,kerberos-# <num> #@# <num> # authentication failed. login to account # <num> # not allowed or account non-existent.,3,Thunderbird_C0001058,3,7,kerberos-# <num> # @ # <num> # authentication failed. login to account # <num> # not allowed or account non-existent.,1,1,frequency_representative
5540575,kerberos-tgt-#235#@#236# authentication failed. Login to account #234# not allowed or account non-existent.,E62,kerberos-<*> authentication failed. Login to account <*> not allowed or account non-existent.,7,kerberos-tgt-# <num> #@# <num> # authentication failed. login to account # <num> # not allowed or account non-existent.,3,Thunderbird_C0001059,3,7,kerberos-tgt-# <num> # @ # <num> # authentication failed. login to account # <num> # not allowed or account non-existent.,1,1,frequency_representative
5540614,Remote host disconnected: No further authentication methods available.,E110,Remote host disconnected: No further authentication methods available.,16,remote host disconnected: no further authentication methods available.,1,Thunderbird_C0001060,1,16,remote host disconnected: no further authentication methods available.,1,1,frequency_representative
5540615,no more authentication methods on remote: 'No further authentication methods available.',E387,no more authentication methods on remote: '<*>',16,no more authentication methods on remote: 'no further authentication methods available.',1,Thunderbird_C0001061,1,16,no more authentication methods on remote: ' no further authentication methods available. ',1,1,frequency_representative
5542432,premo_dp_opt_tb[14409]: segfault at 0000000000000020 rip 0000000001949a7b rsp 0000007fbfffe158 error 4,E806,<*>[<*>]: segfault at <*> rip <*> rsp <*> error <*>,16,premo_dp_opt_tb[ <num> ]: segfault at <hex> rip <hex> rsp <hex> error <num>,16,Thunderbird_C0001062,16,16,premo_dp_opt_tb [<num>]: segfault at <hex> rip <hex> rsp <hex> error <num>,1,1,frequency_representative
5543164,calinas_dp_opt_[25087]: segfault at 0000007fbf3fffb8 rip 0000000001ebfa67 rsp 0000007fbf3fffc0 error 6,E806,<*>[<*>]: segfault at <*> rip <*> rsp <*> error <*>,2,calinas_dp_opt_[ <num> ]: segfault at <hex> rip <hex> rsp <hex> error <num>,2,Thunderbird_C0001063,2,2,calinas_dp_opt_ [<num>]: segfault at <hex> rip <hex> rsp <hex> error <num>,1,1,frequency_representative
5543650,prelinas_dp_opt[25431]: segfault at 0000000000000020 rip 0000000001842aab rsp 0000007fbfffe158 error 4,E806,<*>[<*>]: segfault at <*> rip <*> rsp <*> error <*>,3,prelinas_dp_opt[ <num> ]: segfault at <hex> rip <hex> rsp <hex> error <num>,3,Thunderbird_C0001064,3,3,prelinas_dp_opt [<num>]: segfault at <hex> rip <hex> rsp <hex> error <num>,1,1,frequency_representative
5555376,Utst_comm_dbg_d[13669]: segfault at 0000000000000020 rip 0000000000a8630b rsp 0000007fbfffe2d8 error 4,E806,<*>[<*>]: segfault at <*> rip <*> rsp <*> error <*>,15,utst_comm_dbg_d[ <num> ]: segfault at <hex> rip <hex> rsp <hex> error <num>,15,Thunderbird_C0001065,15,15,utst_comm_dbg_d [<num>]: segfault at <hex> rip <hex> rsp <hex> error <num>,1,1,frequency_representative
5555405,presto_dbg_dp_t[14454]: segfault at 0000000000000020 rip 00000000013e292b rsp 0000007fbfffe2b8 error 4,E806,<*>[<*>]: segfault at <*> rip <*> rsp <*> error <*>,51,presto_dbg_dp_t[ <num> ]: segfault at <hex> rip <hex> rsp <hex> error <num>,51,Thunderbird_C0001066,51,51,presto_dbg_dp_t [<num>]: segfault at <hex> rip <hex> rsp <hex> error <num>,1,1,frequency_representative
5555410,premo_dbg_dp_tb[14455]: segfault at 0000000000000020 rip 000000000194327b rsp 0000007fbfffe2e8 error 4,E806,<*>[<*>]: segfault at <*> rip <*> rsp <*> error <*>,19,premo_dbg_dp_tb[ <num> ]: segfault at <hex> rip <hex> rsp <hex> error <num>,19,Thunderbird_C0001067,19,19,premo_dbg_dp_tb [<num>]: segfault at <hex> rip <hex> rsp <hex> error <num>,1,1,frequency_representative
5555459,adagio_dbg_dp_t[17850]: segfault at 0000000000000020 rip 00000000022d26bb rsp 0000007fbfffe2e8 error 4,E806,<*>[<*>]: segfault at <*> rip <*> rsp <*> error <*>,33,adagio_dbg_dp_t[ <num> ]: segfault at <hex> rip <hex> rsp <hex> error <num>,33,Thunderbird_C0001068,33,33,adagio_dbg_dp_t [<num>]: segfault at <hex> rip <hex> rsp <hex> error <num>,1,1,frequency_representative
5555514,bem_dbg_dp_tbir[17856]: segfault at 0000000000000020 rip 000000000123b0cb rsp 0000007fbfffe2e8 error 4,E806,<*>[<*>]: segfault at <*> rip <*> rsp <*> error <*>,14,bem_dbg_dp_tbir[ <num> ]: segfault at <hex> rip <hex> rsp <hex> error <num>,14,Thunderbird_C0001069,14,14,bem_dbg_dp_tbir [<num>]: segfault at <hex> rip <hex> rsp <hex> error <num>,1,1,frequency_representative
5555540,adesto_dbg_dp_t[17860]: segfault at 0000000000000020 rip 000000000237310b rsp 0000007fbfffe2e8 error 4,E806,<*>[<*>]: segfault at <*> rip <*> rsp <*> error <*>,19,adesto_dbg_dp_t[ <num> ]: segfault at <hex> rip <hex> rsp <hex> error <num>,19,Thunderbird_C0001070,19,19,adesto_dbg_dp_t [<num>]: segfault at <hex> rip <hex> rsp <hex> error <num>,1,1,frequency_representative
5555662,Utst_Solv_dbg_d[17880]: segfault at 0000000000000020 rip 00000000013431fb rsp 0000007fbfffe2d8 error 4,E806,<*>[<*>]: segfault at <*> rip <*> rsp <*> error <*>,10,utst_solv_dbg_d[ <num> ]: segfault at <hex> rip <hex> rsp <hex> error <num>,10,Thunderbird_C0001071,10,10,utst_solv_dbg_d [<num>]: segfault at <hex> rip <hex> rsp <hex> error <num>,1,1,frequency_representative
5555769,calore_dbg_dp_t[17898]: segfault at 0000000000000047 rip 0000000001fe541b rsp 0000007fbfffe2f8 error 4,E806,<*>[<*>]: segfault at <*> rip <*> rsp <*> error <*>,23,calore_dbg_dp_t[ <num> ]: segfault at <hex> rip <hex> rsp <hex> error <num>,23,Thunderbird_C0001072,23,23,calore_dbg_dp_t [<num>]: segfault at <hex> rip <hex> rsp <hex> error <num>,1,1,frequency_representative
5555848,fuego_dbg_dp_tb[17905]: segfault at 0000000000000047 rip 00000000025f786b rsp 0000007fbfffe308 error 4,E806,<*>[<*>]: segfault at <*> rip <*> rsp <*> error <*>,8,fuego_dbg_dp_tb[ <num> ]: segfault at <hex> rip <hex> rsp <hex> error <num>,8,Thunderbird_C0001073,8,8,fuego_dbg_dp_tb [<num>]: segfault at <hex> rip <hex> rsp <hex> error <num>,1,1,frequency_representative
5555909,calagio_dbg_dp_[31265]: segfault at 0000000000000047 rip 000000000265753b rsp 0000007fbfffe2a8 error 4,E806,<*>[<*>]: segfault at <*> rip <*> rsp <*> error <*>,23,calagio_dbg_dp_[ <num> ]: segfault at <hex> rip <hex> rsp <hex> error <num>,23,Thunderbird_C0001074,23,23,calagio_dbg_dp_ [<num>]: segfault at <hex> rip <hex> rsp <hex> error <num>,1,1,frequency_representative
5555923,aria_dbg_dp_tbi[31317]: segfault at 0000000000000020 rip 00000000015f828b rsp 0000007fbfffe2f8 error 4,E806,<*>[<*>]: segfault at <*> rip <*> rsp <*> error <*>,3,aria_dbg_dp_tbi[ <num> ]: segfault at <hex> rip <hex> rsp <hex> error <num>,3,Thunderbird_C0001075,3,3,aria_dbg_dp_tbi [<num>]: segfault at <hex> rip <hex> rsp <hex> error <num>,1,1,frequency_representative
5555935,calinas_dbg_dp_[31335]: segfault at 0000000000000047 rip 000000000289265b rsp 0000007fbfffe2d8 error 4,E806,<*>[<*>]: segfault at <*> rip <*> rsp <*> error <*>,2,calinas_dbg_dp_[ <num> ]: segfault at <hex> rip <hex> rsp <hex> error <num>,2,Thunderbird_C0001076,2,2,calinas_dbg_dp_ [<num>]: segfault at <hex> rip <hex> rsp <hex> error <num>,1,1,frequency_representative
5555996,prelinas_dbg_dp[31653]: segfault at 0000000000000020 rip 000000000178c53b rsp 0000007fbfffe2e8 error 4,E806,<*>[<*>]: segfault at <*> rip <*> rsp <*> error <*>,3,prelinas_dbg_dp[ <num> ]: segfault at <hex> rip <hex> rsp <hex> error <num>,3,Thunderbird_C0001077,3,3,prelinas_dbg_dp [<num>]: segfault at <hex> rip <hex> rsp <hex> error <num>,1,1,frequency_representative
5556680,Mjql_dbg_dp_tbi[32661]: segfault at 0000000000000020 rip 0000000001ca161b rsp 0000007fbfffe2b8 error 4,E806,<*>[<*>]: segfault at <*> rip <*> rsp <*> error <*>,4,mjql_dbg_dp_tbi[ <num> ]: segfault at <hex> rip <hex> rsp <hex> error <num>,4,Thunderbird_C0001078,4,4,mjql_dbg_dp_tbi [<num>]: segfault at <hex> rip <hex> rsp <hex> error <num>,1,1,frequency_representative
5556795,Mxpl_dbg_dp_tbi[777]: segfault at 0000000000000047 rip 0000000000d10b7b rsp 0000007fbfffe2e8 error 4,E806,<*>[<*>]: segfault at <*> rip <*> rsp <*> error <*>,1,mxpl_dbg_dp_tbi[ <num> ]: segfault at <hex> rip <hex> rsp <hex> error <num>,1,Thunderbird_C0001079,1,1,mxpl_dbg_dp_tbi [<num>]: segfault at <hex> rip <hex> rsp <hex> error <num>,1,1,frequency_representative
5556839,arpeggio_dbg_dp[965]: segfault at 0000000000000020 rip 0000000002666f2b rsp 0000007fbfffe2b8 error 4,E806,<*>[<*>]: segfault at <*> rip <*> rsp <*> error <*>,1,arpeggio_dbg_dp[ <num> ]: segfault at <hex> rip <hex> rsp <hex> error <num>,1,Thunderbird_C0001080,1,1,arpeggio_dbg_dp [<num>]: segfault at <hex> rip <hex> rsp <hex> error <num>,1,1,frequency_representative
10119192,Kerberos TGT authentication as user lnihlen accepted for #443#@#24#.,E313,Kerberos TGT authentication as user <*> accepted for <*>.,108,kerberos tgt authentication as user lnihlen accepted for # <num> #@# <num> #.,1,Thunderbird_C0001081,2,110,kerberos tgt authentication as user <*> accepted for # <num> # @ # <num> #.,2,1,frequency_representative
5557381,Kerberos TGT authentication as user jtfish accepted for #241#@#24#.,E313,Kerberos TGT authentication as user <*> accepted for <*>.,2,kerberos tgt authentication as user jtfish accepted for # <num> #@# <num> #.,1,Thunderbird_C0001081,2,110,kerberos tgt authentication as user <*> accepted for # <num> # @ # <num> #.,2,2,complex_sample
5565768,quick_test[17138]: segfault at 0000000000000020 rip 0000000000450ddb rsp 0000007fbfffe8c8 error 4,E806,<*>[<*>]: segfault at <*> rip <*> rsp <*> error <*>,5,quick_test[ <num> ]: segfault at <hex> rip <hex> rsp <hex> error <num>,5,Thunderbird_C0001082,5,5,quick_test [<num>]: segfault at <hex> rip <hex> rsp <hex> error <num>,1,1,frequency_representative
5566696,test2[1961]: segfault at 0000000000000020 rip 000000000043f94b rsp 0000007fbfffe628 error 4,E806,<*>[<*>]: segfault at <*> rip <*> rsp <*> error <*>,1,test2[ <num> ]: segfault at <hex> rip <hex> rsp <hex> error <num>,1,Thunderbird_C0001083,1,1,test 2 [<num>]: segfault at <hex> rip <hex> rsp <hex> error <num>,1,1,frequency_representative
5568397,test3[17307]: segfault at 0000000000000020 rip 00000000004394cb rsp 0000007fbfffeb28 error 4,E806,<*>[<*>]: segfault at <*> rip <*> rsp <*> error <*>,3,test3[ <num> ]: segfault at <hex> rip <hex> rsp <hex> error <num>,3,Thunderbird_C0001084,3,3,test 3 [<num>]: segfault at <hex> rip <hex> rsp <hex> error <num>,1,1,frequency_representative
5573093,intel_test[18061]: segfault at 0000000000000020 rip 000000000043f94b rsp 0000007fbfffea28 error 4,E806,<*>[<*>]: segfault at <*> rip <*> rsp <*> error <*>,1,intel_test[ <num> ]: segfault at <hex> rip <hex> rsp <hex> error <num>,1,Thunderbird_C0001085,1,1,intel_test [<num>]: segfault at <hex> rip <hex> rsp <hex> error <num>,1,1,frequency_representative
5576744,DIALUP AT ttyS0 BY root,E1080,DIALUP AT ttyS0 BY <*>,10,dialup at ttys0 by root,1,Thunderbird_C0001086,1,10,dialup at ttys 0 by root,1,1,frequency_representative
5576745,ROOT LOGIN ON ttyS0,E1225,<*> LOGIN ON <*>,10,root login on ttys0,1,Thunderbird_C0001087,1,10,root login on ttys 0,1,1,frequency_representative
5581105,usb 1-3: usbfs: USBDEVFS_CONTROL failed cmd lsusb rqt 128 rq 6 len 4 ret -32,E268,usb <*>: usbfs: USBDEVFS_CONTROL failed cmd <*> rqt <*> rq <*> len <*> ret <*>,32,usb <num> - <num> : usbfs: usbdevfs_control failed cmd lsusb rqt <num> rq <num> len <num> ret <num>,1,Thunderbird_C0001088,1,32,usb <num>-<num>: usbfs: usbdevfs_control failed cmd lsusb rqt <num> rq <num> len <num> ret <num>,1,1,frequency_representative
5588688,#57# : TTY=pts/0 ; PWD=/home/#57# ; USER=root ; COMMAND=/sbin/ifconfig,E768,<*> : TTY=<*> ; PWD=<*> ; USER=<*> ; COMMAND=<*>,1,# <num> # : tty=pts/ <num> ; pwd=/home/# <num> # ; user=root ; command=/sbin/ifconfig,1,Thunderbird_C0001089,1,1,# <num> #: tty = pts/<num>; pwd =/home/# <num> #; user = root; command =/sbin/ifconfig,1,1,frequency_representative
8328149,#311# : TTY=pts/4 ; PWD=/projects/lammps/tbird/80-3500fl2 ; USER=root ; COMMAND=/bin/su -,E768,<*> : TTY=<*> ; PWD=<*> ; USER=<*> ; COMMAND=<*>,12,# <num> # : tty=pts/ <num> ; pwd= <path> ; user=root ; command=/bin/su -,9,Thunderbird_C0001090,9,12,# <num> #: tty = pts/<num>; pwd = <path>; user = root; command =/bin/su -,1,1,frequency_representative
8156552,"User #357#, coming from sass2889-#251#, authenticated.",E603,"User <*>, coming from <*>, authenticated.",28,"user # <num> #, coming from <id> -# <num> #, authenticated.",2,Thunderbird_C0001091,6,38,"user # <num> #, coming from <*>-# <num> #, authenticated.",2,1,frequency_representative
7900624,"User #328#, coming from dougs-#333#, authenticated.",E603,"User <*>, coming from <*>, authenticated.",4,"user # <num> #, coming from dougs-# <num> #, authenticated.",1,Thunderbird_C0001091,6,38,"user # <num> #, coming from <*>-# <num> #, authenticated.",2,2,complex_sample
5781102,cpi[8403]: segfault at 0000000000000020 rip 000000000043fcab rsp 0000007fbfffe758 error 4,E806,<*>[<*>]: segfault at <*> rip <*> rsp <*> error <*>,22,cpi[ <num> ]: segfault at <hex> rip <hex> rsp <hex> error <num>,22,Thunderbird_C0001092,22,22,cpi [<num>]: segfault at <hex> rip <hex> rsp <hex> error <num>,1,1,frequency_representative
5882244,Cannot open file /var/log/syslog-ng/bn370/2005.11.22 for writing (No such file or directory),E239,Cannot open file <*> for writing (No such file or directory),36618,cannot open file <path> for writing (no such file or directory),4082,Thunderbird_C0001093,4082,36618,cannot open file <path> for writing (no such file or directory),1,1,frequency_representative
6737393,Cannot open file /var/log/syslog-ng/bn66/2005.11.22 for writing (Too many open files),E318,Cannot open file <*> for writing (Too many open files),51133,cannot open file <path> for writing (too many open files),4984,Thunderbird_C0001094,4984,51133,cannot open file <path> for writing (too many open files),1,1,frequency_representative
5816420,"io.c: accept() failed, Too many open files",E554,"<*>: accept() failed, Too many open files",10,"io.c: accept() failed, too many open files",1,Thunderbird_C0001095,1,10,"io. c: accept () failed, too many open files",1,1,frequency_representative
5879245,#113# : TTY=pts/1 ; PWD=/home/#113#/examples ; USER=root ; COMMAND=/bin/su -,E768,<*> : TTY=<*> ; PWD=<*> ; USER=<*> ; COMMAND=<*>,1,# <num> # : tty=pts/ <num> ; pwd=/home/# <num> #/examples ; user=root ; command=/bin/su -,1,Thunderbird_C0001096,2,2,# <num> #: tty = pts/<num>; pwd =/home/# <num> #/<*>; user = root; command =/bin/su -,2,1,frequency_representative
7945131,#311# : TTY=pts/5 ; PWD=/home/#311#/tbird ; USER=root ; COMMAND=/bin/su -,E768,<*> : TTY=<*> ; PWD=<*> ; USER=<*> ; COMMAND=<*>,1,# <num> # : tty=pts/ <num> ; pwd=/home/# <num> #/tbird ; user=root ; command=/bin/su -,1,Thunderbird_C0001096,2,2,# <num> #: tty = pts/<num>; pwd =/home/# <num> #/<*>; user = root; command =/bin/su -,2,2,complex_sample
5924115,#47# : TTY=pts/5 ; PWD=/home/#47# ; USER=root ; COMMAND=/usr/bin/ssh tbird-top,E768,<*> : TTY=<*> ; PWD=<*> ; USER=<*> ; COMMAND=<*>,1,# <num> # : tty=pts/ <num> ; pwd=/home/# <num> # ; user=root ; command=/usr/bin/ssh tbird-top,1,Thunderbird_C0001097,1,1,# <num> #: tty = pts/<num>; pwd =/home/# <num> #; user = root; command =/usr/bin/ssh tbird-top,1,1,frequency_representative
5943313,mount to NFS server 'nfs1' failed: server is down.,E390,mount to NFS server <*> failed: server is down.,131,mount to nfs server 'nfs1' failed: server is down.,1,Thunderbird_C0001098,1,131,mount to nfs server ' nfs 1 ' failed: server is down.,1,1,frequency_representative
6376259,"mount.panfs warning: couldn't ping address #27#:3095 using 10.100.140.63:1,",E392,mount.panfs warning: couldn't ping address <*>,405,"mount.panfs warning: couldn't ping address # <num> #: <num> using <ip> ,",393,Thunderbird_C0001099,393,405,"mount. panfs warning: couldn ' t ping address # <num> #: <num> using <ip>,",1,1,frequency_representative
6162526,[ib_sm_assign.c:589]: Set LID failed because NO RESPONSE,E839,[<*>]: Set LID failed because <*>,3,[ <id> ]: set lid failed because no response,1,Thunderbird_C0001100,1,3,[<id>]: set lid failed because no response,1,1,frequency_representative
6215347,"mount.panfs warning: couldn't ping address #27#:3095 using 10.100.129.66:1, 0x23a1 (pan_sock: timeout)",E392,mount.panfs warning: couldn't ping address <*>,2,"mount.panfs warning: couldn't ping address # <num> #: <num> using <ip> , <hex> (pan_sock: timeout)",2,Thunderbird_C0001101,2,2,"mount. panfs warning: couldn ' t ping address # <num> #: <num> using <ip>, <hex> (pan_sock: timeout)",1,1,frequency_representative
6252703,THH(1): IF_CMD_STAT_DDR_MEM_ERR - memory error,E330,THH(<*>): IF_CMD_STAT_DDR_MEM_ERR - memory error,3,thh( <num> ): if_cmd_stat_ddr_mem_err - memory error,1,Thunderbird_C0001102,1,3,thh (<num>): if_cmd_stat_ddr_mem_err-memory error,1,1,frequency_representative
6252704,THH(1): mnt_projects/sysapps/src/ib/topspin/topspin-src-3.2.0-16/third_party/thca4_linux/kernel/mlxhh/thh/obj_host_amd64_custom1_rhel4/mod_thh/hob.c[2890]: XHH_hob_create: CMD_error in XHH_cmd_SYS_EN (7),E199,THH(<*>): <*>[<*>]: XHH_hob_create: CMD_error in XHH_cmd_SYS_EN (<*>),3,thh( <num> ): mnt_projects/sysapps/src/ib/topspin/ <id> /third_party/ <id> /kernel/mlxhh/thh/ <id> /mod_thh/hob.c[ <num> ]: xhh_hob_create: cmd_error in xhh_cmd_sys_en ( <num> ),1,Thunderbird_C0001103,1,3,thh (<num>): mnt_projects/sysapps/src/ib/topspin/<id>/third_party/<id>/kernel/mlxhh/thh/<id>/mod_thh/hob. c [<num>]: xhh_hob_create: cmd_error in xhh_cmd_sys_en (<num>),1,1,frequency_representative
6252705,THH(1): modprobe[935]: mnt_projects/sysapps/src/ib/topspin/topspin-src-3.2.0-16/third_party/thca4_linux/kernel/mlxhh/thh/obj_host_amd64_custom1_rhel4/mod_thh/linux_module.c:486: Failed creating THH hob for device 25208 in index 0,E165,THH(<*>): modprobe[<*>]: <*>: Failed creating THH hob for device <*> in index <*>,3,thh( <num> ): modprobe[ <num> ]: mnt_projects/sysapps/src/ib/topspin/ <id> /third_party/ <id> /kernel/mlxhh/thh/ <id> /mod_thh/ <id> : failed creating thh hob for device <num> in index <num>,1,Thunderbird_C0001104,1,3,thh (<num>): modprobe [<num>]: mnt_projects/sysapps/src/ib/topspin/<id>/third_party/<id>/kernel/mlxhh/thh/<id>/mod_thh/<id>: failed creating thh hob for device <num> in index <num>,1,1,frequency_representative
6252744,Tavor HCA Driver: probe of 0000:08:00.0 failed with error -1,E421,Tavor HCA Driver: probe of <*> failed with error <*>,3,tavor hca driver: probe of <ip> . <num> failed with error <num>,1,Thunderbird_C0001105,1,3,tavor hca driver: probe of <ip>. <num> failed with error <num>,1,1,frequency_representative
6331666,udev[2548]: segfault at 0000000000000138 rip 0000000000408262 rsp 0000007fbfffcee0 error 4,E806,<*>[<*>]: segfault at <*> rip <*> rsp <*> error <*>,6,udev[ <num> ]: segfault at <hex> rip <hex> rsp <hex> error <num>,6,Thunderbird_C0001106,6,6,udev [<num>]: segfault at <hex> rip <hex> rsp <hex> error <num>,1,1,frequency_representative
6334057,"Bootdata ok (command line is ro root=LABEL=/1 tsc console==tty0 console=ttyS0,115200 rhgb quiet)",E109,"Bootdata ok (command line is ro <*>=LABEL=<*> tsc console==<*> console=<*>,<*> rhgb quiet)",1,"bootdata ok (command line is ro root=label=/ <num> tsc console==tty0 console=ttys0, <num> rhgb quiet)",1,Thunderbird_C0001107,1,1,"bootdata ok (command line is ro root = label =/<num> tsc console = = tty 0 console = ttys 0, <num> rhgb quiet)",1,1,frequency_representative
6334093,"Kernel command line: ro root=LABEL=/1 tsc console==tty0 console=ttyS0,115200 rhgb quiet",E211,"Kernel command line: ro <*>=<*> tsc console=<*> console=<*>,<*> rhgb quiet",1,"kernel command line: ro root=label=/ <num> tsc console==tty0 console=ttys0, <num> rhgb quiet",1,Thunderbird_C0001108,1,1,"kernel command line: ro root = label =/<num> tsc console = = tty 0 console = ttys 0, <num> rhgb quiet",1,1,frequency_representative
16322147,"[ib_sm_discovery.c:397]: Failed to get PORT GUID for CA=5ad0000041150, port=1, no response",E265,"[<*>]: Failed to get PORT GUID for CA=<*>, port=<*>, no response",14,"[ <id> ]: failed to get port guid for ca= <hex> , port= <num> , no response",7,Thunderbird_C0001109,7,14,"[<id>]: failed to get port guid for ca = <hex>, port = <num>, no response",1,1,frequency_representative
6599431,"[ib_sm_bringup.c:678]: Failed to negotiate MTU, op_vl for node=5ad000003947c, port= 1, no response",E163,"[<*>]: Failed to negotiate MTU, op_vl for node=<*>, port=<*>, no response",2,"[ <id> ]: failed to negotiate mtu, op_vl for node= <hex> , port= <num> , no response",1,Thunderbird_C0001110,1,2,"[<id>]: failed to negotiate mtu, op_vl for node = <hex>, port = <num>, no response",1,1,frequency_representative
6610816,mount.panfs error: cannot find object indicated by path 'home' (0x2eea (bindcache: No realm managers found)),E107,mount.panfs error: cannot find object indicated by path <*> (<*> (bindcache: <*>)),346,mount.panfs error: cannot find object indicated by path 'home' ( <hex> (bindcache: no realm managers found)),1,Thunderbird_C0001111,1,346,mount. panfs error: cannot find object indicated by path ' home ' (<hex> (bindcache: no realm managers found)),1,1,frequency_representative
6808688,Cannot open file /var/log/syslog-ng/#1#/2005.11.22 for writing (Too many open files),E318,Cannot open file <*> for writing (Too many open files),35,cannot open file /var/log/syslog-ng/# <num> #/ <num> . <num> for writing (too many open files),8,Thunderbird_C0001112,8,35,cannot open file/var/log/syslog-ng/# <num> #/<num>. <num> for writing (too many open files),1,1,frequency_representative
6968096,#57# : TTY=pts/1 ; PWD=/home/#57# ; USER=root ; COMMAND=/apps/torque/bin/qdel 43800,E768,<*> : TTY=<*> ; PWD=<*> ; USER=<*> ; COMMAND=<*>,3,# <num> # : tty=pts/ <num> ; pwd=/home/# <num> # ; user=root ; command=/apps/torque/bin/qdel <num>,3,Thunderbird_C0001113,3,3,# <num> #: tty = pts/<num>; pwd =/home/# <num> #; user = root; command =/apps/torque/bin/qdel <num>,1,1,frequency_representative
7854594,Listening on LPF/eth1/00:14:22:14:28:f1/E_net,E1171,Listening on <*>,158,listening on lpf/eth1/ <ip> /e_net,2,Thunderbird_C0001114,2,158,listening on lpf/eth 1/<ip>/e_net,1,1,frequency_representative
7854598,Sending on LPF/eth1/00:14:22:14:28:f1/E_net,E1201,Sending on <*>,158,sending on lpf/eth1/ <ip> /e_net,2,Thunderbird_C0001115,2,158,sending on lpf/eth 1/<ip>/e_net,1,1,frequency_representative
13947792,pan_kernel: expected release: 2.6.9-15.EL.rootsmp release is: 2.6.9-1.4.5.6smp <12>Dec 21 12:17:20 mount.panfs: mount.panfs warning: mounting panfs in an untested environment!!,E422,pan_kernel: expected release: <*> release is: <*>,21,pan_kernel: expected release: <id> release is: <id> < <num> >dec <num> <ip> mount.panfs: mount.panfs warning: mounting panfs in an untested environment!!,17,Thunderbird_C0001116,18,22,pan_kernel: expected release: <id> release is: <id> < <num> > <*> <num> <ip> mount. panfs: mount. panfs warning: mounting panfs in an untested environment!!,2,1,frequency_representative
6991424,pan_kernel: expected release: 2.6.9-15.EL.rootsmp release is: 2.6.9-1.4.5.6smp <12>Nov 22 18:47:54 mount.panfs: mount.panfs warning: mounting panfs in an untested environment!!,E422,pan_kernel: expected release: <*> release is: <*>,1,pan_kernel: expected release: <id> release is: <id> < <num> >nov <num> <ip> mount.panfs: mount.panfs warning: mounting panfs in an untested environment!!,1,Thunderbird_C0001116,18,22,pan_kernel: expected release: <id> release is: <id> < <num> > <*> <num> <ip> mount. panfs: mount. panfs warning: mounting panfs in an untested environment!!,2,2,complex_sample
6998576,"usb 1-3: USB disconnect, address 2",E760,"usb <*>: USB disconnect, address <*>",1,"usb <num> - <num> : usb disconnect, address <num>",1,Thunderbird_C0001117,1,1,"usb <num>-<num>: usb disconnect, address <num>",1,1,frequency_representative
7014106,tftpd: read: Connection refused,E646,tftpd: read: Connection refused,5,tftpd: read: connection refused,1,Thunderbird_C0001118,1,5,tftpd: read: connection refused,1,1,frequency_representative
7037541,"kpanfs_thpool: page allocation failure. order:1, mode:0xd0",E227,"kpanfs_thpool: page allocation failure. order:<*>, mode:<*>",1010,"kpanfs_thpool: page allocation failure. order: <num> , mode: <hex>",2,Thunderbird_C0001119,2,1010,"kpanfs_thpool: page allocation failure. order: <num>, mode: <hex>",1,1,frequency_representative
7107299,Free pages: 201604kB (0kB HighMem),E981,Free pages: <*> (<*> HighMem),810,free pages: <id> (0kb highmem),533,Thunderbird_C0001120,533,810,free pages: <id> (0 kb highmem),1,1,frequency_representative
7106581,Node 0 Normal: 47518*4kB 0*8kB 0*16kB 0*32kB 0*64kB 0*128kB 0*256kB 0*512kB 0*1024kB 0*2048kB 0*4096kB = 190072kB,E1159,Node <*> Normal: <*> = <*>,815,node <num> normal: <num> *4kb <num> *8kb <num> *16kb <num> *32kb <num> *64kb <num> *128kb <num> *256kb <num> *512kb <num> *1024kb <num> *2048kb <num> *4096kb = <id>,525,Thunderbird_C0001121,525,815,node <num> normal: <num> * 4 kb <num> * 8 kb <num> * 16 kb <num> * 32 kb <num> * 64 kb <num> * 128 kb <num> * 256 kb <num> * 512 kb <num> * 1024 kb <num> * 2048 kb <num> * 4096 kb = <id>,1,1,frequency_representative
7081363,"cpu 0 hot: low 34>cpu 0 hot: low 32, high 96, batch 16",E905,"cpu <*> hot: low <*>, high <*>, batch <*>",1,"cpu <num> hot: low <num> >cpu <num> hot: low <num> , high <num> , batch <num>",1,Thunderbird_C0001122,1,1,"cpu <num> hot: low <num> > cpu <num> hot: low <num>, high <num>, batch <num>",1,1,frequency_representative
7081899,active:5896kB present:7323648kB pages_scanned:363 all_unreclaimable? no,E563,<*> pages_scanned:<*> all_unreclaimable? <*>,1,<id> <id> <id> all_unreclaimable? no,1,Thunderbird_C0001123,1,1,<id> <id> <id> all_unreclaimable? no,1,1,frequency_representative
7082444,Node 0 N188232kB min:2696kB low:5392kB high:8088kB active:11168kB inactive:1520kB present:7323648kB pages_scanned:0 all_unreclaimable? no,E71,Node <*> <*> <*> min:<*> low:<*> high:<*> active:<*> inactive:<*> present:<*> pages_scanned:<*> all_unreclaimable? <*>,1,node <num> <id> <id> <id> <id> <id> <id> <id> <id> all_unreclaimable? no,1,Thunderbird_C0001124,1,1,node <num> <id> <id> <id> <id> <id> <id> <id> <id> all_unreclaimable? no,1,1,frequency_representative
7083388,Call Trace:<ffffffff8015c61c>{__alloc_pages+846} <ffffffff80088kB active:9188kB inactive:3816kB present:7323648kB pages_scanned:528 all_unreclaimable? no,E563,<*> pages_scanned:<*> all_unreclaimable? <*>,1,call trace:< <hex> >{__alloc_pages+ <num> } < <id> <id> <id> <id> <id> all_unreclaimable? no,1,Thunderbird_C0001125,1,1,call trace: < <hex> > {__alloc_pages + <num>} < <id> <id> <id> <id> <id> all_unreclaimable? no,1,1,frequency_representative
7084654,<ffffffff8013ed48>{del_singleshot_timer_sync+21} <ffffffff active:0kB inactive:0kB present:0kB pages_scanned:0 all_unreclaimable? no,E563,<*> pages_scanned:<*> all_unreclaimable? <*>,1,< <hex> >{del_singleshot_timer_sync+ <num> } <ffffffff <id> <id> <id> <id> all_unreclaimable? no,1,Thunderbird_C0001126,1,1,< <hex> > {del_singleshot_timer_sync + <num>} < ffffffff <id> <id> <id> <id> all_unreclaimable? no,1,1,frequency_representative
7085723,"high 32, batch 16",E1189,"high <*>, batch <*>",1,"high <num> , batch <num>",1,Thunderbird_C0001127,1,1,"high <num>, batch <num>",1,1,frequency_representative
7086560,protectih 16,E1202,protectih <*>,1,protectih <num>,1,Thunderbird_C0001128,1,1,protectih <num>,1,1,frequency_representative
7086777,<de 0 HighMem per-cpu: empty,E823,<de <*> HighMem per-cpu: empty,1,<de <num> highmem per-cpu: empty,1,Thunderbird_C0001129,1,1,< de <num> highmem per-cpu: empty,1,1,frequency_representative
7087602,"rpc: request timed out, request 460, pan_rm_get_active_mgrs_per_chunk_fast_rpc_v1 (sync), to #264#:3095",E426,"rpc: request timed out, request <*>, <*> (sync), to <*>",391,"rpc: request timed out, request <num> , <id> (sync), to # <num> #: <num>",55,Thunderbird_C0001130,55,391,"rpc: request timed out, request <num>, <id> (sync), to # <num> #: <num>",1,1,frequency_representative
7091182,snmpd shutdown failed,E1114,<*> shutdown failed,1,snmpd shutdown failed,1,Thunderbird_C0001131,1,1,snmpd shutdown failed,1,1,frequency_representative
7091992,<ffffffffa04d14 present:0kB pages_scanned:0 all_unreclaimable? no,E563,<*> pages_scanned:<*> all_unreclaimable? <*>,1,< <hex> <id> <id> all_unreclaimable? no,1,Thunderbird_C0001132,1,1,< <hex> <id> <id> all_unreclaimable? no,1,1,frequency_representative
7104562,<ffffffffa04cc384kB pages_scanned:5033 all_unreclaimable? yes,E563,<*> pages_scanned:<*> all_unreclaimable? <*>,1,< <id> <id> all_unreclaimable? yes,1,Thunderbird_C0001133,1,1,< <id> <id> all_unreclaimable? yes,1,1,frequency_representative
7112385,<ffffffffa047348c>{:panfs:pan_sock_linux_kernel_thpool_func HighMem free:0kB min:128kB low:256kB high:384kB active:0kB inactive:0kB present:0kB pages_scanned:0 all_unreclaimable? no,E563,<*> pages_scanned:<*> all_unreclaimable? <*>,1,< <hex> >{:panfs:pan_sock_linux_kernel_thpool_func highmem <id> <id> <id> <id> <id> <id> <id> <id> all_unreclaimable? no,1,Thunderbird_C0001134,1,1,< <hex> > {: panfs: pan_sock_linux_kernel_thpool_func highmem <id> <id> <id> <id> <id> <id> <id> <id> all_unreclaimable? no,1,1,frequency_representative
7115253,"low 0, high 32, batch 16",E1123,"low <*>, high <*>, batch <*>",1,"low <num> , high <num> , batch <num>",1,Thunderbird_C0001135,1,1,"low <num>, high <num>, batch <num>",1,1,frequency_representative
7123952,<ffffffffa0470d04>{:panfs:pan_sock_linux_kernel_sock_c 1,E443,<*>{:panfs:pan_sock_linux_kernel_sock_c <*>,1,< <hex> >{:panfs:pan_sock_linux_kernel_sock_c <num>,1,Thunderbird_C0001136,1,1,< <hex> > {: panfs: pan_sock_linux_kernel_sock_c <num>,1,1,frequency_representative
7142924,Cannot open file /var/log/syslog-ng/#31#/2005.11.23 for writing (No such file or directory),E239,Cannot open file <*> for writing (No such file or directory),2,cannot open file /var/log/syslog-ng/# <num> #/ <num> . <num> for writing (no such file or directory),2,Thunderbird_C0001137,2,2,cannot open file/var/log/syslog-ng/# <num> #/<num>. <num> for writing (no such file or directory),1,1,frequency_representative
7143674,Lustre: Lustre Lite Client File System; #10#@#11#,E506,Lustre: Lustre Lite Client File System; <*>,82,lustre: lustre lite client file system; # <num> #@# <num> #,1,Thunderbird_C0001138,1,82,lustre: lustre lite client file system; # <num> # @ # <num> #,1,1,frequency_representative
7187583,#57# : TTY=pts/3 ; PWD=/home/#57# ; USER=root ; COMMAND=/usr/bin/tail -f /var/log/messages,E768,<*> : TTY=<*> ; PWD=<*> ; USER=<*> ; COMMAND=<*>,1,# <num> # : tty=pts/ <num> ; pwd=/home/# <num> # ; user=root ; command=/usr/bin/tail -f /var/log/messages,1,Thunderbird_C0001139,1,1,# <num> #: tty = pts/<num>; pwd =/home/# <num> #; user = root; command =/usr/bin/tail-f/var/log/messages,1,1,frequency_representative
7188535,#57# : TTY=pts/3 ; PWD=/var/log ; USER=root ; COMMAND=/bin/rm -rf messages.1 messages.2 messages.3 messages.4,E768,<*> : TTY=<*> ; PWD=<*> ; USER=<*> ; COMMAND=<*>,1,# <num> # : tty=pts/ <num> ; pwd=/var/log ; user=root ; command=/bin/rm -rf <id> <id> <id> <id>,1,Thunderbird_C0001140,1,1,# <num> #: tty = pts/<num>; pwd =/var/log; user = root; command =/bin/rm-rf <id> <id> <id> <id>,1,1,frequency_representative
7188633,#57# : TTY=pts/3 ; PWD=/var/lib ; USER=root ; COMMAND=/bin/su -,E768,<*> : TTY=<*> ; PWD=<*> ; USER=<*> ; COMMAND=<*>,1,# <num> # : tty=pts/ <num> ; pwd=/var/lib ; user=root ; command=/bin/su -,1,Thunderbird_C0001141,1,1,# <num> #: tty = pts/<num>; pwd =/var/lib; user = root; command =/bin/su -,1,1,frequency_representative
7193129,Local disconnected: Connection closed by remote host.,E237,Local disconnected: Connection closed by remote host.,5,local disconnected: connection closed by remote host.,1,Thunderbird_C0001142,1,5,local disconnected: connection closed by remote host.,1,1,frequency_representative
7193130,connection lost: 'Connection closed by remote host.',E1034,connection lost: '<*>',5,connection lost: 'connection closed by remote host.',1,Thunderbird_C0001143,1,5,connection lost: ' connection closed by remote host. ',1,1,frequency_representative
7221381,pan_ips: error -- cmd_destroy: destroying aborted (rc=0x1d7e (IPS: session got unknown error callback)) command 0xffffff0011b4e748 (0:0:92),E33,pan_ips: error -- cmd_destroy: destroying aborted (rc=<*> (IPS: session got unknown error callback)) command <*> (<*>),155,pan_ips: error -- cmd_destroy: destroying aborted (rc= <hex> (ips: session got unknown error callback)) command <hex> ( <ip> ),98,Thunderbird_C0001144,98,155,pan_ips: error-- cmd_destroy: destroying aborted (rc = <hex> (ips: session got unknown error callback)) command <hex> (<ip>),1,1,frequency_representative
7218157,pan_ips: error -- cmd_destroy: invoking callback on aborted (rc=0x1d7e (IPS: session got unknown error callback)) command 0xffffff0011b4e748,E30,pan_ips: error -- cmd_destroy: invoking callback on aborted (rc=<*> (IPS: session got unknown error callback)) command <*>,88,pan_ips: error -- cmd_destroy: invoking callback on aborted (rc= <hex> (ips: session got unknown error callback)) command <hex>,5,Thunderbird_C0001145,5,88,pan_ips: error-- cmd_destroy: invoking callback on aborted (rc = <hex> (ips: session got unknown error callback)) command <hex>,1,1,frequency_representative
7221057,rpc: poll response for unknown request 823,E528,rpc: poll response for unknown request <*>,8,rpc: poll response for unknown request <num>,8,Thunderbird_C0001146,8,8,rpc: poll response for unknown request <num>,1,1,frequency_representative
7244062,cannot lock '/var/spool/pbs/mom_priv/mom.lock' - another mom running,E594,cannot lock <*> - another mom running,2,cannot lock ' <path> ' - another mom running,1,Thunderbird_C0001147,1,2,cannot lock ' <path> '-another mom running,1,1,frequency_representative
7244063,pbs_mom startup failed,E1139,<*> startup failed,1019,pbs_mom startup failed,1,Thunderbird_C0001148,1,1019,pbs_mom startup failed,1,1,frequency_representative
16313827,MOSAL(1): pid=519,E1154,MOSAL(<*>): pid=<*>,39718,mosal( <num> ): pid= <num>,188,Thunderbird_C0001149,2655,119093,mosal (<num>): <*> = <hex>,3,1,frequency_representative
16438376,MOSAL(1): map_list = 00000100936696a0,E1039,MOSAL(<*>): map_list = <*>,39693,mosal( <num> ): map_list = <hex>,2466,Thunderbird_C0001149,2655,119093,mosal (<num>): <*> = <hex>,3,2,complex_sample
7244232,MOSAL(1): file_p = 0000000000000000,E1091,MOSAL(<*>): file_p = <*>,39682,mosal( <num> ): file_p = <hex>,1,Thunderbird_C0001149,2655,119093,mosal (<num>): <*> = <hex>,3,3,diverse_sample
16321685,MOSAL(1): mnt_projects/sysapps/src/ib/topspin/topspin-src-3.2.0-16/third_party/thca4_linux/kernel/mlxsys/obj_host_amd64_custom1_rhel4/mlxsys/mosal_iobuf.c[126]: dump iobuf at 000001016015f400 :,E840,MOSAL(<*>): <*>[<*>]: dump iobuf at <*> :,39756,mosal( <num> ): mnt_projects/sysapps/src/ib/topspin/ <id> /third_party/ <id> /kernel/mlxsys/ <id> /mlxsys/mosal_iobuf.c[ <num> ]: dump iobuf at <hex> :,7566,Thunderbird_C0001150,7566,39756,mosal (<num>): mnt_projects/sysapps/src/ib/topspin/<id>/third_party/<id>/kernel/mlxsys/<id>/mlxsys/mosal_iobuf. c [<num>]: dump iobuf at <hex>:,1,1,frequency_representative
7244236,MOSAL(1): req_perm = READ | WRITE,E1019,MOSAL(<*>): req_perm = <*> | <*>,39698,mosal( <num> ): req_perm = read | write,1,Thunderbird_C0001151,1,39698,mosal (<num>): req_perm = read | write,1,1,frequency_representative
7244340,MOSAL(1): xhpl[8633]: mnt_projects/sysapps/src/ib/topspin/topspin-src-3.2.0-16/third_party/thca4_linux/kernel/mlxsys/obj_host_amd64_custom1_rhel4/mlxsys/mosal_iobuf.c:1136: MOSAL_mlock_iobuf failed - MT_ENORSC,E209,MOSAL(<*>): xhpl[<*>]: <*>: MOSAL_mlock_iobuf failed - MT_ENORSC,325,mosal( <num> ): xhpl[ <num> ]: mnt_projects/sysapps/src/ib/topspin/ <id> /third_party/ <id> /kernel/mlxsys/ <id> /mlxsys/ <id> : mosal_mlock_iobuf failed - mt_enorsc,204,Thunderbird_C0001152,204,325,mosal (<num>): xhpl [<num>]: mnt_projects/sysapps/src/ib/topspin/<id>/third_party/<id>/kernel/mlxsys/<id>/mlxsys/<id>: mosal_mlock_iobuf failed-mt_enorsc,1,1,frequency_representative
7246709,MOSAL(1): mnt_projects/sysapps/src/ib/topspin/topspin-src-3.2.0-16/third_party/thca4_linux/kernel/mlxsys/obj_host_amd64_custom1_rhel4/mlxsys/mosal_mlock.c[1326]: priv_mosal_mlock: could not find mm=0x0000010037d0a940 (pid=8699) in the hash,E326,MOSAL(<*>): <*>[<*>]: <*>: could not find mm=<*> (pid=<*>) in the hash,444,mosal( <num> ): mnt_projects/sysapps/src/ib/topspin/ <id> /third_party/ <id> /kernel/mlxsys/ <id> /mlxsys/mosal_mlock.c[ <num> ]: priv_mosal_mlock: could not find mm= <hex> (pid= <num> ) in the hash,443,Thunderbird_C0001153,443,444,mosal (<num>): mnt_projects/sysapps/src/ib/topspin/<id>/third_party/<id>/kernel/mlxsys/<id>/mlxsys/mosal_mlock. c [<num>]: priv_mosal_mlock: could not find mm = <hex> (pid = <num>) in the hash,1,1,frequency_representative
15967938,MOSAL(4): mnt_projects/sysapps/src/ib/topspin/topspin-src-3.2.0-16/third_party/thca4_linux/kernel/mlxsys/obj_host_amd64_custom1_rhel4/mlxsys/mosal_mlock.c[1226]: MOSAL_mlock_iobuf: Failed (MT_EAGAIN) priv_mosal_mlock for addr=0x97A3000 size=0x46000,E102,MOSAL(<*>): <*>[<*>]: MOSAL_mlock_iobuf: Failed (<*>) priv_mosal_mlock for addr=<*> size=<*>,39431,mosal( <num> ): mnt_projects/sysapps/src/ib/topspin/ <id> /third_party/ <id> /kernel/mlxsys/ <id> /mlxsys/mosal_mlock.c[ <num> ]: mosal_mlock_iobuf: failed (mt_eagain) priv_mosal_mlock for addr= <hex> size= <hex>,531,Thunderbird_C0001154,532,39871,mosal (<num>): mnt_projects/sysapps/src/ib/topspin/<id>/third_party/<id>/kernel/mlxsys/<id>/mlxsys/mosal_mlock. c [<num>]: mosal_mlock_iobuf: failed (<*>) priv_mosal_mlock for addr = <hex> size = <hex>,2,1,frequency_representative
7244348,MOSAL(4): mnt_projects/sysapps/src/ib/topspin/topspin-src-3.2.0-16/third_party/thca4_linux/kernel/mlxsys/obj_host_amd64_custom1_rhel4/mlxsys/mosal_mlock.c[1226]: MOSAL_mlock_iobuf: Failed (MT_ENORSC) priv_mosal_mlock for addr=0x2A9608B000 size=0x200000,E102,MOSAL(<*>): <*>[<*>]: MOSAL_mlock_iobuf: Failed (<*>) priv_mosal_mlock for addr=<*> size=<*>,440,mosal( <num> ): mnt_projects/sysapps/src/ib/topspin/ <id> /third_party/ <id> /kernel/mlxsys/ <id> /mlxsys/mosal_mlock.c[ <num> ]: mosal_mlock_iobuf: failed (mt_enorsc) priv_mosal_mlock for addr= <hex> size= <hex>,1,Thunderbird_C0001154,532,39871,mosal (<num>): mnt_projects/sysapps/src/ib/topspin/<id>/third_party/<id>/kernel/mlxsys/<id>/mlxsys/mosal_mlock. c [<num>]: mosal_mlock_iobuf: failed (<*>) priv_mosal_mlock for addr = <hex> size = <hex>,2,2,complex_sample
7244403,THH(1): XHH_mrwm_register_internal: rc=HH_ERR,E445,THH(<*>): XHH_mrwm_register_internal: rc=<*>,238,thh( <num> ): xhh_mrwm_register_internal: rc=hh_err,1,Thunderbird_C0001155,1,238,thh (<num>): xhh_mrwm_register_internal: rc = hh_err,1,1,frequency_representative
7244404,"THH(4): mnt_projects/sysapps/src/ib/topspin/topspin-src-3.2.0-16/third_party/thca4_linux/kernel/mlxhh/thh/obj_host_amd64_custom1_rhel4/mod_thh/tptm.c[1264]: MOSAL_iobuf_register failed: va=0x2A9608B000, size=0x200000 (-4:MT_ENORSC",E157,"THH(<*>): <*>[<*>]: MOSAL_iobuf_register failed: va=<*>, size=<*> (<*>:MT_ENORSC",238,"thh( <num> ): mnt_projects/sysapps/src/ib/topspin/ <id> /third_party/ <id> /kernel/mlxhh/thh/ <id> /mod_thh/tptm.c[ <num> ]: mosal_iobuf_register failed: va= <hex> , size= <hex> (- <id>",1,Thunderbird_C0001156,1,238,"thh (<num>): mnt_projects/sysapps/src/ib/topspin/<id>/third_party/<id>/kernel/mlxhh/thh/<id>/mod_thh/tptm. c [<num>]: mosal_iobuf_register failed: va = <hex>, size = <hex> (- <id>",1,1,frequency_representative
7244550,VIPKL(1): Inside CQM_create_cq: Unable to register HH CQ. hh_ret = -255,E155,VIPKL(<*>): Inside CQM_create_cq: Unable to register HH CQ. hh_ret = <*>,236,vipkl( <num> ): inside cqm_create_cq: unable to register hh cq. hh_ret = <num>,1,Thunderbird_C0001157,1,236,vipkl (<num>): inside cqm_create_cq: unable to register hh cq. hh_ret = <num>,1,1,frequency_representative
7247826,MOSAL(1): root/topspin-src-3.2.0-16/third_party/thca4_linux/kernel/mlxsys/obj_host_amd64_custom1_rhel4/mlxsys/mosal_mlock.c[1326]: priv_mosal_mlock: could not find mm=0x00000101be8844c0 (pid=8583) in the hash,E326,MOSAL(<*>): <*>[<*>]: <*>: could not find mm=<*> (pid=<*>) in the hash,1,mosal( <num> ): root/ <id> /third_party/ <id> /kernel/mlxsys/ <id> /mlxsys/mosal_mlock.c[ <num> ]: priv_mosal_mlock: could not find mm= <hex> (pid= <num> ) in the hash,1,Thunderbird_C0001158,1,1,mosal (<num>): root/<id>/third_party/<id>/kernel/mlxsys/<id>/mlxsys/mosal_mlock. c [<num>]: priv_mosal_mlock: could not find mm = <hex> (pid = <num>) in the hash,1,1,frequency_representative
7247827,MOSAL(4): root/topspin-src-3.2.0-16/third_party/thca4_linux/kernel/mlxsys/obj_host_amd64_custom1_rhel4/mlxsys/mosal_mlock.c[1226]: MOSAL_mlock_iobuf: Failed (MT_ENORSC) priv_mosal_mlock for addr=0x2A9608B000 size=0x200000,E102,MOSAL(<*>): <*>[<*>]: MOSAL_mlock_iobuf: Failed (<*>) priv_mosal_mlock for addr=<*> size=<*>,1,mosal( <num> ): root/ <id> /third_party/ <id> /kernel/mlxsys/ <id> /mlxsys/mosal_mlock.c[ <num> ]: mosal_mlock_iobuf: failed (mt_enorsc) priv_mosal_mlock for addr= <hex> size= <hex>,1,Thunderbird_C0001159,1,1,mosal (<num>): root/<id>/third_party/<id>/kernel/mlxsys/<id>/mlxsys/mosal_mlock. c [<num>]: mosal_mlock_iobuf: failed (mt_enorsc) priv_mosal_mlock for addr = <hex> size = <hex>,1,1,frequency_representative
8126169,Failed password for #110# from ::ffff:10.100.31.127 port 54212 ssh2,E627,Failed password for <*> from <*> port <*> ssh2,13,failed password for # <num> # from ::ffff: <ip> port <num> ssh2,12,Thunderbird_C0001160,12,13,failed password for # <num> # from:: ffff: <ip> port <num> ssh 2,1,1,frequency_representative
7325614,"jAOB31sV009860: SYSERR(root): collect: Cannot write ./dfjAOB31sV009860 (bfcommit, uid=51, gid=51): Read-only file system",E90,"<*>: SYSERR(<*>): collect: Cannot write <*> (bfcommit, uid=<*>, gid=<*>): Read-only file system",65,"<id> : syserr(root): collect: cannot write ./ <id> (bfcommit, uid= <num> , gid= <num> ): read-only file system",65,Thunderbird_C0001161,65,65,"<id>: syserr (root): collect: cannot write./<id> (bfcommit, uid = <num>, gid = <num>): read-only file system",1,1,frequency_representative
7325615,"jAOB31sV009860: SYSERR(root): queueup: cannot create queue file ./qfjAOB31sV009860, euid=51, fd=-1, fp=0x0: Read-only file system",E76,"<*>: SYSERR(<*>): queueup: cannot create queue file <*>, euid=<*>, fd=<*>, fp=<*>: Read-only file system",63,"<id> : syserr(root): queueup: cannot create queue file ./ <id> , euid= <num> , fd= <num> , fp= <hex> : read-only file system",63,Thunderbird_C0001162,63,63,"<id>: syserr (root): queueup: cannot create queue file./<id>, euid = <num>, fd = <num>, fp = <hex>: read-only file system",1,1,frequency_representative
7464825,038C5518087: host #211#[#212#] said: 451 4.3.2 Please try again later (in reply to MAIL FROM command),E380,<*>: host <*>[#<*>] said: <*> (in reply to MAIL FROM command),7,<id> : host # <num> #[# <num> #] said: <num> <num> . <num> please try again later (in reply to mail from command),3,Thunderbird_C0001163,3,7,<id>: host # <num> # [# <num> #] said: <num> <num>. <num> please try again later (in reply to mail from command),1,1,frequency_representative
7464900,connect to #299#[#300#]: Connection timed out (port 25),E510,connect to <*>: Connection timed out (port <*>),23,connect to # <num> #[# <num> #]: connection timed out (port <num> ),3,Thunderbird_C0001164,3,23,connect to # <num> # [# <num> #]: connection timed out (port <num>),1,1,frequency_representative
7484718,#47# : TTY=pts/5 ; PWD=/projects/tbird/#47# ; USER=root ; COMMAND=/apps/contrib/panasas_ctrl.sh status,E768,<*> : TTY=<*> ; PWD=<*> ; USER=<*> ; COMMAND=<*>,1,# <num> # : tty=pts/ <num> ; pwd=/projects/tbird/# <num> # ; user=root ; command= <path> status,1,Thunderbird_C0001165,1,1,# <num> #: tty = pts/<num>; pwd =/projects/tbird/# <num> #; user = root; command = <path> status,1,1,frequency_representative
7500995,root : TTY=pts/2 ; PWD=/var/log.default/syslog-ng/tbird-sm1 ; USER=root ; COMMAND=/usr/bin/tail -f 2005.11.28,E768,<*> : TTY=<*> ; PWD=<*> ; USER=<*> ; COMMAND=<*>,1,root : tty=pts/ <num> ; pwd= <path> ; user=root ; command=/usr/bin/tail -f <num> . <num>,1,Thunderbird_C0001166,1,1,root: tty = pts/<num>; pwd = <path>; user = root; command =/usr/bin/tail-f <num>. <num>,1,1,frequency_representative
7511187,Password authentication for user root failed (from 10.100.8.251 port 47003).,E264,Password authentication for user <*> failed (from <*> port <*>).,4,password authentication for user root failed (from <ip> port <num> ).,2,Thunderbird_C0001167,2,4,password authentication for user root failed (from <ip> port <num>).,1,1,frequency_representative
7511188,root login denied for user 'root'.,E976,<*> login denied for user <*>.,4,root login denied for user 'root'.,1,Thunderbird_C0001168,1,4,root login denied for user ' root '.,1,1,frequency_representative
7511455,loaded (max 8 devices),E1005,loaded (max <*> devices),2,loaded (max <num> devices),1,Thunderbird_C0001169,1,2,loaded (max <num> devices),1,1,frequency_representative
7511458,Microsoft Joliet Level 3,E921,Microsoft Joliet Level <*>,1,microsoft joliet level <num>,1,Thunderbird_C0001170,1,1,microsoft joliet level <num>,1,1,frequency_representative
7514382,"User root, coming from eadmin1, authenticated.",E603,"User <*>, coming from <*>, authenticated.",16,"user root, coming from eadmin1, authenticated.",1,Thunderbird_C0001171,18,97,"user root, coming from <*> <*>, authenticated.",3,1,frequency_representative
9038505,"User root, coming from aadmin4, authenticated.",E603,"User <*>, coming from <*>, authenticated.",9,"user root, coming from aadmin4, authenticated.",1,Thunderbird_C0001171,18,97,"user root, coming from <*> <*>, authenticated.",3,2,complex_sample
9038118,"User root, coming from dadmin3, authenticated.",E603,"User <*>, coming from <*>, authenticated.",3,"user root, coming from dadmin3, authenticated.",1,Thunderbird_C0001171,18,97,"user root, coming from <*> <*>, authenticated.",3,3,diverse_sample
7691760,e1000: eth0: e1000_watchdog: NIC Link is Down,E1071,<*>: <*>: <*>: NIC Link is Down,30,e1000: eth0: <id> : nic link is down,1,Thunderbird_C0001172,2,33,e 1000: eth <*>: <id>: nic link is down,2,1,frequency_representative
9200065,e1000: eth1: e1000_watchdog: NIC Link is Down,E1071,<*>: <*>: <*>: NIC Link is Down,3,e1000: eth1: <id> : nic link is down,1,Thunderbird_C0001172,2,33,e 1000: eth <*>: <id>: nic link is down,2,2,complex_sample
7707795,fortcom[25652]: segfault at 00000000558485f8 rip 00000000086a0686 rsp 00000000ffffcc60 error 4,E806,<*>[<*>]: segfault at <*> rip <*> rsp <*> error <*>,2,fortcom[ <num> ]: segfault at <hex> rip <hex> rsp <hex> error <num>,2,Thunderbird_C0001173,2,2,fortcom [<num>]: segfault at <hex> rip <hex> rsp <hex> error <num>,1,1,frequency_representative
7710539,authentication failure; logname= uid=0 euid=0 tty=ssh ruser= rhost=#21# user=root,E131,authentication failure; logname=<*> uid=<*> euid=<*> tty=<*> ruser=<*> rhost=<*> user=<*>,1,authentication failure; logname= uid= <num> euid= <num> tty=ssh ruser= rhost=# <num> # user=root,1,Thunderbird_C0001174,1,1,authentication failure; logname = uid = <num> euid = <num> tty = ssh ruser = rhost = # <num> # user = root,1,1,frequency_representative
7710551,Failed password for root from ::ffff:10.100.8.251 port 49509 ssh2,E627,Failed password for <*> from <*> port <*> ssh2,1,failed password for root from ::ffff: <ip> port <num> ssh2,1,Thunderbird_C0001175,1,1,failed password for root from:: ffff: <ip> port <num> ssh 2,1,1,frequency_representative
7713332,Kerberos authentication as #307# denied for #307#@SRN.SANDIA.GOV,E538,Kerberos authentication as <*> denied for <*>,122,kerberos authentication as # <num> # denied for # <email>,1,Thunderbird_C0001176,1,122,kerberos authentication as # <num> # denied for # <email>,1,1,frequency_representative
7714485,Hyper-Threading is disabled,E738,Hyper-Threading is disabled,6,hyper-threading is disabled,1,Thunderbird_C0001177,1,6,hyper-threading is disabled,1,1,frequency_representative
7719016,ld[2015]: segfault at 000000000000001b rip 0000003ad655071b rsp 0000007fbfffac00 error 4,E806,<*>[<*>]: segfault at <*> rip <*> rsp <*> error <*>,1,ld[ <num> ]: segfault at <hex> rip <hex> rsp <hex> error <num>,1,Thunderbird_C0001178,1,1,ld [<num>]: segfault at <hex> rip <hex> rsp <hex> error <num>,1,1,frequency_representative
13924763,authenticated mount request from en1:626 for /var/lib/oneSIS/images/RedHat-EL-AS4-U1-lustre-only (/var/lib/oneSIS/images),E514,authenticated mount request from <*> for <*> (<*>),22,authenticated mount request from en1: <num> for <path> (/var/lib/onesis/images),4,Thunderbird_C0001179,29,71,authenticated mount request from <*> <*>: <num> for <path> (/ var/lib/onesis/images),3,1,frequency_representative
14015069,authenticated mount request from en9:626 for /var/lib/oneSIS/images/RedHat-EL-AS4-U1-lustre-only (/var/lib/oneSIS/images),E514,authenticated mount request from <*> for <*> (<*>),10,authenticated mount request from en9: <num> for <path> (/var/lib/onesis/images),3,Thunderbird_C0001179,29,71,authenticated mount request from <*> <*>: <num> for <path> (/ var/lib/onesis/images),3,2,complex_sample
7722049,authenticated mount request from cn1:620 for /var/lib/oneSIS/images/x86_64/RedHat-EL-AS4 (/var/lib/oneSIS/images),E514,authenticated mount request from <*> for <*> (<*>),11,authenticated mount request from cn1: <num> for <path> (/var/lib/onesis/images),1,Thunderbird_C0001179,29,71,authenticated mount request from <*> <*>: <num> for <path> (/ var/lib/onesis/images),3,3,diverse_sample
7722426,"Bootdata ok (command line is initrd=/x86_64/initrd-2.6.9-15.EL.rootsmp console=tty0 console=ttyS0,19200 BOOT_IMAGE=/x86_64/vmlinuz-2.6.9-15.EL.rootsmp )",E198,Bootdata ok (command line is initrd=<*> console=<*> BOOT_IMAGE=<*>),602,"bootdata ok (command line is initrd= <path> console=tty0 console=ttys0, <num> boot_image= <path> )",3,Thunderbird_C0001180,3,602,"bootdata ok (command line is initrd = <path> console = tty 0 console = ttys 0, <num> boot_image = <path>)",1,1,frequency_representative
7722439,"Kernel command line: initrd=/x86_64/initrd-2.6.9-15.EL.rootsmp console=tty0 console=ttyS0,19200 BOOT_IMAGE=/x86_64/vmlinuz-2.6.9-15.EL.rootsmp",E181,"Kernel command line: initrd=<*> console=<*> console=<*>,<*> BOOT_IMAGE=<*>",594,"kernel command line: initrd= <path> console=tty0 console=ttys0, <num> boot_image= <path>",3,Thunderbird_C0001181,3,594,"kernel command line: initrd = <path> console = tty 0 console = ttys 0, <num> boot_image = <path>",1,1,frequency_representative
7722502,SysRq : HELP : loglevel0-8 reBoot Crash tErm kIll saK showMem powerOff showPc unRaw Sync showTasks Unmount shoWcpus,E42,SysRq : HELP : <*> reBoot Crash tErm kIll saK showMem powerOff showPc unRaw Sync showTasks Unmount shoWcpus,2,sysrq : help : <id> reboot crash term kill sak showmem poweroff showpc unraw sync showtasks unmount showcpus,1,Thunderbird_C0001182,1,2,sysrq: help: <id> reboot crash term kill sak showmem poweroff showpc unraw sync showtasks unmount showcpus,1,1,frequency_representative
7722518,[ib_sm_sweep.c:1071]: Failed to GetSwitchInfo(guid=5ad000002721e LID=396) for checking SwitchInfo:port_state_change,E68,[<*>]: Failed to GetSwitchInfo(guid=<*> LID=<*>) for checking SwitchInfo:port_state_change,1,[ <id> ]: failed to getswitchinfo(guid= <hex> lid= <num> ) for checking switchinfo:port_state_change,1,Thunderbird_C0001183,1,1,[<id>]: failed to getswitchinfo (guid = <hex> lid = <num>) for checking switchinfo: port_state_change,1,1,frequency_representative
7722519,"[ib_sm_sweep.c:1079]: hop_count: 5, direct_path: 0, 1, 1, 13, 9, 1, 0, 0, 0, 0",E706,"[<*>]: hop_count: <*>, direct_path: <*>",1,"[ <id> ]: hop_count: <num> , direct_path: <num> , <num> , <num> , <num> , <num> , <num> , <num> , <num> , <num> , <num>",1,Thunderbird_C0001184,1,1,"[<id>]: hop_count: <num>, direct_path: <num>, <num>, <num>, <num>, <num>, <num>, <num>, <num>, <num>, <num>",1,1,frequency_representative
7724763,gmetad shutdown failed,E1114,<*> shutdown failed,2,gmetad shutdown failed,1,Thunderbird_C0001185,1,2,gmetad shutdown failed,1,1,frequency_representative
7725050,RAMDISK: Compressed image found at block 0,E465,RAMDISK: Compressed image found at block <*>,626,ramdisk: compressed image found at block <num>,1,Thunderbird_C0001186,1,626,ramdisk: compressed image found at block <num>,1,1,frequency_representative
7725072,VFS: Mounted root (ext2 filesystem).,E797,VFS: Mounted <*> (<*> filesystem).,626,vfs: mounted root (ext2 filesystem).,1,Thunderbird_C0001187,1,626,vfs: mounted root (ext 2 filesystem).,1,1,frequency_representative
7725079,checking if image is initramfs...it isn't (no cpio magic); looks like an initrd,E94,checking if image is initramfs...it isn't (no cpio magic); looks like an initrd,626,checking if image is initramfs...it isn't (no cpio magic); looks like an initrd,1,Thunderbird_C0001188,1,626,checking if image is initramfs... it isn ' t (no cpio magic); looks like an initrd,1,1,frequency_representative
13925688,ioctl32(fdisk:603): Unknown cmd fd(5) cmd(80081272){00} arg(ffffda74) on /dev/sda,E807,<*>(<*>): Unknown cmd <*> <*> <*> on <*>,221,ioctl32( <id> ): unknown cmd fd( <num> ) cmd( <num> ){ <num> } arg( <id> ) on /dev/sda,6,Thunderbird_C0001189,6,221,ioctl 32 (<id>): unknown cmd fd (<num>) cmd (<num>) {<num>} arg (<id>) on/dev/sda,1,1,frequency_representative
7725130,nfs warning: mount version older than kernel,E384,nfs warning: mount version older than kernel,628,nfs warning: mount version older than kernel,1,Thunderbird_C0001190,1,628,nfs warning: mount version older than kernel,1,1,frequency_representative
7725169,"mount: according to mtab, /sys is already mounted on /sys",E354,"mount: according to mtab, <*> is already mounted on <*>",190,"mount: according to mtab, /sys is already mounted on /sys",1,Thunderbird_C0001191,1,190,"mount: according to mtab,/sys is already mounted on/sys",1,1,frequency_representative
7725170,mount: none already mounted or /sys busy,E729,mount: <*> already mounted or <*> busy,191,mount: none already mounted or /sys busy,1,Thunderbird_C0001192,1,191,mount: none already mounted or/sys busy,1,1,frequency_representative
7725190,mount.panfs: couldn't create mtab lock file: /etc/mtab~ errno: 30,E276,mount.panfs: couldn't create mtab lock file: <*> errno: <*>,413,mount.panfs: couldn't create mtab lock file: /etc/mtab~ errno: <num>,1,Thunderbird_C0001193,1,413,mount. panfs: couldn ' t create mtab lock file:/etc/mtab ~ errno: <num>,1,1,frequency_representative
7725227,dcevt32d startup failed,E1139,<*> startup failed,15,<id> startup failed,3,Thunderbird_C0001194,3,15,<id> startup failed,1,1,frequency_representative
7725254,omsad32 startup failed,E1139,<*> startup failed,5,omsad32 startup failed,1,Thunderbird_C0001195,1,5,omsad 32 startup failed,1,1,frequency_representative
7726362,mount: special device LABEL=/tmp does not exist,E570,mount: special device <*> does not exist,382,mount: special device label=/tmp does not exist,1,Thunderbird_C0001196,2,762,mount: special device label =/<*> does not exist,2,1,frequency_representative
9259187,mount: special device LABEL=/var does not exist,E570,mount: special device <*> does not exist,380,mount: special device label=/var does not exist,1,Thunderbird_C0001196,2,762,mount: special device label =/<*> does not exist,2,2,complex_sample
7730694,#113# : TTY=pts/0 ; PWD=/home/#113#/tmp ; USER=root ; COMMAND=/bin/rm -f topspin-ib-mod-rhel4-2.6.9-15.EL.rootsmp-3.2.0-0.x86_64.rpm topspin-ib-mpi-rhel4-3.2.0-0.x86_64.rpm topspin-ib-rhel4-3.2.0-0.x86_64.rpm,E768,<*> : TTY=<*> ; PWD=<*> ; USER=<*> ; COMMAND=<*>,1,# <num> # : tty=pts/ <num> ; pwd=/home/# <num> #/tmp ; user=root ; command=/bin/rm -f <id> <id> <id>,1,Thunderbird_C0001197,1,1,# <num> #: tty = pts/<num>; pwd =/home/# <num> #/tmp; user = root; command =/bin/rm-f <id> <id> <id>,1,1,frequency_representative
7730734,#113# : TTY=pts/0 ; PWD=/home/#113#/tmp ; USER=root ; COMMAND=/bin/su,E768,<*> : TTY=<*> ; PWD=<*> ; USER=<*> ; COMMAND=<*>,1,# <num> # : tty=pts/ <num> ; pwd=/home/# <num> #/tmp ; user=root ; command=/bin/su,1,Thunderbird_C0001198,1,1,# <num> #: tty = pts/<num>; pwd =/home/# <num> #/tmp; user = root; command =/bin/su,1,1,frequency_representative
7730926,#311# : TTY=pts/4 ; PWD=/projects/socorro/#311#/tbird ; USER=root ; COMMAND=/bin/su -,E768,<*> : TTY=<*> ; PWD=<*> ; USER=<*> ; COMMAND=<*>,1,# <num> # : tty=pts/ <num> ; pwd=/projects/socorro/# <num> #/tbird ; user=root ; command=/bin/su -,1,Thunderbird_C0001199,1,1,# <num> #: tty = pts/<num>; pwd =/projects/socorro/# <num> #/tbird; user = root; command =/bin/su -,1,1,frequency_representative
8862561,access denied for user `#328#' from `#21#',E833,access denied for user <*> from <*>,7,access denied for user `# <num> #' from `# <num> #',4,Thunderbird_C0001200,7,11,access denied for user ` # <num> # ' from ` <*> <*> <*> ',2,1,frequency_representative
7731023,access denied for user `#307#' from `pts/4',E833,access denied for user <*> from <*>,4,access denied for user `# <num> #' from `pts/ <num> ',3,Thunderbird_C0001200,7,11,access denied for user ` # <num> # ' from ` <*> <*> <*> ',2,2,complex_sample
8151521,session opened for user #26# by #57#(uid=0),E664,session opened for user <*> by <*>(uid=<*>),72,session opened for user # <num> # by # <num> #(uid= <num> ),15,Thunderbird_C0001201,15,72,session opened for user # <num> # by # <num> # (uid = <num>),1,1,frequency_representative
7731268,#311# : TTY=pts/4 ; PWD=/projects/socorro/#311#/tbird/socorro ; USER=root ; COMMAND=/bin/su,E768,<*> : TTY=<*> ; PWD=<*> ; USER=<*> ; COMMAND=<*>,1,# <num> # : tty=pts/ <num> ; pwd=/projects/socorro/# <num> #/tbird/socorro ; user=root ; command=/bin/su,1,Thunderbird_C0001202,2,2,# <num> #: tty = pts/<num>; pwd =/<*>/<*> <*> # <*> <*>/<*>/<*>; user = root; command =/bin/su,2,1,frequency_representative
8314534,#113# : TTY=pts/0 ; PWD=/home/#113#/codes/MPIH/src ; USER=root ; COMMAND=/bin/su,E768,<*> : TTY=<*> ; PWD=<*> ; USER=<*> ; COMMAND=<*>,1,# <num> # : tty=pts/ <num> ; pwd=/home/# <num> #/codes/mpih/src ; user=root ; command=/bin/su,1,Thunderbird_C0001202,2,2,# <num> #: tty = pts/<num>; pwd =/<*>/<*> <*> # <*> <*>/<*>/<*>; user = root; command =/bin/su,2,2,complex_sample
7731508,#113# : TTY=pts/0 ; PWD=/home/#113#/tmp/vasp46/run ; USER=root ; COMMAND=/bin/cp -a /scratch3/#268#/problemRun .,E768,<*> : TTY=<*> ; PWD=<*> ; USER=<*> ; COMMAND=<*>,1,# <num> # : tty=pts/ <num> ; pwd=/home/# <num> # <path> ; user=root ; command=/bin/cp -a / <id> /# <num> #/problemrun .,1,Thunderbird_C0001203,1,1,# <num> #: tty = pts/<num>; pwd =/home/# <num> # <path>; user = root; command =/bin/cp-a/<id>/# <num> #/problemrun.,1,1,frequency_representative
7731562,#113# : TTY=pts/0 ; PWD=/home/#113#/tmp/vasp46/run ; USER=root ; COMMAND=/bin/chown -R #113# problemRun/,E768,<*> : TTY=<*> ; PWD=<*> ; USER=<*> ; COMMAND=<*>,1,# <num> # : tty=pts/ <num> ; pwd=/home/# <num> # <path> ; user=root ; command=/bin/chown -r # <num> # problemrun/,1,Thunderbird_C0001204,1,1,# <num> #: tty = pts/<num>; pwd =/home/# <num> # <path>; user = root; command =/bin/chown-r # <num> # problemrun /,1,1,frequency_representative
7733156,#113# : TTY=pts/0 ; PWD=/home/#113#/tmp/vasp46/run/problemRun ; USER=root ; COMMAND=/bin/su,E768,<*> : TTY=<*> ; PWD=<*> ; USER=<*> ; COMMAND=<*>,2,# <num> # : tty=pts/ <num> ; pwd=/home/# <num> # <path> ; user=root ; command=/bin/su,1,Thunderbird_C0001205,1,2,# <num> #: tty = pts/<num>; pwd =/home/# <num> # <path>; user = root; command =/bin/su,1,1,frequency_representative
7734810,RPC: error 512 connecting to server nfs1,E700,RPC: error <*> connecting to server <*>,2,rpc: error <num> connecting to server nfs1,1,Thunderbird_C0001206,1,2,rpc: error <num> connecting to server nfs 1,1,1,frequency_representative
7739087,(root) CMD (/home/#57#/fans/new/getFans-E1.sh 2>&1 > /dev/null),E1223,(<*>) CMD (<*>),1,(root) cmd (/home/# <num> # <path> <num> >& <num> > /dev/null),1,Thunderbird_C0001207,1,1,(root) cmd (/ home/# <num> # <path> <num> > & <num> >/dev/null),1,1,frequency_representative
7847609,sysinfo[5310]: segfault at 000000000040096c rip 0000003f10258643 rsp 0000007fbfffeb70 error 7,E806,<*>[<*>]: segfault at <*> rip <*> rsp <*> error <*>,1,sysinfo[ <num> ]: segfault at <hex> rip <hex> rsp <hex> error <num>,1,Thunderbird_C0001208,1,1,sysinfo [<num>]: segfault at <hex> rip <hex> rsp <hex> error <num>,1,1,frequency_representative
7854191,"Could not open lock file /var/run/console/#26#, disallowing console access",E274,"Could not open lock file <*>, disallowing console access",2,"could not open lock file /var/run/console/# <num> #, disallowing console access",1,Thunderbird_C0001209,1,2,"could not open lock file/var/run/console/# <num> #, disallowing console access",1,1,frequency_representative
7854223,[ib_sm_multicast.c:757]: Failed to set MFT to zero for switch=5ad00000289c6,E515,[<*>]: Failed to set MFT to zero for switch=<*>,1,[ <id> ]: failed to set mft to zero for switch= <hex>,1,Thunderbird_C0001210,1,1,[<id>]: failed to set mft to zero for switch = <hex>,1,1,frequency_representative
7854925,"CPU0: Initial APIC ID: 0, Physical Processor ID: 0",E352,"CPU0: Initial APIC ID: <*>, Physical Processor ID: <*>",4,"cpu0: initial apic id: <num> , physical processor id: <num>",1,Thunderbird_C0001211,1,4,"cpu 0: initial apic id: <num>, physical processor id: <num>",1,1,frequency_representative
7861669,(root) CMD (/home/#57#/GetProcs.sh a 2>&1 > /dev/null),E1223,(<*>) CMD (<*>),2,(root) cmd (/home/# <num> #/getprocs.sh a <num> >& <num> > /dev/null),1,Thunderbird_C0001212,10,18,(root) cmd (/ home/# <num> #/<*>. sh <*> <num> > & <num> >/dev/null),3,1,frequency_representative
7862876,(root) CMD (/home/#57#/GetProcs.sh b 2>&1 > /dev/null),E1223,(<*>) CMD (<*>),2,(root) cmd (/home/# <num> #/getprocs.sh b <num> >& <num> > /dev/null),1,Thunderbird_C0001212,10,18,(root) cmd (/ home/# <num> #/<*>. sh <*> <num> > & <num> >/dev/null),3,2,complex_sample
7940183,(root) CMD (/home/#57#/GetVolts.sh c 2>&1 > /dev/null),E1223,(<*>) CMD (<*>),2,(root) cmd (/home/# <num> #/getvolts.sh c <num> >& <num> > /dev/null),1,Thunderbird_C0001212,10,18,(root) cmd (/ home/# <num> #/<*>. sh <*> <num> > & <num> >/dev/null),3,3,diverse_sample
7894744,jas3d.ln.5310[5333]: segfault at 0000000000000085 rip 0000002a95837b80 rsp 0000007fbfffc410 error 4,E806,<*>[<*>]: segfault at <*> rip <*> rsp <*> error <*>,66,<id> [ <num> ]: segfault at <hex> rip <hex> rsp <hex> error <num>,66,Thunderbird_C0001213,66,66,<id> [<num>]: segfault at <hex> rip <hex> rsp <hex> error <num>,1,1,frequency_representative
7895420,"User kfalvin, coming from #331#, authenticated.",E603,"User <*>, coming from <*>, authenticated.",24,"user kfalvin, coming from # <num> #, authenticated.",1,Thunderbird_C0001214,1,24,"user kfalvin, coming from # <num> #, authenticated.",1,1,frequency_representative
7895539,error binding to socket: Address already in use,E348,error binding to socket: Address already in use,3,error binding to socket: address already in use,1,Thunderbird_C0001215,1,3,error binding to socket: address already in use,1,1,frequency_representative
7895687,NOTE: snmpd must be restarted to activate changes to /etc/snmp/snmpd.conf,E370,NOTE: <*> must be restarted to activate changes to <*>,1671,note: snmpd must be restarted to activate changes to /etc/snmp/snmpd.conf,1,Thunderbird_C0001216,1,1671,note: snmpd must be restarted to activate changes to/etc/snmp/snmpd. conf,1,1,frequency_representative
7895939,error creating /var/run/acceptor-988.pid: No space left on device,E527,error creating <*>: No space left on device,2,error creating <path> no space left on device,1,Thunderbird_C0001217,1,2,error creating <path> no space left on device,1,1,frequency_representative
7899919,dcdbas: disagrees about version of symbol struct_module,E440,dcdbas: disagrees about version of symbol <*>,1683,dcdbas: disagrees about version of symbol struct_module,1,Thunderbird_C0001218,1,1683,dcdbas: disagrees about version of symbol struct_module,1,1,frequency_representative
7899923,dcdipm: disagrees about version of symbol struct_module,E438,dcdipm: disagrees about version of symbol <*>,1684,dcdipm: disagrees about version of symbol struct_module,1,Thunderbird_C0001219,1,1684,dcdipm: disagrees about version of symbol struct_module,1,1,frequency_representative
7900234,atkbd.c: Keyboard on isa0060/serio0 reports too many keys pressed.,E419,<*>: Keyboard on <*> reports too many keys pressed.,3,atkbd.c: keyboard on isa0060/serio0 reports too many keys pressed.,1,Thunderbird_C0001220,1,3,atkbd. c: keyboard on isa 0060/serio 0 reports too many keys pressed.,1,1,frequency_representative
7946986,gdb[6622]: segfault at 0000007fc0000000 rip 0000003aa71714e0 rsp 0000007fbfffd678 error 4,E806,<*>[<*>]: segfault at <*> rip <*> rsp <*> error <*>,4,gdb[ <num> ]: segfault at <hex> rip <hex> rsp <hex> error <num>,4,Thunderbird_C0001221,4,4,gdb [<num>]: segfault at <hex> rip <hex> rsp <hex> error <num>,1,1,frequency_representative
7958226,RSA key generation succeeded,E851,<*> key generation succeeded,832,rsa key generation succeeded,1,Thunderbird_C0001222,1,832,rsa key generation succeeded,1,1,frequency_representative
7958227,RSA1 key generation succeeded,E851,<*> key generation succeeded,831,rsa1 key generation succeeded,1,Thunderbird_C0001223,1,831,rsa 1 key generation succeeded,1,1,frequency_representative
7958243,DSA key generation succeeded,E851,<*> key generation succeeded,830,dsa key generation succeeded,1,Thunderbird_C0001224,1,830,dsa key generation succeeded,1,1,frequency_representative
7958261,Determining IP information for eth0...,E496,Determining IP information for eth0...,830,determining ip information for eth0...,1,Thunderbird_C0001225,1,830,determining ip information for eth 0...,1,1,frequency_representative
7958262,ensuring time is synced,E913,ensuring time is synced,830,ensuring time is synced,1,Thunderbird_C0001226,1,830,ensuring time is synced,1,1,frequency_representative
7958282,/sbin/dhclient-script : updated /etc/resolv.conf,E1211,<*> : updated <*>,1044,/sbin/dhclient-script : updated /etc/resolv.conf,1,Thunderbird_C0001227,1,1044,/ sbin/dhclient-script: updated/etc/resolv. conf,1,1,frequency_representative
14046566,DHCPACK from 10.100.34.250,E1173,DHCPACK from <*>,1638,dhcpack from <ip>,11,Thunderbird_C0001228,11,1638,dhcpack from <ip>,1,1,frequency_representative
8273742,DHCPDISCOVER on eth0 to #342# port 67 interval 3,E804,DHCPDISCOVER on <*> to <*> interval <*>,833,dhcpdiscover on eth0 to # <num> # port <num> interval <num>,8,Thunderbird_C0001229,8,833,dhcpdiscover on eth 0 to # <num> # port <num> interval <num>,1,1,frequency_representative
7958285,DHCPREQUEST on eth0 to #342# port 67,E987,DHCPREQUEST on <*> to <*> port <*>,1346,dhcprequest on eth0 to # <num> # port <num>,1,Thunderbird_C0001230,1,1346,dhcprequest on eth 0 to # <num> # port <num>,1,1,frequency_representative
8177520,bound to 10.100.35.36 -- renewal in 2147483648 seconds.,E733,bound to <*> -- renewal in <*> seconds.,1633,bound to <ip> -- renewal in <num> seconds.,628,Thunderbird_C0001231,628,1633,bound to <ip>-- renewal in <num> seconds.,1,1,frequency_representative
7958287,done.,E1237,done.,829,done.,1,Thunderbird_C0001232,1,829,done.,1,1,frequency_representative
7958334,DHCPREQUEST for 10.100.35.35 from 00:14:22:11:59:82 via eth1,E904,DHCPREQUEST for <*> from <*> via <*>,1338,dhcprequest for <ip> from <ip> via eth1,598,Thunderbird_C0001233,598,1338,dhcprequest for <ip> from <ip> via eth 1,1,1,frequency_representative
11101006,DHCPREQUEST for 10.100.0.1 from 00:11:43:e4:84:ff via eth1: unknown lease 10.100.0.1.,E491,DHCPREQUEST for <*> from <*> via <*>: unknown lease <*>.,916,dhcprequest for <ip> from <ip> via eth1: unknown lease <ip> .,265,Thunderbird_C0001234,265,916,dhcprequest for <ip> from <ip> via eth 1: unknown lease <ip>.,1,1,frequency_representative
7958487,Kickstart: convert to static ip on boot,E521,Kickstart: convert to static ip on boot,628,kickstart: convert to static ip on boot,1,Thunderbird_C0001235,1,628,kickstart: convert to static ip on boot,1,1,frequency_representative
7958897,DIALUP AT ttyS0 BY #26#,E1080,DIALUP AT ttyS0 BY <*>,1,dialup at ttys0 by # <num> #,1,Thunderbird_C0001236,1,1,dialup at ttys 0 by # <num> #,1,1,frequency_representative
7960685,loop: loaded (max 8 devices),E815,loop: loaded (max <*> devices),8,loop: loaded (max <num> devices),1,Thunderbird_C0001237,1,8,loop: loaded (max <num> devices),1,1,frequency_representative
7960686,"EXT2-fs warning: mounting unchecked fs, running e2fsck is recommended",E159,"EXT2-fs warning: mounting unchecked fs, running <*> is recommended",17,"ext2-fs warning: mounting unchecked fs, running e2fsck is recommended",1,Thunderbird_C0001238,1,17,"ext 2-fs warning: mounting unchecked fs, running e 2 fsck is recommended",1,1,frequency_representative
7964013,invalid media value (0x49),E966,invalid media value (<*>),1,invalid media value ( <hex> ),1,Thunderbird_C0001239,1,1,invalid media value (<hex>),1,1,frequency_representative
7964014,Can't find a valid FAT filesystem on dev loop0.,E497,Can't find a valid FAT filesystem on dev <*>.,1,can't find a valid fat filesystem on dev loop0.,1,Thunderbird_C0001240,1,1,can ' t find a valid fat filesystem on dev loop 0.,1,1,frequency_representative
7971266,rpc.statd startup failed,E1139,<*> startup failed,14,rpc.statd startup failed,1,Thunderbird_C0001241,1,14,rpc. statd startup failed,1,1,frequency_representative
7971269,open (/var/lib/nfs/statd/state): Stale NFS file handle,E745,open (<*>): Stale NFS file handle,36,open ( <path> ): stale nfs file handle,1,Thunderbird_C0001242,1,36,open (<path>): stale nfs file handle,1,1,frequency_representative
7971355,System type not supported,E844,System type not supported,3,system type not supported,1,Thunderbird_C0001243,1,3,system type not supported,1,1,frequency_representative
7971421,"Failed to start message bus: The pid file ""/var/run/messagebus.pid"" exists, if the message bus is not running, remove this file",E46,"Failed to start message bus: The pid file <*> exists, if the message bus is not running, remove this file",4,"failed to start message bus: the pid file ""/var/run/messagebus.pid"" exists, if the message bus is not running, remove this file",1,Thunderbird_C0001244,1,4,"failed to start message bus: the pid file ""/var/run/messagebus. pid "" exists, if the message bus is not running, remove this file",1,1,frequency_representative
7971443,messagebus startup failed,E1139,<*> startup failed,4,messagebus startup failed,1,Thunderbird_C0001245,1,4,messagebus startup failed,1,1,frequency_representative
7979189,can't open /var/lib/ntp/drift.TEMP: Stale NFS file handle,E651,can't open <*>: Stale NFS file handle,489,can't open <path> stale nfs file handle,1,Thunderbird_C0001246,1,489,can ' t open <path> stale nfs file handle,1,1,frequency_representative
11208705,Password authentication for user #55# failed (from 10.100.248.1 port 51159).,E264,Password authentication for user <*> failed (from <*> port <*>).,12,password authentication for user # <num> # failed (from <ip> port <num> ).,9,Thunderbird_C0001247,9,12,password authentication for user # <num> # failed (from <ip> port <num>).,1,1,frequency_representative
15002678,DHCPOFFER from 10.100.32.250 <30>Dec 22 22:26:41 dhclient: DHCPREQUEST on eth0 to #342# port 67,E283,DHCPOFFER from <*> <*> <*> <*> dhclient: DHCPREQUEST on eth0 to <*> port <*>,279,dhcpoffer from <ip> < <num> >dec <num> <ip> dhclient: dhcprequest on eth0 to # <num> # port <num>,232,Thunderbird_C0001248,232,279,dhcpoffer from <ip> < <num> > dec <num> <ip> dhclient: dhcprequest on eth 0 to # <num> # port <num>,1,1,frequency_representative
8105980,"the NTP socket is in use, exiting",E673,"the NTP socket is in use, exiting",617,"the ntp socket is in use, exiting",1,Thunderbird_C0001249,1,617,"the ntp socket is in use, exiting",1,1,frequency_representative
8127596,root : TTY=pts/4 ; PWD=/mnt_projects/sysapps/breakfix-testing/nfstesting ; USER=root ; COMMAND=/apps/contrib/sm,E768,<*> : TTY=<*> ; PWD=<*> ; USER=<*> ; COMMAND=<*>,12,root : tty=pts/ <num> ; pwd= <path> ; user=root ; command=/apps/contrib/sm,2,Thunderbird_C0001250,2,12,root: tty = pts/<num>; pwd = <path>; user = root; command =/apps/contrib/sm,1,1,frequency_representative
8132030,pbs_mom shutdown failed,E1114,<*> shutdown failed,1441,pbs_mom shutdown failed,1,Thunderbird_C0001251,1,1441,pbs_mom shutdown failed,1,1,frequency_representative
8141821,#47# : TTY=pts/11 ; PWD=/home/#47# ; USER=root ; COMMAND=/bin/su - #307#,E768,<*> : TTY=<*> ; PWD=<*> ; USER=<*> ; COMMAND=<*>,5,# <num> # : tty=pts/ <num> ; pwd=/home/# <num> # ; user=root ; command=/bin/su - # <num> #,5,Thunderbird_C0001252,5,5,# <num> #: tty = pts/<num>; pwd =/home/# <num> #; user = root; command =/bin/su-# <num> #,1,1,frequency_representative
8144386,#47# : TTY=pts/12 ; PWD=/scratch3/#47#/#307# ; USER=root ; COMMAND=/usr/bin/rsync -av /scratch3/#307#/silicon/vacancy/216/lda/socorro/tests/bulk/c12 .,E768,<*> : TTY=<*> ; PWD=<*> ; USER=<*> ; COMMAND=<*>,1,# <num> # : tty=pts/ <num> ; pwd=/ <id> /# <num> #/# <num> # ; user=root ; command=/usr/bin/rsync -av / <id> /# <num> # <path> .,1,Thunderbird_C0001253,1,1,# <num> #: tty = pts/<num>; pwd =/<id>/# <num> #/# <num> #; user = root; command =/usr/bin/rsync-av/<id>/# <num> # <path>.,1,1,frequency_representative
8144425,#47# : TTY=pts/12 ; PWD=/scratch3/#47#/#307# ; USER=root ; COMMAND=/bin/chown -R #47#.#47# c12,E768,<*> : TTY=<*> ; PWD=<*> ; USER=<*> ; COMMAND=<*>,1,# <num> # : tty=pts/ <num> ; pwd=/ <id> /# <num> #/# <num> # ; user=root ; command=/bin/chown -r # <num> #.# <num> # c12,1,Thunderbird_C0001254,1,1,# <num> #: tty = pts/<num>; pwd =/<id>/# <num> #/# <num> #; user = root; command =/bin/chown-r # <num> #. # <num> # c 12,1,1,frequency_representative
8150358,"User #325#, coming from #325#-#356#, authenticated.",E603,"User <*>, coming from <*>, authenticated.",5,"user # <num> #, coming from # <num> #-# <num> #, authenticated.",1,Thunderbird_C0001255,1,5,"user # <num> #, coming from # <num> #-# <num> #, authenticated.",1,1,frequency_representative
8151522,root : TTY=pts/4 ; PWD=/mnt_projects/sysapps/breakfix-testing ; USER=root ; COMMAND=/bin/su - #26# -c /mnt_projects/sysapps/#125#-test/nodehwtest/RUN_NODE_TEST_STEP2.sh an6,E768,<*> : TTY=<*> ; PWD=<*> ; USER=<*> ; COMMAND=<*>,1,root : tty=pts/ <num> ; pwd= <path> ; user=root ; command=/bin/su - # <num> # -c /mnt_projects/sysapps/# <num> #-test/nodehwtest/ <id> an6,1,Thunderbird_C0001256,1,1,root: tty = pts/<num>; pwd = <path>; user = root; command =/bin/su-# <num> #-c/mnt_projects/sysapps/# <num> #-test/nodehwtest/<id> an 6,1,1,frequency_representative
8151564,root : TTY=pts/4 ; PWD=/mnt_projects/sysapps/breakfix-testing ; USER=root ; COMMAND=/bin/su - #26# -c /mnt_projects/sysapps/#125#-test/nodehwtest/RUN_NODE_TEST_STEP2.sh an9,E768,<*> : TTY=<*> ; PWD=<*> ; USER=<*> ; COMMAND=<*>,1,root : tty=pts/ <num> ; pwd= <path> ; user=root ; command=/bin/su - # <num> # -c /mnt_projects/sysapps/# <num> #-test/nodehwtest/ <id> an9,1,Thunderbird_C0001257,1,1,root: tty = pts/<num>; pwd = <path>; user = root; command =/bin/su-# <num> #-c/mnt_projects/sysapps/# <num> #-test/nodehwtest/<id> an 9,1,1,frequency_representative
8151585,root : TTY=pts/4 ; PWD=/mnt_projects/sysapps/breakfix-testing ; USER=root ; COMMAND=/bin/su - #26# -c /mnt_projects/sysapps/#125#-test/nodehwtest/RUN_NODE_TEST_STEP2.sh an15,E768,<*> : TTY=<*> ; PWD=<*> ; USER=<*> ; COMMAND=<*>,1,root : tty=pts/ <num> ; pwd= <path> ; user=root ; command=/bin/su - # <num> # -c /mnt_projects/sysapps/# <num> #-test/nodehwtest/ <id> an15,1,Thunderbird_C0001258,1,1,root: tty = pts/<num>; pwd = <path>; user = root; command =/bin/su-# <num> #-c/mnt_projects/sysapps/# <num> #-test/nodehwtest/<id> an 15,1,1,frequency_representative
8151609,root : TTY=pts/4 ; PWD=/mnt_projects/sysapps/breakfix-testing ; USER=root ; COMMAND=/bin/su - #26# -c /mnt_projects/sysapps/#125#-test/nodehwtest/RUN_NODE_TEST_STEP2.sh an52,E768,<*> : TTY=<*> ; PWD=<*> ; USER=<*> ; COMMAND=<*>,1,root : tty=pts/ <num> ; pwd= <path> ; user=root ; command=/bin/su - # <num> # -c /mnt_projects/sysapps/# <num> #-test/nodehwtest/ <id> an52,1,Thunderbird_C0001259,1,1,root: tty = pts/<num>; pwd = <path>; user = root; command =/bin/su-# <num> #-c/mnt_projects/sysapps/# <num> #-test/nodehwtest/<id> an 52,1,1,frequency_representative
8151634,root : TTY=pts/4 ; PWD=/mnt_projects/sysapps/breakfix-testing ; USER=root ; COMMAND=/bin/su - #26# -c /mnt_projects/sysapps/#125#-test/nodehwtest/RUN_NODE_TEST_STEP2.sh an53,E768,<*> : TTY=<*> ; PWD=<*> ; USER=<*> ; COMMAND=<*>,1,root : tty=pts/ <num> ; pwd= <path> ; user=root ; command=/bin/su - # <num> # -c /mnt_projects/sysapps/# <num> #-test/nodehwtest/ <id> an53,1,Thunderbird_C0001260,1,1,root: tty = pts/<num>; pwd = <path>; user = root; command =/bin/su-# <num> #-c/mnt_projects/sysapps/# <num> #-test/nodehwtest/<id> an 53,1,1,frequency_representative
8151651,root : TTY=pts/4 ; PWD=/mnt_projects/sysapps/breakfix-testing ; USER=root ; COMMAND=/bin/su - #26# -c /mnt_projects/sysapps/#125#-test/nodehwtest/RUN_NODE_TEST_STEP2.sh an56,E768,<*> : TTY=<*> ; PWD=<*> ; USER=<*> ; COMMAND=<*>,1,root : tty=pts/ <num> ; pwd= <path> ; user=root ; command=/bin/su - # <num> # -c /mnt_projects/sysapps/# <num> #-test/nodehwtest/ <id> an56,1,Thunderbird_C0001261,1,1,root: tty = pts/<num>; pwd = <path>; user = root; command =/bin/su-# <num> #-c/mnt_projects/sysapps/# <num> #-test/nodehwtest/<id> an 56,1,1,frequency_representative
8151681,root : TTY=pts/4 ; PWD=/mnt_projects/sysapps/breakfix-testing ; USER=root ; COMMAND=/bin/su - #26# -c /mnt_projects/sysapps/#125#-test/nodehwtest/RUN_NODE_TEST_STEP2.sh an61,E768,<*> : TTY=<*> ; PWD=<*> ; USER=<*> ; COMMAND=<*>,1,root : tty=pts/ <num> ; pwd= <path> ; user=root ; command=/bin/su - # <num> # -c /mnt_projects/sysapps/# <num> #-test/nodehwtest/ <id> an61,1,Thunderbird_C0001262,1,1,root: tty = pts/<num>; pwd = <path>; user = root; command =/bin/su-# <num> #-c/mnt_projects/sysapps/# <num> #-test/nodehwtest/<id> an 61,1,1,frequency_representative
8173166,getpwnam failed for #26#,E1026,getpwnam failed for <*>,1,getpwnam failed for # <num> #,1,Thunderbird_C0001263,1,1,getpwnam failed for # <num> #,1,1,frequency_representative
8267399,Instrumentation Service EventID: 1154 Voltage sensor detected a failure value Sensor location: BMC 5V PG Chassis location: Main System Chassis Previous state was: Unknown Discrete voltage state: Bad,E12,Instrumentation Service EventID: <*> Voltage sensor detected a failure value Sensor location: <*> Chassis location: <*> Previous state was: <*> Discrete voltage state: <*>,2,instrumentation service eventid: <num> voltage sensor detected a failure value sensor location: bmc 5v pg chassis location: main system chassis previous state was: unknown discrete voltage state: bad,1,Thunderbird_C0001264,1,2,instrumentation service eventid: <num> voltage sensor detected a failure value sensor location: bmc 5 v pg chassis location: main system chassis previous state was: unknown discrete voltage state: bad,1,1,frequency_representative
8267400,Instrumentation Service EventID: 1154 Voltage sensor detected a failure value Sensor location: BMC 5V Riser PG Chassis location: Main System Chassis Previous state was: Unknown Discrete voltage state: Bad,E12,Instrumentation Service EventID: <*> Voltage sensor detected a failure value Sensor location: <*> Chassis location: <*> Previous state was: <*> Discrete voltage state: <*>,2,instrumentation service eventid: <num> voltage sensor detected a failure value sensor location: bmc 5v riser pg chassis location: main system chassis previous state was: unknown discrete voltage state: bad,1,Thunderbird_C0001265,1,2,instrumentation service eventid: <num> voltage sensor detected a failure value sensor location: bmc 5 v riser pg chassis location: main system chassis previous state was: unknown discrete voltage state: bad,1,1,frequency_representative
8267401,Instrumentation Service EventID: 1154 Voltage sensor detected a failure value Sensor location: BMC PROC VTT Chassis location: Main System Chassis Previous state was: Unknown Discrete voltage state: Bad,E12,Instrumentation Service EventID: <*> Voltage sensor detected a failure value Sensor location: <*> Chassis location: <*> Previous state was: <*> Discrete voltage state: <*>,4,instrumentation service eventid: <num> voltage sensor detected a failure value sensor location: bmc proc vtt chassis location: main system chassis previous state was: unknown discrete voltage state: bad,1,Thunderbird_C0001266,5,12,instrumentation service eventid: <num> voltage sensor detected a failure value sensor location: <*> <*> <*> chassis location: main system chassis previous state was: unknown discrete voltage state: bad,3,1,frequency_representative
8267672,Instrumentation Service EventID: 1154 Voltage sensor detected a failure value Sensor location: BMC ROMB Battery Chassis location: Main System Chassis Previous state was: Unknown Discrete voltage state: Bad,E12,Instrumentation Service EventID: <*> Voltage sensor detected a failure value Sensor location: <*> Chassis location: <*> Previous state was: <*> Discrete voltage state: <*>,2,instrumentation service eventid: <num> voltage sensor detected a failure value sensor location: bmc romb battery chassis location: main system chassis previous state was: unknown discrete voltage state: bad,1,Thunderbird_C0001266,5,12,instrumentation service eventid: <num> voltage sensor detected a failure value sensor location: <*> <*> <*> chassis location: main system chassis previous state was: unknown discrete voltage state: bad,3,2,complex_sample
8267812,Instrumentation Service EventID: 1154 Voltage sensor detected a failure value Sensor location: PROC_1 VCORE Chassis location: Main System Chassis Previous state was: Unknown Discrete voltage state: Bad,E12,Instrumentation Service EventID: <*> Voltage sensor detected a failure value Sensor location: <*> Chassis location: <*> Previous state was: <*> Discrete voltage state: <*>,2,instrumentation service eventid: <num> voltage sensor detected a failure value sensor location: proc_1 vcore chassis location: main system chassis previous state was: unknown discrete voltage state: bad,1,Thunderbird_C0001266,5,12,instrumentation service eventid: <num> voltage sensor detected a failure value sensor location: <*> <*> <*> chassis location: main system chassis previous state was: unknown discrete voltage state: bad,3,3,diverse_sample
8267477,Instrumentation Service EventID: 1152 Voltage sensor returned to a normal value Sensor location: BMC 5V PG Chassis location: Main System Chassis Previous state was: Critical (Failed) Discrete voltage state: Good,E10,Instrumentation Service EventID: <*> Voltage sensor returned to a normal value Sensor location: <*> Chassis location: <*> Previous state was: <*> Discrete voltage state: <*>,5,instrumentation service eventid: <num> voltage sensor returned to a normal value sensor location: bmc 5v pg chassis location: main system chassis previous state was: critical (failed) discrete voltage state: good,1,Thunderbird_C0001267,1,5,instrumentation service eventid: <num> voltage sensor returned to a normal value sensor location: bmc 5 v pg chassis location: main system chassis previous state was: critical (failed) discrete voltage state: good,1,1,frequency_representative
8267478,Instrumentation Service EventID: 1152 Voltage sensor returned to a normal value Sensor location: BMC 5V Riser PG Chassis location: Main System Chassis Previous state was: Critical (Failed) Discrete voltage state: Good,E10,Instrumentation Service EventID: <*> Voltage sensor returned to a normal value Sensor location: <*> Chassis location: <*> Previous state was: <*> Discrete voltage state: <*>,4,instrumentation service eventid: <num> voltage sensor returned to a normal value sensor location: bmc 5v riser pg chassis location: main system chassis previous state was: critical (failed) discrete voltage state: good,1,Thunderbird_C0001268,1,4,instrumentation service eventid: <num> voltage sensor returned to a normal value sensor location: bmc 5 v riser pg chassis location: main system chassis previous state was: critical (failed) discrete voltage state: good,1,1,frequency_representative
8267505,Instrumentation Service EventID: 1154 Voltage sensor detected a failure value Sensor location: BMC 1.8V PG Chassis location: Main System Chassis Previous state was: OK (Normal) Discrete voltage state: Bad,E12,Instrumentation Service EventID: <*> Voltage sensor detected a failure value Sensor location: <*> Chassis location: <*> Previous state was: <*> Discrete voltage state: <*>,4,instrumentation service eventid: <num> voltage sensor detected a failure value sensor location: bmc <num> .8v pg chassis location: main system chassis previous state was: ok (normal) discrete voltage state: bad,1,Thunderbird_C0001269,3,11,instrumentation service eventid: <num> voltage sensor detected a failure value sensor location: bmc <num>. <*> v pg chassis location: main system chassis previous state was: ok (normal) discrete voltage state: bad,2,1,frequency_representative
8267521,Instrumentation Service EventID: 1154 Voltage sensor detected a failure value Sensor location: BMC 3.3V PG Chassis location: Main System Chassis Previous state was: OK (Normal) Discrete voltage state: Bad,E12,Instrumentation Service EventID: <*> Voltage sensor detected a failure value Sensor location: <*> Chassis location: <*> Previous state was: <*> Discrete voltage state: <*>,4,instrumentation service eventid: <num> voltage sensor detected a failure value sensor location: bmc <num> .3v pg chassis location: main system chassis previous state was: ok (normal) discrete voltage state: bad,1,Thunderbird_C0001269,3,11,instrumentation service eventid: <num> voltage sensor detected a failure value sensor location: bmc <num>. <*> v pg chassis location: main system chassis previous state was: ok (normal) discrete voltage state: bad,2,2,complex_sample
8267522,Instrumentation Service EventID: 1154 Voltage sensor detected a failure value Sensor location: BMC 5V PG Chassis location: Main System Chassis Previous state was: OK (Normal) Discrete voltage state: Bad,E12,Instrumentation Service EventID: <*> Voltage sensor detected a failure value Sensor location: <*> Chassis location: <*> Previous state was: <*> Discrete voltage state: <*>,4,instrumentation service eventid: <num> voltage sensor detected a failure value sensor location: bmc 5v pg chassis location: main system chassis previous state was: ok (normal) discrete voltage state: bad,1,Thunderbird_C0001270,1,4,instrumentation service eventid: <num> voltage sensor detected a failure value sensor location: bmc 5 v pg chassis location: main system chassis previous state was: ok (normal) discrete voltage state: bad,1,1,frequency_representative
8267523,Instrumentation Service EventID: 1154 Voltage sensor detected a failure value Sensor location: BMC 5V Riser PG Chassis location: Main System Chassis Previous state was: OK (Normal) Discrete voltage state: Bad,E12,Instrumentation Service EventID: <*> Voltage sensor detected a failure value Sensor location: <*> Chassis location: <*> Previous state was: <*> Discrete voltage state: <*>,3,instrumentation service eventid: <num> voltage sensor detected a failure value sensor location: bmc 5v riser pg chassis location: main system chassis previous state was: ok (normal) discrete voltage state: bad,1,Thunderbird_C0001271,1,3,instrumentation service eventid: <num> voltage sensor detected a failure value sensor location: bmc 5 v riser pg chassis location: main system chassis previous state was: ok (normal) discrete voltage state: bad,1,1,frequency_representative
8267542,Instrumentation Service EventID: 1152 Voltage sensor returned to a normal value Sensor location: BMC 1.8V PG Chassis location: Main System Chassis Previous state was: Critical (Failed) Discrete voltage state: Good,E10,Instrumentation Service EventID: <*> Voltage sensor returned to a normal value Sensor location: <*> Chassis location: <*> Previous state was: <*> Discrete voltage state: <*>,5,instrumentation service eventid: <num> voltage sensor returned to a normal value sensor location: bmc <num> .8v pg chassis location: main system chassis previous state was: critical (failed) discrete voltage state: good,1,Thunderbird_C0001272,3,13,instrumentation service eventid: <num> voltage sensor returned to a normal value sensor location: bmc <num>. <*> v pg chassis location: main system chassis previous state was: critical (failed) discrete voltage state: good,2,1,frequency_representative
8267543,Instrumentation Service EventID: 1152 Voltage sensor returned to a normal value Sensor location: BMC 3.3V PG Chassis location: Main System Chassis Previous state was: Critical (Failed) Discrete voltage state: Good,E10,Instrumentation Service EventID: <*> Voltage sensor returned to a normal value Sensor location: <*> Chassis location: <*> Previous state was: <*> Discrete voltage state: <*>,4,instrumentation service eventid: <num> voltage sensor returned to a normal value sensor location: bmc <num> .3v pg chassis location: main system chassis previous state was: critical (failed) discrete voltage state: good,1,Thunderbird_C0001272,3,13,instrumentation service eventid: <num> voltage sensor returned to a normal value sensor location: bmc <num>. <*> v pg chassis location: main system chassis previous state was: critical (failed) discrete voltage state: good,2,2,complex_sample
8267669,Instrumentation Service EventID: 1154 Voltage sensor detected a failure value Sensor location: BMC 1.5V PG Chassis location: Main System Chassis Previous state was: Unknown Discrete voltage state: Bad,E12,Instrumentation Service EventID: <*> Voltage sensor detected a failure value Sensor location: <*> Chassis location: <*> Previous state was: <*> Discrete voltage state: <*>,3,instrumentation service eventid: <num> voltage sensor detected a failure value sensor location: bmc <num> .5v pg chassis location: main system chassis previous state was: unknown discrete voltage state: bad,1,Thunderbird_C0001273,3,7,instrumentation service eventid: <num> voltage sensor detected a failure value sensor location: bmc <num>. <*> v pg chassis location: main system chassis previous state was: unknown discrete voltage state: bad,2,1,frequency_representative
8267670,Instrumentation Service EventID: 1154 Voltage sensor detected a failure value Sensor location: BMC 1.8V PG Chassis location: Main System Chassis Previous state was: Unknown Discrete voltage state: Bad,E12,Instrumentation Service EventID: <*> Voltage sensor detected a failure value Sensor location: <*> Chassis location: <*> Previous state was: <*> Discrete voltage state: <*>,3,instrumentation service eventid: <num> voltage sensor detected a failure value sensor location: bmc <num> .8v pg chassis location: main system chassis previous state was: unknown discrete voltage state: bad,1,Thunderbird_C0001273,3,7,instrumentation service eventid: <num> voltage sensor detected a failure value sensor location: bmc <num>. <*> v pg chassis location: main system chassis previous state was: unknown discrete voltage state: bad,2,2,complex_sample
8267747,#113# : TTY=pts/3 ; PWD=/home/#113#/examples ; USER=root ; COMMAND=/bin/cp /apps/src/compilers/intel/commercial_cpp_l_C110-63224937.lic /apps/src/compilers/intel/commercial_for_l_C130-40481110.lic /apps/intel/licenses/,E768,<*> : TTY=<*> ; PWD=<*> ; USER=<*> ; COMMAND=<*>,1,# <num> # : tty=pts/ <num> ; pwd=/home/# <num> #/examples ; user=root ; command=/bin/cp <path> <path> /apps/intel/licenses/,1,Thunderbird_C0001274,1,1,# <num> #: tty = pts/<num>; pwd =/home/# <num> #/examples; user = root; command =/bin/cp <path> <path>/apps/intel/licenses /,1,1,frequency_representative
8286795,error: lastlog_get_entry: Error reading from /var/log/lastlog: Input/output error,E140,error: lastlog_get_entry: Error reading from <*>: Input/output error,5,error: lastlog_get_entry: error reading from /var/log/lastlog: input/output error,1,Thunderbird_C0001275,1,5,error: lastlog_get_entry: error reading from/var/log/lastlog: input/output error,1,1,frequency_representative
8287315,syslogin_perform_logout: logout() returned an error,E236,syslogin_perform_logout: logout() returned an error,9,syslogin_perform_logout: logout() returned an error,1,Thunderbird_C0001276,1,9,syslogin_perform_logout: logout () returned an error,1,1,frequency_representative
8300858,Received disconnect from ::ffff:10.100.6.44: 2: Corrupted MAC on input.,E298,Received disconnect from <*>: <*>: Corrupted MAC on input.,1,received disconnect from ::ffff: <ip> : <num> : corrupted mac on input.,1,Thunderbird_C0001277,1,1,received disconnect from:: ffff: <ip>: <num>: corrupted mac on input.,1,1,frequency_representative
8309740,root : TTY=pts/1 ; PWD=/home/#57# ; USER=root ; COMMAND=/bin/su - #26# -c /mnt_projects/sysapps/#125#-test/nodehwtest/RUN_NODE_TEST_STEP2.sh an492,E768,<*> : TTY=<*> ; PWD=<*> ; USER=<*> ; COMMAND=<*>,1,root : tty=pts/ <num> ; pwd=/home/# <num> # ; user=root ; command=/bin/su - # <num> # -c /mnt_projects/sysapps/# <num> #-test/nodehwtest/ <id> an492,1,Thunderbird_C0001278,1,1,root: tty = pts/<num>; pwd =/home/# <num> #; user = root; command =/bin/su-# <num> #-c/mnt_projects/sysapps/# <num> #-test/nodehwtest/<id> an 492,1,1,frequency_representative
8309741,#57# : TTY=pts/1 ; PWD=/home/#57# ; USER=root ; COMMAND=/apps/breakfix-testing/step2a.sh an492,E768,<*> : TTY=<*> ; PWD=<*> ; USER=<*> ; COMMAND=<*>,1,# <num> # : tty=pts/ <num> ; pwd=/home/# <num> # ; user=root ; command= <path> an492,1,Thunderbird_C0001279,1,1,# <num> #: tty = pts/<num>; pwd =/home/# <num> #; user = root; command = <path> an 492,1,1,frequency_representative
8309773,root : TTY=pts/1 ; PWD=/home/#57# ; USER=root ; COMMAND=/bin/su - #26# -c /mnt_projects/sysapps/#125#-test/nodehwtest/RUN_NODE_TEST_STEP2.sh an344,E768,<*> : TTY=<*> ; PWD=<*> ; USER=<*> ; COMMAND=<*>,1,root : tty=pts/ <num> ; pwd=/home/# <num> # ; user=root ; command=/bin/su - # <num> # -c /mnt_projects/sysapps/# <num> #-test/nodehwtest/ <id> an344,1,Thunderbird_C0001280,1,1,root: tty = pts/<num>; pwd =/home/# <num> #; user = root; command =/bin/su-# <num> #-c/mnt_projects/sysapps/# <num> #-test/nodehwtest/<id> an 344,1,1,frequency_representative
8309774,#57# : TTY=pts/1 ; PWD=/home/#57# ; USER=root ; COMMAND=/apps/breakfix-testing/step2a.sh an344,E768,<*> : TTY=<*> ; PWD=<*> ; USER=<*> ; COMMAND=<*>,1,# <num> # : tty=pts/ <num> ; pwd=/home/# <num> # ; user=root ; command= <path> an344,1,Thunderbird_C0001281,1,1,# <num> #: tty = pts/<num>; pwd =/home/# <num> #; user = root; command = <path> an 344,1,1,frequency_representative
8309799,root : TTY=pts/1 ; PWD=/home/#57# ; USER=root ; COMMAND=/bin/su - #26# -c /mnt_projects/sysapps/#125#-test/nodehwtest/RUN_NODE_TEST_STEP2.sh an713,E768,<*> : TTY=<*> ; PWD=<*> ; USER=<*> ; COMMAND=<*>,1,root : tty=pts/ <num> ; pwd=/home/# <num> # ; user=root ; command=/bin/su - # <num> # -c /mnt_projects/sysapps/# <num> #-test/nodehwtest/ <id> an713,1,Thunderbird_C0001282,1,1,root: tty = pts/<num>; pwd =/home/# <num> #; user = root; command =/bin/su-# <num> #-c/mnt_projects/sysapps/# <num> #-test/nodehwtest/<id> an 713,1,1,frequency_representative
8309800,#57# : TTY=pts/1 ; PWD=/home/#57# ; USER=root ; COMMAND=/apps/breakfix-testing/step2a.sh an713,E768,<*> : TTY=<*> ; PWD=<*> ; USER=<*> ; COMMAND=<*>,1,# <num> # : tty=pts/ <num> ; pwd=/home/# <num> # ; user=root ; command= <path> an713,1,Thunderbird_C0001283,1,1,# <num> #: tty = pts/<num>; pwd =/home/# <num> #; user = root; command = <path> an 713,1,1,frequency_representative
8309822,root : TTY=pts/1 ; PWD=/home/#57# ; USER=root ; COMMAND=/bin/su - #26# -c /mnt_projects/sysapps/#125#-test/nodehwtest/RUN_NODE_TEST_STEP2.sh an33,E768,<*> : TTY=<*> ; PWD=<*> ; USER=<*> ; COMMAND=<*>,1,root : tty=pts/ <num> ; pwd=/home/# <num> # ; user=root ; command=/bin/su - # <num> # -c /mnt_projects/sysapps/# <num> #-test/nodehwtest/ <id> an33,1,Thunderbird_C0001284,2,2,root: tty = pts/<num>; pwd =/home/# <num> #; user = root; command =/bin/su-# <num> #-c/mnt_projects/sysapps/# <num> #-test/nodehwtest/<id> <*> 33,2,1,frequency_representative
10271201,root : TTY=pts/3 ; PWD=/home/#57# ; USER=root ; COMMAND=/bin/su - #26# -c /mnt_projects/sysapps/#125#-test/nodehwtest/RUN_NODE_TEST_STEP2.sh en33,E768,<*> : TTY=<*> ; PWD=<*> ; USER=<*> ; COMMAND=<*>,1,root : tty=pts/ <num> ; pwd=/home/# <num> # ; user=root ; command=/bin/su - # <num> # -c /mnt_projects/sysapps/# <num> #-test/nodehwtest/ <id> en33,1,Thunderbird_C0001284,2,2,root: tty = pts/<num>; pwd =/home/# <num> #; user = root; command =/bin/su-# <num> #-c/mnt_projects/sysapps/# <num> #-test/nodehwtest/<id> <*> 33,2,2,complex_sample
8309823,#57# : TTY=pts/1 ; PWD=/home/#57# ; USER=root ; COMMAND=/apps/breakfix-testing/step2a.sh an33,E768,<*> : TTY=<*> ; PWD=<*> ; USER=<*> ; COMMAND=<*>,1,# <num> # : tty=pts/ <num> ; pwd=/home/# <num> # ; user=root ; command= <path> an33,1,Thunderbird_C0001285,2,2,# <num> #: tty = pts/<num>; pwd =/home/# <num> #; user = root; command = <path> <*> 33,2,1,frequency_representative
10271202,#57# : TTY=pts/3 ; PWD=/home/#57# ; USER=root ; COMMAND=/apps/breakfix-testing/step2a.sh en33,E768,<*> : TTY=<*> ; PWD=<*> ; USER=<*> ; COMMAND=<*>,1,# <num> # : tty=pts/ <num> ; pwd=/home/# <num> # ; user=root ; command= <path> en33,1,Thunderbird_C0001285,2,2,# <num> #: tty = pts/<num>; pwd =/home/# <num> #; user = root; command = <path> <*> 33,2,2,complex_sample
8309838,root : TTY=pts/1 ; PWD=/home/#57# ; USER=root ; COMMAND=/bin/su - #26# -c /mnt_projects/sysapps/#125#-test/nodehwtest/RUN_NODE_TEST_STEP2.sh an333,E768,<*> : TTY=<*> ; PWD=<*> ; USER=<*> ; COMMAND=<*>,1,root : tty=pts/ <num> ; pwd=/home/# <num> # ; user=root ; command=/bin/su - # <num> # -c /mnt_projects/sysapps/# <num> #-test/nodehwtest/ <id> an333,1,Thunderbird_C0001286,1,1,root: tty = pts/<num>; pwd =/home/# <num> #; user = root; command =/bin/su-# <num> #-c/mnt_projects/sysapps/# <num> #-test/nodehwtest/<id> an 333,1,1,frequency_representative
8309839,#57# : TTY=pts/1 ; PWD=/home/#57# ; USER=root ; COMMAND=/apps/breakfix-testing/step2a.sh an333,E768,<*> : TTY=<*> ; PWD=<*> ; USER=<*> ; COMMAND=<*>,1,# <num> # : tty=pts/ <num> ; pwd=/home/# <num> # ; user=root ; command= <path> an333,1,Thunderbird_C0001287,1,1,# <num> #: tty = pts/<num>; pwd =/home/# <num> #; user = root; command = <path> an 333,1,1,frequency_representative
8309858,root : TTY=pts/1 ; PWD=/home/#57# ; USER=root ; COMMAND=/bin/su - #26# -c /mnt_projects/sysapps/#125#-test/nodehwtest/RUN_NODE_TEST_STEP2.sh an569,E768,<*> : TTY=<*> ; PWD=<*> ; USER=<*> ; COMMAND=<*>,1,root : tty=pts/ <num> ; pwd=/home/# <num> # ; user=root ; command=/bin/su - # <num> # -c /mnt_projects/sysapps/# <num> #-test/nodehwtest/ <id> an569,1,Thunderbird_C0001288,1,1,root: tty = pts/<num>; pwd =/home/# <num> #; user = root; command =/bin/su-# <num> #-c/mnt_projects/sysapps/# <num> #-test/nodehwtest/<id> an 569,1,1,frequency_representative
8309859,#57# : TTY=pts/1 ; PWD=/home/#57# ; USER=root ; COMMAND=/apps/breakfix-testing/step2a.sh an569,E768,<*> : TTY=<*> ; PWD=<*> ; USER=<*> ; COMMAND=<*>,1,# <num> # : tty=pts/ <num> ; pwd=/home/# <num> # ; user=root ; command= <path> an569,1,Thunderbird_C0001289,1,1,# <num> #: tty = pts/<num>; pwd =/home/# <num> #; user = root; command = <path> an 569,1,1,frequency_representative
8309889,root : TTY=pts/1 ; PWD=/home/#57# ; USER=root ; COMMAND=/bin/su - #26# -c /mnt_projects/sysapps/#125#-test/nodehwtest/RUN_NODE_TEST_STEP2.sh an573,E768,<*> : TTY=<*> ; PWD=<*> ; USER=<*> ; COMMAND=<*>,1,root : tty=pts/ <num> ; pwd=/home/# <num> # ; user=root ; command=/bin/su - # <num> # -c /mnt_projects/sysapps/# <num> #-test/nodehwtest/ <id> an573,1,Thunderbird_C0001290,1,1,root: tty = pts/<num>; pwd =/home/# <num> #; user = root; command =/bin/su-# <num> #-c/mnt_projects/sysapps/# <num> #-test/nodehwtest/<id> an 573,1,1,frequency_representative
8309890,#57# : TTY=pts/1 ; PWD=/home/#57# ; USER=root ; COMMAND=/apps/breakfix-testing/step2a.sh an573,E768,<*> : TTY=<*> ; PWD=<*> ; USER=<*> ; COMMAND=<*>,1,# <num> # : tty=pts/ <num> ; pwd=/home/# <num> # ; user=root ; command= <path> an573,1,Thunderbird_C0001291,1,1,# <num> #: tty = pts/<num>; pwd =/home/# <num> #; user = root; command = <path> an 573,1,1,frequency_representative
8309907,root : TTY=pts/1 ; PWD=/home/#57# ; USER=root ; COMMAND=/bin/su - #26# -c /mnt_projects/sysapps/#125#-test/nodehwtest/RUN_NODE_TEST_STEP2.sh an312,E768,<*> : TTY=<*> ; PWD=<*> ; USER=<*> ; COMMAND=<*>,1,root : tty=pts/ <num> ; pwd=/home/# <num> # ; user=root ; command=/bin/su - # <num> # -c /mnt_projects/sysapps/# <num> #-test/nodehwtest/ <id> an312,1,Thunderbird_C0001292,1,1,root: tty = pts/<num>; pwd =/home/# <num> #; user = root; command =/bin/su-# <num> #-c/mnt_projects/sysapps/# <num> #-test/nodehwtest/<id> an 312,1,1,frequency_representative
8309908,#57# : TTY=pts/1 ; PWD=/home/#57# ; USER=root ; COMMAND=/apps/breakfix-testing/step2a.sh an312,E768,<*> : TTY=<*> ; PWD=<*> ; USER=<*> ; COMMAND=<*>,1,# <num> # : tty=pts/ <num> ; pwd=/home/# <num> # ; user=root ; command= <path> an312,1,Thunderbird_C0001293,1,1,# <num> #: tty = pts/<num>; pwd =/home/# <num> #; user = root; command = <path> an 312,1,1,frequency_representative
8310094,#113# : TTY=pts/0 ; PWD=/home/#113# ; USER=root ; COMMAND=/bin/mv tmp/vasp46 codes/,E768,<*> : TTY=<*> ; PWD=<*> ; USER=<*> ; COMMAND=<*>,1,# <num> # : tty=pts/ <num> ; pwd=/home/# <num> # ; user=root ; command=/bin/mv tmp/vasp46 codes/,1,Thunderbird_C0001294,1,1,# <num> #: tty = pts/<num>; pwd =/home/# <num> #; user = root; command =/bin/mv tmp/vasp 46 codes /,1,1,frequency_representative
8310112,#113# : TTY=pts/0 ; PWD=/home/#113# ; USER=root ; COMMAND=/bin/chown -R #113# codes,E768,<*> : TTY=<*> ; PWD=<*> ; USER=<*> ; COMMAND=<*>,1,# <num> # : tty=pts/ <num> ; pwd=/home/# <num> # ; user=root ; command=/bin/chown -r # <num> # codes,1,Thunderbird_C0001295,1,1,# <num> #: tty = pts/<num>; pwd =/home/# <num> #; user = root; command =/bin/chown-r # <num> # codes,1,1,frequency_representative
8311218,#113# : TTY=pts/0 ; PWD=/home/#113#/codes ; USER=root ; COMMAND=/bin/chown -R #113# MPIH,E768,<*> : TTY=<*> ; PWD=<*> ; USER=<*> ; COMMAND=<*>,1,# <num> # : tty=pts/ <num> ; pwd=/home/# <num> #/codes ; user=root ; command=/bin/chown -r # <num> # mpih,1,Thunderbird_C0001296,1,1,# <num> #: tty = pts/<num>; pwd =/home/# <num> #/codes; user = root; command =/bin/chown-r # <num> # mpih,1,1,frequency_representative
8314475,#47# : TTY=pts/10 ; PWD=/scratch3/#47#/#307# ; USER=root ; COMMAND=/usr/bin/rsync -av /projects/socorro/#307#/tbird/socorro .,E768,<*> : TTY=<*> ; PWD=<*> ; USER=<*> ; COMMAND=<*>,1,# <num> # : tty=pts/ <num> ; pwd=/ <id> /# <num> #/# <num> # ; user=root ; command=/usr/bin/rsync -av /projects/socorro/# <num> #/tbird/socorro .,1,Thunderbird_C0001297,2,2,# <num> #: tty = pts/<num>; pwd =/<id>/# <num> #/# <num> #; user = root; command =/usr/bin/rsync-<*>/projects/socorro/# <num> #/tbird/socorro.,2,1,frequency_representative
8314485,#47# : TTY=pts/10 ; PWD=/scratch3/#47#/#307# ; USER=root ; COMMAND=/usr/bin/rsync -Cav /projects/socorro/#307#/tbird/socorro .,E768,<*> : TTY=<*> ; PWD=<*> ; USER=<*> ; COMMAND=<*>,1,# <num> # : tty=pts/ <num> ; pwd=/ <id> /# <num> #/# <num> # ; user=root ; command=/usr/bin/rsync -cav /projects/socorro/# <num> #/tbird/socorro .,1,Thunderbird_C0001297,2,2,# <num> #: tty = pts/<num>; pwd =/<id>/# <num> #/# <num> #; user = root; command =/usr/bin/rsync-<*>/projects/socorro/# <num> #/tbird/socorro.,2,2,complex_sample
8314482,#47# : TTY=pts/10 ; PWD=/scratch3/#47#/#307# ; USER=root ; COMMAND=/bin/rm -rf socorro/,E768,<*> : TTY=<*> ; PWD=<*> ; USER=<*> ; COMMAND=<*>,1,# <num> # : tty=pts/ <num> ; pwd=/ <id> /# <num> #/# <num> # ; user=root ; command=/bin/rm -rf socorro/,1,Thunderbird_C0001298,1,1,# <num> #: tty = pts/<num>; pwd =/<id>/# <num> #/# <num> #; user = root; command =/bin/rm-rf socorro /,1,1,frequency_representative
8314830,test_collective[6529]: segfault at 0000000000000000 rip 00000037d0e710b0 rsp 0000007fbfffd948 error 6,E806,<*>[<*>]: segfault at <*> rip <*> rsp <*> error <*>,4,test_collective[ <num> ]: segfault at <hex> rip <hex> rsp <hex> error <num>,4,Thunderbird_C0001299,4,4,test_collective [<num>]: segfault at <hex> rip <hex> rsp <hex> error <num>,1,1,frequency_representative
8315135,#47# : TTY=pts/10 ; PWD=/scratch3/#47#/#307# ; USER=root ; COMMAND=/bin/chown #47#.#47# c12 dotme.barrierfix2 socorro,E768,<*> : TTY=<*> ; PWD=<*> ; USER=<*> ; COMMAND=<*>,1,# <num> # : tty=pts/ <num> ; pwd=/ <id> /# <num> #/# <num> # ; user=root ; command=/bin/chown # <num> #.# <num> # c12 <id> socorro,1,Thunderbird_C0001300,1,1,# <num> #: tty = pts/<num>; pwd =/<id>/# <num> #/# <num> #; user = root; command =/bin/chown # <num> #. # <num> # c 12 <id> socorro,1,1,frequency_representative
8315161,#47# : TTY=pts/10 ; PWD=/scratch3/#47#/#307# ; USER=root ; COMMAND=/bin/chown -R #47#.#47# c12 dotme.barrierfix2 socorro,E768,<*> : TTY=<*> ; PWD=<*> ; USER=<*> ; COMMAND=<*>,1,# <num> # : tty=pts/ <num> ; pwd=/ <id> /# <num> #/# <num> # ; user=root ; command=/bin/chown -r # <num> #.# <num> # c12 <id> socorro,1,Thunderbird_C0001301,1,1,# <num> #: tty = pts/<num>; pwd =/<id>/# <num> #/# <num> #; user = root; command =/bin/chown-r # <num> #. # <num> # c 12 <id> socorro,1,1,frequency_representative
8320417,Kickstart Install: Setup to become a Tbird SQE/Build-Test node,E1035,Kickstart Install: <*>,16,kickstart install: setup to become a tbird sqe/build-test node,1,Thunderbird_C0001302,1,16,kickstart install: setup to become a tbird sqe/build-test node,1,1,frequency_representative
8320881,"mount: saon101v:/sntools/sntools failed, reason given by server: Permission denied",E212,"mount: <*> failed, reason given by server: Permission denied",27,"mount: <id> :/sntools/sntools failed, reason given by server: permission denied",1,Thunderbird_C0001303,1,27,"mount: <id>:/sntools/sntools failed, reason given by server: permission denied",1,1,frequency_representative
8321158,"mount: saon101v:/#41#/Release failed, reason given by server: Permission denied",E212,"mount: <*> failed, reason given by server: Permission denied",19,"mount: <id> :/# <num> #/release failed, reason given by server: permission denied",1,Thunderbird_C0001304,2,38,"mount: <id>:/# <num> #/<*> failed, reason given by server: permission denied",2,1,frequency_representative
8321306,"mount: saon101v:/#41#/Src failed, reason given by server: Permission denied",E212,"mount: <*> failed, reason given by server: Permission denied",19,"mount: <id> :/# <num> #/src failed, reason given by server: permission denied",1,Thunderbird_C0001304,2,38,"mount: <id>:/# <num> #/<*> failed, reason given by server: permission denied",2,2,complex_sample
8321322,"mount: saon101v2:/var_#41#/#41# failed, reason given by server: Permission denied",E212,"mount: <*> failed, reason given by server: Permission denied",19,"mount: <id> :/var_# <num> #/# <num> # failed, reason given by server: permission denied",1,Thunderbird_C0001305,1,19,"mount: <id>:/var_ # <num> #/# <num> # failed, reason given by server: permission denied",1,1,frequency_representative
8321326,"mount: saon101v2:/#41#_dev/Dev failed, reason given by server: Permission denied",E212,"mount: <*> failed, reason given by server: Permission denied",19,"mount: <id> :/# <num> #_dev/dev failed, reason given by server: permission denied",1,Thunderbird_C0001306,1,19,"mount: <id>:/# <num> # _dev/dev failed, reason given by server: permission denied",1,1,frequency_representative
8330365,mcpcom[3782]: segfault at 0000000000000014 rip 000000000853d746 rsp 00000000ffffc91c error 4,E806,<*>[<*>]: segfault at <*> rip <*> rsp <*> error <*>,2,mcpcom[ <num> ]: segfault at <hex> rip <hex> rsp <hex> error <num>,2,Thunderbird_C0001307,2,2,mcpcom [<num>]: segfault at <hex> rip <hex> rsp <hex> error <num>,1,1,frequency_representative
8339746,Kickstart: tbird-sqe pbs server block,E782,Kickstart: <*> pbs server block,1,kickstart: tbird-sqe pbs server block,1,Thunderbird_C0001308,1,1,kickstart: tbird-sqe pbs server block,1,1,frequency_representative
8343544,root : TTY=pts/4 ; PWD=/root ; USER=root ; COMMAND=/bin/su - #26#,E768,<*> : TTY=<*> ; PWD=<*> ; USER=<*> ; COMMAND=<*>,1,root : tty=pts/ <num> ; pwd=/root ; user=root ; command=/bin/su - # <num> #,1,Thunderbird_C0001309,1,1,root: tty = pts/<num>; pwd =/root; user = root; command =/bin/su-# <num> #,1,1,frequency_representative
8344576,#47# : TTY=pts/18 ; PWD=/mnt_projects/sysapps/breakfix-testing/stress-system/purple-stencil-tests ; USER=root ; COMMAND=/bin/chgrp -R wheel gpingpong_test..e43021 gpingpong_test..o43021 gpingpong_test.pbs multipong_test..e43189 multipong_test..e43190 multipong_test..e43191 multipong_test..e43192 multipong_test..e43193 multipong_test..o43189 multipong_test..o43190 multipong_test..o43191 multipong_test..o43192 multipong_test..o43193 multipong_test.pbs purple-stencil-tests-05-10-28 torus_test.pbs torus_test.pbs.e43027 torus_test.pbs.o43027,E768,<*> : TTY=<*> ; PWD=<*> ; USER=<*> ; COMMAND=<*>,1,# <num> # : tty=pts/ <num> ; pwd= <path> ; user=root ; command=/bin/chgrp -r wheel <id> <id> gpingpong_test.pbs <id> <id> <id> <id> <id> <id> <id> <id> <id> <id> multipong_test.pbs <id> torus_test.pbs <id> <id>,1,Thunderbird_C0001310,1,1,# <num> #: tty = pts/<num>; pwd = <path>; user = root; command =/bin/chgrp-r wheel <id> <id> gpingpong_test. pbs <id> <id> <id> <id> <id> <id> <id> <id> <id> <id> multipong_test. pbs <id> torus_test. pbs <id> <id>,1,1,frequency_representative
8344590,#47# : TTY=pts/18 ; PWD=/mnt_projects/sysapps/breakfix-testing/stress-system/purple-stencil-tests ; USER=root ; COMMAND=/bin/chmod g+rx purple-stencil-tests-05-10-28,E768,<*> : TTY=<*> ; PWD=<*> ; USER=<*> ; COMMAND=<*>,1,# <num> # : tty=pts/ <num> ; pwd= <path> ; user=root ; command=/bin/chmod g+rx <id>,1,Thunderbird_C0001311,1,1,# <num> #: tty = pts/<num>; pwd = <path>; user = root; command =/bin/chmod g + rx <id>,1,1,frequency_representative
8397632,#64# : TTY=pts/6 ; PWD=/mnt_projects/sysapps/#125#-test/bandwidth ; USER=root ; COMMAND=/bin/su -,E768,<*> : TTY=<*> ; PWD=<*> ; USER=<*> ; COMMAND=<*>,2,# <num> # : tty=pts/ <num> ; pwd=/mnt_projects/sysapps/# <num> #-test/bandwidth ; user=root ; command=/bin/su -,2,Thunderbird_C0001312,3,3,# <num> #: tty = pts/<num>; pwd =/mnt_projects/sysapps/# <num> #-test/<*>; user = root; command =/bin/su -,2,1,frequency_representative
8497562,#26# : TTY=pts/6 ; PWD=/mnt_projects/sysapps/#125#-test/latency ; USER=root ; COMMAND=/bin/su -,E768,<*> : TTY=<*> ; PWD=<*> ; USER=<*> ; COMMAND=<*>,1,# <num> # : tty=pts/ <num> ; pwd=/mnt_projects/sysapps/# <num> #-test/latency ; user=root ; command=/bin/su -,1,Thunderbird_C0001312,3,3,# <num> #: tty = pts/<num>; pwd =/mnt_projects/sysapps/# <num> #-test/<*>; user = root; command =/bin/su -,2,2,complex_sample
8495760,sage.x[8577]: segfault at 0000007fbffebff8 rip 00000000006eabd3 rsp 0000007fbffec000 error 6,E806,<*>[<*>]: segfault at <*> rip <*> rsp <*> error <*>,3,sage.x[ <num> ]: segfault at <hex> rip <hex> rsp <hex> error <num>,3,Thunderbird_C0001313,3,3,sage. x [<num>]: segfault at <hex> rip <hex> rsp <hex> error <num>,1,1,frequency_representative
8519794,THH(1): XHH_mrwm_register_mr: rc=HH_EFATAL,E600,THH(<*>): XHH_mrwm_register_mr: rc=<*>,1,thh( <num> ): xhh_mrwm_register_mr: rc=hh_efatal,1,Thunderbird_C0001314,1,1,thh (<num>): xhh_mrwm_register_mr: rc = hh_efatal,1,1,frequency_representative
8519827,THH(1): mnt_projects/sysapps/src/ib/topspin/topspin-src-3.2.0-16/third_party/thca4_linux/kernel/mlxhh/thh/obj_host_amd64_custom1_rhel4/mod_thh/tptm.c[921]: XHH_cmd_WRITE_MTT failed (err=259),E401,THH(<*>): <*>[<*>]: XHH_cmd_WRITE_MTT failed (err=<*>),1,thh( <num> ): mnt_projects/sysapps/src/ib/topspin/ <id> /third_party/ <id> /kernel/mlxhh/thh/ <id> /mod_thh/tptm.c[ <num> ]: xhh_cmd_write_mtt failed (err= <num> ),1,Thunderbird_C0001315,1,1,thh (<num>): mnt_projects/sysapps/src/ib/topspin/<id>/third_party/<id>/kernel/mlxhh/thh/<id>/mod_thh/tptm. c [<num>]: xhh_cmd_write_mtt failed (err = <num>),1,1,frequency_representative
8519828,THH(4): mnt_projects/sysapps/src/ib/topspin/topspin-src-3.2.0-16/third_party/thca4_linux/kernel/mlxhh/thh/obj_host_amd64_custom1_rhel4/mod_thh/tptm.c[1153]: alloc_reg_pages: rFAILED register_pages,E379,THH(<*>): <*>[<*>]: alloc_reg_pages: <*> register_pages,1,thh( <num> ): mnt_projects/sysapps/src/ib/topspin/ <id> /third_party/ <id> /kernel/mlxhh/thh/ <id> /mod_thh/tptm.c[ <num> ]: alloc_reg_pages: rfailed register_pages,1,Thunderbird_C0001316,1,1,thh (<num>): mnt_projects/sysapps/src/ib/topspin/<id>/third_party/<id>/kernel/mlxhh/thh/<id>/mod_thh/tptm. c [<num>]: alloc_reg_pages: rfailed register_pages,1,1,frequency_representative
8566840,Aborted,E1218,Aborted,15,aborted,1,Thunderbird_C0001317,1,15,aborted,1,1,frequency_representative
8566841,Can't open timestamp file for job cron.daily: Read-only file system,E1070,Can't open <*> for job <*>: <*>,20,can't open timestamp file for job cron.daily: read-only file system,1,Thunderbird_C0001318,2,24,can ' t open timestamp file for job cron. <*>: read-only file system,2,1,frequency_representative
12936347,Can't open timestamp file for job cron.weekly: Read-only file system,E1070,Can't open <*> for job <*>: <*>,4,can't open timestamp file for job cron.weekly: read-only file system,1,Thunderbird_C0001318,2,24,can ' t open timestamp file for job cron. <*>: read-only file system,2,2,complex_sample
8625605,#57# : TTY=pts/2 ; PWD=/home/#57# ; USER=root ; COMMAND=/usr/bin/ssh an59,E768,<*> : TTY=<*> ; PWD=<*> ; USER=<*> ; COMMAND=<*>,1,# <num> # : tty=pts/ <num> ; pwd=/home/# <num> # ; user=root ; command=/usr/bin/ssh an59,1,Thunderbird_C0001319,1,1,# <num> #: tty = pts/<num>; pwd =/home/# <num> #; user = root; command =/usr/bin/ssh an 59,1,1,frequency_representative
8626086,#57# : TTY=pts/2 ; PWD=/home/#57# ; USER=root ; COMMAND=/usr/bin/ssh cn906,E768,<*> : TTY=<*> ; PWD=<*> ; USER=<*> ; COMMAND=<*>,1,# <num> # : tty=pts/ <num> ; pwd=/home/# <num> # ; user=root ; command=/usr/bin/ssh cn906,1,Thunderbird_C0001320,1,1,# <num> #: tty = pts/<num>; pwd =/home/# <num> #; user = root; command =/usr/bin/ssh cn 906,1,1,frequency_representative
8753341,jB5B22D7026436: SYSERR(root): Error writing control file qfjB5B22D7026436: No space left on device,E178,<*>: SYSERR(<*>): Error writing control file <*>: No space left on device,25,<id> : syserr(root): error writing control file <id> : no space left on device,25,Thunderbird_C0001321,25,25,<id>: syserr (root): error writing control file <id>: no space left on device,1,1,frequency_representative
8753342,jB5B22D7026436: SYSERR(root): putbody: write error: No space left on device,E226,<*>: SYSERR(<*>): putbody: write error: No space left on device,25,<id> : syserr(root): putbody: write error: no space left on device,25,Thunderbird_C0001322,25,25,<id>: syserr (root): putbody: write error: no space left on device,1,1,frequency_representative
8786119,processor at /devices/pci0000:00/0000:00:02.0/0000:01:00.0/0000:02:05.0/host0/target0:0:6/0:0:6:0,E1172,processor at <*>,406,processor at <path> <ip> . <num> / <ip> . <num> / <ip> . <num> / <id> / <id> / <ip>,1,Thunderbird_C0001323,1,406,processor at <path> <ip>. <num>/<ip>. <num>/<ip>. <num>/<id>/<id>/<ip>,1,1,frequency_representative
8786120,disk at /devices/pci0000:00/0000:00:02.0/0000:01:00.0/0000:02:05.0/host0/target0:0:0/0:0:0:0,E1227,disk at <*>,406,disk at <path> <ip> . <num> / <ip> . <num> / <ip> . <num> / <id> / <id> / <ip>,1,Thunderbird_C0001324,1,406,disk at <path> <ip>. <num>/<ip>. <num>/<ip>. <num>/<id>/<id>/<ip>,1,1,frequency_representative
8786154,/var/lock/lvm: mkdir failed: Read-only file system,E549,<*>: mkdir failed: Read-only file system,438,/var/lock/lvm: mkdir failed: read-only file system,1,Thunderbird_C0001325,1,438,/ var/lock/lvm: mkdir failed: read-only file system,1,1,frequency_representative
8817531,"User #110#, coming from #8#-nic2, authenticated.",E603,"User <*>, coming from <*>, authenticated.",24,"user # <num> #, coming from # <num> #-nic2, authenticated.",1,Thunderbird_C0001326,1,24,"user # <num> #, coming from # <num> #-nic 2, authenticated.",1,1,frequency_representative
8849738,Authentication refused: bad ownership or modes for directory /home/#328#,E175,Authentication refused: bad ownership or modes for directory <*>,4,authentication refused: bad ownership or modes for directory /home/# <num> #,1,Thunderbird_C0001327,1,4,authentication refused: bad ownership or modes for directory/home/# <num> #,1,1,frequency_representative
8853098,"User #328#, coming from dn817, authenticated.",E603,"User <*>, coming from <*>, authenticated.",2,"user # <num> #, coming from dn817, authenticated.",1,Thunderbird_C0001328,2,4,"user # <num> #, coming from <*> <*>, authenticated.",2,1,frequency_representative
10097988,"User #47#, coming from tsqe1, authenticated.",E603,"User <*>, coming from <*>, authenticated.",2,"user # <num> #, coming from tsqe1, authenticated.",1,Thunderbird_C0001328,2,4,"user # <num> #, coming from <*> <*>, authenticated.",2,2,complex_sample
8864034,3 bad udp checksums in 5 packets,E796,<*> bad udp checksums in <*> packets,4,<num> bad udp checksums in <num> packets,4,Thunderbird_C0001329,4,4,<num> bad udp checksums in <num> packets,1,1,frequency_representative
8864058,bogus UDP packet length: 1540,E886,bogus UDP packet length: <*>,4,bogus udp packet length: <num>,1,Thunderbird_C0001330,1,4,bogus udp packet length: <num>,1,1,frequency_representative
8870085,root : TTY=pts/1 ; PWD=/home/#57# ; USER=root ; COMMAND=/bin/su - #26# -c /mnt_projects/sysapps/#125#-test/nodehwtest/RUN_NODE_TEST_STEP2.sh bn251,E768,<*> : TTY=<*> ; PWD=<*> ; USER=<*> ; COMMAND=<*>,1,root : tty=pts/ <num> ; pwd=/home/# <num> # ; user=root ; command=/bin/su - # <num> # -c /mnt_projects/sysapps/# <num> #-test/nodehwtest/ <id> bn251,1,Thunderbird_C0001331,1,1,root: tty = pts/<num>; pwd =/home/# <num> #; user = root; command =/bin/su-# <num> #-c/mnt_projects/sysapps/# <num> #-test/nodehwtest/<id> bn 251,1,1,frequency_representative
8870086,#57# : TTY=pts/1 ; PWD=/home/#57# ; USER=root ; COMMAND=/apps/breakfix-testing/step2a.sh bn251,E768,<*> : TTY=<*> ; PWD=<*> ; USER=<*> ; COMMAND=<*>,1,# <num> # : tty=pts/ <num> ; pwd=/home/# <num> # ; user=root ; command= <path> bn251,1,Thunderbird_C0001332,1,1,# <num> #: tty = pts/<num>; pwd =/home/# <num> #; user = root; command = <path> bn 251,1,1,frequency_representative
8870090,root : TTY=pts/1 ; PWD=/home/#57# ; USER=root ; COMMAND=/bin/su - #26# -c /mnt_projects/sysapps/#125#-test/nodehwtest/RUN_NODE_TEST_STEP2.sh bn472,E768,<*> : TTY=<*> ; PWD=<*> ; USER=<*> ; COMMAND=<*>,1,root : tty=pts/ <num> ; pwd=/home/# <num> # ; user=root ; command=/bin/su - # <num> # -c /mnt_projects/sysapps/# <num> #-test/nodehwtest/ <id> bn472,1,Thunderbird_C0001333,1,1,root: tty = pts/<num>; pwd =/home/# <num> #; user = root; command =/bin/su-# <num> #-c/mnt_projects/sysapps/# <num> #-test/nodehwtest/<id> bn 472,1,1,frequency_representative
8870091,#57# : TTY=pts/1 ; PWD=/home/#57# ; USER=root ; COMMAND=/apps/breakfix-testing/step2a.sh bn472,E768,<*> : TTY=<*> ; PWD=<*> ; USER=<*> ; COMMAND=<*>,1,# <num> # : tty=pts/ <num> ; pwd=/home/# <num> # ; user=root ; command= <path> bn472,1,Thunderbird_C0001334,1,1,# <num> #: tty = pts/<num>; pwd =/home/# <num> #; user = root; command = <path> bn 472,1,1,frequency_representative
8870128,root : TTY=pts/1 ; PWD=/home/#57# ; USER=root ; COMMAND=/bin/su - #26# -c /mnt_projects/sysapps/#125#-test/nodehwtest/RUN_NODE_TEST_STEP2.sh bn276,E768,<*> : TTY=<*> ; PWD=<*> ; USER=<*> ; COMMAND=<*>,1,root : tty=pts/ <num> ; pwd=/home/# <num> # ; user=root ; command=/bin/su - # <num> # -c /mnt_projects/sysapps/# <num> #-test/nodehwtest/ <id> bn276,1,Thunderbird_C0001335,1,1,root: tty = pts/<num>; pwd =/home/# <num> #; user = root; command =/bin/su-# <num> #-c/mnt_projects/sysapps/# <num> #-test/nodehwtest/<id> bn 276,1,1,frequency_representative
8870129,#57# : TTY=pts/1 ; PWD=/home/#57# ; USER=root ; COMMAND=/apps/breakfix-testing/step2a.sh bn276,E768,<*> : TTY=<*> ; PWD=<*> ; USER=<*> ; COMMAND=<*>,1,# <num> # : tty=pts/ <num> ; pwd=/home/# <num> # ; user=root ; command= <path> bn276,1,Thunderbird_C0001336,1,1,# <num> #: tty = pts/<num>; pwd =/home/# <num> #; user = root; command = <path> bn 276,1,1,frequency_representative
8870138,root : TTY=pts/1 ; PWD=/home/#57# ; USER=root ; COMMAND=/bin/su - #26# -c /mnt_projects/sysapps/#125#-test/nodehwtest/RUN_NODE_TEST_STEP2.sh bn715,E768,<*> : TTY=<*> ; PWD=<*> ; USER=<*> ; COMMAND=<*>,1,root : tty=pts/ <num> ; pwd=/home/# <num> # ; user=root ; command=/bin/su - # <num> # -c /mnt_projects/sysapps/# <num> #-test/nodehwtest/ <id> bn715,1,Thunderbird_C0001337,1,1,root: tty = pts/<num>; pwd =/home/# <num> #; user = root; command =/bin/su-# <num> #-c/mnt_projects/sysapps/# <num> #-test/nodehwtest/<id> bn 715,1,1,frequency_representative
8870139,#57# : TTY=pts/1 ; PWD=/home/#57# ; USER=root ; COMMAND=/apps/breakfix-testing/step2a.sh bn715,E768,<*> : TTY=<*> ; PWD=<*> ; USER=<*> ; COMMAND=<*>,1,# <num> # : tty=pts/ <num> ; pwd=/home/# <num> # ; user=root ; command= <path> bn715,1,Thunderbird_C0001338,1,1,# <num> #: tty = pts/<num>; pwd =/home/# <num> #; user = root; command = <path> bn 715,1,1,frequency_representative
8870145,root : TTY=pts/1 ; PWD=/home/#57# ; USER=root ; COMMAND=/bin/su - #26# -c /mnt_projects/sysapps/#125#-test/nodehwtest/RUN_NODE_TEST_STEP2.sh bn683,E768,<*> : TTY=<*> ; PWD=<*> ; USER=<*> ; COMMAND=<*>,1,root : tty=pts/ <num> ; pwd=/home/# <num> # ; user=root ; command=/bin/su - # <num> # -c /mnt_projects/sysapps/# <num> #-test/nodehwtest/ <id> bn683,1,Thunderbird_C0001339,1,1,root: tty = pts/<num>; pwd =/home/# <num> #; user = root; command =/bin/su-# <num> #-c/mnt_projects/sysapps/# <num> #-test/nodehwtest/<id> bn 683,1,1,frequency_representative
8870146,#57# : TTY=pts/1 ; PWD=/home/#57# ; USER=root ; COMMAND=/apps/breakfix-testing/step2a.sh bn683,E768,<*> : TTY=<*> ; PWD=<*> ; USER=<*> ; COMMAND=<*>,1,# <num> # : tty=pts/ <num> ; pwd=/home/# <num> # ; user=root ; command= <path> bn683,1,Thunderbird_C0001340,1,1,# <num> #: tty = pts/<num>; pwd =/home/# <num> #; user = root; command = <path> bn 683,1,1,frequency_representative
8870153,root : TTY=pts/1 ; PWD=/home/#57# ; USER=root ; COMMAND=/bin/su - #26# -c /mnt_projects/sysapps/#125#-test/nodehwtest/RUN_NODE_TEST_STEP2.sh bn753,E768,<*> : TTY=<*> ; PWD=<*> ; USER=<*> ; COMMAND=<*>,1,root : tty=pts/ <num> ; pwd=/home/# <num> # ; user=root ; command=/bin/su - # <num> # -c /mnt_projects/sysapps/# <num> #-test/nodehwtest/ <id> bn753,1,Thunderbird_C0001341,1,1,root: tty = pts/<num>; pwd =/home/# <num> #; user = root; command =/bin/su-# <num> #-c/mnt_projects/sysapps/# <num> #-test/nodehwtest/<id> bn 753,1,1,frequency_representative
8870154,#57# : TTY=pts/1 ; PWD=/home/#57# ; USER=root ; COMMAND=/apps/breakfix-testing/step2a.sh bn753,E768,<*> : TTY=<*> ; PWD=<*> ; USER=<*> ; COMMAND=<*>,1,# <num> # : tty=pts/ <num> ; pwd=/home/# <num> # ; user=root ; command= <path> bn753,1,Thunderbird_C0001342,1,1,# <num> #: tty = pts/<num>; pwd =/home/# <num> #; user = root; command = <path> bn 753,1,1,frequency_representative
8876363,root : TTY=pts/1 ; PWD=/home/#57# ; USER=root ; COMMAND=/bin/su - #26# -c /mnt_projects/sysapps/#125#-test/nodehwtest/RUN_NODE_TEST_STEP2.sh bn532,E768,<*> : TTY=<*> ; PWD=<*> ; USER=<*> ; COMMAND=<*>,1,root : tty=pts/ <num> ; pwd=/home/# <num> # ; user=root ; command=/bin/su - # <num> # -c /mnt_projects/sysapps/# <num> #-test/nodehwtest/ <id> bn532,1,Thunderbird_C0001343,1,1,root: tty = pts/<num>; pwd =/home/# <num> #; user = root; command =/bin/su-# <num> #-c/mnt_projects/sysapps/# <num> #-test/nodehwtest/<id> bn 532,1,1,frequency_representative
8876364,#57# : TTY=pts/1 ; PWD=/home/#57# ; USER=root ; COMMAND=/apps/breakfix-testing/step2a.sh bn532,E768,<*> : TTY=<*> ; PWD=<*> ; USER=<*> ; COMMAND=<*>,1,# <num> # : tty=pts/ <num> ; pwd=/home/# <num> # ; user=root ; command= <path> bn532,1,Thunderbird_C0001344,1,1,# <num> #: tty = pts/<num>; pwd =/home/# <num> #; user = root; command = <path> bn 532,1,1,frequency_representative
8876479,#57# : TTY=pts/1 ; PWD=/home/#57# ; USER=root ; COMMAND=/apps/torque/bin/qstat,E768,<*> : TTY=<*> ; PWD=<*> ; USER=<*> ; COMMAND=<*>,3,# <num> # : tty=pts/ <num> ; pwd=/home/# <num> # ; user=root ; command=/apps/torque/bin/qstat,2,Thunderbird_C0001345,2,3,# <num> #: tty = pts/<num>; pwd =/home/# <num> #; user = root; command =/apps/torque/bin/qstat,1,1,frequency_representative
8876785,"Uhhuh. NMI received. Dazed and confused, but trying to continue",E167,"Uhhuh. NMI received. Dazed and confused, but trying to continue",2,"uhhuh. nmi received. dazed and confused, but trying to continue",1,Thunderbird_C0001346,1,2,"uhhuh. nmi received. dazed and confused, but trying to continue",1,1,frequency_representative
8876787,You probably have a hardware problem with your RAM chips,E238,You probably have a hardware problem with your RAM chips,2,you probably have a hardware problem with your ram chips,1,Thunderbird_C0001347,1,2,you probably have a hardware problem with your ram chips,1,1,frequency_representative
8876800,Instrumentation Service EventID: 1404 Memory device status is critical Memory device location: DIMM1_A Possible memory module event cause:Multi bit error encountered,E19,Instrumentation Service EventID: <*> Memory device status is critical Memory device location: <*> Possible memory module event cause:<*>,1,instrumentation service eventid: <num> memory device status is critical memory device location: dimm1_a possible memory module event cause:multi bit error encountered,1,Thunderbird_C0001348,1,1,instrumentation service eventid: <num> memory device status is critical memory device location: dimm 1 _a possible memory module event cause: multi bit error encountered,1,1,frequency_representative
8877041,acpid shutdown failed,E1114,<*> shutdown failed,1,acpid shutdown failed,1,Thunderbird_C0001349,1,1,acpid shutdown failed,1,1,frequency_representative
8877044,xinetd shutdown failed,E1114,<*> shutdown failed,1,xinetd shutdown failed,1,Thunderbird_C0001350,1,1,xinetd shutdown failed,1,1,frequency_representative
8877054,rpc.statd shutdown failed,E1114,<*> shutdown failed,1,rpc.statd shutdown failed,1,Thunderbird_C0001351,1,1,rpc. statd shutdown failed,1,1,frequency_representative
8878611,dhcpd shutdown failed,E1114,<*> shutdown failed,9,dhcpd shutdown failed,1,Thunderbird_C0001352,1,9,dhcpd shutdown failed,1,1,frequency_representative
8884342,can't open /var/lib/ntp/drift.TEMP: Permission denied,E718,can't open <*>: Permission denied,144421,can't open <path> permission denied,1,Thunderbird_C0001353,1,144421,can ' t open <path> permission denied,1,1,frequency_representative
8977347,Invalid user #387# from ::ffff:#386#,E1096,Invalid user <*> from <*>,2,invalid user # <num> # from ::ffff:# <num> #,1,Thunderbird_C0001354,1,2,invalid user # <num> # from:: ffff: # <num> #,1,1,frequency_representative
8977349,authentication failure; logname= uid=0 euid=0 tty=ssh ruser= rhost=#388#,E164,authentication failure; logname=<*> uid=<*> euid=<*> tty=<*> ruser=<*> rhost=<*>,3,authentication failure; logname= uid= <num> euid= <num> tty=ssh ruser= rhost=# <num> #,2,Thunderbird_C0001355,2,3,authentication failure; logname = uid = <num> euid = <num> tty = ssh ruser = rhost = # <num> #,1,1,frequency_representative
8977360,Failed password for invalid user #387# from ::ffff:#386# port 33380 ssh2,E356,Failed password for invalid user <*> from <*> port <*> ssh2,4,failed password for invalid user # <num> # from ::ffff:# <num> # port <num> ssh2,2,Thunderbird_C0001356,2,4,failed password for invalid user # <num> # from:: ffff: # <num> # port <num> ssh 2,1,1,frequency_representative
8977371,1 more authentication failure; logname= uid=0 euid=0 tty=ssh ruser= rhost=#388#,E137,<*> more authentication failure; logname=<*> uid=<*> euid=<*> tty=<*> ruser=<*> rhost=<*>,2,<num> more authentication failure; logname= uid= <num> euid= <num> tty=ssh ruser= rhost=# <num> #,2,Thunderbird_C0001357,2,2,<num> more authentication failure; logname = uid = <num> euid = <num> tty = ssh ruser = rhost = # <num> #,1,1,frequency_representative
9073286,Disconnecting: Corrupted MAC on input.,E493,Disconnecting: Corrupted MAC on input.,1,disconnecting: corrupted mac on input.,1,Thunderbird_C0001358,1,1,disconnecting: corrupted mac on input.,1,1,frequency_representative
14014870,authenticated mount request from en13:626 for /var/lib/oneSIS/images/RedHat-EL-AS4-U1-lustre-only (/var/lib/oneSIS/images),E514,authenticated mount request from <*> for <*> (<*>),1296,authenticated mount request from <id> for <path> (/var/lib/onesis/images),677,Thunderbird_C0001359,677,1296,authenticated mount request from <id> for <path> (/ var/lib/onesis/images),1,1,frequency_representative
9178390,"panfs exception: at file.c:1275, 0x36d3 (fmm: object ID/name mismatch), rollback: 0",E116,"panfs exception: at file.c:<*>, <*> (fmm: object ID/name mismatch), rollback: <*>",12,"panfs exception: at <id> , <hex> (fmm: object id/name mismatch), rollback: <num>",1,Thunderbird_C0001360,1,12,"panfs exception: at <id>, <hex> (fmm: object id/name mismatch), rollback: <num>",1,1,frequency_representative
10532329,pan_sam: I-xD020038da11df0002-xGf5edfff4-xU033ec9af270b7e19: error report: cap_handle=0x24c86f3b1941b4ba op=OP_WRITE op_offset=93769728 op_length=550772 action_mask=0xbf400000 cap_offset=80805888 cap_length=13565952,E41,pan_sam: <*>: error report: cap_handle=<*> op=<*> op_offset=<*> op_length=<*> action_mask=<*> cap_offset=<*> cap_length=<*>,430,pan_sam: <id> : error report: cap_handle= <hex> op=op_write op_offset= <num> op_length= <num> action_mask= <hex> cap_offset= <num> cap_length= <num>,430,Thunderbird_C0001361,669,672,pan_sam: <id>: error report: cap_handle = <hex> op = <*> op_offset = <num> op_length = <num> action_mask = <hex> cap_offset = <num> cap_length = <hex>,3,1,frequency_representative
10550767,pan_sam: I-xD020038da11df0002-xGf5edfff4-xU00004a75726a656e: error report: cap_handle=0x0000000000000000 op=OP_READ op_offset=0 op_length=16384 action_mask=0xc0400000 cap_offset=0 cap_length=18446744073709551615,E41,pan_sam: <*>: error report: cap_handle=<*> op=<*> op_offset=<*> op_length=<*> action_mask=<*> cap_offset=<*> cap_length=<*>,45,pan_sam: <id> : error report: cap_handle= <hex> op=op_read op_offset= <num> op_length= <num> action_mask= <hex> cap_offset= <num> cap_length= <hex>,44,Thunderbird_C0001361,669,672,pan_sam: <id>: error report: cap_handle = <hex> op = <*> op_offset = <num> op_length = <num> action_mask = <hex> cap_offset = <num> cap_length = <hex>,3,2,complex_sample
13016521,pan_sam: I-xD020038da11df0002-xGf5edfff4-xU5cb403cca82961a9: error report: cap_handle=0x0000000000000000 op=OP_GETATTR op_offset=0 op_length=0 action_mask=0xc1400000 cap_offset=0 cap_length=18446744073709551615,E41,pan_sam: <*>: error report: cap_handle=<*> op=<*> op_offset=<*> op_length=<*> action_mask=<*> cap_offset=<*> cap_length=<*>,197,pan_sam: <id> : error report: cap_handle= <hex> op=op_getattr op_offset= <num> op_length= <num> action_mask= <hex> cap_offset= <num> cap_length= <hex>,195,Thunderbird_C0001361,669,672,pan_sam: <id>: error report: cap_handle = <hex> op = <*> op_offset = <num> op_length = <num> action_mask = <hex> cap_offset = <num> cap_length = <hex>,3,3,diverse_sample
10553906,pan_sam: I-xD020038da11df0002-xGf5edfff4-xU5c394d931b67db13: error report: failure 1/2: 0x06003caa122f0001(OBSD) osd_op=OP_WRITE offset=0 length=1597 error=0x63b (OBSD: Capability has expired),E31,pan_sam: <*>: error report: failure <*>: <*>(OBSD) osd_op=OP_WRITE offset=<*> length=<*> error=<*> (OBSD: Capability has expired),212,pan_sam: <id> : error report: failure <num> / <num> : <hex> (obsd) osd_op=op_write offset= <num> length= <num> error= <hex> (obsd: capability has expired),212,Thunderbird_C0001362,218,220,pan_sam: <id>: error report: failure <num>/<num>: <hex> (obsd) osd_op = <*> offset = <num> length = <num> error = <hex> (obsd: <*> <*> <*>),2,1,frequency_representative
13016523,pan_sam: I-xD020038da11df0002-xGf5edfff4-xU5cb403cca82961a9: error report: failure 1/1: 0x06003a4c122f0001(OBSD) osd_op=OP_GETATTR offset=0 length=0 error=0x5f2 (OBSD: Object not found),E38,pan_sam: <*>: error report: failure <*>: <*>(OBSD) osd_op=OP_GETATTR offset=<*> length=<*> error=<*> (OBSD: Object not found),8,pan_sam: <id> : error report: failure <num> / <num> : <hex> (obsd) osd_op=op_getattr offset= <num> length= <num> error= <hex> (obsd: object not found),6,Thunderbird_C0001362,218,220,pan_sam: <id>: error report: failure <num>/<num>: <hex> (obsd) osd_op = <*> offset = <num> length = <num> error = <hex> (obsd: <*> <*> <*>),2,2,complex_sample
13016525,pan_sam: I-xD020038da11df0002-xGf5edfff4-xU5cb403cca82961a9: unable to report I/O error(s) to SM 0x020038da11df0002(SM): 0x1072 (SM: object not found),E117,pan_sam: <*>: unable to report I/O error(s) to SM <*>(SM): <*> (SM: object not found),13,pan_sam: <id> : unable to report i/o error(s) to sm <hex> (sm): <hex> (sm: object not found),11,Thunderbird_C0001363,11,13,pan_sam: <id>: unable to report i/o error (s) to sm <hex> (sm): <hex> (sm: object not found),1,1,frequency_representative
10553908,"panfs exception: at io_syn.c:356, 0x1069 (SM: unspecified internal error), rollback: 0",E152,"panfs exception: at <*>, <*> (SM: unspecified internal error), rollback: <*>",382,"panfs exception: at <id> , <hex> (sm: unspecified internal error), rollback: <num>",2,Thunderbird_C0001364,3,389,"panfs exception: at <id>, <hex> (sm: <*> <*> <*>), rollback: <num>",2,1,frequency_representative
9178402,"panfs exception: at attr.c:742, 0x1072 (SM: object not found), rollback: 1",E171,"panfs exception: at attr.c:<*>, <*> (SM: object not found), rollback: <*>",7,"panfs exception: at <id> , <hex> (sm: object not found), rollback: <num>",1,Thunderbird_C0001364,3,389,"panfs exception: at <id>, <hex> (sm: <*> <*> <*>), rollback: <num>",2,2,complex_sample
9198415,mount: special device LABEL=/tmp1 does not exist,E570,mount: special device <*> does not exist,589,mount: special device label=/tmp1 does not exist,1,Thunderbird_C0001365,2,1177,mount: special device label =/<*> 1 does not exist,2,1,frequency_representative
9198416,mount: special device LABEL=/var1 does not exist,E570,mount: special device <*> does not exist,588,mount: special device label=/var1 does not exist,1,Thunderbird_C0001365,2,1177,mount: special device label =/<*> 1 does not exist,2,2,complex_sample
9200161,#57# : TTY=pts/19 ; PWD=/home/#57# ; USER=root ; COMMAND=/usr/bin/ssh en1,E768,<*> : TTY=<*> ; PWD=<*> ; USER=<*> ; COMMAND=<*>,1,# <num> # : tty=pts/ <num> ; pwd=/home/# <num> # ; user=root ; command=/usr/bin/ssh en1,1,Thunderbird_C0001366,1,1,# <num> #: tty = pts/<num>; pwd =/home/# <num> #; user = root; command =/usr/bin/ssh en 1,1,1,frequency_representative
9373689,FATAL: Error inserting ts_ipoib (/lib/modules/2.6.9-15.EL.rootsmp/kernel/drivers/ib/ts_ipoib.ko): No such device,E478,FATAL: Error inserting <*> (<*>): No such device,1,fatal: error inserting ts_ipoib ( <path> ): no such device,1,Thunderbird_C0001367,1,1,fatal: error inserting ts_ipoib (<path>): no such device,1,1,frequency_representative
9375164,ts_ip2pr: Unknown symbol ipoib_device_handle,E852,ts_ip2pr: Unknown symbol <*>,9,<id> : unknown symbol ipoib_device_handle,1,Thunderbird_C0001368,1,9,<id>: unknown symbol ipoib_device_handle,1,1,frequency_representative
9375166,ts_ip2pr: Unknown symbol ipoib_get_gid,E852,ts_ip2pr: Unknown symbol <*>,9,<id> : unknown symbol ipoib_get_gid,1,Thunderbird_C0001369,1,9,<id>: unknown symbol ipoib_get_gid,1,1,frequency_representative
9376130,#47# : TTY=pts/17 ; PWD=/projects/tbird/#47#/#125#-test ; USER=root ; COMMAND=/bin/rm -rf nodehwtest npb rotate start_jobs.pl torque_header.in torque_header.in.DEBUG,E768,<*> : TTY=<*> ; PWD=<*> ; USER=<*> ; COMMAND=<*>,1,# <num> # : tty=pts/ <num> ; pwd=/projects/tbird/# <num> #/# <num> #-test ; user=root ; command=/bin/rm -rf nodehwtest npb rotate start_jobs.pl torque_header.in torque_header.in.debug,1,Thunderbird_C0001370,1,1,# <num> #: tty = pts/<num>; pwd =/projects/tbird/# <num> #/# <num> #-test; user = root; command =/bin/rm-rf nodehwtest npb rotate start_jobs. pl torque_header. in torque_header. in. debug,1,1,frequency_representative
9381367,root : TTY=pts/19 ; PWD=/home/#57# ; USER=root ; COMMAND=/bin/su - #26# -c /mnt_projects/sysapps/#125#-test/nodehwtest/RUN_NODE_TEST_STEP2.sh bn144,E768,<*> : TTY=<*> ; PWD=<*> ; USER=<*> ; COMMAND=<*>,1,root : tty=pts/ <num> ; pwd=/home/# <num> # ; user=root ; command=/bin/su - # <num> # -c /mnt_projects/sysapps/# <num> #-test/nodehwtest/ <id> bn144,1,Thunderbird_C0001371,1,1,root: tty = pts/<num>; pwd =/home/# <num> #; user = root; command =/bin/su-# <num> #-c/mnt_projects/sysapps/# <num> #-test/nodehwtest/<id> bn 144,1,1,frequency_representative
9381368,#57# : TTY=pts/19 ; PWD=/home/#57# ; USER=root ; COMMAND=/apps/breakfix-testing/step2a.sh bn144,E768,<*> : TTY=<*> ; PWD=<*> ; USER=<*> ; COMMAND=<*>,1,# <num> # : tty=pts/ <num> ; pwd=/home/# <num> # ; user=root ; command= <path> bn144,1,Thunderbird_C0001372,1,1,# <num> #: tty = pts/<num>; pwd =/home/# <num> #; user = root; command = <path> bn 144,1,1,frequency_representative
9381373,root : TTY=pts/19 ; PWD=/home/#57# ; USER=root ; COMMAND=/bin/su - #26# -c /mnt_projects/sysapps/#125#-test/nodehwtest/RUN_NODE_TEST_STEP2.sh bn990,E768,<*> : TTY=<*> ; PWD=<*> ; USER=<*> ; COMMAND=<*>,1,root : tty=pts/ <num> ; pwd=/home/# <num> # ; user=root ; command=/bin/su - # <num> # -c /mnt_projects/sysapps/# <num> #-test/nodehwtest/ <id> bn990,1,Thunderbird_C0001373,1,1,root: tty = pts/<num>; pwd =/home/# <num> #; user = root; command =/bin/su-# <num> #-c/mnt_projects/sysapps/# <num> #-test/nodehwtest/<id> bn 990,1,1,frequency_representative
9381374,#57# : TTY=pts/19 ; PWD=/home/#57# ; USER=root ; COMMAND=/apps/breakfix-testing/step2a.sh bn990,E768,<*> : TTY=<*> ; PWD=<*> ; USER=<*> ; COMMAND=<*>,1,# <num> # : tty=pts/ <num> ; pwd=/home/# <num> # ; user=root ; command= <path> bn990,1,Thunderbird_C0001374,1,1,# <num> #: tty = pts/<num>; pwd =/home/# <num> #; user = root; command = <path> bn 990,1,1,frequency_representative
9381388,root : TTY=pts/19 ; PWD=/home/#57# ; USER=root ; COMMAND=/bin/su - #26# -c /mnt_projects/sysapps/#125#-test/nodehwtest/RUN_NODE_TEST_STEP2.sh bn266,E768,<*> : TTY=<*> ; PWD=<*> ; USER=<*> ; COMMAND=<*>,1,root : tty=pts/ <num> ; pwd=/home/# <num> # ; user=root ; command=/bin/su - # <num> # -c /mnt_projects/sysapps/# <num> #-test/nodehwtest/ <id> bn266,1,Thunderbird_C0001375,1,1,root: tty = pts/<num>; pwd =/home/# <num> #; user = root; command =/bin/su-# <num> #-c/mnt_projects/sysapps/# <num> #-test/nodehwtest/<id> bn 266,1,1,frequency_representative
9381389,#57# : TTY=pts/19 ; PWD=/home/#57# ; USER=root ; COMMAND=/apps/breakfix-testing/step2a.sh bn266,E768,<*> : TTY=<*> ; PWD=<*> ; USER=<*> ; COMMAND=<*>,1,# <num> # : tty=pts/ <num> ; pwd=/home/# <num> # ; user=root ; command= <path> bn266,1,Thunderbird_C0001376,1,1,# <num> #: tty = pts/<num>; pwd =/home/# <num> #; user = root; command = <path> bn 266,1,1,frequency_representative
9381392,root : TTY=pts/19 ; PWD=/home/#57# ; USER=root ; COMMAND=/bin/su - #26# -c /mnt_projects/sysapps/#125#-test/nodehwtest/RUN_NODE_TEST_STEP2.sh bn576,E768,<*> : TTY=<*> ; PWD=<*> ; USER=<*> ; COMMAND=<*>,1,root : tty=pts/ <num> ; pwd=/home/# <num> # ; user=root ; command=/bin/su - # <num> # -c /mnt_projects/sysapps/# <num> #-test/nodehwtest/ <id> bn576,1,Thunderbird_C0001377,1,1,root: tty = pts/<num>; pwd =/home/# <num> #; user = root; command =/bin/su-# <num> #-c/mnt_projects/sysapps/# <num> #-test/nodehwtest/<id> bn 576,1,1,frequency_representative
9381393,#57# : TTY=pts/19 ; PWD=/home/#57# ; USER=root ; COMMAND=/apps/breakfix-testing/step2a.sh bn576,E768,<*> : TTY=<*> ; PWD=<*> ; USER=<*> ; COMMAND=<*>,1,# <num> # : tty=pts/ <num> ; pwd=/home/# <num> # ; user=root ; command= <path> bn576,1,Thunderbird_C0001378,1,1,# <num> #: tty = pts/<num>; pwd =/home/# <num> #; user = root; command = <path> bn 576,1,1,frequency_representative
9381439,root : TTY=pts/19 ; PWD=/home/#57# ; USER=root ; COMMAND=/bin/su - #26# -c /mnt_projects/sysapps/#125#-test/nodehwtest/RUN_NODE_TEST_STEP2.sh bn108,E768,<*> : TTY=<*> ; PWD=<*> ; USER=<*> ; COMMAND=<*>,1,root : tty=pts/ <num> ; pwd=/home/# <num> # ; user=root ; command=/bin/su - # <num> # -c /mnt_projects/sysapps/# <num> #-test/nodehwtest/ <id> bn108,1,Thunderbird_C0001379,1,1,root: tty = pts/<num>; pwd =/home/# <num> #; user = root; command =/bin/su-# <num> #-c/mnt_projects/sysapps/# <num> #-test/nodehwtest/<id> bn 108,1,1,frequency_representative
9381440,root : TTY=pts/19 ; PWD=/home/#57# ; USER=root ; COMMAND=/bin/su - #26# -c /mnt_projects/sysapps/#125#-test/nodehwtest/RUN_NODE_TEST_STEP2.sh bn216,E768,<*> : TTY=<*> ; PWD=<*> ; USER=<*> ; COMMAND=<*>,1,root : tty=pts/ <num> ; pwd=/home/# <num> # ; user=root ; command=/bin/su - # <num> # -c /mnt_projects/sysapps/# <num> #-test/nodehwtest/ <id> bn216,1,Thunderbird_C0001380,1,1,root: tty = pts/<num>; pwd =/home/# <num> #; user = root; command =/bin/su-# <num> #-c/mnt_projects/sysapps/# <num> #-test/nodehwtest/<id> bn 216,1,1,frequency_representative
9381441,#57# : TTY=pts/19 ; PWD=/home/#57# ; USER=root ; COMMAND=/apps/breakfix-testing/step2a.sh bn108,E768,<*> : TTY=<*> ; PWD=<*> ; USER=<*> ; COMMAND=<*>,1,# <num> # : tty=pts/ <num> ; pwd=/home/# <num> # ; user=root ; command= <path> bn108,1,Thunderbird_C0001381,1,1,# <num> #: tty = pts/<num>; pwd =/home/# <num> #; user = root; command = <path> bn 108,1,1,frequency_representative
9381442,#57# : TTY=pts/19 ; PWD=/home/#57# ; USER=root ; COMMAND=/apps/breakfix-testing/step2a.sh bn216,E768,<*> : TTY=<*> ; PWD=<*> ; USER=<*> ; COMMAND=<*>,1,# <num> # : tty=pts/ <num> ; pwd=/home/# <num> # ; user=root ; command= <path> bn216,1,Thunderbird_C0001382,1,1,# <num> #: tty = pts/<num>; pwd =/home/# <num> #; user = root; command = <path> bn 216,1,1,frequency_representative
9393874,execvp: No such file or directory,E645,execvp: No such file or directory,1,execvp: no such file or directory,1,Thunderbird_C0001383,1,1,execvp: no such file or directory,1,1,frequency_representative
9393875,pbs_server shutdown failed,E1114,<*> shutdown failed,1,pbs_server shutdown failed,1,Thunderbird_C0001384,1,1,pbs_server shutdown failed,1,1,frequency_representative
9393876,pbs_server startup failed,E1139,<*> startup failed,1,pbs_server startup failed,1,Thunderbird_C0001385,1,1,pbs_server startup failed,1,1,frequency_representative
10133051,com[5361]: segfault at 0000000000000000 rip 00000000004281e9 rsp 0000000041401120 error 4,E806,<*>[<*>]: segfault at <*> rip <*> rsp <*> error <*>,1705,com[ <num> ]: segfault at <hex> rip <hex> rsp <hex> error <num>,1701,Thunderbird_C0001386,1701,1705,com [<num>]: segfault at <hex> rip <hex> rsp <hex> error <num>,1,1,frequency_representative
9400189,#57# : TTY=pts/19 ; PWD=/home/#57# ; USER=root ; COMMAND=/usr/bin/ssh en1 less /etc/passwd,E768,<*> : TTY=<*> ; PWD=<*> ; USER=<*> ; COMMAND=<*>,2,# <num> # : tty=pts/ <num> ; pwd=/home/# <num> # ; user=root ; command=/usr/bin/ssh en1 less /etc/passwd,1,Thunderbird_C0001387,1,2,# <num> #: tty = pts/<num>; pwd =/home/# <num> #; user = root; command =/usr/bin/ssh en 1 less/etc/passwd,1,1,frequency_representative
9400386,#47# : TTY=pts/2 ; PWD=/mnt_projects/sysapps/#125#/opensource/presta-1.3.3b ; USER=root ; COMMAND=/bin/su - #26#,E768,<*> : TTY=<*> ; PWD=<*> ; USER=<*> ; COMMAND=<*>,1,# <num> # : tty=pts/ <num> ; pwd=/mnt_projects/sysapps/# <num> # <path> ; user=root ; command=/bin/su - # <num> #,1,Thunderbird_C0001388,1,1,# <num> #: tty = pts/<num>; pwd =/mnt_projects/sysapps/# <num> # <path>; user = root; command =/bin/su-# <num> #,1,1,frequency_representative
9400409,#47# : TTY=pts/2 ; PWD=/mnt_projects/sysapps/#125#/opensource/presta-1.3.3b ; USER=root ; COMMAND=/bin/su -,E768,<*> : TTY=<*> ; PWD=<*> ; USER=<*> ; COMMAND=<*>,1,# <num> # : tty=pts/ <num> ; pwd=/mnt_projects/sysapps/# <num> # <path> ; user=root ; command=/bin/su -,1,Thunderbird_C0001389,1,1,# <num> #: tty = pts/<num>; pwd =/mnt_projects/sysapps/# <num> # <path>; user = root; command =/bin/su -,1,1,frequency_representative
9423158,#57# : TTY=pts/0 ; PWD=/home/#57# ; USER=root ; COMMAND=/bin/ls,E768,<*> : TTY=<*> ; PWD=<*> ; USER=<*> ; COMMAND=<*>,1,# <num> # : tty=pts/ <num> ; pwd=/home/# <num> # ; user=root ; command=/bin/ls,1,Thunderbird_C0001390,1,1,# <num> #: tty = pts/<num>; pwd =/home/# <num> #; user = root; command =/bin/ls,1,1,frequency_representative
9427998,INFO: located parameter 'SRCFG',E827,INFO: located parameter '<*>',24,info: located parameter 'srcfg',1,Thunderbird_C0001391,13,80,info: located parameter ' <*> ',3,1,frequency_representative
9427979,INFO: located parameter 'NODEALLOCATIONPOLICY',E827,INFO: located parameter '<*>',4,info: located parameter 'nodeallocationpolicy',1,Thunderbird_C0001391,13,80,info: located parameter ' <*> ',3,2,complex_sample
9427994,INFO: located parameter 'RMPOLLINTERVAL',E827,INFO: located parameter '<*>',4,info: located parameter 'rmpollinterval',1,Thunderbird_C0001391,13,80,info: located parameter ' <*> ',3,3,diverse_sample
9427982,INFO: new LOGLEVEL value (4),E826,INFO: new LOGLEVEL value (<*>),4,info: new loglevel value ( <num> ),1,Thunderbird_C0001392,1,4,info: new loglevel value (<num>),1,1,frequency_representative
9427983,INFO: parameter 'LOGLEVEL' assigned int value 4,E559,INFO: parameter <*> assigned int value <*>,4,info: parameter 'loglevel' assigned int value <num>,1,Thunderbird_C0001393,3,12,info: parameter ' <*> ' assigned int value <num>,2,1,frequency_representative
9427984,INFO: parameter 'QUEUETIMEWEIGHT' assigned int value 0,E559,INFO: parameter <*> assigned int value <*>,4,info: parameter 'queuetimeweight' assigned int value <num>,1,Thunderbird_C0001393,3,12,info: parameter ' <*> ' assigned int value <num>,2,2,complex_sample
9427985,INFO: starting Moab Workload Manager version moab-4.2.3b1-snap.1124571358 ##################,E149,INFO: starting Moab Workload Manager version <*> ##################,4,info: starting moab workload manager version <id> ##################,1,Thunderbird_C0001394,1,4,info: starting moab workload manager version <id> # # # # # # # # # # # # # # # # # #,1,1,frequency_representative
9428049,"MUGetIndex(FSTARGET,ValList,FALSE,0)",E1099,"MUGetIndex(<*>,<*>,<*>,<*>)",20,"mugetindex(fstarget,vallist,false, <num> )",1,Thunderbird_C0001395,17,82,"mugetindex (<*>, vallist, false, <num>)",3,1,frequency_representative
9650839,"MUGetIndex(RSVGROUPCOUNTER,ValList,FALSE,0)",E1099,"MUGetIndex(<*>,<*>,<*>,<*>)",1,"mugetindex(rsvgroupcounter,vallist,false, <num> )",1,Thunderbird_C0001395,17,82,"mugetindex (<*>, vallist, false, <num>)",3,2,complex_sample
9428089,"MUGetIndex(TYPE,ValList,FALSE,0)",E1099,"MUGetIndex(<*>,<*>,<*>,<*>)",4,"mugetindex(type,vallist,false, <num> )",1,Thunderbird_C0001395,17,82,"mugetindex (<*>, vallist, false, <num>)",3,3,diverse_sample
9428074,"MUGetIndexCI(INFINITY,ValList,3)",E1072,"MUGetIndexCI(<*>,<*>,<*>)",8,"mugetindexci(infinity,vallist, <num> )",1,Thunderbird_C0001396,5,21,"mugetindexci (<*>, vallist, <num>)",3,1,frequency_representative
9428003,"MUGetIndexCI(CURRENTHIGHEST,ValList,0)",E1072,"MUGetIndexCI(<*>,<*>,<*>)",4,"mugetindexci(currenthighest,vallist, <num> )",1,Thunderbird_C0001396,5,21,"mugetindexci (<*>, vallist, <num>)",3,2,complex_sample
9428090,"MUGetIndexCI(PBS,ValList,0)",E1072,"MUGetIndexCI(<*>,<*>,<*>)",4,"mugetindexci(pbs,vallist, <num> )",1,Thunderbird_C0001396,5,21,"mugetindexci (<*>, vallist, <num>)",3,3,diverse_sample
9427988,moab shutdown failed,E1114,<*> shutdown failed,1,moab shutdown failed,1,Thunderbird_C0001397,1,1,moab shutdown failed,1,1,frequency_representative
9427992,INFO: detected array index 'qaspr',E753,INFO: detected array index '<*>',12,info: detected array index 'qaspr',1,Thunderbird_C0001398,4,32,info: detected array index ' <*> ',2,1,frequency_representative
9428021,INFO: detected array index 'DEFAULT',E753,INFO: detected array index '<*>',4,info: detected array index 'default',1,Thunderbird_C0001398,4,32,info: detected array index ' <*> ',2,2,complex_sample
9428029,INFO: parameter 'USERCFG' not processed,E653,INFO: parameter <*> not processed,12,info: parameter 'usercfg' not processed,1,Thunderbird_C0001399,2,16,info: parameter ' <*> ' not processed,2,1,frequency_representative
9427999,INFO: parameter 'RMCFG' not processed,E653,INFO: parameter <*> not processed,4,info: parameter 'rmcfg' not processed,1,Thunderbird_C0001399,2,16,info: parameter ' <*> ' not processed,2,2,complex_sample
9428001,INFO: string '00:00:30' -> 30,E1090,INFO: string <*> -> <*>,4,info: string ' <ip> ' -> <num>,1,Thunderbird_C0001400,1,4,info: string ' <ip> '-> <num>,1,1,frequency_representative
9428004,"INFO: cannot stat file '/var/spool/moab/.moab.ck', errno: 2 (No such file or directory)",E192,"INFO: cannot stat file '<*>', errno: <*> (No such file or directory)",116,"info: cannot stat file ' <path> ', errno: <num> (no such file or directory)",34,Thunderbird_C0001401,34,116,"info: cannot stat file ' <path> ', errno: <num> (no such file or directory)",1,1,frequency_representative
9428016,"MCPRestore(SRES,NW,Optr,Found)",E1098,"MCPRestore(<*>,<*>,<*>,<*>)",4,"mcprestore(sres,nw,optr,found)",1,Thunderbird_C0001402,4,13,"mcprestore (<*>, <*>, optr, found)",2,1,frequency_representative
9650831,"MCPRestore(Sched,sched,Optr,Found)",E1098,"MCPRestore(<*>,<*>,<*>,<*>)",1,"mcprestore(sched,sched,optr,found)",1,Thunderbird_C0001402,4,13,"mcprestore (<*>, <*>, optr, found)",2,2,complex_sample
9428018,WARNING: cannot load checkpoint file '/var/spool/moab/.moab.ck',E505,WARNING: cannot load checkpoint file '<*>',7,warning: cannot load checkpoint file ' <path> ',1,Thunderbird_C0001403,1,7,warning: cannot load checkpoint file ' <path> ',1,1,frequency_representative
9428020,ERROR: unexpected parameter[224] 'SYSCFG' detected,E308,ERROR: unexpected parameter[<*>] 'SYSCFG' detected,4,error: unexpected parameter[ <num> ] 'syscfg' detected,1,Thunderbird_C0001404,1,4,error: unexpected parameter [<num>] ' syscfg ' detected,1,1,frequency_representative
9428022,INFO: detected array index '#387#',E753,INFO: detected array index '<*>',8,info: detected array index '# <num> #',2,Thunderbird_C0001405,2,8,info: detected array index ' # <num> # ',1,1,frequency_representative
9428034,INFO: CLASSCFG[adminhigh] set to FSWEIGHT 10,E657,INFO: CLASSCFG[<*>] set to FSWEIGHT <*>,4,info: classcfg[adminhigh] set to fsweight <num>,1,Thunderbird_C0001406,1,4,info: classcfg [adminhigh] set to fsweight <num>,1,1,frequency_representative
9428035,INFO: CLASSCFG[nw] set to MAXNODE=128,E660,INFO: CLASSCFG[<*>] set to MAXNODE=<*>,4,info: classcfg[nw] set to maxnode= <num>,1,Thunderbird_C0001407,1,4,info: classcfg [nw] set to maxnode = <num>,1,1,frequency_representative
9428036,INFO: new class 'adminhigh' added,E930,INFO: new class <*> added,4,info: new class 'adminhigh' added,1,Thunderbird_C0001408,5,14,info: new class ' <*> ' added,3,1,frequency_representative
9428060,INFO: new class 'qaspr' added,E930,INFO: new class <*> added,4,info: new class 'qaspr' added,1,Thunderbird_C0001408,5,14,info: new class ' <*> ' added,3,2,complex_sample
9428037,INFO: new class 'nw' added,E930,INFO: new class <*> added,4,info: new class 'nw' added,1,Thunderbird_C0001408,5,14,info: new class ' <*> ' added,3,3,diverse_sample
9428038,INFO: server started on host 'tsqe1' (Primary Server),E331,INFO: server started on host <*> (Primary Server),4,info: server started on host 'tsqe1' (primary server),1,Thunderbird_C0001409,1,4,info: server started on host ' tsqe 1 ' (primary server),1,1,frequency_representative
9428039,MCfgEnforceConstraints(FALSE),E793,MCfgEnforceConstraints(<*>),4,mcfgenforceconstraints(false),1,Thunderbird_C0001410,1,4,mcfgenforceconstraints (false),1,1,frequency_representative
9428040,"MCredProcessConfig(O,class,FSWEIGHT 10,L,F,EMsg)",E769,"MCredProcessConfig(<*>,<*>,<*>,<*>,<*>,<*>)",4,"mcredprocessconfig(o,class,fsweight <num> ,l,f,emsg)",1,Thunderbird_C0001411,1,4,"mcredprocessconfig (o, class, fsweight <num>, l, f, emsg)",1,1,frequency_representative
9428043,"MCredProcessConfig(O,user,FSTARGET=1,L,F,EMsg)",E769,"MCredProcessConfig(<*>,<*>,<*>,<*>,<*>,<*>)",16,"mcredprocessconfig(o,user,fstarget= <num> ,l,f,emsg)",2,Thunderbird_C0001412,4,24,"mcredprocessconfig (o, <*>, <*> = <num>, l, f, emsg)",2,1,frequency_representative
9428041,"MCredProcessConfig(O,class,MAXNODE=128,L,F,EMsg)",E769,"MCredProcessConfig(<*>,<*>,<*>,<*>,<*>,<*>)",4,"mcredprocessconfig(o,class,maxnode= <num> ,l,f,emsg)",1,Thunderbird_C0001412,4,24,"mcredprocessconfig (o, <*>, <*> = <num>, l, f, emsg)",2,2,complex_sample
9428066,"MSRProcessConfig(SR,PERIOD=INFINITY)",E979,"MSRProcessConfig(<*>,<*>)",8,"msrprocessconfig(sr,period=infinity)",1,Thunderbird_C0001413,3,16,"msrprocessconfig (sr, <*> = <*>)",2,1,frequency_representative
9428063,"MSRProcessConfig(SR,CLASSLIST=qaspr)",E979,"MSRProcessConfig(<*>,<*>)",4,"msrprocessconfig(sr,classlist=qaspr)",1,Thunderbird_C0001413,3,16,"msrprocessconfig (sr, <*> = <*>)",2,2,complex_sample
9428064,"MSRProcessConfig(SR,HOSTLIST='^sn289|sn29[0-9]$|sn30)",E979,"MSRProcessConfig(<*>,<*>)",4,"msrprocessconfig(sr,hostlist='^sn289|sn29[ <num> - <num> ]$|sn30)",1,Thunderbird_C0001414,1,4,"msrprocessconfig (sr, hostlist = ' ^ sn 289 | sn 29 [<num>-<num>] $ | sn 30)",1,1,frequency_representative
9428065,"MSRProcessConfig(SR,HOSTLIST='sn3[3-9]$|sn4[0-9]$|sn)",E979,"MSRProcessConfig(<*>,<*>)",4,"msrprocessconfig(sr,hostlist='sn3[ <num> - <num> ]$|sn4[ <num> - <num> ]$|sn)",1,Thunderbird_C0001415,1,4,"msrprocessconfig (sr, hostlist = ' sn 3 [<num>-<num>] $ | sn 4 [<num>-<num>] $ | sn)",1,1,frequency_representative
9428076,12/06 16:01:43 INFO: filename only returned '/var/spool/moab/moab.cfg',E703,<*> <*> INFO: filename only returned '<*>',4,<num> / <num> <ip> info: filename only returned ' <path> ',4,Thunderbird_C0001416,4,4,<num>/<num> <ip> info: filename only returned ' <path> ',1,1,frequency_representative
9428077,12/06 16:01:43 INFO: pathname returned '/var/spool/moab/moab-private.cfg',E836,<*> <*> INFO: pathname returned '<*>',4,<num> / <num> <ip> info: pathname returned ' <path> ',4,Thunderbird_C0001417,4,4,<num>/<num> <ip> info: pathname returned ' <path> ',1,1,frequency_representative
9428078,12/06 16:01:43 SUConfigProcessConfigFile(/var/spool/moab/moab.cfg),E701,<*> SUConfigProcessConfigFile(<*>),4,<num> / <num> <ip> suconfigprocessconfigfile( <path> ),4,Thunderbird_C0001418,4,4,<num>/<num> <ip> suconfigprocessconfigfile (<path>),1,1,frequency_representative
9428079,"ERROR: cannot stat file '/var/spool/moab/moab-private.cfg', errno: 2 (No such file or directory)",E185,"ERROR: cannot stat file '<*>', errno: <*> (No such file or directory)",4,"error: cannot stat file ' <path> ', errno: <num> (no such file or directory)",1,Thunderbird_C0001419,1,4,"error: cannot stat file ' <path> ', errno: <num> (no such file or directory)",1,1,frequency_representative
9428080,"INFO: cannot stat file '.moab.dat', errno: 2 (No such file or directory)",E192,"INFO: cannot stat file '<*>', errno: <*> (No such file or directory)",4,"info: cannot stat file '.moab.dat', errno: <num> (no such file or directory)",1,Thunderbird_C0001420,1,4,"info: cannot stat file '. moab. dat ', errno: <num> (no such file or directory)",1,1,frequency_representative
9428082,MAMSetDefaults(),E1051,MAMSetDefaults(),4,mamsetdefaults(),1,Thunderbird_C0001421,1,4,mamsetdefaults (),1,1,frequency_representative
9428083,"MCfgAdjustBuffer(Buf,TRUE,BaseTail)",E573,"MCfgAdjustBuffer(Buf,<*>,BaseTail)",4,"mcfgadjustbuffer(buf,true,basetail)",1,Thunderbird_C0001422,2,8,"mcfgadjustbuffer (buf, <*>, basetail)",2,1,frequency_representative
9428108,"MCfgAdjustBuffer(Buf,FALSE,BaseTail)",E573,"MCfgAdjustBuffer(Buf,<*>,BaseTail)",4,"mcfgadjustbuffer(buf,false,basetail)",1,Thunderbird_C0001422,2,8,"mcfgadjustbuffer (buf, <*>, basetail)",2,2,complex_sample
9428084,MCfgEnforceConstraints(TRUE),E793,MCfgEnforceConstraints(<*>),4,mcfgenforceconstraints(true),1,Thunderbird_C0001423,1,4,mcfgenforceconstraints (true),1,1,frequency_representative
9428085,MG2GridInitialize(),E953,MG2GridInitialize(),4,<id> (),1,Thunderbird_C0001424,1,4,<id> (),1,1,frequency_representative
9428086,MIDSetDefaults(),E1053,MIDSetDefaults(),4,midsetdefaults(),1,Thunderbird_C0001425,1,4,midsetdefaults (),1,1,frequency_representative
9428087,"MRMProcessConfig(base,TYPE=PBS)",E982,"MRMProcessConfig(<*>,<*>)",4,"mrmprocessconfig(base,type=pbs)",1,Thunderbird_C0001426,1,4,"mrmprocessconfig (base, type = pbs)",1,1,frequency_representative
9428088,"MUGetIndex(,ValList,FALSE,1)",E1099,"MUGetIndex(<*>,<*>,<*>,<*>)",4,"mugetindex(,vallist,false, <num> )",1,Thunderbird_C0001427,1,4,"mugetindex (, vallist, false, <num>)",1,1,frequency_representative
9428091,SUFileBufCreate(F),E1028,SUFileBufCreate(<*>),8,sufilebufcreate(f),1,Thunderbird_C0001428,1,8,sufilebufcreate (f),1,1,frequency_representative
9428093,"SUFileBufInitialize(/var/spool/moab/moab-private.cfg,F)",E863,"SUFileBufInitialize(<*>,<*>)",8,"sufilebufinitialize( <path> ,f)",2,Thunderbird_C0001429,2,8,"sufilebufinitialize (<path>, f)",1,1,frequency_representative
9428095,SUFileBufLoadFile(/var/spool/moab/moab-private.cfg),E973,SUFileBufLoadFile(<*>),8,sufilebufloadfile( <path> ),2,Thunderbird_C0001430,2,8,sufilebufloadfile (<path>),1,1,frequency_representative
9428097,"SUFileLoad(/var/spool/moab/moab.cfg,1,BlockCount,READ,Buffer,SC)",E1050,"SUFileLoad(<*>,<*>,<*>,<*>,<*>,<*>)",4,"sufileload( <path> , <num> ,blockcount,read,buffer,sc)",1,Thunderbird_C0001431,1,4,"sufileload (<path>, <num>, blockcount, read, buffer, sc)",1,1,frequency_representative
9428098,"SULoadEnvironment(ArgC,ArgV)",E937,"SULoadEnvironment(<*>,<*>)",4,"suloadenvironment(argc,argv)",1,Thunderbird_C0001432,1,4,"suloadenvironment (argc, argv)",1,1,frequency_representative
9428102,INFO: child process in background,E607,INFO: child process in background,4,info: child process in background,1,Thunderbird_C0001433,1,4,info: child process in background,1,1,frequency_representative
9428103,INFO: executing scheduler from '/var/spool/moab/' under UID 0 GID 0,E357,INFO: executing scheduler from <*> under UID <*> GID <*>,4,info: executing scheduler from '/var/spool/moab/' under uid <num> gid <num>,1,Thunderbird_C0001434,1,4,info: executing scheduler from '/var/spool/moab/' under uid <num> gid <num>,1,1,frequency_representative
9428104,INFO: new file '/var/spool/moab/moab.cfg' cached in slot 0 (2604 bytes),E542,INFO: new file <*> cached in slot <*> (<*> bytes),4,info: new file ' <path> ' cached in slot <num> ( <num> bytes),1,Thunderbird_C0001435,1,4,info: new file ' <path> ' cached in slot <num> (<num> bytes),1,1,frequency_representative
9428105,INFO: new file '/var/spool/moab/moab.cfg' opened,E923,INFO: new file <*> opened,4,info: new file ' <path> ' opened,1,Thunderbird_C0001436,1,4,info: new file ' <path> ' opened,1,1,frequency_representative
9428106,INFO: opened service socket on port 42559,E593,INFO: opened service socket on port <*>,9,info: opened service socket on port <num>,3,Thunderbird_C0001437,3,9,info: opened service socket on port <num>,1,1,frequency_representative
9428107,MAcct[1792] 3.91,E1220,MAcct[<*>] <*>,4,macct[ <num> ] <num>,1,Thunderbird_C0001438,1,4,macct [<num>] <num>,1,1,frequency_representative
9428109,"MFULock(/var/spool/moab/,/var/spool/moab/.moab.pid)",E1190,"MFULock(<*>,<*>)",4,"mfulock(/var/spool/moab/, <path> )",1,Thunderbird_C0001439,1,4,"mfulock (/ var/spool/moab /, <path>)",1,1,frequency_representative
9428110,MJobTraceBuffer[4096] 0.00,E1040,MJobTraceBuffer[<*>] <*>,4,mjobtracebuffer[ <num> ] <num>,1,Thunderbird_C0001440,1,4,mjobtracebuffer [<num>] <num>,1,1,frequency_representative
9428111,MJob[4096] 0.03,E1232,MJob[<*>] <*>,4,mjob[ <num> ] <num>,1,Thunderbird_C0001441,1,4,mjob [<num>] <num>,1,1,frequency_representative
9428112,MNode[5120] 0.04,E1224,MNode[<*>] <*>,4,mnode[ <num> ] <num>,1,Thunderbird_C0001442,1,4,mnode [<num>] <num>,1,1,frequency_representative
9428113,MRsv[1024] 0.01,E1230,MRsv[<*>] <*>,4,mrsv[ <num> ] <num>,1,Thunderbird_C0001443,1,4,mrsv [<num>] <num>,1,1,frequency_representative
9428114,MSUListen(S),E1168,MSUListen(<*>),9,msulisten(s),1,Thunderbird_C0001444,1,9,msulisten (s),1,1,frequency_representative
9428115,MSysAuthenticate(),E998,MSysAuthenticate(),4,msysauthenticate(),1,Thunderbird_C0001445,1,4,msysauthenticate (),1,1,frequency_representative
9428116,MSysDaemonize(),E1078,MSysDaemonize(),4,msysdaemonize(),1,Thunderbird_C0001446,1,4,msysdaemonize (),1,1,frequency_representative
9428117,"MSysLaunchAction(ASList,)",E962,"MSysLaunchAction(<*>,)",4,"msyslaunchaction(aslist,)",1,Thunderbird_C0001447,1,4,"msyslaunchaction (aslist,)",1,1,frequency_representative
9428118,MSysMemCheck(),E1104,MSysMemCheck(),4,msysmemcheck(),1,Thunderbird_C0001448,1,4,msysmemcheck (),1,1,frequency_representative
9428119,"MSysProcessArgs(1,ArgV,FALSE)",E986,"MSysProcessArgs(<*>,<*>,<*>)",4,"msysprocessargs( <num> ,argv,false)",1,Thunderbird_C0001449,1,4,"msysprocessargs (<num>, argv, false)",1,1,frequency_representative
9428120,"MSysRegEvent(starting primary moab server,3,0,1)",E1092,"MSysRegEvent(<*>,<*>)",4,"msysregevent(starting primary moab server, <num> , <num> , <num> )",1,Thunderbird_C0001450,1,4,"msysregevent (starting primary moab server, <num>, <num>, <num>)",1,1,frequency_representative
9428121,MSysStartServer(),E1023,MSysStartServer(),4,msysstartserver(),1,Thunderbird_C0001451,1,4,msysstartserver (),1,1,frequency_representative
9428122,"MUGetOpt(1,ArgV,a:AbB:c:C:dD:f:hH:i:j:l:L:m:n:N:p:P:r:s:S:v?-:,OptArg,Tok)",E1129,"MUGetOpt(<*>,<*>,<*>,<*>,<*>)",4,"mugetopt( <num> ,argv, <ip> :hh:i:j:l:l:m:n:n:p:p:r:s:s:v?-:,optarg,tok)",1,Thunderbird_C0001452,1,4,"mugetopt (<num>, argv, <ip>: hh: i: j: l: l: m: n: n: p: p: r: s: s: v? -:, optarg, tok)",1,1,frequency_representative
9428123,SRsv[ 128] 2.53,E1231,SRsv[ <*>] <*>,4,srsv[ <num> ] <num>,1,Thunderbird_C0001453,1,4,srsv [<num>] <num>,1,1,frequency_representative
9428124,"__SUFileCacheData(/var/spool/moab/moab.cfg,Buffer,2604)",E903,"__SUFileCacheData(<*>,<*>,<*>)",4,"__sufilecachedata( <path> ,buffer, <num> )",1,Thunderbird_C0001454,1,4,"__sufilecachedata (<path>, buffer, <num>)",1,1,frequency_representative
9428125,"__SUFileGetCachedData(/var/spool/moab/moab.cfg,Buffer,BufSize)",E765,"__SUFileGetCachedData(<*>,<*>,<*>)",8,"__sufilegetcacheddata( <path> ,buffer,bufsize)",1,Thunderbird_C0001455,1,8,"__sufilegetcacheddata (<path>, buffer, bufsize)",1,1,frequency_representative
9428127,starting moab-4.2.3b1-snap.1124571358 version Moab Workload Manager (PID: 8542) on Tue Dec 6 16:01:43,E249,starting moab-<*> version Moab Workload Manager (PID: <*>) on <*>,2,starting <id> version moab workload manager (pid: <num> ) on tue dec <num> <ip>,2,Thunderbird_C0001456,4,4,starting <id> version moab workload manager (pid: <num>) on <*> dec <num> <ip>,2,1,frequency_representative
9642252,starting moab-4.2.3b1-snap.1124571358 version Moab Workload Manager (PID: 2115) on Wed Dec 7 11:17:23,E249,starting moab-<*> version Moab Workload Manager (PID: <*>) on <*>,2,starting <id> version moab workload manager (pid: <num> ) on wed dec <num> <ip>,2,Thunderbird_C0001456,4,4,starting <id> version moab workload manager (pid: <num>) on <*> dec <num> <ip>,2,2,complex_sample
9428134,INFO: no fallback server host specified,E492,INFO: no fallback server host specified,4,info: no fallback server host specified,1,Thunderbird_C0001457,1,4,info: no fallback server host specified,1,1,frequency_representative
9428136,MFSInitialize(FC),E1085,MFSInitialize(<*>),4,mfsinitialize(fc),1,Thunderbird_C0001458,1,4,mfsinitialize (fc),1,1,frequency_representative
9428137,"MFSLoadDataFile(/var/spool/moab/stats/FS.1131408000,28)",E1016,"MFSLoadDataFile(<*>,<*>)",103,"mfsloaddatafile( <path> , <num> )",58,Thunderbird_C0001459,58,103,"mfsloaddatafile (<path>, <num>)",1,1,frequency_representative
9428144,MSysCheckFB(),E1130,MSysCheckFB(),4,msyscheckfb(),1,Thunderbird_C0001460,1,4,msyscheckfb (),1,1,frequency_representative
9428145,WARNING: cannot load FS file '/var/spool/moab/stats/FS.1131408000' for slot 28,E533,WARNING: cannot load FS file <*> for slot <*>,102,warning: cannot load fs file ' <path> ' for slot <num>,58,Thunderbird_C0001461,58,102,warning: cannot load fs file ' <path> ' for slot <num>,1,1,frequency_representative
9428151,WARNING: cannot open FS data file '/var/spool/moab/stats/FS.1131494400',E597,WARNING: cannot open FS data file '<*>',101,warning: cannot open fs data file ' <path> ',30,Thunderbird_C0001462,30,101,warning: cannot open fs data file ' <path> ',1,1,frequency_representative
9428164,INFO: parent is exiting,E910,INFO: parent is exiting,4,info: parent is exiting,1,Thunderbird_C0001463,1,4,info: parent is exiting,1,1,frequency_representative
9428244,INFO: node min value: 1 distance: 256 step: 4.00,E562,INFO: node min value: <*> distance: <*> step: <*>,2,info: node min value: <num> distance: <num> step: <num>,1,Thunderbird_C0001464,1,2,info: node min value: <num> distance: <num> step: <num>,1,1,frequency_representative
9428245,INFO: node steps eliminated: 0,E758,INFO: node steps eliminated: <*>,2,info: node steps eliminated: <num>,1,Thunderbird_C0001465,1,2,info: node steps eliminated: <num>,1,1,frequency_representative
9428246,INFO: updating acct fairshare,E713,INFO: updating acct fairshare,2,info: updating acct fairshare,1,Thunderbird_C0001466,1,2,info: updating acct fairshare,1,1,frequency_representative
9428247,"MCPLoad(/var/spool/moab/.moab.ck,RsvOnly)",E1192,"MCPLoad(<*>,<*>)",3,"mcpload( <path> ,rsvonly)",2,Thunderbird_C0001467,4,5,"mcpload (<path>, <*>)",2,1,frequency_representative
9428347,"MCPLoad(/var/spool/moab/.moab.ck,NonRsv)",E1192,"MCPLoad(<*>,<*>)",2,"mcpload( <path> ,nonrsv)",2,Thunderbird_C0001467,4,5,"mcpload (<path>, <*>)",2,2,complex_sample
9428251,"MFSUpdateData(FC,0,2)",E1045,"MFSUpdateData(<*>,<*>,<*>)",2,"mfsupdatedata(fc, <num> , <num> )",1,Thunderbird_C0001468,1,2,"mfsupdatedata (fc, <num>, <num>)",1,1,frequency_representative
9428252,MStatPreInitialize(),E912,MStatPreInitialize(),2,mstatpreinitialize(),1,Thunderbird_C0001469,1,2,mstatpreinitialize (),1,1,frequency_representative
9428253,MStatProfInitialize(P),E883,MStatProfInitialize(<*>),2,mstatprofinitialize(p),1,Thunderbird_C0001470,1,2,mstatprofinitialize (p),1,1,frequency_representative
9428261,INFO: XRMInitialize not supported,E1025,INFO: <*> not supported,1,info: xrminitialize not supported,1,Thunderbird_C0001471,1,1,info: xrminitialize not supported,1,1,frequency_representative
9428263,INFO: connected to PBS server :0 on sd 1,E622,INFO: connected to PBS server <*> on sd <*>,1,info: connected to pbs server : <num> on sd <num>,1,Thunderbird_C0001472,1,1,info: connected to pbs server: <num> on sd <num>,1,1,frequency_representative
9428266,INFO: starting new day: Tue Dec 6 16:01:50,E917,INFO: starting new day: <*>,1,info: starting new day: tue dec <num> <ip>,1,Thunderbird_C0001473,1,1,info: starting new day: tue dec <num> <ip>,1,1,frequency_representative
9428267,MCredCreditRefresh(DAY),E810,MCredCreditRefresh(DAY),1,mcredcreditrefresh(day),1,Thunderbird_C0001474,1,1,mcredcreditrefresh (day),1,1,frequency_representative
9428268,"MPBSInitialize(base,EMsg,SC)",E1060,MPBSInitialize(<*>),2,"mpbsinitialize(base,emsg,sc)",1,Thunderbird_C0001475,1,2,"mpbsinitialize (base, emsg, sc)",1,1,frequency_representative
9428269,"MParAdd(base,PP)",E1199,MParAdd(<*>),4,"mparadd(base,pp)",1,Thunderbird_C0001476,1,4,"mparadd (base, pp)",1,1,frequency_representative
9428270,"MParInitialize(base,NULL)",E1059,MParInitialize(<*>),2,"mparinitialize(base,null)",1,Thunderbird_C0001477,1,2,"mparinitialize (base, null)",1,1,frequency_representative
9428271,"MRMInitialize(NULL,EMsg,SC)",E1046,"MRMInitialize(<*>,<*>,<*>)",2,"mrminitialize(null,emsg,sc)",1,Thunderbird_C0001478,1,2,"mrminitialize (null, emsg, sc)",1,1,frequency_representative
9428273,MServerUpdate(),E1077,MServerUpdate(),1,mserverupdate(),1,Thunderbird_C0001479,1,1,mserverupdate (),1,1,frequency_representative
9428274,"MStatClearUsage([NONE],Active)",E1015,"MStatClearUsage(<*>,<*>)",1,"mstatclearusage([none],active)",1,Thunderbird_C0001480,1,1,"mstatclearusage ([none], active)",1,1,frequency_representative
9428275,MStatInitialize(P),E1029,MStatInitialize(<*>),1,mstatinitialize(p),1,Thunderbird_C0001481,1,1,mstatinitialize (p),1,1,frequency_representative
9428276,MStatInitializeActiveSysUsage(),E568,MStatInitializeActiveSysUsage(),1,mstatinitializeactivesysusage(),1,Thunderbird_C0001482,1,1,mstatinitializeactivesysusage (),1,1,frequency_representative
9428277,MStatOpenFile(1133910103),E1089,MStatOpenFile(<*>),3,mstatopenfile( <num> ),3,Thunderbird_C0001483,3,3,mstatopenfile (<num>),1,1,frequency_representative
9428279,"MStatWritePeriodPStats(1133848910,DAY)",E762,"MStatWritePeriodPStats(<*>,<*>)",1,"mstatwriteperiodpstats( <num> ,day)",1,Thunderbird_C0001484,2,2,"mstatwriteperiodpstats (<num>, <*>)",2,1,frequency_representative
9428310,"MStatWritePeriodPStats(1133391710,MONTH)",E762,"MStatWritePeriodPStats(<*>,<*>)",1,"mstatwriteperiodpstats( <num> ,month)",1,Thunderbird_C0001484,2,2,"mstatwriteperiodpstats (<num>, <*>)",2,2,complex_sample
9428280,MSysUpdateTime(),E1055,MSysUpdateTime(),1,msysupdatetime(),1,Thunderbird_C0001485,1,1,msysupdatetime (),1,1,frequency_representative
9428282,"MUSetEnv(PBSAPITIMEOUT,30)",E1180,"MUSetEnv(<*>,<*>)",1,"musetenv(pbsapitimeout, <num> )",1,Thunderbird_C0001486,1,1,"musetenv (pbsapitimeout, <num>)",1,1,frequency_representative
9428283,WARNING: cannot create statfile '/var/spool/moab/stats/DAY.Mon_Dec_05_2005',E598,WARNING: cannot create statfile '<*>',1,warning: cannot create statfile ' <path> ',1,Thunderbird_C0001487,1,1,warning: cannot create statfile ' <path> ',1,1,frequency_representative
9428284,"WARNING: cannot open file '/var/spool/moab/stats/DAY.Mon_Dec_05_2005', errno: 2 (No such file or directory)",E168,"WARNING: cannot open file '<*>', errno: <*> (No such file or directory)",1,"warning: cannot open file ' <path> ', errno: <num> (no such file or directory)",1,Thunderbird_C0001488,1,1,"warning: cannot open file ' <path> ', errno: <num> (no such file or directory)",1,1,frequency_representative
9428285,"__MPBSSystemQuery(base,SC)",E941,"__MPBSSystemQuery(<*>,<*>)",1,"__mpbssystemquery(base,sc)",1,Thunderbird_C0001489,1,1,"__mpbssystemquery (base, sc)",1,1,frequency_representative
9428286,INFO: 2 PBS resources detected on RM base,E524,INFO: <*> PBS resources detected on RM base,1,info: <num> pbs resources detected on rm base,1,Thunderbird_C0001490,1,1,info: <num> pbs resources detected on rm base,1,1,frequency_representative
9428287,INFO: PBS data updated for iteration 0,E574,INFO: PBS data updated for iteration <*>,1,info: pbs data updated for iteration <num>,1,Thunderbird_C0001491,1,1,info: pbs data updated for iteration <num>,1,1,frequency_representative
9428288,INFO: PBS node tsqe1 set to state Down (down),E805,INFO: PBS node <*> set to state <*> (<*>),1,info: pbs node tsqe1 set to state down (down),1,Thunderbird_C0001492,2,2,info: pbs node tsqe <*> set to state down (down),2,1,frequency_representative
9428289,INFO: PBS node tsqe2 set to state Down (down),E805,INFO: PBS node <*> set to state <*> (<*>),1,info: pbs node tsqe2 set to state down (down),1,Thunderbird_C0001492,2,2,info: pbs node tsqe <*> set to state down (down),2,2,complex_sample
9428290,INFO: cannot determine node/rack of host 'tsqe1',E409,INFO: cannot determine node/rack of host '<*>',1,info: cannot determine node/rack of host 'tsqe1',1,Thunderbird_C0001493,2,2,info: cannot determine node/rack of host ' tsqe <*> ',2,1,frequency_representative
9428318,INFO: cannot determine node/rack of host 'tsqe2',E409,INFO: cannot determine node/rack of host '<*>',1,info: cannot determine node/rack of host 'tsqe2',1,Thunderbird_C0001493,2,2,info: cannot determine node/rack of host ' tsqe <*> ',2,2,complex_sample
9428294,INFO: queue 'sqe' started state set to True,E623,INFO: queue <*> started state set to <*>,2,info: queue 'sqe' started state set to true,1,Thunderbird_C0001494,1,2,info: queue ' sqe ' started state set to true,1,1,frequency_representative
9428295,INFO: starting iteration 0,E861,INFO: starting iteration <*>,1,info: starting iteration <num>,1,Thunderbird_C0001495,1,1,info: starting iteration <num>,1,1,frequency_representative
9428296,"MCPRestore(NODE,tsqe1,Optr,Found)",E1098,"MCPRestore(<*>,<*>,<*>,<*>)",1,"mcprestore(node,tsqe1,optr,found)",1,Thunderbird_C0001496,2,2,"mcprestore (node, tsqe <*>, optr, found)",2,1,frequency_representative
9428325,"MCPRestore(NODE,tsqe2,Optr,Found)",E1098,"MCPRestore(<*>,<*>,<*>,<*>)",1,"mcprestore(node,tsqe2,optr,found)",1,Thunderbird_C0001496,2,2,"mcprestore (node, tsqe <*>, optr, found)",2,2,complex_sample
9428297,MClusterClearUsage(),E916,MClusterClearUsage(),1,mclusterclearusage(),1,Thunderbird_C0001497,1,1,mclusterclearusage (),1,1,frequency_representative
9428298,MCredCreditRefresh(MONTH),E737,MCredCreditRefresh(MONTH),1,mcredcreditrefresh(month),1,Thunderbird_C0001498,1,1,mcredcreditrefresh (month),1,1,frequency_representative
9428299,MNodeUpdateResExpression(tsqe1),E722,MNodeUpdateResExpression(<*>),1,mnodeupdateresexpression(tsqe1),1,Thunderbird_C0001499,1,1,mnodeupdateresexpression (tsqe 1),1,1,frequency_representative
9428300,"MPBSClusterQuery(base,RCount,EMsg,SC)",E1013,MPBSClusterQuery(<*>),1,"mpbsclusterquery(base,rcount,emsg,sc)",1,Thunderbird_C0001500,1,1,"mpbsclusterquery (base, rcount, emsg, sc)",1,1,frequency_representative
9428301,"MPBSGetData(base,SC)",E1137,MPBSGetData(<*>),1,"mpbsgetdata(base,sc)",1,Thunderbird_C0001501,1,1,"mpbsgetdata (base, sc)",1,1,frequency_representative
9428302,"MPBSLoadQueueInfo(base,NULL,TRUE,SC)",E970,MPBSLoadQueueInfo(<*>),2,"mpbsloadqueueinfo(base,null,true,sc)",1,Thunderbird_C0001502,1,2,"mpbsloadqueueinfo (base, null, true, sc)",1,1,frequency_representative
9428303,"MPBSNodeLoad(tsqe1,tsqe1,Down,base)",E1110,MPBSNodeLoad(<*>),1,"mpbsnodeload(tsqe1,tsqe1,down,base)",1,Thunderbird_C0001503,2,2,"mpbsnodeload (tsqe <*>, tsqe <*>, down, base)",2,1,frequency_representative
9428304,"MPBSNodeLoad(tsqe2,tsqe2,Down,base)",E1110,MPBSNodeLoad(<*>),1,"mpbsnodeload(tsqe2,tsqe2,down,base)",1,Thunderbird_C0001503,2,2,"mpbsnodeload (tsqe <*>, tsqe <*>, down, base)",2,2,complex_sample
9428307,MRMClusterQuery(),E1021,MRMClusterQuery(),1,mrmclusterquery(),1,Thunderbird_C0001504,1,1,mrmclusterquery (),1,1,frequency_representative
9428308,MRMUpdate(),E1167,MRMUpdate(),1,mrmupdate(),1,Thunderbird_C0001505,1,1,mrmupdate (),1,1,frequency_representative
9428309,"MSchedProcessJobs(0,GlobalSQ,GlobalHQ)",E902,"MSchedProcessJobs(<*>,<*>,<*>)",1,"mschedprocessjobs( <num> ,globalsq,globalhq)",1,Thunderbird_C0001506,1,1,"mschedprocessjobs (<num>, globalsq, globalhq)",1,1,frequency_representative
9428312,WARNING: cannot record MONTH stats,E757,WARNING: cannot record <*> stats,1,warning: cannot record month stats,1,Thunderbird_C0001507,1,1,warning: cannot record month stats,1,1,frequency_representative
9428313,"[000] tsqe1: (P:0,S:10,M:1,D:1) [Down][DEFAULT][[NONE]]<0.000000> C:[NONE] DEFAULT sqe",E119,"[<*>] tsqe1: (P:<*>,S:<*>,M:<*>,D:<*>) [Down][DEFAULT][[NONE]]<*> C:[NONE] DEFAULT sqe",1,"[ <num> ] tsqe1: (p: <num> ,s: <num> ,m: <num> ,d: <num> ) [down][default][[none]]< <num> > c:[none] default sqe",1,Thunderbird_C0001508,1,1,"[<num>] tsqe 1: (p: <num>, s: <num>, m: <num>, d: <num>) [down] [default] [[none]] < <num> > c: [none] default sqe",1,1,frequency_representative
9428315,INFO: P[ALL]: Total 2:4 Up 0:0 Idle 0:0 Active 0:0,E734,INFO: P[<*>]: Total <*> Up <*> Idle <*> Active <*>,6,info: p[all]: total <num> : <num> up <num> : <num> idle <num> : <num> active <num> : <num>,2,Thunderbird_C0001509,2,6,info: p [all]: total <num>: <num> up <num>: <num> idle <num>: <num> active <num>: <num>,1,1,frequency_representative
9428320,INFO: jobs in queue,E1054,INFO: jobs in queue,1,info: jobs in queue,1,Thunderbird_C0001510,1,1,info: jobs in queue,1,1,frequency_representative
9428321,INFO: no queues detected,E877,INFO: no queues detected,1,info: no queues detected,1,Thunderbird_C0001511,1,1,info: no queues detected,1,1,frequency_representative
9428323,INFO: queue is empty or cannot get PBS job info,E382,INFO: queue is empty or cannot get PBS job info,1,info: queue is empty or cannot get pbs job info,1,Thunderbird_C0001512,1,1,info: queue is empty or cannot get pbs job info,1,1,frequency_representative
9428324,INFO: resources detected: 2,E818,INFO: resources detected: <*>,1,info: resources detected: <num>,1,Thunderbird_C0001513,1,1,info: resources detected: <num>,1,1,frequency_representative
9428326,MClusterUpdateNodeState(),E739,MClusterUpdateNodeState(),1,mclusterupdatenodestate(),1,Thunderbird_C0001514,1,1,mclusterupdatenodestate (),1,1,frequency_representative
9428327,MNodeUpdateResExpression(tsqe2),E722,MNodeUpdateResExpression(<*>),1,mnodeupdateresexpression(tsqe2),1,Thunderbird_C0001515,1,1,mnodeupdateresexpression (tsqe 2),1,1,frequency_representative
9428329,"MPBSWorkloadQuery(base,WCount,NWCount,EMsg,SC)",E963,MPBSWorkloadQuery(<*>),1,"mpbsworkloadquery(base,wcount,nwcount,emsg,sc)",1,Thunderbird_C0001516,1,1,"mpbsworkloadquery (base, wcount, nwcount, emsg, sc)",1,1,frequency_representative
9428330,"MParUpdate(ALL,TRUE)",E1149,MParUpdate(<*>),2,"mparupdate(all,true)",1,Thunderbird_C0001517,2,3,"mparupdate (all, <*>)",2,1,frequency_representative
9428370,"MParUpdate(ALL,FALSE)",E1149,MParUpdate(<*>),1,"mparupdate(all,false)",1,Thunderbird_C0001517,2,3,"mparupdate (all, <*>)",2,2,complex_sample
9428332,"MRMQueueQuery(QCount,EMsg,SC)",E1049,"MRMQueueQuery(<*>,<*>,<*>)",1,"mrmqueuequery(qcount,emsg,sc)",1,Thunderbird_C0001518,1,1,"mrmqueuequery (qcount, emsg, sc)",1,1,frequency_representative
9428333,"MRMWorkloadQuery(WCount,EMsg,SC)",E942,"MRMWorkloadQuery(<*>,<*>,<*>)",1,"mrmworkloadquery(wcount,emsg,sc)",1,Thunderbird_C0001519,1,1,"mrmworkloadquery (wcount, emsg, sc)",1,1,frequency_representative
9428334,"MStatClearUsage(node,Active)",E1015,"MStatClearUsage(<*>,<*>)",1,"mstatclearusage(node,active)",1,Thunderbird_C0001520,1,1,"mstatclearusage (node, active)",1,1,frequency_representative
9428335,MVPCUpdate(NULL),E1152,MVPCUpdate(<*>),3,mvpcupdate(null),1,Thunderbird_C0001521,1,3,mvpcupdate (null),1,1,frequency_representative
9428340,INFO: no matches found for node expression,E432,INFO: no matches found for node expression,4,info: no matches found for node expression,1,Thunderbird_C0001522,1,4,info: no matches found for node expression,1,1,frequency_representative
9428344,INFO: rsv NW.0.1 hostlist initialized,E688,INFO: rsv <*> hostlist initialized,1,info: rsv nw. <num> hostlist initialized,1,Thunderbird_C0001523,1,1,info: rsv nw. <num> hostlist initialized,1,1,frequency_representative
9428345,INFO: rsv not required for specified period,E504,INFO: <*> not required for specified period,2,info: rsv not required for specified period,1,Thunderbird_C0001524,1,2,info: rsv not required for specified period,1,1,frequency_representative
9428346,INFO: rsv qaspr.0.1 hostlist initialized,E688,INFO: rsv <*> hostlist initialized,1,info: rsv <id> hostlist initialized,1,Thunderbird_C0001525,1,1,info: rsv <id> hostlist initialized,1,1,frequency_representative
9428349,"MRsvConfigure(qaspr,NULL,1,EMsg,RP)",E990,"MRsvConfigure(<*>,<*>,<*>,<*>,<*>)",1,"mrsvconfigure(qaspr,null, <num> ,emsg,rp)",1,Thunderbird_C0001526,2,2,"mrsvconfigure (<*>, null, <num>, emsg, rp)",2,1,frequency_representative
9428381,"MRsvConfigure(NW,NULL,1,EMsg,RP)",E990,"MRsvConfigure(<*>,<*>,<*>,<*>,<*>)",1,"mrsvconfigure(nw,null, <num> ,emsg,rp)",1,Thunderbird_C0001526,2,2,"mrsvconfigure (<*>, null, <num>, emsg, rp)",2,2,complex_sample
9428350,"MSRGetAttributes(NW,0,Start,Duration)",E906,"MSRGetAttributes(<*>,<*>,<*>,<*>)",2,"msrgetattributes(nw, <num> ,start,duration)",2,Thunderbird_C0001527,4,4,"msrgetattributes (<*>, <num>, start, duration)",2,1,frequency_representative
9428351,"MSRGetAttributes(qaspr,0,Start,Duration)",E906,"MSRGetAttributes(<*>,<*>,<*>,<*>)",2,"msrgetattributes(qaspr, <num> ,start,duration)",2,Thunderbird_C0001527,4,4,"msrgetattributes (<*>, <num>, start, duration)",2,2,complex_sample
9428353,MSRUpdate(),E1165,MSRUpdate(),1,msrupdate(),1,Thunderbird_C0001528,1,1,msrupdate (),1,1,frequency_representative
9428354,"MUREToList(^sn289|sn29[0-9]$|sn30[0-9]$|sn31[0-9]$|sn32[0-9]$|sn33[0-9]$|sn34[0-9]$|sn35[0-9]$|sn36[0-9]$|sn37[0-9]$|sn38[0-9]$|sn39[0-9]$|sn40[0-9]$|sn41[0-9]$|sn42[0-9]$|sn43[0-9]$|sn44[0-9]$|sn45[0-9]$|sn46[0-9]$|sn47[0-9]$|sn48[0-9]$|sn49[0-9]$|sn50[0-9]$|sn51[0-2]$,node,ALL,OList,5120,Count,Buffer,65536)",E991,"MUREToList(<*>,<*>,<*>,<*>,<*>,<*>,<*>,<*>)",2,"muretolist(^sn289|sn29[ <num> - <num> ]$|sn30[ <num> - <num> ]$|sn31[ <num> - <num> ]$|sn32[ <num> - <num> ]$|sn33[ <num> - <num> ]$|sn34[ <num> - <num> ]$|sn35[ <num> - <num> ]$|sn36[ <num> - <num> ]$|sn37[ <num> - <num> ]$|sn38[ <num> - <num> ]$|sn39[ <num> - <num> ]$|sn40[ <num> - <num> ]$|sn41[ <num> - <num> ]$|sn42[ <num> - <num> ]$|sn43[ <num> - <num> ]$|sn44[ <num> - <num> ]$|sn45[ <num> - <num> ]$|sn46[ <num> - <num> ]$|sn47[ <num> - <num> ]$|sn48[ <num> - <num> ]$|sn49[ <num> - <num> ]$|sn50[ <num> - <num> ]$|sn51[ <num> - <num> ]$,node,all,olist, <num> ,count,buffer, <num> )",1,Thunderbird_C0001529,1,2,"muretolist (^ sn 289 | sn 29 [<num>-<num>] $ | sn 30 [<num>-<num>] $ | sn 31 [<num>-<num>] $ | sn 32 [<num>-<num>] $ | sn 33 [<num>-<num>] $ | sn 34 [<num>-<num>] $ | sn 35 [<num>-<num>] $ | sn 36 [<num>-<num>] $ | sn 37 [<num>-<num>] $ | sn 38 [<num>-<num>] $ | sn 39 [<num>-<num>] $ | sn 40 [<num>-<num>] $ | sn 41 [<num>-<num>] $ | sn 42 [<num>-<num>] $ | sn 43 [<num>-<num>] $ | sn 44 [<num>-<num>] $ | sn 45 [<num>-<num>] $ | sn 46 [<num>-<num>] $ | sn 47 [<num>-<num>] $ | sn 48 [<num>-<num>] $ | sn 49 [<num>-<num>] $ | sn 50 [<num>-<num>] $ | sn 51 [<num>-<num>] $, node, all, olist, <num>, count, buffer, <num>)",1,1,frequency_representative
9428356,"MUREToList(sn3[3-9]$|sn4[0-9]$|sn5[0-9]$|sn6[0-9]$|sn7[0-9]$|sn8[0-9]$|sn9[0-9]$|sn10[0-9]$|sn11[0-9]$|sn12[0-9]$|sn13[0-9]$|sn14[0-9]$|sn15[0-9]$|sn16[0-9]$|sn17[0-9]$|sn18[0-9]$|sn19[0-9]$|sn20[0-9]$|sn21[0-9]$|sn22[0-9]$|sn23[0-9]$|sn24[0-9]$|sn25[0-9]$|sn26[0-9]$|sn27[0-9]$|sn28[0-8]$,node,ALL,OList,5120,Count,Buffer,65536)",E991,"MUREToList(<*>,<*>,<*>,<*>,<*>,<*>,<*>,<*>)",2,"muretolist(sn3[ <num> - <num> ]$|sn4[ <num> - <num> ]$|sn5[ <num> - <num> ]$|sn6[ <num> - <num> ]$|sn7[ <num> - <num> ]$|sn8[ <num> - <num> ]$|sn9[ <num> - <num> ]$|sn10[ <num> - <num> ]$|sn11[ <num> - <num> ]$|sn12[ <num> - <num> ]$|sn13[ <num> - <num> ]$|sn14[ <num> - <num> ]$|sn15[ <num> - <num> ]$|sn16[ <num> - <num> ]$|sn17[ <num> - <num> ]$|sn18[ <num> - <num> ]$|sn19[ <num> - <num> ]$|sn20[ <num> - <num> ]$|sn21[ <num> - <num> ]$|sn22[ <num> - <num> ]$|sn23[ <num> - <num> ]$|sn24[ <num> - <num> ]$|sn25[ <num> - <num> ]$|sn26[ <num> - <num> ]$|sn27[ <num> - <num> ]$|sn28[ <num> - <num> ]$,node,all,olist, <num> ,count,buffer, <num> )",1,Thunderbird_C0001530,1,2,"muretolist (sn 3 [<num>-<num>] $ | sn 4 [<num>-<num>] $ | sn 5 [<num>-<num>] $ | sn 6 [<num>-<num>] $ | sn 7 [<num>-<num>] $ | sn 8 [<num>-<num>] $ | sn 9 [<num>-<num>] $ | sn 10 [<num>-<num>] $ | sn 11 [<num>-<num>] $ | sn 12 [<num>-<num>] $ | sn 13 [<num>-<num>] $ | sn 14 [<num>-<num>] $ | sn 15 [<num>-<num>] $ | sn 16 [<num>-<num>] $ | sn 17 [<num>-<num>] $ | sn 18 [<num>-<num>] $ | sn 19 [<num>-<num>] $ | sn 20 [<num>-<num>] $ | sn 21 [<num>-<num>] $ | sn 22 [<num>-<num>] $ | sn 23 [<num>-<num>] $ | sn 24 [<num>-<num>] $ | sn 25 [<num>-<num>] $ | sn 26 [<num>-<num>] $ | sn 27 [<num>-<num>] $ | sn 28 [<num>-<num>] $, node, all, olist, <num>, count, buffer, <num>)",1,1,frequency_representative
9428359,WARNING: empty hostlist in MRsvConfigure(),E381,WARNING: empty hostlist in MRsvConfigure(),2,warning: empty hostlist in mrsvconfigure(),1,Thunderbird_C0001531,1,2,warning: empty hostlist in mrsvconfigure (),1,1,frequency_representative
9428361,INFO: current util[0]: 0/0 (0.00%) PH: 0.00% active jobs: 0 of 0 (completed: 0),E203,INFO: current util[<*>]: <*> (<*>%) PH: <*>% active jobs: <*> of <*> (completed: <*>),1,info: current util[ <num> ]: <num> / <num> ( <num> %) ph: <num> % active jobs: <num> of <num> (completed: <num> ),1,Thunderbird_C0001532,1,1,info: current util [<num>]: <num>/<num> (<num> %) ph: <num> % active jobs: <num> of <num> (completed: <num>),1,1,frequency_representative
9428362,INFO: idle job queue is empty on iteration 0,E462,INFO: idle job queue is empty on iteration <*>,4,info: idle job queue is empty on iteration <num>,1,Thunderbird_C0001533,1,4,info: idle job queue is empty on iteration <num>,1,1,frequency_representative
9428366,INFO: iteration: 0 scheduling time: 6.082 seconds,E420,INFO: iteration: <*> scheduling time: <*> seconds,1,info: iteration: <num> scheduling time: <num> seconds,1,Thunderbird_C0001534,1,1,info: iteration: <num> scheduling time: <num> seconds,1,1,frequency_representative
9428368,MLimitEnforceAll(ALL),E1011,MLimitEnforceAll(<*>),1,mlimitenforceall(all),1,Thunderbird_C0001535,1,1,mlimitenforceall (all),1,1,frequency_representative
9428369,MNodeCheckStatus(),E993,MNodeCheckStatus(),1,mnodecheckstatus(),1,Thunderbird_C0001536,1,1,mnodecheckstatus (),1,1,frequency_representative
9428371,MQueueCheckStatus(),E956,MQueueCheckStatus(),1,mqueuecheckstatus(),1,Thunderbird_C0001537,1,1,mqueuecheckstatus (),1,1,frequency_representative
9428372,"MQueueSelectAllJobs(Q,HARD,ALL,EJList,DP,Msg)",E879,MQueueSelectAllJobs(<*>),1,"mqueueselectalljobs(q,hard,all,ejlist,dp,msg)",1,Thunderbird_C0001538,2,2,"mqueueselectalljobs (q, <*>, all, ejlist, dp, msg)",2,1,frequency_representative
9428373,"MQueueSelectAllJobs(Q,SOFT,ALL,EJList,DP,Msg)",E879,MQueueSelectAllJobs(<*>),1,"mqueueselectalljobs(q,soft,all,ejlist,dp,msg)",1,Thunderbird_C0001538,2,2,"mqueueselectalljobs (q, <*>, all, ejlist, dp, msg)",2,2,complex_sample
9428374,"MQueueSelectJobs(SrcQ,DstQ,HARD,5120,10000,2140000000,EVERY,FRCount,FALSE,FALSE,TRUE)",E667,"MQueueSelectJobs(<*>,<*>,<*>,<*>,<*>,<*>,<*>,<*>,<*>,<*>,<*>)",1,"mqueueselectjobs(srcq,dstq,hard, <num> , <num> , <num> ,every,frcount,false,false,true)",1,Thunderbird_C0001539,4,4,"mqueueselectjobs (srcq, dstq, <*>, <num>, <num>, <num>, every, frcount, <*>, <*>, true)",2,1,frequency_representative
9428375,"MQueueSelectJobs(SrcQ,DstQ,HARD,5120,10000,2140000000,EVERY,FRCount,TRUE,FALSE,TRUE)",E667,"MQueueSelectJobs(<*>,<*>,<*>,<*>,<*>,<*>,<*>,<*>,<*>,<*>,<*>)",1,"mqueueselectjobs(srcq,dstq,hard, <num> , <num> , <num> ,every,frcount,true,false,true)",1,Thunderbird_C0001539,4,4,"mqueueselectjobs (srcq, dstq, <*>, <num>, <num>, <num>, every, frcount, <*>, <*>, true)",2,2,complex_sample
9428378,MQueueUpdateCJobs(),E957,MQueueUpdateCJobs(),1,mqueueupdatecjobs(),1,Thunderbird_C0001540,1,1,mqueueupdatecjobs (),1,1,frequency_representative
9428379,MRMFinalizeCycle(),E999,MRMFinalizeCycle(),1,mrmfinalizecycle(),1,Thunderbird_C0001541,1,1,mrmfinalizecycle (),1,1,frequency_representative
9428380,"MRsvAdjustDRes(NULL,FALSE)",E1043,"MRsvAdjustDRes(<*>,<*>)",1,"mrsvadjustdres(null,false)",1,Thunderbird_C0001542,1,1,"mrsvadjustdres (null, false)",1,1,frequency_representative
9428382,MRsvUpdateStats(),E1022,MRsvUpdateStats(),1,mrsvupdatestats(),1,Thunderbird_C0001543,1,1,mrsvupdatestats (),1,1,frequency_representative
9428384,MSchedUpdateStats(),E950,MSchedUpdateStats(),1,mschedupdatestats(),1,Thunderbird_C0001544,1,1,mschedupdatestats (),1,1,frequency_representative
9428385,MUClearChild(PID),E1118,MUClearChild(<*>),1,muclearchild(pid),1,Thunderbird_C0001545,1,1,muclearchild (pid),1,1,frequency_representative
9428388,INFO: scheduling complete. sleeping 30 seconds,E365,INFO: scheduling complete. sleeping <*> seconds,1,info: scheduling complete. sleeping <num> seconds,1,Thunderbird_C0001546,1,1,info: scheduling complete. sleeping <num> seconds,1,1,frequency_representative
9428389,MRsvCheckStatus(NULL),E1033,MRsvCheckStatus(<*>),1,mrsvcheckstatus(null),1,Thunderbird_C0001547,1,1,mrsvcheckstatus (null),1,1,frequency_representative
9428391,moab startup succeeded,E1056,<*> startup succeeded,4,moab startup succeeded,1,Thunderbird_C0001548,1,4,moab startup succeeded,1,1,frequency_representative
9429215,pbs_server shutdown succeeded,E1032,<*> shutdown succeeded,3,pbs_server shutdown succeeded,1,Thunderbird_C0001549,1,3,pbs_server shutdown succeeded,1,1,frequency_representative
9429254,moab shutdown succeeded,E1032,<*> shutdown succeeded,3,moab shutdown succeeded,1,Thunderbird_C0001550,1,3,moab shutdown succeeded,1,1,frequency_representative
9430179,"MPSIFromXML(P,E)",E1135,MPSIFromXML(<*>),3,"mpsifromxml(p,e)",1,Thunderbird_C0001551,1,3,"mpsifromxml (p, e)",1,1,frequency_representative
9430180,"MRMFromXML(R,E)",E1153,MRMFromXML(<*>),3,"mrmfromxml(r,e)",1,Thunderbird_C0001552,1,3,"mrmfromxml (r, e)",1,1,frequency_representative
9430330,pbs_server startup succeeded,E1056,<*> startup succeeded,3,pbs_server startup succeeded,1,Thunderbird_C0001553,1,3,pbs_server startup succeeded,1,1,frequency_representative
9430332,"Unknown username ""haldaemon"" in message bus configuration file",E256,Unknown username <*> in message bus configuration file,5,"unknown username ""haldaemon"" in message bus configuration file",1,Thunderbird_C0001554,1,5,"unknown username "" haldaemon "" in message bus configuration file",1,1,frequency_representative
9504717,"megaraid abort: 124062:29[255:128], fw owner",E848,"megaraid abort: <*>, fw owner",6,"megaraid abort: <num> : <num> [ <num> : <num> ], fw owner",6,Thunderbird_C0001555,6,6,"megaraid abort: <num>: <num> [<num>: <num>], fw owner",1,1,frequency_representative
11105332,megaraid mbox: Wait for 1 commands to complete:0,E376,megaraid mbox: Wait for <*> commands to complete:<*>,112,megaraid mbox: wait for <num> commands to <id>,38,Thunderbird_C0001556,38,112,megaraid mbox: wait for <num> commands to <id>,1,1,frequency_representative
9504721,megaraid mbox: reset sequence completed successfully,E235,megaraid mbox: reset sequence completed successfully,1,megaraid mbox: reset sequence completed successfully,1,Thunderbird_C0001557,1,1,megaraid mbox: reset sequence completed successfully,1,1,frequency_representative
11105370,megaraid: 1 outstanding commands. Max wait 180 sec,E374,megaraid: <*> outstanding commands. Max wait <*> sec,4,megaraid: <num> outstanding commands. max wait <num> sec,2,Thunderbird_C0001558,2,4,megaraid: <num> outstanding commands. max wait <num> sec,1,1,frequency_representative
9504723,megaraid: aborting-124062 cmd=2a <c=1 t=0 l=0>,E630,megaraid: aborting-<*> cmd=<*> <c=<*> t=<*> l=<*>,6,megaraid: <id> cmd=2a <c= <num> t= <num> l= <num> >,6,Thunderbird_C0001559,6,6,megaraid: <id> cmd = 2 a < c = <num> t = <num> l = <num> >,1,1,frequency_representative
9511298,THH(1): mnt_projects/sysapps/src/ib/topspin/topspin-src-3.2.0-16/third_party/thca4_linux/kernel/mlxhh/thh/obj_host_amd64_custom1_rhel4/mod_thh/cmdif_comm.c[417]: XHH_cmd_eventh: could not find context by token. token=0x6080,E153,THH(<*>): <*>[<*>]: XHH_cmd_eventh: could not find context by token. token=<*>,1,thh( <num> ): mnt_projects/sysapps/src/ib/topspin/ <id> /third_party/ <id> /kernel/mlxhh/thh/ <id> /mod_thh/cmdif_comm.c[ <num> ]: xhh_cmd_eventh: could not find context by token. token= <hex>,1,Thunderbird_C0001560,1,1,thh (<num>): mnt_projects/sysapps/src/ib/topspin/<id>/third_party/<id>/kernel/mlxhh/thh/<id>/mod_thh/cmdif_comm. c [<num>]: xhh_cmd_eventh: could not find context by token. token = <hex>,1,1,frequency_representative
9587029,root : TTY=tty1 ; PWD=/root ; USER=root ; COMMAND=/home/#57#/testFS.sh,E768,<*> : TTY=<*> ; PWD=<*> ; USER=<*> ; COMMAND=<*>,1,root : tty=tty1 ; pwd=/root ; user=root ; command=/home/# <num> #/testfs.sh,1,Thunderbird_C0001561,1,1,root: tty = tty 1; pwd =/root; user = root; command =/home/# <num> #/testfs. sh,1,1,frequency_representative
9587924,FATAL ERROR: Creating listener failed: port 22 probably already in use!,E132,FATAL ERROR: Creating listener failed: port <*> probably already in use!,1,fatal error: creating listener failed: port <num> probably already in use!,1,Thunderbird_C0001562,1,1,fatal error: creating listener failed: port <num> probably already in use!,1,1,frequency_representative
9650828,MCPLoadSR(SRES NW 1133984416 0.00 0.00 0 [NONE] 0 0),E1169,MCPLoadSR(<*>),1,mcploadsr(sres nw <num> <num> <num> <num> [none] <num> <num> ),1,Thunderbird_C0001563,2,2,mcploadsr (sres <*> <num> <num> <num> <num> [none] <num> <num>),2,1,frequency_representative
9650829,MCPLoadSR(SRES qaspr 1133984416 0.00 0.00 0 [NONE] 0 0),E1169,MCPLoadSR(<*>),1,mcploadsr(sres qaspr <num> <num> <num> <num> [none] <num> <num> ),1,Thunderbird_C0001563,2,2,mcploadsr (sres <*> <num> <num> <num> <num> [none] <num> <num>),2,2,complex_sample
9650830,"MCPLoadSched(CP,Line,S)",E1069,"MCPLoadSched(<*>,<*>,<*>)",1,"mcploadsched(cp,line,s)",1,Thunderbird_C0001564,1,1,"mcploadsched (cp, line, s)",1,1,frequency_representative
9651345,root : TTY=pts/9 ; PWD=/home ; USER=root ; COMMAND=/bin/su #418#,E768,<*> : TTY=<*> ; PWD=<*> ; USER=<*> ; COMMAND=<*>,1,root : tty=pts/ <num> ; pwd=/home ; user=root ; command=/bin/su # <num> #,1,Thunderbird_C0001565,1,1,root: tty = pts/<num>; pwd =/home; user = root; command =/bin/su # <num> #,1,1,frequency_representative
9657357,nfs_statfs: statfs error = 512,E824,nfs_statfs: statfs error = <*>,2,nfs_statfs: statfs error = <num>,1,Thunderbird_C0001566,1,2,nfs_statfs: statfs error = <num>,1,1,frequency_representative
9657919,LoginGraceTime exceeded.,E813,LoginGraceTime exceeded.,3,logingracetime exceeded.,1,Thunderbird_C0001567,1,3,logingracetime exceeded.,1,1,frequency_representative
9664105,#47# : TTY=pts/7 ; PWD=/usr/local ; USER=root ; COMMAND=/bin/su - #307#,E768,<*> : TTY=<*> ; PWD=<*> ; USER=<*> ; COMMAND=<*>,1,# <num> # : tty=pts/ <num> ; pwd=/usr/local ; user=root ; command=/bin/su - # <num> #,1,Thunderbird_C0001568,1,1,# <num> #: tty = pts/<num>; pwd =/usr/local; user = root; command =/bin/su-# <num> #,1,1,frequency_representative
11050341,"nfs: server saon101v2 not responding, still trying",E464,"nfs: server <*> not responding, still trying",16,"nfs: server <id> not responding, still trying",2,Thunderbird_C0001569,2,16,"nfs: server <id> not responding, still trying",1,1,frequency_representative
11050849,nfs: server saon101v2 OK,E1148,nfs: server <*> OK,15,nfs: server <id> ok,2,Thunderbird_C0001570,2,15,nfs: server <id> ok,1,1,frequency_representative
9683075,root : TTY=pts/0 ; PWD=/root ; USER=root ; COMMAND=/etc/rc.d/init.d/ntpd restart,E768,<*> : TTY=<*> ; PWD=<*> ; USER=<*> ; COMMAND=<*>,1,root : tty=pts/ <num> ; pwd=/root ; user=root ; command=/etc/rc.d/init.d/ntpd restart,1,Thunderbird_C0001571,1,1,root: tty = pts/<num>; pwd =/root; user = root; command =/etc/rc. d/init. d/ntpd restart,1,1,frequency_representative
9764391,EXT3-fs error (device sda5): ext3_find_entry: reading directory #535416 offset 0,E281,EXT3-fs error (device <*>): <*>: reading directory <*> offset <*>,1,ext3-fs error (device sda5): <id> : reading directory # <num> offset <num>,1,Thunderbird_C0001572,1,1,ext 3-fs error (device sda 5): <id>: reading directory # <num> offset <num>,1,1,frequency_representative
9809886,Service rsync failed to start and is deactivated.,E408,Service <*> failed to start and is deactivated.,2,service rsync failed to start and is deactivated.,1,Thunderbird_C0001573,1,2,service rsync failed to start and is deactivated.,1,1,frequency_representative
9809887,bind failed (Address already in use (errno = 98)). service = rsync,E228,bind failed (Address already in use (errno = <*>)). service = <*>,2,bind failed (address already in use (errno = <num> )). service = rsync,1,Thunderbird_C0001574,1,2,bind failed (address already in use (errno = <num>)). service = rsync,1,1,frequency_representative
9845735,#47# : TTY=pts/22 ; PWD=/home/#47# ; USER=root ; COMMAND=/bin/su - tkmatts,E768,<*> : TTY=<*> ; PWD=<*> ; USER=<*> ; COMMAND=<*>,1,# <num> # : tty=pts/ <num> ; pwd=/home/# <num> # ; user=root ; command=/bin/su - tkmatts,1,Thunderbird_C0001575,1,1,# <num> #: tty = pts/<num>; pwd =/home/# <num> #; user = root; command =/bin/su-tkmatts,1,1,frequency_representative
9845747,#47# : TTY=pts/22 ; PWD=/home/#47# ; USER=root ; COMMAND=/bin/su - tkmatt,E768,<*> : TTY=<*> ; PWD=<*> ; USER=<*> ; COMMAND=<*>,1,# <num> # : tty=pts/ <num> ; pwd=/home/# <num> # ; user=root ; command=/bin/su - tkmatt,1,Thunderbird_C0001576,1,1,# <num> #: tty = pts/<num>; pwd =/home/# <num> #; user = root; command =/bin/su-tkmatt,1,1,frequency_representative
9845757,#47# : TTY=pts/22 ; PWD=/home/#47# ; USER=root ; COMMAND=/bin/su - tkmattso,E768,<*> : TTY=<*> ; PWD=<*> ; USER=<*> ; COMMAND=<*>,1,# <num> # : tty=pts/ <num> ; pwd=/home/# <num> # ; user=root ; command=/bin/su - tkmattso,1,Thunderbird_C0001577,1,1,# <num> #: tty = pts/<num>; pwd =/home/# <num> #; user = root; command =/bin/su-tkmattso,1,1,frequency_representative
9863307,modprobe: Can't locate module binfmt-464c,E726,modprobe: Can't locate module <*>,2,modprobe: can't locate module <id>,1,Thunderbird_C0001578,1,2,modprobe: can ' t locate module <id>,1,1,frequency_representative
9867543,"eadmin1: 2005/12/08 10:37:26, Fault Status assert (Drive Array,Slot/Connector Number: 1)",E177,"<*>: <*>, Fault Status assert (Drive Array,Slot/Connector Number: <*>)",12,"eadmin1: <date> <ip> , fault status assert (drive array,slot/connector number: <num> )",1,Thunderbird_C0001579,1,12,"eadmin 1: <date> <ip>, fault status assert (drive array, slot/connector number: <num>)",1,1,frequency_representative
9867544,"eadmin1: 2005/12/08 10:37:48, Fault Status assert (deassertion event) (Drive Array,Slot/Connector Number: 1)",E81,"<*>: <*>, Fault Status assert (deassertion event) (Drive Array,Slot/Connector Number: <*>)",1,"eadmin1: <date> <ip> , fault status assert (deassertion event) (drive array,slot/connector number: <num> )",1,Thunderbird_C0001580,1,1,"eadmin 1: <date> <ip>, fault status assert (deassertion event) (drive array, slot/connector number: <num>)",1,1,frequency_representative
9875086,"(root) CMD (/apps/contrib/check-disks aadmin[1-4],badmin[1-4],cadmin[1-4],dadmin[1-4],eadmin[1-2])",E1223,(<*>) CMD (<*>),2599,"(root) cmd ( <path> aadmin[ <num> - <num> ],badmin[ <num> - <num> ],cadmin[ <num> - <num> ],dadmin[ <num> - <num> ],eadmin[ <num> - <num> ])",1,Thunderbird_C0001581,1,2599,"(root) cmd (<path> aadmin [<num>-<num>], badmin [<num>-<num>], cadmin [<num>-<num>], dadmin [<num>-<num>], eadmin [<num>-<num>])",1,1,frequency_representative
9932159,warning: master_wakeup_timer_event: service public/pickup: Too many open files in system,E99,warning: master_wakeup_timer_event: service <*>: Too many open files in system,92,warning: master_wakeup_timer_event: service public/pickup: too many open files in system,1,Thunderbird_C0001582,2,111,warning: master_wakeup_timer_event: service public/<*>: too many open files in system,2,1,frequency_representative
9934246,warning: master_wakeup_timer_event: service public/qmgr: Too many open files in system,E99,warning: master_wakeup_timer_event: service <*>: Too many open files in system,19,warning: master_wakeup_timer_event: service public/qmgr: too many open files in system,1,Thunderbird_C0001582,2,111,warning: master_wakeup_timer_event: service public/<*>: too many open files in system,2,2,complex_sample
9935595,fatal: scan_dir_push: open directory deferred: Too many open files in system,E97,fatal: scan_dir_push: open directory deferred: Too many open files in system,2,fatal: scan_dir_push: open directory deferred: too many open files in system,1,Thunderbird_C0001583,2,3,fatal: scan_dir_push: open directory <*>: too many open files in system,2,1,frequency_representative
10077308,fatal: scan_dir_push: open directory maildrop: Too many open files in system,E98,fatal: scan_dir_push: open directory maildrop: Too many open files in system,1,fatal: scan_dir_push: open directory maildrop: too many open files in system,1,Thunderbird_C0001583,2,3,fatal: scan_dir_push: open directory <*>: too many open files in system,2,2,complex_sample
9935601,warning: process /usr/libexec/postfix/qmgr pid 2038 exit status 1,E663,warning: process <*> pid <*> exit status <*>,3,warning: process <path> pid <num> exit status <num>,3,Thunderbird_C0001584,3,3,warning: process <path> pid <num> exit status <num>,1,1,frequency_representative
10077312,warning: /usr/libexec/postfix/pickup: bad command startup -- throttling,E391,warning: <*>: bad command startup -- throttling,1,warning: <path> bad command startup -- throttling,1,Thunderbird_C0001585,1,1,warning: <path> bad command startup-- throttling,1,1,frequency_representative
10089730,#47# : TTY=pts/22 ; PWD=/scratch3/#47#/lammps ; USER=root ; COMMAND=/bin/cp /home/#328#/share/lammps2001.tgz .,E768,<*> : TTY=<*> ; PWD=<*> ; USER=<*> ; COMMAND=<*>,1,# <num> # : tty=pts/ <num> ; pwd=/ <id> /# <num> #/lammps ; user=root ; command=/bin/cp /home/# <num> # <path> .,1,Thunderbird_C0001586,1,1,# <num> #: tty = pts/<num>; pwd =/<id>/# <num> #/lammps; user = root; command =/bin/cp/home/# <num> # <path>.,1,1,frequency_representative
10089743,#47# : TTY=pts/22 ; PWD=/scratch3/#47#/lammps ; USER=root ; COMMAND=/bin/su - #328#,E768,<*> : TTY=<*> ; PWD=<*> ; USER=<*> ; COMMAND=<*>,1,# <num> # : tty=pts/ <num> ; pwd=/ <id> /# <num> #/lammps ; user=root ; command=/bin/su - # <num> #,1,Thunderbird_C0001587,1,1,# <num> #: tty = pts/<num>; pwd =/<id>/# <num> #/lammps; user = root; command =/bin/su-# <num> #,1,1,frequency_representative
10089918,EXT3-fs error (device sda3): ext3_remount: Abort forced by user,E300,<*> error (device <*>): ext3_remount: Abort forced by user,1,ext3-fs error (device sda3): <id> : abort forced by user,1,Thunderbird_C0001588,3,3,ext 3-fs error (device sda <*>): <id>: abort forced by user,2,1,frequency_representative
10089920,EXT3-fs error (device sda5): ext3_remount: Abort forced by user,E300,<*> error (device <*>): ext3_remount: Abort forced by user,1,ext3-fs error (device sda5): <id> : abort forced by user,1,Thunderbird_C0001588,3,3,ext 3-fs error (device sda <*>): <id>: abort forced by user,2,2,complex_sample
10090037,#47# : TTY=pts/22 ; PWD=/scratch3/#47#/lammps ; USER=root ; COMMAND=/usr/bin/rsync -av /home/#328#/src/lammps2001 .,E768,<*> : TTY=<*> ; PWD=<*> ; USER=<*> ; COMMAND=<*>,1,# <num> # : tty=pts/ <num> ; pwd=/ <id> /# <num> #/lammps ; user=root ; command=/usr/bin/rsync -av /home/# <num> # <path> .,1,Thunderbird_C0001589,1,1,# <num> #: tty = pts/<num>; pwd =/<id>/# <num> #/lammps; user = root; command =/usr/bin/rsync-av/home/# <num> # <path>.,1,1,frequency_representative
10090384,#47# : TTY=pts/22 ; PWD=/scratch3/#47#/lammps ; USER=root ; COMMAND=/bin/chown -R #47#.#47# lammps2001/,E768,<*> : TTY=<*> ; PWD=<*> ; USER=<*> ; COMMAND=<*>,1,# <num> # : tty=pts/ <num> ; pwd=/ <id> /# <num> #/lammps ; user=root ; command=/bin/chown -r # <num> #.# <num> # <id> /,1,Thunderbird_C0001590,1,1,# <num> #: tty = pts/<num>; pwd =/<id>/# <num> #/lammps; user = root; command =/bin/chown-r # <num> #. # <num> # <id> /,1,1,frequency_representative
10091222,[CONF]: [super]: copy running-config config:startup-config,E1124,[CONF]: [<*>]: copy <*> <*>,3256,[conf]: [super]: copy running-config config:startup-config,1,Thunderbird_C0001591,1,3256,[conf]: [super]: copy running-config config: startup-config,1,1,frequency_representative
10091237,[CONF]: [super]: config no ib sm subnet-prefix fe:80:00:00:00:00:00:00,E350,[CONF]: [super]: config no ib sm subnet-prefix <*>,84,[conf]: [super]: config no ib sm subnet-prefix <ip>,1,Thunderbird_C0001592,1,84,[conf]: [super]: config no ib sm subnet-prefix <ip>,1,1,frequency_representative
10091238,"[INFO]: connected to watchd service, sent first pulse.",E234,"[INFO]: connected to watchd service, sent first pulse.",168,"[info]: connected to watchd service, sent first pulse.",1,Thunderbird_C0001593,1,168,"[info]: connected to watchd service, sent first pulse.",1,1,frequency_representative
10091239,[INFO]: remove appId 26 from watchd list.,E531,[INFO]: remove appId <*> from watchd list.,84,[info]: remove appid <num> from watchd list.,1,Thunderbird_C0001594,1,84,[info]: remove appid <num> from watchd list.,1,1,frequency_representative
10304377,[INFO]: ib_sm.x destroyed pid=13044,E681,[INFO]: ib_sm.x destroyed pid=<*>,84,[info]: ib_sm.x destroyed pid= <num>,65,Thunderbird_C0001595,65,84,[info]: ib_sm. x destroyed pid = <num>,1,1,frequency_representative
10091255,[CONF]: [super]: config interface ib 1/1 no shutdown,E311,[CONF]: [super]: config interface ib <*> no shutdown,1132,[conf]: [super]: config interface ib <num> / <num> no shutdown,24,Thunderbird_C0001596,24,1132,[conf]: [super]: config interface ib <num>/<num> no shutdown,1,1,frequency_representative
10091298,[INFO]: Change AdminStatus on (1/1) - new value= 2,E442,[INFO]: Change AdminStatus on <*> - new value= <*>,1490,[info]: change adminstatus on ( <num> / <num> ) - new value= <num>,48,Thunderbird_C0001597,48,1490,[info]: change adminstatus on (<num>/<num>)-new value = <num>,1,1,frequency_representative
10091306,[CONF]: [super]: config ib sm subnet-prefix fe:80:00:00:00:00:00:00,E334,[CONF]: [super]: config ib sm subnet-prefix fe:<*>,84,[conf]: [super]: config ib sm subnet-prefix <ip>,1,Thunderbird_C0001598,1,84,[conf]: [super]: config ib sm subnet-prefix <ip>,1,1,frequency_representative
12168883,"[INFO]: IB SM Sweep PID= 4962, 4963",E898,"[INFO]: IB SM Sweep PID= <*>, <*>",95,"[info]: ib sm sweep pid= <num> , <num>",90,Thunderbird_C0001599,90,95,"[info]: ib sm sweep pid = <num>, <num>",1,1,frequency_representative
10210618,[INFO]: IB SM Heartbeat PID= 574,E795,[INFO]: IB SM Heartbeat PID= <*>,87,[info]: ib sm heartbeat pid= <num>,81,Thunderbird_C0001600,81,87,[info]: ib sm heartbeat pid = <num>,1,1,frequency_representative
10091315,[INFO]: ib_sm connect to watchdog manager,E434,[INFO]: ib_sm connect to watchdog manager,87,[info]: ib_sm connect to watchdog manager,1,Thunderbird_C0001601,1,87,[info]: ib_sm connect to watchdog manager,1,1,frequency_representative
10091316,[INFO]: IB MGR connected to ib_sm,E828,[INFO]: IB MGR connected to <*>,87,[info]: ib mgr connected to ib_sm,1,Thunderbird_C0001602,1,87,[info]: ib mgr connected to ib_sm,1,1,frequency_representative
10091326,[INFO]: IB MGR finished configuring SM (0xfe80000000000000),E469,[INFO]: IB MGR finished configuring SM (<*>),87,[info]: ib mgr finished configuring sm ( <hex> ),1,Thunderbird_C0001603,1,87,[info]: ib mgr finished configuring sm (<hex>),1,1,frequency_representative
10091327,[INFO]: IB MGR sent save config command to SM (0xfe80000000000000),E367,[INFO]: IB MGR sent save config command to SM (<*>),87,[info]: ib mgr sent save config command to sm ( <hex> ),1,Thunderbird_C0001604,1,87,[info]: ib mgr sent save config command to sm (<hex>),1,1,frequency_representative
10210658,"[INFO]: process started: app=ib-sm, pid=580, fd=22",E485,"[INFO]: process started: app=<*>, pid=<*>, fd=<*>",87,"[info]: process started: app=ib-sm, pid= <num> , fd= <num>",82,Thunderbird_C0001605,82,87,"[info]: process started: app = ib-sm, pid = <num>, fd = <num>",1,1,frequency_representative
10091344,[INFO]: Master SM Proceeds with configuration of entire subnet,E166,[INFO]: Master SM Proceeds with configuration of entire subnet,87,[info]: master sm proceeds with configuration of entire subnet,1,Thunderbird_C0001606,1,87,[info]: master sm proceeds with configuration of entire subnet,1,1,frequency_representative
10091345,[INFO]: SM Role selection result: MASTER,E617,[INFO]: SM Role selection result: <*>,87,[info]: sm role selection result: master,1,Thunderbird_C0001607,1,87,[info]: sm role selection result: master,1,1,frequency_representative
10091346,"[INFO]: Transitioning to Master, DB was not synchronized with previous Master Guid 0x0",E79,"[INFO]: Transitioning to Master, DB was not synchronized with previous Master Guid <*>",87,"[info]: transitioning to master, db was not synchronized with previous master guid <hex>",1,Thunderbird_C0001608,1,87,"[info]: transitioning to master, db was not synchronized with previous master guid <hex>",1,1,frequency_representative
10091717,Instrumentation Service EventID: 1053 BMC Ambient Temp Main System Chassis 10.0,E123,Instrumentation Service EventID: <*> BMC Ambient Temp Main System Chassis <*>,202,instrumentation service eventid: <num> bmc ambient temp main system chassis <num>,2,Thunderbird_C0001609,2,202,instrumentation service eventid: <num> bmc ambient temp main system chassis <num>,1,1,frequency_representative
10092328,#47# : TTY=pts/22 ; PWD=/scratch3/#47#/lammps/lammps2001/dougrun ; USER=root ; COMMAND=/usr/bin/rsync -av /scratch3/#328#/lammps2001/ .,E768,<*> : TTY=<*> ; PWD=<*> ; USER=<*> ; COMMAND=<*>,1,# <num> # : tty=pts/ <num> ; pwd=/ <id> /# <num> # <path> ; user=root ; command=/usr/bin/rsync -av / <id> /# <num> #/ <id> / .,1,Thunderbird_C0001610,1,1,# <num> #: tty = pts/<num>; pwd =/<id>/# <num> # <path>; user = root; command =/usr/bin/rsync-av/<id>/# <num> #/<id> /.,1,1,frequency_representative
10093153,#47# : TTY=pts/22 ; PWD=/scratch3/#47#/lammps/lammps2001/dougrun ; USER=root ; COMMAND=/bin/chown -R #47#.#47#,E768,<*> : TTY=<*> ; PWD=<*> ; USER=<*> ; COMMAND=<*>,1,# <num> # : tty=pts/ <num> ; pwd=/ <id> /# <num> # <path> ; user=root ; command=/bin/chown -r # <num> #.# <num> #,1,Thunderbird_C0001611,1,1,# <num> #: tty = pts/<num>; pwd =/<id>/# <num> # <path>; user = root; command =/bin/chown-r # <num> #. # <num> #,1,1,frequency_representative
10093158,#47# : TTY=pts/22 ; PWD=/scratch3/#47#/lammps/lammps2001/dougrun ; USER=root ; COMMAND=/bin/chown -R #47#.#47# benchmarks bin,E768,<*> : TTY=<*> ; PWD=<*> ; USER=<*> ; COMMAND=<*>,1,# <num> # : tty=pts/ <num> ; pwd=/ <id> /# <num> # <path> ; user=root ; command=/bin/chown -r # <num> #.# <num> # benchmarks bin,1,Thunderbird_C0001612,1,1,# <num> #: tty = pts/<num>; pwd =/<id>/# <num> # <path>; user = root; command =/bin/chown-r # <num> #. # <num> # benchmarks bin,1,1,frequency_representative
10326072,"[INFO]: port down - port=1/21, type=ib4xTX",E698,"[INFO]: port down - port=<*>, type=<*>",2324,"[info]: port down - port= <num> / <num> , type=ib4xtx",24,Thunderbird_C0001613,24,2324,"[info]: port down-port = <num>/<num>, type = ib 4 xtx",1,1,frequency_representative
10097569,#47# : TTY=pts/0 ; PWD=/scratch3/#47#/lammps/lammps2001/dougrun/benchmarks/stouch ; USER=root ; COMMAND=/bin/su -,E768,<*> : TTY=<*> ; PWD=<*> ; USER=<*> ; COMMAND=<*>,1,# <num> # : tty=pts/ <num> ; pwd=/ <id> /# <num> # <path> ; user=root ; command=/bin/su -,1,Thunderbird_C0001614,1,1,# <num> #: tty = pts/<num>; pwd =/<id>/# <num> # <path>; user = root; command =/bin/su -,1,1,frequency_representative
10098401,[CONF]: [super]: config ntp server-one 10.100.248.7,E500,[CONF]: [super]: config ntp server-one <*>,255,[conf]: [super]: config ntp server-one <ip>,4,Thunderbird_C0001615,4,255,[conf]: [super]: config ntp server-one <ip>,1,1,frequency_representative
10098402,[CONF]: [super]: syslog-server 10.100.248.7,E650,[CONF]: [super]: syslog-server <*>,394,[conf]: [super]: syslog-server <ip>,5,Thunderbird_C0001616,5,394,[conf]: [super]: syslog-server <ip>,1,1,frequency_representative
10103380,"[INFO]: bSaveConfig=1, bSave=1",E732,"[INFO]: bSaveConfig=<*>, bSave=<*>",348,"[info]: bsaveconfig= <num> , bsave= <num>",2,Thunderbird_C0001617,2,348,"[info]: bsaveconfig = <num>, bsave = <num>",1,1,frequency_representative
10111745,Failed password for invalid user #426# from ::ffff:10.100.8.251 port 56053 ssh2,E356,Failed password for invalid user <*> from <*> port <*> ssh2,3,failed password for invalid user # <num> # from ::ffff: <ip> port <num> ssh2,2,Thunderbird_C0001618,2,3,failed password for invalid user # <num> # from:: ffff: <ip> port <num> ssh 2,1,1,frequency_representative
10119194,"User lnihlen, coming from #444#, authenticated.",E603,"User <*>, coming from <*>, authenticated.",108,"user lnihlen, coming from # <num> #, authenticated.",1,Thunderbird_C0001619,1,108,"user lnihlen, coming from # <num> #, authenticated.",1,1,frequency_representative
10133257,"THH(1): handle_eqe_ib_events: QP event on qpn= 0x70F38 event type is VAPI_LOCAL_WQ_ACCESS_VIOL_ERROR (10), syndrome=0x3c",E114,"THH(<*>): handle_eqe_ib_events: QP event on qpn= <*> event type is <*> (<*>), syndrome=<*>",627,"thh( <num> ): handle_eqe_ib_events: qp event on qpn= <hex> event type is vapi_local_wq_access_viol_error ( <num> ), syndrome= <hex>",592,Thunderbird_C0001620,592,627,"thh (<num>): handle_eqe_ib_events: qp event on qpn = <hex> event type is vapi_local_wq_access_viol_error (<num>), syndrome = <hex>",1,1,frequency_representative
10210603,[INFO]: received a start-up done notification,E349,[INFO]: received a start-up done notification,10,[info]: received a start-up done notification,1,Thunderbird_C0001621,1,10,[info]: received a start-up done notification,1,1,frequency_representative
10210624,[INFO]: Web Agent v2.0,E1081,[INFO]: Web Agent <*>,5,[info]: web agent v2. <num>,1,Thunderbird_C0001622,1,5,[info]: web agent v 2. <num>,1,1,frequency_representative
10210674,[INFO]: web-ui components started up successfully,E394,[INFO]: <*> components started up successfully,5,[info]: web-ui components started up successfully,1,Thunderbird_C0001623,1,5,[info]: web-ui components started up successfully,1,1,frequency_representative
10243531,root : TTY=pts/0 ; PWD=/root ; USER=root ; COMMAND=/etc/rc.d/init.d/pbs_mom status,E768,<*> : TTY=<*> ; PWD=<*> ; USER=<*> ; COMMAND=<*>,1,root : tty=pts/ <num> ; pwd=/root ; user=root ; command= <path> status,1,Thunderbird_C0001624,1,1,root: tty = pts/<num>; pwd =/root; user = root; command = <path> status,1,1,frequency_representative
10243535,root : TTY=pts/0 ; PWD=/root ; USER=root ; COMMAND=/etc/rc.d/init.d/pbs_mom start,E768,<*> : TTY=<*> ; PWD=<*> ; USER=<*> ; COMMAND=<*>,1,root : tty=pts/ <num> ; pwd=/root ; user=root ; command= <path> start,1,Thunderbird_C0001625,1,1,root: tty = pts/<num>; pwd =/root; user = root; command = <path> start,1,1,frequency_representative
10250742,pbs_mom: Unable to open logfile,E670,pbs_mom: Unable to open logfile,5,pbs_mom: unable to open logfile,1,Thunderbird_C0001626,1,5,pbs_mom: unable to open logfile,1,1,frequency_representative
10271067,#57# : TTY=pts/3 ; PWD=/home/#57# ; USER=root ; COMMAND=/apps/breakfix-testing/step2a.sh an319,E768,<*> : TTY=<*> ; PWD=<*> ; USER=<*> ; COMMAND=<*>,1,# <num> # : tty=pts/ <num> ; pwd=/home/# <num> # ; user=root ; command= <path> an319,1,Thunderbird_C0001627,1,1,# <num> #: tty = pts/<num>; pwd =/home/# <num> #; user = root; command = <path> an 319,1,1,frequency_representative
10271072,root : TTY=pts/3 ; PWD=/home/#57# ; USER=root ; COMMAND=/bin/su - #26# -c /mnt_projects/sysapps/#125#-test/nodehwtest/RUN_NODE_TEST_STEP2.sh an319,E768,<*> : TTY=<*> ; PWD=<*> ; USER=<*> ; COMMAND=<*>,1,root : tty=pts/ <num> ; pwd=/home/# <num> # ; user=root ; command=/bin/su - # <num> # -c /mnt_projects/sysapps/# <num> #-test/nodehwtest/ <id> an319,1,Thunderbird_C0001628,1,1,root: tty = pts/<num>; pwd =/home/# <num> #; user = root; command =/bin/su-# <num> #-c/mnt_projects/sysapps/# <num> #-test/nodehwtest/<id> an 319,1,1,frequency_representative
10271098,root : TTY=pts/3 ; PWD=/home/#57# ; USER=root ; COMMAND=/bin/su - #26# -c /mnt_projects/sysapps/#125#-test/nodehwtest/RUN_NODE_TEST_STEP2.sh an765,E768,<*> : TTY=<*> ; PWD=<*> ; USER=<*> ; COMMAND=<*>,1,root : tty=pts/ <num> ; pwd=/home/# <num> # ; user=root ; command=/bin/su - # <num> # -c /mnt_projects/sysapps/# <num> #-test/nodehwtest/ <id> an765,1,Thunderbird_C0001629,1,1,root: tty = pts/<num>; pwd =/home/# <num> #; user = root; command =/bin/su-# <num> #-c/mnt_projects/sysapps/# <num> #-test/nodehwtest/<id> an 765,1,1,frequency_representative
10271099,#57# : TTY=pts/3 ; PWD=/home/#57# ; USER=root ; COMMAND=/apps/breakfix-testing/step2a.sh an765,E768,<*> : TTY=<*> ; PWD=<*> ; USER=<*> ; COMMAND=<*>,1,# <num> # : tty=pts/ <num> ; pwd=/home/# <num> # ; user=root ; command= <path> an765,1,Thunderbird_C0001630,1,1,# <num> #: tty = pts/<num>; pwd =/home/# <num> #; user = root; command = <path> an 765,1,1,frequency_representative
10271137,root : TTY=pts/3 ; PWD=/home/#57# ; USER=root ; COMMAND=/bin/su - #26# -c /mnt_projects/sysapps/#125#-test/nodehwtest/RUN_NODE_TEST_STEP2.sh dn147,E768,<*> : TTY=<*> ; PWD=<*> ; USER=<*> ; COMMAND=<*>,1,root : tty=pts/ <num> ; pwd=/home/# <num> # ; user=root ; command=/bin/su - # <num> # -c /mnt_projects/sysapps/# <num> #-test/nodehwtest/ <id> dn147,1,Thunderbird_C0001631,1,1,root: tty = pts/<num>; pwd =/home/# <num> #; user = root; command =/bin/su-# <num> #-c/mnt_projects/sysapps/# <num> #-test/nodehwtest/<id> dn 147,1,1,frequency_representative
10271138,#57# : TTY=pts/3 ; PWD=/home/#57# ; USER=root ; COMMAND=/apps/breakfix-testing/step2a.sh dn147,E768,<*> : TTY=<*> ; PWD=<*> ; USER=<*> ; COMMAND=<*>,1,# <num> # : tty=pts/ <num> ; pwd=/home/# <num> # ; user=root ; command= <path> dn147,1,Thunderbird_C0001632,1,1,# <num> #: tty = pts/<num>; pwd =/home/# <num> #; user = root; command = <path> dn 147,1,1,frequency_representative
10271170,root : TTY=pts/3 ; PWD=/home/#57# ; USER=root ; COMMAND=/bin/su - #26# -c /mnt_projects/sysapps/#125#-test/nodehwtest/RUN_NODE_TEST_STEP2.sh an813,E768,<*> : TTY=<*> ; PWD=<*> ; USER=<*> ; COMMAND=<*>,1,root : tty=pts/ <num> ; pwd=/home/# <num> # ; user=root ; command=/bin/su - # <num> # -c /mnt_projects/sysapps/# <num> #-test/nodehwtest/ <id> an813,1,Thunderbird_C0001633,1,1,root: tty = pts/<num>; pwd =/home/# <num> #; user = root; command =/bin/su-# <num> #-c/mnt_projects/sysapps/# <num> #-test/nodehwtest/<id> an 813,1,1,frequency_representative
10271171,#57# : TTY=pts/3 ; PWD=/home/#57# ; USER=root ; COMMAND=/apps/breakfix-testing/step2a.sh an813,E768,<*> : TTY=<*> ; PWD=<*> ; USER=<*> ; COMMAND=<*>,1,# <num> # : tty=pts/ <num> ; pwd=/home/# <num> # ; user=root ; command= <path> an813,1,Thunderbird_C0001634,1,1,# <num> #: tty = pts/<num>; pwd =/home/# <num> #; user = root; command = <path> an 813,1,1,frequency_representative
10271222,root : TTY=pts/3 ; PWD=/home/#57# ; USER=root ; COMMAND=/bin/su - #26# -c /mnt_projects/sysapps/#125#-test/nodehwtest/RUN_NODE_TEST_STEP2.sh dn153,E768,<*> : TTY=<*> ; PWD=<*> ; USER=<*> ; COMMAND=<*>,1,root : tty=pts/ <num> ; pwd=/home/# <num> # ; user=root ; command=/bin/su - # <num> # -c /mnt_projects/sysapps/# <num> #-test/nodehwtest/ <id> dn153,1,Thunderbird_C0001635,1,1,root: tty = pts/<num>; pwd =/home/# <num> #; user = root; command =/bin/su-# <num> #-c/mnt_projects/sysapps/# <num> #-test/nodehwtest/<id> dn 153,1,1,frequency_representative
10271223,#57# : TTY=pts/3 ; PWD=/home/#57# ; USER=root ; COMMAND=/apps/breakfix-testing/step2a.sh dn153,E768,<*> : TTY=<*> ; PWD=<*> ; USER=<*> ; COMMAND=<*>,1,# <num> # : tty=pts/ <num> ; pwd=/home/# <num> # ; user=root ; command= <path> dn153,1,Thunderbird_C0001636,1,1,# <num> #: tty = pts/<num>; pwd =/home/# <num> #; user = root; command = <path> dn 153,1,1,frequency_representative
10271372,root : TTY=pts/3 ; PWD=/home/#57# ; USER=root ; COMMAND=/bin/su - #26# -c /mnt_projects/sysapps/#125#-test/nodehwtest/RUN_NODE_TEST_STEP2.sh an52,E768,<*> : TTY=<*> ; PWD=<*> ; USER=<*> ; COMMAND=<*>,1,root : tty=pts/ <num> ; pwd=/home/# <num> # ; user=root ; command=/bin/su - # <num> # -c /mnt_projects/sysapps/# <num> #-test/nodehwtest/ <id> an52,1,Thunderbird_C0001637,1,1,root: tty = pts/<num>; pwd =/home/# <num> #; user = root; command =/bin/su-# <num> #-c/mnt_projects/sysapps/# <num> #-test/nodehwtest/<id> an 52,1,1,frequency_representative
10271373,#57# : TTY=pts/3 ; PWD=/home/#57# ; USER=root ; COMMAND=/apps/breakfix-testing/step2a.sh an52,E768,<*> : TTY=<*> ; PWD=<*> ; USER=<*> ; COMMAND=<*>,1,# <num> # : tty=pts/ <num> ; pwd=/home/# <num> # ; user=root ; command= <path> an52,1,Thunderbird_C0001638,1,1,# <num> #: tty = pts/<num>; pwd =/home/# <num> #; user = root; command = <path> an 52,1,1,frequency_representative
10271396,root : TTY=pts/3 ; PWD=/home/#57# ; USER=root ; COMMAND=/bin/su - #26# -c /mnt_projects/sysapps/#125#-test/nodehwtest/RUN_NODE_TEST_STEP2.sh bn97,E768,<*> : TTY=<*> ; PWD=<*> ; USER=<*> ; COMMAND=<*>,1,root : tty=pts/ <num> ; pwd=/home/# <num> # ; user=root ; command=/bin/su - # <num> # -c /mnt_projects/sysapps/# <num> #-test/nodehwtest/ <id> bn97,1,Thunderbird_C0001639,1,1,root: tty = pts/<num>; pwd =/home/# <num> #; user = root; command =/bin/su-# <num> #-c/mnt_projects/sysapps/# <num> #-test/nodehwtest/<id> bn 97,1,1,frequency_representative
10271397,#57# : TTY=pts/3 ; PWD=/home/#57# ; USER=root ; COMMAND=/apps/breakfix-testing/step2a.sh bn97,E768,<*> : TTY=<*> ; PWD=<*> ; USER=<*> ; COMMAND=<*>,1,# <num> # : tty=pts/ <num> ; pwd=/home/# <num> # ; user=root ; command= <path> bn97,1,Thunderbird_C0001640,1,1,# <num> #: tty = pts/<num>; pwd =/home/# <num> #; user = root; command = <path> bn 97,1,1,frequency_representative
10271421,root : TTY=pts/3 ; PWD=/home/#57# ; USER=root ; COMMAND=/bin/su - #26# -c /mnt_projects/sysapps/#125#-test/nodehwtest/RUN_NODE_TEST_STEP2.sh bn561,E768,<*> : TTY=<*> ; PWD=<*> ; USER=<*> ; COMMAND=<*>,1,root : tty=pts/ <num> ; pwd=/home/# <num> # ; user=root ; command=/bin/su - # <num> # -c /mnt_projects/sysapps/# <num> #-test/nodehwtest/ <id> bn561,1,Thunderbird_C0001641,1,1,root: tty = pts/<num>; pwd =/home/# <num> #; user = root; command =/bin/su-# <num> #-c/mnt_projects/sysapps/# <num> #-test/nodehwtest/<id> bn 561,1,1,frequency_representative
10271422,#57# : TTY=pts/3 ; PWD=/home/#57# ; USER=root ; COMMAND=/apps/breakfix-testing/step2a.sh bn561,E768,<*> : TTY=<*> ; PWD=<*> ; USER=<*> ; COMMAND=<*>,1,# <num> # : tty=pts/ <num> ; pwd=/home/# <num> # ; user=root ; command= <path> bn561,1,Thunderbird_C0001642,1,1,# <num> #: tty = pts/<num>; pwd =/home/# <num> #; user = root; command = <path> bn 561,1,1,frequency_representative
10285445,tty1: can't exec /bin/login: Input/output error,E658,<*>: can't exec <*>: Input/output error,1,tty1: can't exec /bin/login: input/output error,1,Thunderbird_C0001643,1,1,tty 1: can ' t exec/bin/login: input/output error,1,1,frequency_representative
10286725,[FATAL]: _ib_smSetSmCapability: ioctl(TS_IB_IOCSPORTINFO) code=-1,E321,[FATAL]: _ib_smSetSmCapability: ioctl(<*>) code=<*>,6,[fatal]: _ib_smsetsmcapability: ioctl(ts_ib_iocsportinfo) code= <num>,1,Thunderbird_C0001644,1,6,[fatal]: _ib_smsetsmcapability: ioctl (ts_ib_iocsportinfo) code = <num>,1,1,frequency_representative
10287261,mount: can't get address for nfs1,E785,mount: can't get address for <*>,771,mount: can't get address for nfs1,1,Thunderbird_C0001645,1,771,mount: can ' t get address for nfs 1,1,1,frequency_representative
10287397,The amd64 2006.0 profile is still in active development and requires,E243,The <*> <*> profile is still in active development and requires,1,the amd64 <num> profile is still in active development and requires,1,Thunderbird_C0001646,1,1,the amd 64 <num> profile is still in active development and requires,1,1,frequency_representative
10287398,some packages still in package.mask or ~amd64 and is not yet ready for user testing.,E82,some packages still in package.mask or ~amd64 and is not yet ready for user testing.,1,some packages still in package.mask or ~amd64 and is not yet ready for user testing.,1,Thunderbird_C0001647,1,1,some packages still in package. mask or ~ amd 64 and is not yet ready for user testing.,1,1,frequency_representative
10300113,"User wbgilma, coming from #449#, authenticated.",E603,"User <*>, coming from <*>, authenticated.",39,"user wbgilma, coming from # <num> #, authenticated.",1,Thunderbird_C0001648,1,39,"user wbgilma, coming from # <num> #, authenticated.",1,1,frequency_representative
11780835,[INFO]: event loop conn local to /tmp/watchd(new fd=39),E476,[INFO]: event loop conn local to <*>(new fd=<*>),18,[info]: event loop conn local to <path> (new fd= <num> ),4,Thunderbird_C0001649,4,18,[info]: event loop conn local to <path> (new fd = <num>),1,1,frequency_representative
10310010,[INFO]: accepted new conn to listening fd 11(new fd=22),E314,[INFO]: accepted new conn to listening fd <*>(new fd=<*>),18,[info]: accepted new conn to listening fd <num> (new fd= <num> ),3,Thunderbird_C0001650,3,18,[info]: accepted new conn to listening fd <num> (new fd = <num>),1,1,frequency_representative
10317319,#57# : TTY=pts/0 ; PWD=/home/#57# ; USER=root ; COMMAND=/usr/bin/omconfig chassis biossetup attribute=romba setting=scsi force=true,E768,<*> : TTY=<*> ; PWD=<*> ; USER=<*> ; COMMAND=<*>,1,# <num> # : tty=pts/ <num> ; pwd=/home/# <num> # ; user=root ; command=/usr/bin/omconfig chassis biossetup attribute=romba setting=scsi force=true,1,Thunderbird_C0001651,3,3,# <num> #: tty = pts/<num>; pwd =/home/# <num> #; user = root; command =/usr/bin/omconfig chassis biossetup attribute = <*> setting = scsi force = true,2,1,frequency_representative
10318312,#57# : TTY=pts/0 ; PWD=/home/#57# ; USER=root ; COMMAND=/usr/bin/omconfig chassis biossetup attribute=rombb setting=scsi force=true,E768,<*> : TTY=<*> ; PWD=<*> ; USER=<*> ; COMMAND=<*>,1,# <num> # : tty=pts/ <num> ; pwd=/home/# <num> # ; user=root ; command=/usr/bin/omconfig chassis biossetup attribute=rombb setting=scsi force=true,1,Thunderbird_C0001651,3,3,# <num> #: tty = pts/<num>; pwd =/home/# <num> #; user = root; command =/usr/bin/omconfig chassis biossetup attribute = <*> setting = scsi force = true,2,2,complex_sample
10326169,#57# : TTY=pts/0 ; PWD=/home/#57# ; USER=root ; COMMAND=/apps/contrib/#26#/DTK/toolkit/bin/syscfg --embscsiraid=scsi force=true,E768,<*> : TTY=<*> ; PWD=<*> ; USER=<*> ; COMMAND=<*>,1,# <num> # : tty=pts/ <num> ; pwd=/home/# <num> # ; user=root ; command=/apps/contrib/# <num> #/dtk/toolkit/bin/syscfg --embscsiraid=scsi force=true,1,Thunderbird_C0001652,1,1,# <num> #: tty = pts/<num>; pwd =/home/# <num> #; user = root; command =/apps/contrib/# <num> #/dtk/toolkit/bin/syscfg-- embscsiraid = scsi force = true,1,1,frequency_representative
10326222,#57# : TTY=pts/0 ; PWD=/home/#57# ; USER=root ; COMMAND=/apps/contrib/#26#/DTK/toolkit/bin/syscfg --embscsiraid=scsi --noraidprompt,E768,<*> : TTY=<*> ; PWD=<*> ; USER=<*> ; COMMAND=<*>,3,# <num> # : tty=pts/ <num> ; pwd=/home/# <num> # ; user=root ; command=/apps/contrib/# <num> #/dtk/toolkit/bin/syscfg --embscsiraid=scsi --noraidprompt,1,Thunderbird_C0001653,3,5,# <num> #: tty = pts/<num>; pwd =/home/# <num> #; user = root; command =/apps/contrib/# <num> #/dtk/toolkit/bin/syscfg-- <*> = scsi-- noraidprompt,2,1,frequency_representative
10331469,#57# : TTY=pts/0 ; PWD=/home/#57# ; USER=root ; COMMAND=/apps/contrib/#26#/DTK/toolkit/bin/syscfg --embscsiraida=scsi --noraidprompt,E768,<*> : TTY=<*> ; PWD=<*> ; USER=<*> ; COMMAND=<*>,1,# <num> # : tty=pts/ <num> ; pwd=/home/# <num> # ; user=root ; command=/apps/contrib/# <num> #/dtk/toolkit/bin/syscfg --embscsiraida=scsi --noraidprompt,1,Thunderbird_C0001653,3,5,# <num> #: tty = pts/<num>; pwd =/home/# <num> #; user = root; command =/apps/contrib/# <num> #/dtk/toolkit/bin/syscfg-- <*> = scsi-- noraidprompt,2,2,complex_sample
10335803,Vendor: MAXTOR Model: ATLAS10K5_73SCA Rev: JNZM,E1044,Vendor: <*> Model: <*> Rev: <*>,213,vendor: maxtor model: <id> rev: jnzm,1,Thunderbird_C0001654,1,213,vendor: maxtor model: <id> rev: jnzm,1,1,frequency_representative
10337088,root : TTY=pts/0 ; PWD=/root ; USER=root ; COMMAND=/usr/bin/ssh an37 reboot,E768,<*> : TTY=<*> ; PWD=<*> ; USER=<*> ; COMMAND=<*>,1,root : tty=pts/ <num> ; pwd=/root ; user=root ; command=/usr/bin/ssh an37 reboot,1,Thunderbird_C0001655,1,1,root: tty = pts/<num>; pwd =/root; user = root; command =/usr/bin/ssh an 37 reboot,1,1,frequency_representative
10338614,root : TTY=pts/0 ; PWD=/root ; USER=root ; COMMAND=/usr/bin/ssh an36,E768,<*> : TTY=<*> ; PWD=<*> ; USER=<*> ; COMMAND=<*>,1,root : tty=pts/ <num> ; pwd=/root ; user=root ; command=/usr/bin/ssh an36,1,Thunderbird_C0001656,1,1,root: tty = pts/<num>; pwd =/root; user = root; command =/usr/bin/ssh an 36,1,1,frequency_representative
10339434,root : TTY=pts/0 ; PWD=/root ; USER=root ; COMMAND=/usr/bin/ssh an38,E768,<*> : TTY=<*> ; PWD=<*> ; USER=<*> ; COMMAND=<*>,1,root : tty=pts/ <num> ; pwd=/root ; user=root ; command=/usr/bin/ssh an38,1,Thunderbird_C0001657,1,1,root: tty = pts/<num>; pwd =/root; user = root; command =/usr/bin/ssh an 38,1,1,frequency_representative
10534926,"sam raid obsd error on read: local_status 0x7e9 (RPC: No response within the timeout period), obsd_error 0x0 (Success) virtual object I-xD020038da11df0002-xGf5edfff4-xU0ddec68a6329fe39 index 4, stor_op 8, component device 0x06003b1a122f0001(OBSD)",E9,"sam raid obsd error on read: local_status <*> (RPC: No response within the timeout period), obsd_error <*> (Success) virtual object <*> index <*>, stor_op <*>, component device <*>(OBSD)",654,"sam raid obsd error on read: local_status <hex> (rpc: no response within the timeout period), obsd_error <hex> (success) virtual object <id> index <num> , stor_op <num> , component device <hex> (obsd)",41,Thunderbird_C0001658,41,654,"sam raid obsd error on read: local_status <hex> (rpc: no response within the timeout period), obsd_error <hex> (success) virtual object <id> index <num>, stor_op <num>, component device <hex> (obsd)",1,1,frequency_representative
10530301,"obsd_client: obsd_client: command timed out SETATTR options=0x0 obj_id=I-xD060039ec122f0001-xGf5edfff4-xUa89dca8d2ae8666f get_attributes=0x0 set_attributes=0xffffff0011afc8e0 realmname panfs1 dev_id=0x60039ec122f0001 flags=0x0 res_buffer=(0x0:0) callback(_{a063ae70}_, 0xffffff0011afc840, 0xffffff00115a40a0) allocated_by_sam=YES",E3,"obsd_client: obsd_client: command timed out SETATTR options=<*> obj_id=<*> get_attributes=<*> set_attributes=<*> realmname panfs1 dev_id=<*> flags=<*>=(<*>) <*>, <*>, <*> allocated_by_sam=<*>",10,"obsd_client: obsd_client: command timed out setattr options= <hex> obj_id= <id> get_attributes= <hex> set_attributes= <hex> realmname panfs1 dev_id= <hex> flags= <hex> res_buffer=( <hex> : <num> ) callback(_{ <id> }_, <hex> , <hex> ) allocated_by_sam=yes",10,Thunderbird_C0001659,10,10,"obsd_client: obsd_client: command timed out setattr options = <hex> obj_id = <id> get_attributes = <hex> set_attributes = <hex> realmname panfs 1 dev_id = <hex> flags = <hex> res_buffer = (<hex>: <num>) callback (_ {<id>} _, <hex>, <hex>) allocated_by_sam = yes",1,1,frequency_representative
10530302,pan_ips: error -- IPS command timeout command timed out expire_time=1134265075:439553000 now=1134265166:127675000 lifetime=165:688122000 grace_timeouts=0 cd=0xffffff00115a55c8 session=0x10091f313c0 (initiator:10.100.28.119:45411 <-> target-OSD:#450#:3260) id=(504:1:11129),E13,pan_ips: error -- IPS command timeout command timed out expire_time=<*> now=<*> lifetime=<*> grace_timeouts=<*> cd=<*> session=<*> (initiator:<*> <-> target-OSD:<*>) id=(<*>),56,pan_ips: error -- ips command timeout command timed out expire_time= <num> : <num> now= <num> : <num> lifetime= <num> : <num> grace_timeouts= <num> cd= <hex> session= <hex> (initiator: <ip> <-> target-osd:# <num> #: <num> ) id=( <num> : <num> : <num> ),56,Thunderbird_C0001660,56,56,pan_ips: error-- ips command timeout command timed out expire_time = <num>: <num> now = <num>: <num> lifetime = <num>: <num> grace_timeouts = <num> cd = <hex> session = <hex> (initiator: <ip> <-> target-osd: # <num> #: <num>) id = (<num>: <num>: <num>),1,1,frequency_representative
10530304,pan_ips: error -- cmd_destroy: destroying aborted (rc=0x1d78 (IPS: command timed out)) command 0xffffff00111ab890 (0:0:11130),E57,pan_ips: error -- cmd_destroy: destroying aborted (rc=<*> (IPS: command timed out)) command <*> (<*>),82,pan_ips: error -- cmd_destroy: destroying aborted (rc= <hex> (ips: command timed out)) command <hex> ( <num> : <num> : <num> ),82,Thunderbird_C0001661,82,82,pan_ips: error-- cmd_destroy: destroying aborted (rc = <hex> (ips: command timed out)) command <hex> (<num>: <num>: <num>),1,1,frequency_representative
10530507,pan_ips: error -- cmd_destroy: destroying timed out command cd=0xffffff00111a9b68,E160,pan_ips: error -- cmd_destroy: destroying timed out command cd=<*>,2332,pan_ips: error -- cmd_destroy: destroying timed out command cd= <hex>,156,Thunderbird_C0001662,156,2332,pan_ips: error-- cmd_destroy: destroying timed out command cd = <hex>,1,1,frequency_representative
10530508,pan_ips: error -- cmd_destroy: invoking callback on aborted (rc=0x1d78 (IPS: command timed out)) command 0xffffff00111a9b68,E47,pan_ips: error -- cmd_destroy: invoking callback on aborted (rc=<*> (IPS: command timed out)) command <*>,2332,pan_ips: error -- cmd_destroy: invoking callback on aborted (rc= <hex> (ips: command timed out)) command <hex>,156,Thunderbird_C0001663,156,2332,pan_ips: error-- cmd_destroy: invoking callback on aborted (rc = <hex> (ips: command timed out)) command <hex>,1,1,frequency_representative
10530360,pan_ips: error -- IPS command timeout command timed out expire_time=1134265191:716539000 now=1134265191:719261000 lifetime=75:002722000 grace_timeouts=0 cd=0xffffff00111a3080 session=0x1004c232840 (initiator:10.100.27.112:51193 <-> target-OSD:#451#:3260) id=(1896:1:33),E13,pan_ips: error -- IPS command timeout command timed out expire_time=<*> now=<*> lifetime=<*> grace_timeouts=<*> cd=<*> session=<*> (initiator:<*> <-> target-OSD:<*>) id=(<*>),1762,pan_ips: error -- ips command timeout command timed out expire_time= <num> : <num> now= <num> : <num> lifetime= <num> : <num> grace_timeouts= <num> cd= <hex> session= <hex> (initiator: <ip> <-> target-osd:# <num> #: <num> ) id=( <ip> ),1762,Thunderbird_C0001664,1762,1762,pan_ips: error-- ips command timeout command timed out expire_time = <num>: <num> now = <num>: <num> lifetime = <num>: <num> grace_timeouts = <num> cd = <hex> session = <hex> (initiator: <ip> <-> target-osd: # <num> #: <num>) id = (<ip>),1,1,frequency_representative
10535020,pan_ips: error -- cmd_destroy: destroying aborted (rc=0x1d78 (IPS: command timed out)) command 0xffffff0011a9d348 (0:0:4),E57,pan_ips: error -- cmd_destroy: destroying aborted (rc=<*> (IPS: command timed out)) command <*> (<*>),2250,pan_ips: error -- cmd_destroy: destroying aborted (rc= <hex> (ips: command timed out)) command <hex> ( <ip> ),1157,Thunderbird_C0001665,1157,2250,pan_ips: error-- cmd_destroy: destroying aborted (rc = <hex> (ips: command timed out)) command <hex> (<ip>),1,1,frequency_representative
10530455,"obsd_client: obsd_client: command timed out READ options=0x0 obj_id=I-xD060039ec122f0001-xGf5edfff4-xUf029f5d7e546a4a5 starting_byte=7487488 length=49152 get_attributes=0x0 realmname panfs1 dev_id=0x60039ec122f0001 flags=0x0 res_buffer=(0x0:0) callback(_{a0635ce0}_, 0xffffff0011afa420, 0xffffff001156f230) allocated_by_sam=YES",E6,"obsd_client: obsd_client: command timed out <*> options=<*> obj_id=<*> starting_byte=<*> length=<*> get_attributes=<*> realmname <*> dev_id=<*> flags=<*> res_buffer=(<*>) callback(<*>, <*>, <*>) allocated_by_sam=<*>",33,"obsd_client: obsd_client: command timed out read options= <hex> obj_id= <id> starting_byte= <num> length= <num> get_attributes= <hex> realmname panfs1 dev_id= <hex> flags= <hex> res_buffer=( <hex> : <num> ) callback(_{ <id> }_, <hex> , <hex> ) allocated_by_sam=yes",29,Thunderbird_C0001666,29,33,"obsd_client: obsd_client: command timed out read options = <hex> obj_id = <id> starting_byte = <num> length = <num> get_attributes = <hex> realmname panfs 1 dev_id = <hex> flags = <hex> res_buffer = (<hex>: <num>) callback (_ {<id>} _, <hex>, <hex>) allocated_by_sam = yes",1,1,frequency_representative
10536696,"obsd_client: obsd_client: command timed out WRITE options=0x0 obj_id=I-xD06003634122f0001-xGf5edfff4-xUc19057f55d13eb01 starting_byte=4096 length=346 get_attributes=0x0 set_attributes=0xffffff0011afd4c0 data_buffer=0xffffff0011afd490 realmname panfs1 dev_id=0x6003634122f0001 flags=0x0 res_buffer=(0x0:0) callback(_{a063d480}_, 0xffffff0011afd420, 0xffffff0011a9a508) allocated_by_sam=YES",E6,"obsd_client: obsd_client: command timed out <*> options=<*> obj_id=<*> starting_byte=<*> length=<*> get_attributes=<*> realmname <*> dev_id=<*> flags=<*> res_buffer=(<*>) callback(<*>, <*>, <*>) allocated_by_sam=<*>",218,"obsd_client: obsd_client: command timed out write options= <hex> obj_id= <id> starting_byte= <num> length= <num> get_attributes= <hex> set_attributes= <hex> data_buffer= <hex> realmname panfs1 dev_id= <hex> flags= <hex> res_buffer=( <hex> : <num> ) callback(_{ <id> }_, <hex> , <hex> ) allocated_by_sam=yes",201,Thunderbird_C0001667,201,218,"obsd_client: obsd_client: command timed out write options = <hex> obj_id = <id> starting_byte = <num> length = <num> get_attributes = <hex> set_attributes = <hex> data_buffer = <hex> realmname panfs 1 dev_id = <hex> flags = <hex> res_buffer = (<hex>: <num>) callback (_ {<id>} _, <hex>, <hex>) allocated_by_sam = yes",1,1,frequency_representative
10531531,"pan_ips: error -- cmd login netaddr connection create done, 0x23a1 (pan_sock: timeout), err_loc=4 rhel_4_amd64/release/build/panfs/ips/pan_ips_cmd.c:1428 target_address=#457#:3260",E35,"pan_ips: error -- cmd login netaddr connection create done, <*> (pan_sock: timeout), err_loc=<*> <*> target_address=<*>",12250,"pan_ips: error -- cmd login netaddr connection create done, <hex> (pan_sock: timeout), err_loc= <num> <id> /release/build/panfs/ips/ <id> target_address=# <num> #: <num>",105,Thunderbird_C0001668,105,12250,"pan_ips: error-- cmd login netaddr connection create done, <hex> (pan_sock: timeout), err_loc = <num> <id>/release/build/panfs/ips/<id> target_address = # <num> #: <num>",1,1,frequency_representative
10531975,"server nfs1 not responding, still trying",E577,"server <*> not responding, still trying",1010,"server nfs1 not responding, still trying",1,Thunderbird_C0001669,1,1010,"server nfs 1 not responding, still trying",1,1,frequency_representative
10533979,pan_sam: I-xD020038da11df0002-xGf5edfff4-xU3027c31bf428344f: error report: failure 2/2: 0x06003b6e122f0003(OBSD) osd_op=OP_WRITE offset=4096 length=82 error=0x7e9 (RPC: No response within the timeout period),E20,pan_sam: <*>: error report: failure <*>: <*>(OBSD) osd_op=OP_WRITE offset=<*> length=<*> error=<*> (RPC: No response within the timeout period),544,pan_sam: <id> : error report: failure <num> / <num> : <hex> (obsd) osd_op=op_write offset= <num> length= <num> error= <hex> (rpc: no response within the timeout period),485,Thunderbird_C0001670,485,544,pan_sam: <id>: error report: failure <num>/<num>: <hex> (obsd) osd_op = op_write offset = <num> length = <num> error = <hex> (rpc: no response within the timeout period),1,1,frequency_representative
10532359,pan_sam: I-xD020038da11df0002-xGf5edfff4-xU6a96da8a5b56d693: unable to report I/O error(s) to SM 0x020038da11df0002(SM): 0x7e9 (RPC: No response within the timeout period),E52,pan_sam: <*>: unable to report I/O error(s) to SM <*>(SM): <*> (RPC: No response within the timeout period),460,pan_sam: <id> : unable to report i/o error(s) to sm <hex> (sm): <hex> (rpc: no response within the timeout period),363,Thunderbird_C0001671,363,460,pan_sam: <id>: unable to report i/o error (s) to sm <hex> (sm): <hex> (rpc: no response within the timeout period),1,1,frequency_representative
10533157,pan_rpc_native_poll_req: unable to send poll pkt 0x2399 (pan_sock: connection reset by peer),E67,pan_rpc_native_poll_req: unable to send poll pkt <*> (pan_sock: connection reset by peer),25025,pan_rpc_native_poll_req: unable to send poll pkt <hex> (pan_sock: connection reset by peer),1,Thunderbird_C0001672,1,25025,pan_rpc_native_poll_req: unable to send poll pkt <hex> (pan_sock: connection reset by peer),1,1,frequency_representative
10533158,pan_rpc_native_poll_req: unable to send poll pkt 0x23a8 (pan_sock: broken pipe),E106,pan_rpc_native_poll_req: unable to send poll pkt <*> (pan_sock: broken pipe),708,pan_rpc_native_poll_req: unable to send poll pkt <hex> (pan_sock: broken pipe),1,Thunderbird_C0001673,1,708,pan_rpc_native_poll_req: unable to send poll pkt <hex> (pan_sock: broken pipe),1,1,frequency_representative
10533159,"rpc: pan_rpc_request_timeout_engine poll request failed, state 4, event 0 action 0 rc=0x2399 (pan_sock: connection reset by peer)",E25,"rpc: pan_rpc_request_timeout_engine poll request failed, state <*>, event <*> action <*> rc=<*> (pan_sock: connection reset by peer)",24669,"rpc: pan_rpc_request_timeout_engine poll request failed, state <num> , event <num> action <num> rc= <hex> (pan_sock: connection reset by peer)",1,Thunderbird_C0001674,1,24669,"rpc: pan_rpc_request_timeout_engine poll request failed, state <num>, event <num> action <num> rc = <hex> (pan_sock: connection reset by peer)",1,1,frequency_representative
10533160,"rpc: pan_rpc_request_timeout_engine poll request failed, state 4, event 0 action 0 rc=0x23a8 (pan_sock: broken pipe)",E37,"rpc: pan_rpc_request_timeout_engine poll request failed, state <*>, event <*> action <*> rc=<*> (pan_sock: broken pipe)",697,"rpc: pan_rpc_request_timeout_engine poll request failed, state <num> , event <num> action <num> rc= <hex> (pan_sock: broken pipe)",1,Thunderbird_C0001675,1,697,"rpc: pan_rpc_request_timeout_engine poll request failed, state <num>, event <num> action <num> rc = <hex> (pan_sock: broken pipe)",1,1,frequency_representative
10688722,"rpc: request timed out, request 2344, pan_fm_obj_get_r_capability_rpc_v2 (async), to (peer addr not available)",E128,"rpc: request timed out, request <*>, <*> (async), to (peer addr not available)",25613,"rpc: request timed out, request <num> , <id> (async), to (peer addr not available)",9636,Thunderbird_C0001676,9645,25622,"rpc: request timed out, request <num>, <*> (<*>), to (peer addr not available)",3,1,frequency_representative
10552448,"rpc: request timed out, request 10763, pan_fm_obj_setattr_rpc_v1 (sync), to (peer addr not available)",E426,"rpc: request timed out, request <*>, <*> (sync), to <*>",1,"rpc: request timed out, request <num> , <id> (sync), to (peer addr not available)",1,Thunderbird_C0001676,9645,25622,"rpc: request timed out, request <num>, <*> (<*>), to (peer addr not available)",3,2,complex_sample
11114879,"rpc: request timed out, request 2826, pan_ptp_get_repset (async), to (peer addr not available)",E128,"rpc: request timed out, request <*>, <*> (async), to (peer addr not available)",8,"rpc: request timed out, request <num> , pan_ptp_get_repset (async), to (peer addr not available)",8,Thunderbird_C0001676,9645,25622,"rpc: request timed out, request <num>, <*> (<*>), to (peer addr not available)",3,3,diverse_sample
10534894,pan_ips: error -- IPS command timeout command timed out expire_time=1134266102:671099000 now=1134266114:491334000 lifetime=86:820235000 grace_timeouts=0 cd=0xffffff001159a608 session=0x1017a92f100 (connection info not avail 0x23a5 (pan_sock: socket not connected)) id=(818:1:468),E5,pan_ips: error -- IPS command timeout command timed out expire_time=<*> now=<*> lifetime=<*> grace_timeouts=<*> cd=<*> session=<*> (connection info not avail <*> (pan_sock: socket not connected)) id=(<*>),488,pan_ips: error -- ips command timeout command timed out expire_time= <num> : <num> now= <num> : <num> lifetime= <num> : <num> grace_timeouts= <num> cd= <hex> session= <hex> (connection info not avail <hex> (pan_sock: socket not connected)) id=( <ip> ),488,Thunderbird_C0001677,488,488,pan_ips: error-- ips command timeout command timed out expire_time = <num>: <num> now = <num>: <num> lifetime = <num>: <num> grace_timeouts = <num> cd = <hex> session = <hex> (connection info not avail <hex> (pan_sock: socket not connected)) id = (<ip>),1,1,frequency_representative
10534895,"pan_ips: error -- cmd taskmgmt, 0x2399 (pan_sock: connection reset by peer), err_loc=5, rhel_4_amd64/release/build/panfs/ips/pan_ips_cmd.c:3701",E88,"pan_ips: error -- cmd taskmgmt, <*> (pan_sock: connection reset by peer), err_loc=<*>, <*>",42,"pan_ips: error -- cmd taskmgmt, <hex> (pan_sock: connection reset by peer), err_loc= <num> , <id> /release/build/panfs/ips/ <id>",1,Thunderbird_C0001678,1,42,"pan_ips: error-- cmd taskmgmt, <hex> (pan_sock: connection reset by peer), err_loc = <num>, <id>/release/build/panfs/ips/<id>",1,1,frequency_representative
10534899,pan_ips: error -- cmd_timeout_task_query: couldn't send task_query 0x2399 (pan_sock: connection reset by peer),E39,pan_ips: error -- cmd_timeout_task_query: couldn't send task_query <*> (pan_sock: connection reset by peer),42,pan_ips: error -- cmd_timeout_task_query: couldn't send task_query <hex> (pan_sock: connection reset by peer),1,Thunderbird_C0001679,1,42,pan_ips: error-- cmd_timeout_task_query: couldn ' t send task_query <hex> (pan_sock: connection reset by peer),1,1,frequency_representative
10534900,"pan_ips: error -- tx sched dequeue and send mod, 0x2399 (pan_sock: connection reset by peer), err_loc=4, rhel_4_amd64/release/build/panfs/ips/pan_ips_tx_sched.c:1730",E14,"pan_ips: error -- tx sched dequeue and send mod, <*> (pan_sock: connection reset by peer), err_loc=<*>, <*>/release/build/panfs/ips/pan_ips_tx_sched.c:<*>",48,"pan_ips: error -- tx sched dequeue and send mod, <hex> (pan_sock: connection reset by peer), err_loc= <num> , <id> /release/build/panfs/ips/ <id>",1,Thunderbird_C0001680,1,48,"pan_ips: error-- tx sched dequeue and send mod, <hex> (pan_sock: connection reset by peer), err_loc = <num>, <id>/release/build/panfs/ips/<id>",1,1,frequency_representative
10534901,"pan_ips: error -- tx sched send next, 0x2399 (pan_sock: connection reset by peer), err_loc=9, rhel_4_amd64/release/build/panfs/ips/pan_ips_tx_sched.c:1283",E70,"pan_ips: error -- tx sched send next, <*> (pan_sock: connection reset by peer), err_loc=<*>, <*>",48,"pan_ips: error -- tx sched send next, <hex> (pan_sock: connection reset by peer), err_loc= <num> , <id> /release/build/panfs/ips/ <id>",1,Thunderbird_C0001681,1,48,"pan_ips: error-- tx sched send next, <hex> (pan_sock: connection reset by peer), err_loc = <num>, <id>/release/build/panfs/ips/<id>",1,1,frequency_representative
10534902,"pan_ips: error -- tx sched send, 0x2399 (pan_sock: connection reset by peer), err_loc=4, rhel_4_amd64/release/build/panfs/ips/pan_ips_tx_sched.c:675",E83,"pan_ips: error -- tx sched send, <*> (pan_sock: connection reset by peer), err_loc=<*>, <*>",48,"pan_ips: error -- tx sched send, <hex> (pan_sock: connection reset by peer), err_loc= <num> , <id> /release/build/panfs/ips/ <id>",1,Thunderbird_C0001682,1,48,"pan_ips: error-- tx sched send, <hex> (pan_sock: connection reset by peer), err_loc = <num>, <id>/release/build/panfs/ips/<id>",1,1,frequency_representative
10535258,"sam raid obsd error on write: local_status 0x2b14 (rmm: The requested service is unavailable due to the fact that the blade it resides upon is currently not available, the realm is offline, or the service itself is not active), obsd_error 0x0 (Success) virtual object I-xD020038da11df0002-xGf5edfff4-xUf029f5d7e546a4a5 index 7, stor_op 9, component device 0x06003cd8123f0001(OBSD)",E32,"sam raid obsd error on write: local_status <*> (rmm: <*>), obsd_error <*> (<*>) virtual object <*> index <*>, stor_op <*>, component device <*>",1,"sam raid obsd error on write: local_status <hex> (rmm: the requested service is unavailable due to the fact that the blade it resides upon is currently not available, the realm is offline, or the service itself is not active), obsd_error <hex> (success) virtual object <id> index <num> , stor_op <num> , component device <hex> (obsd)",1,Thunderbird_C0001683,1,1,"sam raid obsd error on write: local_status <hex> (rmm: the requested service is unavailable due to the fact that the blade it resides upon is currently not available, the realm is offline, or the service itself is not active), obsd_error <hex> (success) virtual object <id> index <num>, stor_op <num>, component device <hex> (obsd)",1,1,frequency_representative
10535583,"pan_sam: I-xD020038da11df0002-xGf5edfff4-xU6a96da8a5b56d693: error report: failure 1/4: 0x06003dd2121f0001(OBSD) osd_op=OP_SETATTR offset=0 length=0 error=0x2b14 (rmm: The requested service is unavailable due to the fact that the blade it resides upon is currently not available, the realm is offline, or the service itself is not active)",E120,pan_sam: <*>: error report: failure <*>: <*> osd_op=<*> offset=<*> length=<*> error=<*> (rmm: <*>),1,"pan_sam: <id> : error report: failure <num> / <num> : <hex> (obsd) osd_op=op_setattr offset= <num> length= <num> error= <hex> (rmm: the requested service is unavailable due to the fact that the blade it resides upon is currently not available, the realm is offline, or the service itself is not active)",1,Thunderbird_C0001684,2,2,"pan_sam: <id>: error report: failure <num>/<num>: <hex> (obsd) osd_op = <*> offset = <num> length = <num> error = <hex> (rmm: the requested service is unavailable due to the fact that the blade it resides upon is currently not available, the realm is offline, or the service itself is not active)",2,1,frequency_representative
10535629,"pan_sam: I-xD020038da11df0002-xGf5edfff4-xUa8d51059dabd0d0b: error report: failure 2/3: 0x06003cd8123f0001(OBSD) osd_op=OP_READ offset=5677056 length=3981 error=0x2b14 (rmm: The requested service is unavailable due to the fact that the blade it resides upon is currently not available, the realm is offline, or the service itself is not active)",E120,pan_sam: <*>: error report: failure <*>: <*> osd_op=<*> offset=<*> length=<*> error=<*> (rmm: <*>),1,"pan_sam: <id> : error report: failure <num> / <num> : <hex> (obsd) osd_op=op_read offset= <num> length= <num> error= <hex> (rmm: the requested service is unavailable due to the fact that the blade it resides upon is currently not available, the realm is offline, or the service itself is not active)",1,Thunderbird_C0001684,2,2,"pan_sam: <id>: error report: failure <num>/<num>: <hex> (obsd) osd_op = <*> offset = <num> length = <num> error = <hex> (rmm: the requested service is unavailable due to the fact that the blade it resides upon is currently not available, the realm is offline, or the service itself is not active)",2,2,complex_sample
10535584,pan_sam: I-xD020038da11df0002-xGf5edfff4-xU6a96da8a5b56d693: unable to report I/O error(s) to SM 0x020038da11df0002(SM): 0x106e (SM: object is currently unavailable due to OSD failures),E40,pan_sam: <*>: unable to report I/O error(s) to SM <*>(SM): <*> (SM: object is currently unavailable due to OSD failures),2,pan_sam: <id> : unable to report i/o error(s) to sm <hex> (sm): <hex> (sm: object is currently unavailable due to osd failures),2,Thunderbird_C0001685,2,2,pan_sam: <id>: unable to report i/o error (s) to sm <hex> (sm): <hex> (sm: object is currently unavailable due to osd failures),1,1,frequency_representative
10538503,"objid I-xD020038da11df0002-xGf5edfff4-xU475d6a9ce1ea4083, caller (rhel_4_amd64/release/build/panfs/fs/client/linux/2.6/pan_kernel_fs_client_page.c:1619)",E1119,"objid <*>, caller (<*>)",12,"objid <id> , caller ( <id> /release/build/panfs/fs/client/linux/ <num> / <id> )",12,Thunderbird_C0001686,12,12,"objid <id>, caller (<id>/release/build/panfs/fs/client/linux/<num>/<id>)",1,1,frequency_representative
10538504,fs_client: end_write_length > pannode->attribs.cached_length (4442 > 4431),E129,fs_client: end_write_length > pannode->attribs.cached_length (<*> > <*>),13,fs_client: end_write_length > pannode->attribs.cached_length ( <num> > <num> ),1,Thunderbird_C0001687,1,13,fs_client: end_write_length > pannode-> attribs. cached_length (<num> > <num>),1,1,frequency_representative
10539684,pan_ips: error -- IPS command timeout command timed out expire_time=1134266293:737447000 now=1134266392:576762000 lifetime=173:839315000 grace_timeouts=0 cd=0xffffff00111a7e40 session=0x10080cd3700 (connection info not avail 0x23a5 (pan_sock: socket not connected)) id=(474:1:21736),E5,pan_ips: error -- IPS command timeout command timed out expire_time=<*> now=<*> lifetime=<*> grace_timeouts=<*> cd=<*> session=<*> (connection info not avail <*> (pan_sock: socket not connected)) id=(<*>),26,pan_ips: error -- ips command timeout command timed out expire_time= <num> : <num> now= <num> : <num> lifetime= <num> : <num> grace_timeouts= <num> cd= <hex> session= <hex> (connection info not avail <hex> (pan_sock: socket not connected)) id=( <num> : <num> : <num> ),26,Thunderbird_C0001688,26,26,pan_ips: error-- ips command timeout command timed out expire_time = <num>: <num> now = <num>: <num> lifetime = <num>: <num> grace_timeouts = <num> cd = <hex> session = <hex> (connection info not avail <hex> (pan_sock: socket not connected)) id = (<num>: <num>: <num>),1,1,frequency_representative
10542335,"obsd_client: obsd_client: command timed out GETATTR options=0x1 obj_id=I-xD06003a82122f0001-xGf5edfff4-xUfef02a45df689605 get_attributes=0xffffff0011b4cb20 realmname panfs1 dev_id=0x6003a82122f0001 flags=0x0 res_buffer=(0x0:0) callback(_{a061cee0}_, 0xffffff0011b4c9f0, 0xffffff0011b4cc60) allocated_by_sam=YES",E28,obsd_client: obsd_client: command timed out GETATTR options=<*>=<*> flags=<*> res_buffer=(<*>) callback(<*>) allocated_by_sam=<*>,35,"obsd_client: obsd_client: command timed out getattr options= <hex> obj_id= <id> get_attributes= <hex> realmname panfs1 dev_id= <hex> flags= <hex> res_buffer=( <hex> : <num> ) callback(_{ <id> }_, <hex> , <hex> ) allocated_by_sam=yes",35,Thunderbird_C0001689,35,35,"obsd_client: obsd_client: command timed out getattr options = <hex> obj_id = <id> get_attributes = <hex> realmname panfs 1 dev_id = <hex> flags = <hex> res_buffer = (<hex>: <num>) callback (_ {<id>} _, <hex>, <hex>) allocated_by_sam = yes",1,1,frequency_representative
10544999,server nfs1 OK,E1208,server <*> OK,1012,server nfs1 ok,1,Thunderbird_C0001690,1,1012,server nfs 1 ok,1,1,frequency_representative
10553905,fs_client_writepage: llapi_io_sync failed (0x1069 (SM: unspecified internal error)); data #15# be dropped,E48,fs_client_writepage: llapi_io_sync failed (<*> (SM: unspecified internal error)); data <*> be dropped,191,fs_client_writepage: llapi_io_sync failed ( <hex> (sm: unspecified internal error)); data # <num> # be dropped,1,Thunderbird_C0001691,1,191,fs_client_writepage: llapi_io_sync failed (<hex> (sm: unspecified internal error)); data # <num> # be dropped,1,1,frequency_representative
10558137,fs_client_release: last call to write_page on object I-xD020038da11df0002-xGf5edfff4-xUd86f9af6b3762b05 failed with 0x1069 (SM: unspecified internal error); data #15# be dropped (line 523),E23,fs_client_release: last call to write_page on object <*> failed with <*> (SM: unspecified internal error); data <*> be dropped (line <*>),191,fs_client_release: last call to write_page on object <id> failed with <hex> (sm: unspecified internal error); data # <num> # be dropped (line <num> ),191,Thunderbird_C0001692,191,191,fs_client_release: last call to write_page on object <id> failed with <hex> (sm: unspecified internal error); data # <num> # be dropped (line <num>),1,1,frequency_representative
10565416,"server 10.100.247.1 not responding, still trying",E577,"server <*> not responding, still trying",10,"server <ip> not responding, still trying",1,Thunderbird_C0001693,1,10,"server <ip> not responding, still trying",1,1,frequency_representative
10565808,"pan_rpc: Unable to send reply: peer addr not available 0x7de (RPC: binding was already destroyed, it has already been released)",E26,"pan_rpc: Unable to send reply: peer addr not available <*> (RPC: binding was already destroyed, it has already been released)",1,"pan_rpc: unable to send reply: peer addr not available <hex> (rpc: binding was already destroyed, it has already been released)",1,Thunderbird_C0001694,1,1,"pan_rpc: unable to send reply: peer addr not available <hex> (rpc: binding was already destroyed, it has already been released)",1,1,frequency_representative
10567506,server 10.100.247.1 OK,E1208,server <*> OK,10,server <ip> ok,1,Thunderbird_C0001695,1,10,server <ip> ok,1,1,frequency_representative
10589063,CR2: 00000000000000f0 CR3: 00000000bff08000 CR4: 00000000000006e0,E1161,CR2: <*> CR3: <*> CR4: <*>,1,cr2: <hex> cr3: <hex> cr4: <hex>,1,Thunderbird_C0001696,1,1,cr 2: <hex> cr 3: <hex> cr 4: <hex>,1,1,frequency_representative
10589064,CS: 0010 DS: 0000 ES: 0000 CR0: 000000008005003b,E1146,CS: <*> DS: <*> ES: <*> CR0: <*>,1,cs: <num> ds: <num> es: <num> cr0: <hex>,1,Thunderbird_C0001697,1,1,cs: <num> ds: <num> es: <num> cr 0: <hex>,1,1,frequency_representative
10589065,FS: 0000002a95580a20(0000) GS:ffffffff804d3480(0000) knlGS:0000000000000000,E1073,FS: <*>(<*>) GS:<*>(<*>) knlGS:<*>,1,fs: <hex> ( <num> ) gs: <hex> ( <num> ) knlgs: <hex>,1,Thunderbird_C0001698,1,1,fs: <hex> (<num>) gs: <hex> (<num>) knlgs: <hex>,1,1,frequency_representative
10589066,Modules linked in: md5 ipv6 dcdipm(U) dcdbas(U) i2c_dev i2c_core panfs(U) nfs lockd sunrpc dm_mod button battery ac uhci_hcd ehci_hcd hw_random ts_udapl(U) ts_ib_useraccess_cm(U) ts_sdp(U) ts_ib_cm(U) ts_ip2pr(U) ts_ib_useraccess(U) ts_ipoib(U) ts_ib_sa_client(U) ts_ib_client_query(U) ts_ib_tavor(U) mod_rhh(U) mod_thh(U) mod_vip(U) mlxsys(U) ts_ib_mad(U) ts_ib_core(U) ts_ib_packet_lib(U) ts_kernel_poll(U) ts_kernel_services(U) e1000 sg ext3 jbd megaraid_mbox megaraid_mm sd_mod scsi_mod,E1063,Modules linked in: <*>,1,modules linked in: md5 ipv6 dcdipm(u) dcdbas(u) i2c_dev <id> panfs(u) nfs lockd sunrpc dm_mod button battery ac uhci_hcd ehci_hcd hw_random ts_udapl(u) ts_ib_useraccess_cm(u) ts_sdp(u) ts_ib_cm(u) <id> (u) ts_ib_useraccess(u) ts_ipoib(u) ts_ib_sa_client(u) ts_ib_client_query(u) ts_ib_tavor(u) mod_rhh(u) mod_thh(u) mod_vip(u) mlxsys(u) ts_ib_mad(u) ts_ib_core(u) ts_ib_packet_lib(u) ts_kernel_poll(u) ts_kernel_services(u) e1000 sg ext3 jbd megaraid_mbox megaraid_mm sd_mod scsi_mod,1,Thunderbird_C0001699,1,1,modules linked in: md 5 ipv 6 dcdipm (u) dcdbas (u) i 2 c_dev <id> panfs (u) nfs lockd sunrpc dm_mod button battery ac uhci_hcd ehci_hcd hw_random ts_udapl (u) ts_ib_useraccess_cm (u) ts_sdp (u) ts_ib_cm (u) <id> (u) ts_ib_useraccess (u) ts_ipoib (u) ts_ib_sa_client (u) ts_ib_client_query (u) ts_ib_tavor (u) mod_rhh (u) mod_thh (u) mod_vip (u) mlxsys (u) ts_ib_mad (u) ts_ib_core (u) ts_ib_packet_lib (u) ts_kernel_poll (u) ts_kernel_services (u) e 1000 sg ext 3 jbd megaraid_mbox megaraid_mm sd_mod scsi_mod,1,1,frequency_representative
10589067,Oops: 0000 [1] SMP,E1193,Oops: <*> [<*>] SMP,2,oops: <num> [ <num> ] smp,1,Thunderbird_C0001700,1,2,oops: <num> [<num>] smp,1,1,frequency_representative
10589068,PML4 7e1cc067 PGD 61432067 PMD 0,E1196,PML4 <*> PGD <*> PMD <*>,1,pml4 <id> pgd <num> pmd <num>,1,Thunderbird_C0001701,2,2,pml 4 <id> pgd <num> pmd <num>,2,1,frequency_representative
15656711,PML4 a72ea067 PGD 83a2d067 PMD 0,E1196,PML4 <*> PGD <*> PMD <*>,1,pml4 <id> pgd <id> pmd <num>,1,Thunderbird_C0001701,2,2,pml 4 <id> pgd <num> pmd <num>,2,2,complex_sample
10589069,"Pid: 1949, comm: kpanfs_dispatch Tainted: PF 2.6.9-15.EL.rootsmp",E944,"Pid: <*>, comm: <*> Tainted: PF <*>",2,"pid: <num> , comm: kpanfs_dispatch tainted: pf <id>",2,Thunderbird_C0001702,2,2,"pid: <num>, comm: kpanfs_dispatch tainted: pf <id>",1,1,frequency_representative
10589070,"Process kpanfs_dispatch (pid: 1949, threadinfo 00000101b754a000, task 00000101bebf5030)",E304,"Process kpanfs_dispatch (pid: <*>, threadinfo <*>, task <*>)",1,"process kpanfs_dispatch (pid: <num> , threadinfo <hex> , task <hex> )",1,Thunderbird_C0001703,1,1,"process kpanfs_dispatch (pid: <num>, threadinfo <hex>, task <hex>)",1,1,frequency_representative
10589071,R10: 00000100bff4b400 R11: 00000100bff4b400 R12: 0000000000000000,E1164,R10: <*> R11: <*> R12: <*>,1,r10: <hex> r11: <hex> r12: <hex>,1,Thunderbird_C0001704,1,1,r 10: <hex> r 11: <hex> r 12: <hex>,1,1,frequency_representative
10589072,R13: 0000000000000000 R14: 0000000000000000 R15: ffffffffa0566290,E1162,R13: <*> R14: <*> R15: <*>,1,r13: <hex> r14: <hex> r15: <hex>,1,Thunderbird_C0001705,1,1,r 13: <hex> r 14: <hex> r 15: <hex>,1,1,frequency_representative
10589073,RAX: 00000101b6b80c80 RBX: 00000101b8dbd680 RCX: 0000000000000000,E1163,RAX: <*> RBX: <*> RCX: <*>,1,rax: <hex> rbx: <hex> rcx: <hex>,1,Thunderbird_C0001706,1,1,rax: <hex> rbx: <hex> rcx: <hex>,1,1,frequency_representative
10589074,RBP: 00000101bfe4d780 R08: 0000000000000000 R09: 0000000000000000,E1160,RBP: <*> R08: <*> R09: <*>,1,rbp: <hex> r08: <hex> r09: <hex>,1,Thunderbird_C0001707,1,1,rbp: <hex> r 08: <hex> r 09: <hex>,1,1,frequency_representative
10589075,RDX: 0000000000000000 RSI: 0000000000000000 RDI: 00000101b8dbd680,E1158,RDX: <*> RSI: <*> RDI: <*>,1,rdx: <hex> rsi: <hex> rdi: <hex>,1,Thunderbird_C0001708,1,1,rdx: <hex> rsi: <hex> rdi: <hex>,1,1,frequency_representative
10589076,RSP: 0000:00000101b754bde0 EFLAGS: 00010246,E1181,RSP: <*> EFLAGS: <*>,1,rsp: <num> : <hex> eflags: <num>,1,Thunderbird_C0001709,1,1,rsp: <num>: <hex> eflags: <num>,1,1,frequency_representative
10589077,Unable to handle kernel NULL pointer dereference at 00000000000000f0 RIP:,E221,Unable to handle kernel NULL pointer dereference at <*> RIP:,2,unable to handle kernel null pointer dereference at <hex> rip:,1,Thunderbird_C0001710,1,2,unable to handle kernel null pointer dereference at <hex> rip:,1,1,frequency_representative
10589142,"fs_client_llapi_io_write: Failed to get a write_hint cap for dribble mode, line: 585, error: 0x1a30 (fs client: Interrupted system call).",E18,"fs_client_llapi_io_write: Failed to get a write_hint cap for dribble mode, line: <*>, error: <*> (fs client: Interrupted system call).",1,"fs_client_llapi_io_write: failed to get a write_hint cap for dribble mode, line: <num> , error: <hex> (fs client: interrupted system call).",1,Thunderbird_C0001711,1,1,"fs_client_llapi_io_write: failed to get a write_hint cap for dribble mode, line: <num>, error: <hex> (fs client: interrupted system call).",1,1,frequency_representative
10590975,"pan_ips: error -- cmd login netaddr connection create done, 0x23a2 (pan_sock: network unreachable), err_loc=4 rhel_4_amd64/release/build/panfs/ips/pan_ips_cmd.c:1428 target_address=#541#:3260",E24,"pan_ips: error -- cmd login netaddr connection create done, <*> (pan_sock: network unreachable), err_loc=<*> <*> target_address=<*>",1996,"pan_ips: error -- cmd login netaddr connection create done, <hex> (pan_sock: network unreachable), err_loc= <num> <id> /release/build/panfs/ips/ <id> target_address=# <num> #: <num>",5,Thunderbird_C0001712,5,1996,"pan_ips: error-- cmd login netaddr connection create done, <hex> (pan_sock: network unreachable), err_loc = <num> <id>/release/build/panfs/ips/<id> target_address = # <num> #: <num>",1,1,frequency_representative
10590480,"pan_ips: error -- nexus initiator connect callback, 0x23a2 (pan_sock: network unreachable), err_loc=1, rhel_4_amd64/release/build/panfs/ips/pan_ips_nexus.c:2497",E49,"pan_ips: error -- nexus initiator connect callback, <*> (pan_sock: network unreachable), err_loc=<*>, <*>",1995,"pan_ips: error -- nexus initiator connect callback, <hex> (pan_sock: network unreachable), err_loc= <num> , <id> /release/build/panfs/ips/ <id>",1,Thunderbird_C0001713,1,1995,"pan_ips: error-- nexus initiator connect callback, <hex> (pan_sock: network unreachable), err_loc = <num>, <id>/release/build/panfs/ips/<id>",1,1,frequency_representative
10826900,ntpd[2285]: segfault at 0000007fbfffdff8 rip 0000002a95b624a1 rsp 0000007fbfffe000 error 6,E806,<*>[<*>]: segfault at <*> rip <*> rsp <*> error <*>,3,ntpd[ <num> ]: segfault at <hex> rip <hex> rsp <hex> error <num>,3,Thunderbird_C0001714,3,3,ntpd [<num>]: segfault at <hex> rip <hex> rsp <hex> error <num>,1,1,frequency_representative
10909880,Osa: Leaf 8 is reporting fiber latch fault condition on port 5,E213,Osa: Leaf <*> is reporting fiber latch fault condition on port <*>,4022,osa: leaf <num> is reporting fiber latch fault condition on port <num>,3,Thunderbird_C0001715,3,4022,osa: leaf <num> is reporting fiber latch fault condition on port <num>,1,1,frequency_representative
10909905,Osa: Leaf 8 is reporting fiber latch overcurrent condition on port 5 of the (Invalid Ptr),E77,Osa: Leaf <*> is reporting fiber latch overcurrent condition on port <*> of the (Invalid Ptr),4020,osa: leaf <num> is reporting fiber latch overcurrent condition on port <num> of the (invalid ptr),2,Thunderbird_C0001716,2,4020,osa: leaf <num> is reporting fiber latch overcurrent condition on port <num> of the (invalid ptr),1,1,frequency_representative
11006355,execvp: Permission denied,E809,execvp: Permission denied,1012,execvp: permission denied,1,Thunderbird_C0001717,1,1012,execvp: permission denied,1,1,frequency_representative
11014218,#57# : TTY=pts/0 ; PWD=/home/#57# ; USER=root ; COMMAND=/usr/bin/pdsh -u 30 -w dn[1-1024] /etc/rc.d/init.d/pbs_mom restar,E768,<*> : TTY=<*> ; PWD=<*> ; USER=<*> ; COMMAND=<*>,1,# <num> # : tty=pts/ <num> ; pwd=/home/# <num> # ; user=root ; command=/usr/bin/pdsh -u <num> -w dn[ <num> - <num> ] <path> restar,1,Thunderbird_C0001718,1,1,# <num> #: tty = pts/<num>; pwd =/home/# <num> #; user = root; command =/usr/bin/pdsh-u <num>-w dn [<num>-<num>] <path> restar,1,1,frequency_representative
11015239,#57# : TTY=pts/0 ; PWD=/home/#57# ; USER=root ; COMMAND=/usr/bin/pdsh -u 30 -w dn[1-1024] /etc/rc.d/init.d/pbs_mom restart,E768,<*> : TTY=<*> ; PWD=<*> ; USER=<*> ; COMMAND=<*>,1,# <num> # : tty=pts/ <num> ; pwd=/home/# <num> # ; user=root ; command=/usr/bin/pdsh -u <num> -w dn[ <num> - <num> ] <path> restart,1,Thunderbird_C0001719,4,4,# <num> #: tty = pts/<num>; pwd =/home/# <num> #; user = root; command =/usr/bin/pdsh-u <num>-w <*> [<num>-<num>] <path> restart,2,1,frequency_representative
11026718,#57# : TTY=pts/3 ; PWD=/home/#57# ; USER=root ; COMMAND=/usr/bin/pdsh -u 30 -w bn[1-384] /etc/rc.d/init.d/pbs_mom restart,E768,<*> : TTY=<*> ; PWD=<*> ; USER=<*> ; COMMAND=<*>,1,# <num> # : tty=pts/ <num> ; pwd=/home/# <num> # ; user=root ; command=/usr/bin/pdsh -u <num> -w bn[ <num> - <num> ] <path> restart,1,Thunderbird_C0001719,4,4,# <num> #: tty = pts/<num>; pwd =/home/# <num> #; user = root; command =/usr/bin/pdsh-u <num>-w <*> [<num>-<num>] <path> restart,2,2,complex_sample
11029921,#57# : TTY=pts/3 ; PWD=/home/#57# ; USER=root ; COMMAND=/usr/bin/pdsh -u 30 -w en[1-384] /etc/rc.d/init.d/pbs_mom status,E768,<*> : TTY=<*> ; PWD=<*> ; USER=<*> ; COMMAND=<*>,1,# <num> # : tty=pts/ <num> ; pwd=/home/# <num> # ; user=root ; command=/usr/bin/pdsh -u <num> -w en[ <num> - <num> ] <path> status,1,Thunderbird_C0001720,1,1,# <num> #: tty = pts/<num>; pwd =/home/# <num> #; user = root; command =/usr/bin/pdsh-u <num>-w en [<num>-<num>] <path> status,1,1,frequency_representative
11045368,Unmounting PanFS filesystems: failed,E866,Unmounting <*> filesystems: <*>,9,unmounting panfs filesystems: failed,1,Thunderbird_C0001721,1,9,unmounting panfs filesystems: failed,1,1,frequency_representative
11045369,umount2: Device or resource busy,E635,umount2: Device or resource busy,9,umount2: device or resource busy,1,Thunderbird_C0001722,1,9,umount 2: device or resource busy,1,1,frequency_representative
11045370,umount: /scratch3: device is busy,E928,umount: <*>: device is busy,9,umount: / <id> : device is busy,1,Thunderbird_C0001723,1,9,umount:/<id>: device is busy,1,1,frequency_representative
11063274,gssapi authentication failed. Login to account gmlasko not allowed or account non-existent.,E72,gssapi authentication failed. Login to account <*> not allowed or account non-existent.,1,gssapi authentication failed. login to account gmlasko not allowed or account non-existent.,1,Thunderbird_C0001724,1,1,gssapi authentication failed. login to account gmlasko not allowed or account non-existent.,1,1,frequency_representative
11092040,"Unable to listen for broadcasts, no broadcast interfaces available",E138,"Unable to listen for broadcasts, no broadcast interfaces available",5,"unable to listen for broadcasts, no broadcast interfaces available",1,Thunderbird_C0001725,1,5,"unable to listen for broadcasts, no broadcast interfaces available",1,1,frequency_representative
11092041,"bind() fd 4, family 10, port 123, addr ::, in6_is_addr_multicast=0 flags=0 fails: Address already in use",E59,"bind() fd <*>, family <*>, port <*>, addr <*>, in6_is_addr_multicast=<*> flags=<*> fails: Address already in use",5,"bind() fd <num> , family <num> , port <num> , addr ::, <id> = <num> flags= <num> fails: address already in use",1,Thunderbird_C0001726,1,5,"bind () fd <num>, family <num>, port <num>, addr::, <id> = <num> flags = <num> fails: address already in use",1,1,frequency_representative
14374126,sendto(10.100.32.250): Bad file descriptor,E720,sendto(<*>): Bad file descriptor,137,sendto( <ip> ): bad file descriptor,2,Thunderbird_C0001727,2,137,sendto (<ip>): bad file descriptor,1,1,frequency_representative
11114829,"obj_id: I-xD020038da11df0002-xGf5edfff4-xU00004a75726a656e, mgr_id: 0x040038da11df0002(FM), cb_id: 0, cb_type: 0, desired_cb_type: 2, offset:0, length:0, flags:0, args_flags: 5, rhel_4_amd64/release/build/panfs/fs/client/pan_fs_client_fm.c:593",E50,"obj_id: <*>, mgr_id: <*>, cb_id: <*>, cb_type: <*>, desired_cb_type: <*>, offset:<*>, length:<*>, flags:<*>, args_flags: <*>, <*>",1,"obj_id: <id> , mgr_id: <hex> (fm), cb_id: <num> , cb_type: <num> , desired_cb_type: <num> , <id> , <id> , flags: <num> , args_flags: <num> , <id> /release/build/panfs/fs/client/ <id>",1,Thunderbird_C0001728,1,1,"obj_id: <id>, mgr_id: <hex> (fm), cb_id: <num>, cb_type: <num>, desired_cb_type: <num>, <id>, <id>, flags: <num>, args_flags: <num>, <id>/release/build/panfs/fs/client/<id>",1,1,frequency_representative
11114830,"panfs exception: at coher.c:812, 0x20e (ptp: Node not yet ready to respond), rollback: 1",E135,"panfs exception: at <*>, <*> (ptp: Node not yet ready to respond), rollback: <*>",2,"panfs exception: at <id> , <hex> (ptp: node not yet ready to respond), rollback: <num>",2,Thunderbird_C0001729,2,2,"panfs exception: at <id>, <hex> (ptp: node not yet ready to respond), rollback: <num>",1,1,frequency_representative
11114832,"panfs exception: at l_file.c:1137, 0x20e (ptp: Node not yet ready to respond), unknown error:(5), rollback: 2",E201,"panfs exception: at <*>, <*> (ptp: <*>), unknown error:(<*>), rollback: <*>",1,"panfs exception: at <id> , <hex> (ptp: node not yet ready to respond), unknown error:( <num> ), rollback: <num>",1,Thunderbird_C0001730,1,1,"panfs exception: at <id>, <hex> (ptp: node not yet ready to respond), unknown error: (<num>), rollback: <num>",1,1,frequency_representative
11115691,"pan_ips: error -- tx sched dequeue and send mod, 0x23a1 (pan_sock: timeout), err_loc=4, rhel_4_amd64/release/build/panfs/ips/pan_ips_tx_sched.c:1730",E89,"pan_ips: error -- tx sched dequeue and send mod, <*> (pan_sock: timeout), err_loc=<*>, <*>",90,"pan_ips: error -- tx sched dequeue and send mod, <hex> (pan_sock: timeout), err_loc= <num> , <id> /release/build/panfs/ips/ <id>",1,Thunderbird_C0001731,1,90,"pan_ips: error-- tx sched dequeue and send mod, <hex> (pan_sock: timeout), err_loc = <num>, <id>/release/build/panfs/ips/<id>",1,1,frequency_representative
11115692,"pan_ips: error -- tx sched send next, 0x23a1 (pan_sock: timeout), err_loc=9, rhel_4_amd64/release/build/panfs/ips/pan_ips_tx_sched.c:1283",E130,"pan_ips: error -- tx sched send next, <*> (pan_sock: timeout), err_loc=<*>, <*>",91,"pan_ips: error -- tx sched send next, <hex> (pan_sock: timeout), err_loc= <num> , <id> /release/build/panfs/ips/ <id>",1,Thunderbird_C0001732,2,92,"pan_ips: error-- <*> <*> <*> <*>, <hex> (pan_sock: timeout), err_loc = <num>, <id>/release/build/panfs/ips/<id>",2,1,frequency_representative
11116083,"pan_ips: error -- worker initiator write callback, 0x23a1 (pan_sock: timeout), err_loc=2, rhel_4_amd64/release/build/panfs/ips/pan_ips_worker.c:2370",E74,"pan_ips: error -- worker initiator write callback, <*> (pan_sock: timeout), err_loc=<*>, <*>",1,"pan_ips: error -- worker initiator write callback, <hex> (pan_sock: timeout), err_loc= <num> , <id> /release/build/panfs/ips/ <id>",1,Thunderbird_C0001732,2,92,"pan_ips: error-- <*> <*> <*> <*>, <hex> (pan_sock: timeout), err_loc = <num>, <id>/release/build/panfs/ips/<id>",2,2,complex_sample
11115693,"pan_ips: error -- tx sched send, 0x23a1 (pan_sock: timeout), err_loc=4, rhel_4_amd64/release/build/panfs/ips/pan_ips_tx_sched.c:675",E156,"pan_ips: error -- tx sched send, <*> (pan_sock: timeout), err_loc=<*>, <*>",90,"pan_ips: error -- tx sched send, <hex> (pan_sock: timeout), err_loc= <num> , <id> /release/build/panfs/ips/ <id>",1,Thunderbird_C0001733,1,90,"pan_ips: error-- tx sched send, <hex> (pan_sock: timeout), err_loc = <num>, <id>/release/build/panfs/ips/<id>",1,1,frequency_representative
11115762,fs_client_release: last call to write_page on object I-xD020038da11df0002-xGf5edfff4-xU7651651050ade001 failed with 0x1a30 (fs client: Interrupted system call); data #15# be dropped (line 523),E43,fs_client_release: last call to write_page on object <*> failed with <*> (fs client: <*>); data <*> be dropped (line <*>),36,fs_client_release: last call to write_page on object <id> failed with <hex> (fs client: interrupted system call); data # <num> # be dropped (line <num> ),36,Thunderbird_C0001734,36,36,fs_client_release: last call to write_page on object <id> failed with <hex> (fs client: interrupted system call); data # <num> # be dropped (line <num>),1,1,frequency_representative
11115763,fs_client_writepage: llapi_io_sync failed (0x1a30 (fs client: Interrupted system call)); data #15# be dropped,E101,fs_client_writepage: llapi_io_sync failed (<*> (fs client: <*>)); data <*> be dropped,37,fs_client_writepage: llapi_io_sync failed ( <hex> (fs client: interrupted system call)); data # <num> # be dropped,1,Thunderbird_C0001735,1,37,fs_client_writepage: llapi_io_sync failed (<hex> (fs client: interrupted system call)); data # <num> # be dropped,1,1,frequency_representative
11116079,pan_ips: error -- cmd_destroy: destroying aborted (rc=0x23a1 (pan_sock: timeout)) command 0xffffff0011a9a348 (0:0:4),E63,pan_ips: error -- cmd_destroy: destroying aborted (rc=<*> (pan_sock: timeout)) command <*> (<*>),1,pan_ips: error -- cmd_destroy: destroying aborted (rc= <hex> (pan_sock: timeout)) command <hex> ( <ip> ),1,Thunderbird_C0001736,1,1,pan_ips: error-- cmd_destroy: destroying aborted (rc = <hex> (pan_sock: timeout)) command <hex> (<ip>),1,1,frequency_representative
11116080,pan_ips: error -- cmd_destroy: invoking callback on aborted (rc=0x23a1 (pan_sock: timeout)) command 0xffffff0011a9a348,E51,pan_ips: error -- cmd_destroy: invoking callback on aborted (rc=<*> (pan_sock: timeout)) command <*>,1,pan_ips: error -- cmd_destroy: invoking callback on aborted (rc= <hex> (pan_sock: timeout)) command <hex>,1,Thunderbird_C0001737,1,1,pan_ips: error-- cmd_destroy: invoking callback on aborted (rc = <hex> (pan_sock: timeout)) command <hex>,1,1,frequency_representative
11116245,pan_sam: I-xD020038da11df0002-xGf5edfff4-xU4076087033d4282b: unable to report I/O error(s) to SM 0x020038da11df0002(SM): 0x107c (SM: object cache entry is locked for a long period),E44,pan_sam: <*>: unable to report I/O error(s) to SM <*>(SM): <*> (SM: object cache entry is locked for a long period),6,pan_sam: <id> : unable to report i/o error(s) to sm <hex> (sm): <hex> (sm: object cache entry is locked for a long period),6,Thunderbird_C0001738,6,6,pan_sam: <id>: unable to report i/o error (s) to sm <hex> (sm): <hex> (sm: object cache entry is locked for a long period),1,1,frequency_representative
11121544,jBCBDkUJ022822: jBCBDkUK022822: sender notify: Warning: could not send message for past 4 hours,E170,<*>: <*>: sender notify: Warning: could not send message for past <*> hours,2,<id> : <id> : sender notify: warning: could not send message for past <num> hours,2,Thunderbird_C0001739,2,2,<id>: <id>: sender notify: warning: could not send message for past <num> hours,1,1,frequency_representative
11166481,mount to NFS server '10.0.3.7' failed: server is down.,E390,mount to NFS server <*> failed: server is down.,2,mount to nfs server ' <ip> ' failed: server is down.,1,Thunderbird_C0001740,1,2,mount to nfs server ' <ip> ' failed: server is down.,1,1,frequency_representative
11166560,"using #88#:1, 0x23a1 (pan_sock: timeout)",E798,"using <*>, <*> (pan_sock: timeout)",2,"using # <num> #: <num> , <hex> (pan_sock: timeout)",2,Thunderbird_C0001741,2,2,"using # <num> #: <num>, <hex> (pan_sock: timeout)",1,1,frequency_representative
11167637,mount to NFS server '10.0.3.7' failed,E790,mount to NFS server <*> failed,4,mount to nfs server ' <ip> ' failed,1,Thunderbird_C0001742,1,4,mount to nfs server ' <ip> ' failed,1,1,frequency_representative
11208378,foo,E1240,foo,2,foo,1,Thunderbird_C0001743,1,2,foo,1,1,frequency_representative
11221646,mount: fs type panfs not supported by kernel,E553,mount: fs type <*> not supported by kernel,4,mount: fs type panfs not supported by kernel,1,Thunderbird_C0001744,1,4,mount: fs type panfs not supported by kernel,1,1,frequency_representative
11262835,mpqc[14064]: segfault at 0000000000000000 rip 0000000005b3b40d rsp 0000007fbfffb2e0 error 4,E806,<*>[<*>]: segfault at <*> rip <*> rsp <*> error <*>,8,mpqc[ <num> ]: segfault at <hex> rip <hex> rsp <hex> error <num>,8,Thunderbird_C0001745,8,8,mpqc [<num>]: segfault at <hex> rip <hex> rsp <hex> error <num>,1,1,frequency_representative
11405537,jBDB4SJX029155: Losing qfjBDB4SJX029155: savemail panic,E895,<*>: Losing <*>: savemail panic,5,<id> : losing <id> : savemail panic,5,Thunderbird_C0001746,5,5,<id>: losing <id>: savemail panic,1,1,frequency_representative
11405539,jBDB4SJX029155: SYSERR(root): savemail: cannot save rejected email anywhere,E207,<*>: SYSERR(<*>): savemail: cannot save rejected email anywhere,5,<id> : syserr(root): savemail: cannot save rejected email anywhere,5,Thunderbird_C0001747,5,5,<id>: syserr (root): savemail: cannot save rejected email anywhere,1,1,frequency_representative
11481832,recv_rply: can't decode RPC message!,E544,recv_rply: can't decode RPC message!,1,recv_rply: can't decode rpc message!,1,Thunderbird_C0001748,1,1,recv_rply: can ' t decode rpc message!,1,1,frequency_representative
11482709,#57# : TTY=pts/10 ; PWD=/home/#57# ; USER=root ; COMMAND=/usr/bin/ssh an3,E768,<*> : TTY=<*> ; PWD=<*> ; USER=<*> ; COMMAND=<*>,1,# <num> # : tty=pts/ <num> ; pwd=/home/# <num> # ; user=root ; command=/usr/bin/ssh an3,1,Thunderbird_C0001749,1,1,# <num> #: tty = pts/<num>; pwd =/home/# <num> #; user = root; command =/usr/bin/ssh an 3,1,1,frequency_representative
11512451,[CONF]: [super]: config snmp-server host 10.100.248.7,E437,[CONF]: [super]: config snmp-server host <*>,1,[conf]: [super]: config snmp-server host <ip>,1,Thunderbird_C0001750,1,1,[conf]: [super]: config snmp-server host <ip>,1,1,frequency_representative
11512777,[CONF]: [super]: config snmp-server enable traps authentication 1,E148,[CONF]: [super]: config snmp-server enable traps authentication <*>,1,[conf]: [super]: config snmp-server enable traps authentication <num>,1,Thunderbird_C0001751,1,1,[conf]: [super]: config snmp-server enable traps authentication <num>,1,1,frequency_representative
11531281,root : TTY=pts/0 ; PWD=/root ; USER=root ; COMMAND=/usr/bin/ssh am15,E768,<*> : TTY=<*> ; PWD=<*> ; USER=<*> ; COMMAND=<*>,1,root : tty=pts/ <num> ; pwd=/root ; user=root ; command=/usr/bin/ssh am15,1,Thunderbird_C0001752,2,2,root: tty = pts/<num>; pwd =/root; user = root; command =/usr/bin/ssh <*> 15,2,1,frequency_representative
11531282,root : TTY=pts/0 ; PWD=/root ; USER=root ; COMMAND=/usr/bin/ssh an15,E768,<*> : TTY=<*> ; PWD=<*> ; USER=<*> ; COMMAND=<*>,1,root : tty=pts/ <num> ; pwd=/root ; user=root ; command=/usr/bin/ssh an15,1,Thunderbird_C0001752,2,2,root: tty = pts/<num>; pwd =/root; user = root; command =/usr/bin/ssh <*> 15,2,2,complex_sample
11778767,#57# : TTY=pts/0 ; PWD=/home/#57# ; USER=root ; COMMAND=/usr/bin/omconfig system esmlog,E768,<*> : TTY=<*> ; PWD=<*> ; USER=<*> ; COMMAND=<*>,1,# <num> # : tty=pts/ <num> ; pwd=/home/# <num> # ; user=root ; command=/usr/bin/omconfig system esmlog,1,Thunderbird_C0001753,2,2,# <num> #: tty = pts/<num>; pwd =/home/# <num> #; user = root; command =/usr/bin/<*> system esmlog,2,1,frequency_representative
11778778,#57# : TTY=pts/0 ; PWD=/home/#57# ; USER=root ; COMMAND=/usr/bin/omreport system esmlog,E768,<*> : TTY=<*> ; PWD=<*> ; USER=<*> ; COMMAND=<*>,1,# <num> # : tty=pts/ <num> ; pwd=/home/# <num> # ; user=root ; command=/usr/bin/omreport system esmlog,1,Thunderbird_C0001753,2,2,# <num> #: tty = pts/<num>; pwd =/home/# <num> #; user = root; command =/usr/bin/<*> system esmlog,2,2,complex_sample
11780818,[INFO]: IB SM worker 1 PID= 1933,E900,[INFO]: IB SM worker <*> PID= <*>,50,[info]: ib sm worker <num> pid= <num>,50,Thunderbird_C0001754,50,50,[info]: ib sm worker <num> pid = <num>,1,1,frequency_representative
11789729,root : TTY=pts/3 ; PWD=/home/#57# ; USER=root ; COMMAND=/bin/su - #26# -c /mnt_projects/sysapps/#125#-test/nodehwtest/RUN_NODE_TEST_STEP2.sh bn384,E768,<*> : TTY=<*> ; PWD=<*> ; USER=<*> ; COMMAND=<*>,1,root : tty=pts/ <num> ; pwd=/home/# <num> # ; user=root ; command=/bin/su - # <num> # -c /mnt_projects/sysapps/# <num> #-test/nodehwtest/ <id> bn384,1,Thunderbird_C0001755,1,1,root: tty = pts/<num>; pwd =/home/# <num> #; user = root; command =/bin/su-# <num> #-c/mnt_projects/sysapps/# <num> #-test/nodehwtest/<id> bn 384,1,1,frequency_representative
11789730,#57# : TTY=pts/3 ; PWD=/home/#57# ; USER=root ; COMMAND=/apps/breakfix-testing/step2a.sh bn384,E768,<*> : TTY=<*> ; PWD=<*> ; USER=<*> ; COMMAND=<*>,1,# <num> # : tty=pts/ <num> ; pwd=/home/# <num> # ; user=root ; command= <path> bn384,1,Thunderbird_C0001756,1,1,# <num> #: tty = pts/<num>; pwd =/home/# <num> #; user = root; command = <path> bn 384,1,1,frequency_representative
11789837,root : TTY=pts/3 ; PWD=/home/#57# ; USER=root ; COMMAND=/bin/su - #26# -c /mnt_projects/sysapps/#125#-test/nodehwtest/RUN_NODE_TEST_STEP2.sh dn146,E768,<*> : TTY=<*> ; PWD=<*> ; USER=<*> ; COMMAND=<*>,1,root : tty=pts/ <num> ; pwd=/home/# <num> # ; user=root ; command=/bin/su - # <num> # -c /mnt_projects/sysapps/# <num> #-test/nodehwtest/ <id> dn146,1,Thunderbird_C0001757,1,1,root: tty = pts/<num>; pwd =/home/# <num> #; user = root; command =/bin/su-# <num> #-c/mnt_projects/sysapps/# <num> #-test/nodehwtest/<id> dn 146,1,1,frequency_representative
11789838,#57# : TTY=pts/3 ; PWD=/home/#57# ; USER=root ; COMMAND=/apps/breakfix-testing/step2a.sh dn146,E768,<*> : TTY=<*> ; PWD=<*> ; USER=<*> ; COMMAND=<*>,1,# <num> # : tty=pts/ <num> ; pwd=/home/# <num> # ; user=root ; command= <path> dn146,1,Thunderbird_C0001758,1,1,# <num> #: tty = pts/<num>; pwd =/home/# <num> #; user = root; command = <path> dn 146,1,1,frequency_representative
11886980,"Device: /dev/sda, SMART Failure: HARDWARE IMPENDING FAILURE DATA ERROR RATE TOO HIGH",E103,"Device: <*>, SMART Failure: HARDWARE IMPENDING FAILURE DATA ERROR RATE TOO HIGH",580,"device: /dev/sda, smart failure: hardware impending failure data error rate too high",1,Thunderbird_C0001759,1,580,"device:/dev/sda, smart failure: hardware impending failure data error rate too high",1,1,frequency_representative
11886983,Sending warning via mail to #7#@localhost.localdomain ...,E723,Sending warning via mail to <*> ...,2,sending warning via mail to # <email> ...,1,Thunderbird_C0001760,1,2,sending warning via mail to # <email>...,1,1,frequency_representative
11886996,"jBEGFTxT001794: from=root, size=547, class=0, nrcpts=1, msgid=<200512141615.jBEGFTxT001794@localhost.localdomain>, relay=#7#@localhost",E346,"<*>: from=<*>, size=<*>, class=<*>, nrcpts=<*>, msgid=<*>, relay=<*>",1,"<id> : from=root, size= <num> , class= <num> , nrcpts= <num> , <email> >, relay=# <num> #@localhost",1,Thunderbird_C0001761,1,1,"<id>: from = root, size = <num>, class = <num>, nrcpts = <num>, <email> >, relay = # <num> # @ localhost",1,1,frequency_representative
11887000,Warning via mail to #7#@localhost.localdomain: successful,E684,Warning via mail to <*>: successful,2,warning via mail to # <email> : successful,1,Thunderbird_C0001762,1,2,warning via mail to # <email>: successful,1,1,frequency_representative
11889384,"panfs exception: at l_supe.c:510, 0x2b43 (rmm: Rejecting mount request from client with badly unsynced clock.), unknown error:(5), rollback: 7",E17,"panfs exception: at l_supe.c:<*>, <*> (rmm: Rejecting mount request from client with badly unsynced clock.), unknown error:(<*>), rollback: <*>",2,"panfs exception: at <id> , <hex> (rmm: rejecting mount request from client with badly unsynced clock.), unknown error:( <num> ), rollback: <num>",1,Thunderbird_C0001763,1,2,"panfs exception: at <id>, <hex> (rmm: rejecting mount request from client with badly unsynced clock.), unknown error: (<num>), rollback: <num>",1,1,frequency_representative
11889390,panfs mount: error: problem contacting up realm 0x2b43 (rmm: Rejecting mount request from client with badly unsynced clock.),E29,panfs mount: error: problem contacting up realm <*> (rmm: Rejecting mount request from client with badly unsynced clock.),2,panfs mount: error: problem contacting up realm <hex> (rmm: rejecting mount request from client with badly unsynced clock.),1,Thunderbird_C0001764,1,2,panfs mount: error: problem contacting up realm <hex> (rmm: rejecting mount request from client with badly unsynced clock.),1,1,frequency_representative
11895501,[INFO]: Operation failed: show arp ethernet,E822,[INFO]: Operation failed: <*>,1,[info]: operation failed: show arp ethernet,1,Thunderbird_C0001765,1,1,[info]: operation failed: show arp ethernet,1,1,frequency_representative
11895502,[INFO]: Operation failed: show arp ib,E822,[INFO]: Operation failed: <*>,1,[info]: operation failed: show arp ib,1,Thunderbird_C0001766,1,1,[info]: operation failed: show arp ib,1,1,frequency_representative
11895503,[INFO]: Operation failed: show ib dm ioc,E822,[INFO]: Operation failed: <*>,1,[info]: operation failed: show ib dm ioc,1,Thunderbird_C0001767,1,1,[info]: operation failed: show ib dm ioc,1,1,frequency_representative
11895504,[INFO]: Operation failed: show ib dm ioc all services,E822,[INFO]: Operation failed: <*>,1,[info]: operation failed: show ib dm ioc all services,1,Thunderbird_C0001768,1,1,[info]: operation failed: show ib dm ioc all services,1,1,frequency_representative
11895505,[INFO]: Operation failed: show ib dm iou,E822,[INFO]: Operation failed: <*>,1,[info]: operation failed: show ib dm iou,1,Thunderbird_C0001769,1,1,[info]: operation failed: show ib dm iou,1,1,frequency_representative
11902598,root : TTY=pts/3 ; PWD=/home/#57# ; USER=root ; COMMAND=/bin/su - #26# -c /mnt_projects/sysapps/#125#-test/nodehwtest/RUN_NODE_TEST_STEP2.sh bn806,E768,<*> : TTY=<*> ; PWD=<*> ; USER=<*> ; COMMAND=<*>,1,root : tty=pts/ <num> ; pwd=/home/# <num> # ; user=root ; command=/bin/su - # <num> # -c /mnt_projects/sysapps/# <num> #-test/nodehwtest/ <id> bn806,1,Thunderbird_C0001770,1,1,root: tty = pts/<num>; pwd =/home/# <num> #; user = root; command =/bin/su-# <num> #-c/mnt_projects/sysapps/# <num> #-test/nodehwtest/<id> bn 806,1,1,frequency_representative
11902599,#57# : TTY=pts/3 ; PWD=/home/#57# ; USER=root ; COMMAND=/apps/breakfix-testing/step2a.sh bn806,E768,<*> : TTY=<*> ; PWD=<*> ; USER=<*> ; COMMAND=<*>,1,# <num> # : tty=pts/ <num> ; pwd=/home/# <num> # ; user=root ; command= <path> bn806,1,Thunderbird_C0001771,1,1,# <num> #: tty = pts/<num>; pwd =/home/# <num> #; user = root; command = <path> bn 806,1,1,frequency_representative
11902763,#57# : TTY=pts/3 ; PWD=/home/#57# ; USER=root ; COMMAND=/apps/#125#-test/nodehwtest/CHECK_NODE_TEST.sh bn806,E768,<*> : TTY=<*> ; PWD=<*> ; USER=<*> ; COMMAND=<*>,1,# <num> # : tty=pts/ <num> ; pwd=/home/# <num> # ; user=root ; command=/apps/# <num> #-test/nodehwtest/check_node_test.sh bn806,1,Thunderbird_C0001772,1,1,# <num> #: tty = pts/<num>; pwd =/home/# <num> #; user = root; command =/apps/# <num> #-test/nodehwtest/check_node_test. sh bn 806,1,1,frequency_representative
11902820,#57# : TTY=pts/3 ; PWD=/home/#57# ; USER=root ; COMMAND=/apps/#125#-test/nodehwtest/CHECK_NODE_TEST.sh an319,E768,<*> : TTY=<*> ; PWD=<*> ; USER=<*> ; COMMAND=<*>,2,# <num> # : tty=pts/ <num> ; pwd=/home/# <num> # ; user=root ; command=/apps/# <num> #-test/nodehwtest/check_node_test.sh an319,1,Thunderbird_C0001773,1,2,# <num> #: tty = pts/<num>; pwd =/home/# <num> #; user = root; command =/apps/# <num> #-test/nodehwtest/check_node_test. sh an 319,1,1,frequency_representative
12050308,Osa: MAX7311: getPortValue failed port=0 location=0x01034267 ra=0x800561cc,E359,Osa: <*>: getPortValue failed port=<*> location=<*> ra=<*>,14,osa: max7311: getportvalue failed port= <num> location= <hex> ra= <hex>,10,Thunderbird_C0001774,10,14,osa: max 7311: getportvalue failed port = <num> location = <hex> ra = <hex>,1,1,frequency_representative
12128452,NOQUEUE: SYSERR(root): can not chdir(/var/spool/clientmqueue/): Permission denied,E241,NOQUEUE: SYSERR(<*>): can not chdir(<*>): Permission denied,2,noqueue: syserr(root): can not chdir( <path> ): permission denied,1,Thunderbird_C0001775,1,2,noqueue: syserr (root): can not chdir (<path>): permission denied,1,1,frequency_representative
12168975,"[INFO]: Failed to add pgid fe800000000000000005ad0000041cb1 to mgid ff12401bffff000000000000ffffffff, status 512",E487,"[INFO]: Failed to add pgid <*> to mgid <*>, status <*>",3,"[info]: failed to add pgid <hex> to mgid <hex> , status <num>",3,Thunderbird_C0001776,3,3,"[info]: failed to add pgid <hex> to mgid <hex>, status <num>",1,1,frequency_representative
12259480,"User bcarnes, coming from #615#, authenticated.",E603,"User <*>, coming from <*>, authenticated.",25,"user bcarnes, coming from # <num> #, authenticated.",1,Thunderbird_C0001777,1,25,"user bcarnes, coming from # <num> #, authenticated.",1,1,frequency_representative
12293769,#113# : TTY=pts/0 ; PWD=/home/#113#/tmp/MPIH-4node-hang ; USER=root ; COMMAND=/bin/chown #113# .,E768,<*> : TTY=<*> ; PWD=<*> ; USER=<*> ; COMMAND=<*>,1,# <num> # : tty=pts/ <num> ; pwd=/home/# <num> # <path> ; user=root ; command=/bin/chown # <num> # .,1,Thunderbird_C0001778,1,1,# <num> #: tty = pts/<num>; pwd =/home/# <num> # <path>; user = root; command =/bin/chown # <num> #.,1,1,frequency_representative
12339818,Kerberos authentication as user #145# accepted for #145#@#24#.,E353,Kerberos authentication as user <*> accepted for <*>.,2,kerberos authentication as user # <num> # accepted for # <num> #@# <num> #.,1,Thunderbird_C0001779,1,2,kerberos authentication as user # <num> # accepted for # <num> # @ # <num> #.,1,1,frequency_representative
12394558,"Info fld=0x2f95214, Current sda: sense key Hardware Error",E335,"Info fld=<*>, Current sda: sense key Hardware Error",3,"info fld= <hex> , current sda: sense key hardware error",3,Thunderbird_C0001780,3,3,"info fld = <hex>, current sda: sense key hardware error",1,1,frequency_representative
12500303,command = Test Unit Ready 00 00 00 00 00,E889,command = Test Unit Ready <*>,4,command = test unit ready <num> <num> <num> <num> <num>,1,Thunderbird_C0001781,1,4,command = test unit ready <num> <num> <num> <num> <num>,1,1,frequency_representative
12500304,mptscsih: ioc0: attempting task abort! (sc=00000101bddee480),E475,mptscsih: <*>: attempting task abort! (sc=<*>),4,mptscsih: ioc0: attempting task abort! (sc= <hex> ),1,Thunderbird_C0001782,1,4,mptscsih: ioc 0: attempting task abort! (sc = <hex>),1,1,frequency_representative
12500305,"scsi0 : destination target 0, lun 0",E871,"<*> : destination target <*>, lun <*>",6,"scsi0 : destination target <num> , lun <num>",1,Thunderbird_C0001783,1,6,"scsi 0: destination target <num>, lun <num>",1,1,frequency_representative
12500309,command = Write (10) 00 03 d0 db 3f 00 00 50 00,E1094,command = Write (<*>) <*>,2,command = write ( <num> ) <num> <num> d0 db 3f <num> <num> <num> <num>,1,Thunderbird_C0001784,1,2,command = write (<num>) <num> <num> d 0 db 3 f <num> <num> <num> <num>,1,1,frequency_representative
12500324,mptbase: ioc0: IOCStatus(0x0048): SCSI Task Terminated,E375,mptbase: <*>: IOCStatus(<*>): SCSI Task Terminated,2,mptbase: ioc0: iocstatus( <hex> ): scsi task terminated,1,Thunderbird_C0001785,1,2,mptbase: ioc 0: iocstatus (<hex>): scsi task terminated,1,1,frequency_representative
12602995,"jBGJa2Ka026266: from=#280#, size=52, class=0, nrcpts=1, msgid=<200512161936.jBGJa2Ka026266@#73#>, relay=#280#@localhost",E346,"<*>: from=<*>, size=<*>, class=<*>, nrcpts=<*>, msgid=<*>, relay=<*>",1,"<id> : from=# <num> #, size= <num> , class= <num> , nrcpts= <num> , msgid=< <hex> . <id> @# <num> #>, relay=# <num> #@localhost",1,Thunderbird_C0001786,1,1,"<id>: from = # <num> #, size = <num>, class = <num>, nrcpts = <num>, msgid = < <hex>. <id> @ # <num> # >, relay = # <num> # @ localhost",1,1,frequency_representative
12714593,"EXT3-fs error (device sda6): read_inode_bitmap: Cannot read inode bitmap - block_group = 194, inode_bitmap = 6356993",E55,"<*> error (device <*>): read_inode_bitmap: Cannot read inode bitmap - block_group = <*>, inode_bitmap = <*>",1,"ext3-fs error (device sda6): read_inode_bitmap: cannot read inode bitmap - block_group = <num> , inode_bitmap = <num>",1,Thunderbird_C0001787,1,1,"ext 3-fs error (device sda 6): read_inode_bitmap: cannot read inode bitmap-block_group = <num>, inode_bitmap = <num>",1,1,frequency_representative
13241262,#57# : TTY=pts/3 ; PWD=/home/#57# ; USER=root ; COMMAND=/apps/torque/bin/pbsnodes -o an176 an421 bn437 bn508 dn999,E768,<*> : TTY=<*> ; PWD=<*> ; USER=<*> ; COMMAND=<*>,1,# <num> # : tty=pts/ <num> ; pwd=/home/# <num> # ; user=root ; command= <path> -o an176 an421 bn437 bn508 dn999,1,Thunderbird_C0001788,1,1,# <num> #: tty = pts/<num>; pwd =/home/# <num> #; user = root; command = <path>-o an 176 an 421 bn 437 bn 508 dn 999,1,1,frequency_representative
13316635,#98# : TTY=pts/3 ; PWD=/scratch3 ; USER=root ; COMMAND=/bin/su -,E768,<*> : TTY=<*> ; PWD=<*> ; USER=<*> ; COMMAND=<*>,1,# <num> # : tty=pts/ <num> ; pwd=/ <id> ; user=root ; command=/bin/su -,1,Thunderbird_C0001789,1,1,# <num> #: tty = pts/<num>; pwd =/<id>; user = root; command =/bin/su -,1,1,frequency_representative
13548947,sendmail shutdown failed,E1114,<*> shutdown failed,1,sendmail shutdown failed,1,Thunderbird_C0001790,1,1,sendmail shutdown failed,1,1,frequency_representative
13606607,Lustre: 10546:0:(import.c:145:ptlrpc_set_import_discon()) OSC_#9#_ostca879sde_MNT_client: connection lost to #647#@NID_ca879_UUID,E634,Lustre: <*>:(<*>) <*>: connection lost to <*>,1,lustre: <num> : <num> :( <id> ()) osc_# <num> # <id> : connection lost to # <num> #@ <id>,1,Thunderbird_C0001791,1,1,lustre: <num>: <num>: (<id> ()) osc_ # <num> # <id>: connection lost to # <num> # @ <id>,1,1,frequency_representative
13606608,"LustreError: 10546:0:(ldlm_request.c:76:ldlm_expired_completion_wait()) ### lock timed out (enqueued 0s ago), entering recovery for #647#@NID_ca879_UUID ns: OSC_#9#_ostca879sde_MNT_client lock: 000001010c3f0080/0x3fdbc0f3598d51fd lrc: 3/0,1 mode: --/PW res: 9/0 rrc: 1 type: EXT [606076928->607125503] (req 606076928->607125503) flags: 0 remote: 0xd1e46db8840f9fb3 expref: -99 pid: 10546",E16,"LustreError: <*> ### lock timed out (enqueued <*> ago), entering recovery for <*> ns: <*> lock: <*> lrc: <*> mode: <*> res: <*> rrc: <*> type: <*> flags: <*> remote: <*> expref: <*> pid: <*>",1,"lustreerror: <num> : <num> :( <id> ()) ### lock timed out (enqueued 0s ago), entering recovery for # <num> #@ <id> ns: osc_# <num> # <id> lock: <hex> / <hex> lrc: <num> / <num> , <num> mode: --/pw res: <num> / <num> rrc: <num> type: ext [ <num> -> <num> ] (req <num> -> <num> ) flags: <num> remote: <hex> expref: <num> pid: <num>",1,Thunderbird_C0001792,1,1,"lustreerror: <num>: <num>: (<id> ()) # # # lock timed out (enqueued 0 s ago), entering recovery for # <num> # @ <id> ns: osc_ # <num> # <id> lock: <hex>/<hex> lrc: <num>/<num>, <num> mode:--/pw res: <num>/<num> rrc: <num> type: ext [<num>-> <num>] (req <num>-> <num>) flags: <num> remote: <hex> expref: <num> pid: <num>",1,1,frequency_representative
13606609,LustreError: Connection to service ostca879sde via nid 10.0.4.79 was lost; in progress operations using this service #15# wait for recovery to complete.,E22,LustreError: Connection to service <*> via nid <*> was lost; in progress operations using this service <*> wait for recovery to complete.,1,lustreerror: connection to service <id> via nid <ip> was lost; in progress operations using this service # <num> # wait for recovery to complete.,1,Thunderbird_C0001793,1,1,lustreerror: connection to service <id> via nid <ip> was lost; in progress operations using this service # <num> # wait for recovery to complete.,1,1,frequency_representative
13606619,Lustre: Connection restored to service ostca879sde using nid 10.0.4.79.,E312,Lustre: Connection restored to service <*> using nid <*>.,1,lustre: connection restored to service <id> using nid <ip> .,1,Thunderbird_C0001794,1,1,lustre: connection restored to service <id> using nid <ip>.,1,1,frequency_representative
13902396,dcdbas device driver built for kernel 2.6.9-1.4.5.6smp,E705,<*> device driver built for kernel <*>-<*>,4,dcdbas device driver built for kernel <id>,1,Thunderbird_C0001795,1,4,dcdbas device driver built for kernel <id>,1,1,frequency_representative
13902408,dcdipm device driver built for kernel 2.6.9-1.4.5.6smp,E705,<*> device driver built for kernel <*>-<*>,4,dcdipm device driver built for kernel <id>,1,Thunderbird_C0001796,1,4,dcdipm device driver built for kernel <id>,1,1,frequency_representative
13902923,statd running as root. chown /var/lib/nfs/statd/sm to choose different user,E338,statd running as <*>. chown <*> to choose different user,4,statd running as root. chown /var/lib/nfs/statd/sm to choose different user,1,Thunderbird_C0001797,1,4,statd running as root. chown/var/lib/nfs/statd/sm to choose different user,1,1,frequency_representative
13904324,dcdbas device driver build failed for kernel 2.6.9-1.4.5.6smp. DKS failed to find kernel source at /lib/modules/2.6.9-1.4.5.6smp/build. DKS requires kernel source to build device drivers.,E27,<*> device driver build failed for kernel <*>-<*>. <*> failed to find kernel source at <*>. <*> requires kernel source to build device drivers.,332,dcdbas device driver build failed for kernel <id> . dks failed to find kernel source at <path> dks requires kernel source to build device drivers.,1,Thunderbird_C0001798,1,332,dcdbas device driver build failed for kernel <id>. dks failed to find kernel source at <path> dks requires kernel source to build device drivers.,1,1,frequency_representative
13904578,#117# : TTY=pts/1 ; PWD=/home/#117# ; USER=root ; COMMAND=/bin/su -0,E768,<*> : TTY=<*> ; PWD=<*> ; USER=<*> ; COMMAND=<*>,1,# <num> # : tty=pts/ <num> ; pwd=/home/# <num> # ; user=root ; command=/bin/su <num>,1,Thunderbird_C0001799,1,1,# <num> #: tty = pts/<num>; pwd =/home/# <num> #; user = root; command =/bin/su <num>,1,1,frequency_representative
13922555,FATAL: Could not load /lib/modules/2.6.9-1.4.5.6smp/modules.dep: No such file or directory,E351,FATAL: Could not load <*>: No such file or directory,1706,fatal: could not load <path> no such file or directory,1,Thunderbird_C0001800,1,1706,fatal: could not load <path> no such file or directory,1,1,frequency_representative
13922580,Server listening on 0.0.0.0 port 22.,E864,Server listening on <*> port <*>.,132,server listening on <ip> port <num> .,1,Thunderbird_C0001801,1,132,server listening on <ip> port <num>.,1,1,frequency_representative
13922769,Accepted publickey for root from 10.100.32.250 port 39487 ssh2,E561,Accepted publickey for <*> from <*> port <*> ssh2,650,accepted publickey for root from <ip> port <num> ssh2,650,Thunderbird_C0001802,650,650,accepted publickey for root from <ip> port <num> ssh 2,1,1,frequency_representative
13924054,fstab-sync[2699]: segfault at 0000000000000000 rip 00000038c39031e7 rsp 0000007fbfffed20 error 4,E806,<*>[<*>]: segfault at <*> rip <*> rsp <*> error <*>,1,fstab-sync[ <num> ]: segfault at <hex> rip <hex> rsp <hex> error <num>,1,Thunderbird_C0001803,1,1,fstab-sync [<num>]: segfault at <hex> rip <hex> rsp <hex> error <num>,1,1,frequency_representative
13925937,Unmounting Lustre filesystems: succeeded,E866,Unmounting <*> filesystems: <*>,1,unmounting lustre filesystems: succeeded,1,Thunderbird_C0001804,1,1,unmounting lustre filesystems: succeeded,1,1,frequency_representative
13944359,dcdbas device driver build failed for kernel 2.6.9-1.4.5.6smp. Check /var/log/dcdbas.dks.log for build error.,E141,dcdbas device driver build failed for kernel <*>. Check <*> for build error.,1,dcdbas device driver build failed for kernel <id> . check /var/log/dcdbas.dks.log for build error.,1,Thunderbird_C0001805,1,1,dcdbas device driver build failed for kernel <id>. check/var/log/dcdbas. dks. log for build error.,1,1,frequency_representative
13984796,invcol Error: Cannot create directory /tmp/1944_2937. Please ensure there,E190,invcol Error: Cannot create directory <*>. Please ensure there,68,invcol error: cannot create directory <path> please ensure there,58,Thunderbird_C0001806,58,68,invcol error: cannot create directory <path> please ensure there,1,1,frequency_representative
13948836,is enough space.,E1101,is enough space.,68,is enough space.,1,Thunderbird_C0001807,1,68,is enough space.,1,1,frequency_representative
14079385,(CRON) STAT FAILED (/etc/cron.d),E1008,(CRON) STAT FAILED (<*>),44,(cron) stat failed (/etc/cron.d),1,Thunderbird_C0001808,1,44,(cron) stat failed (/ etc/cron. d),1,1,frequency_representative
14136762,sshd[3401]: segfault at 0000000000000001 rip 0000002a9566fc54 rsp 0000007fbfffc330 error 4,E806,<*>[<*>]: segfault at <*> rip <*> rsp <*> error <*>,18,sshd[ <num> ]: segfault at <hex> rip <hex> rsp <hex> error <num>,6,Thunderbird_C0001809,6,18,sshd [<num>]: segfault at <hex> rip <hex> rsp <hex> error <num>,1,1,frequency_representative
14152036,MOSAL(4): mnt_projects/sysapps/src/ib/topspin/topspin-src-3.2.0-16/third_party/thca4_linux/kernel/mlxsys/obj_host_amd64_custom1_rhel4/mlxsys/mosal_mlock.c[290]: unlock_it: unknown error (-11),E489,MOSAL(<*>): <*>[<*>]: unlock_it: unknown error (<*>),2278,mosal( <num> ): mnt_projects/sysapps/src/ib/topspin/ <id> /third_party/ <id> /kernel/mlxsys/ <id> /mlxsys/mosal_mlock.c[ <num> ]: unlock_it: unknown error ( <num> ),1,Thunderbird_C0001810,1,2278,mosal (<num>): mnt_projects/sysapps/src/ib/topspin/<id>/third_party/<id>/kernel/mlxsys/<id>/mlxsys/mosal_mlock. c [<num>]: unlock_it: unknown error (<num>),1,1,frequency_representative
14152049,VIPKL(1): [create_mr] MM_bld_hh_mr failed (-253:VAPI_EAGAIN),E373,VIPKL(<*>): [create_mr] MM_bld_hh_mr failed (<*>),39427,vipkl( <num> ): [create_mr] mm_bld_hh_mr failed (- <id> ),1,Thunderbird_C0001811,1,39427,vipkl (<num>): [create_mr] mm_bld_hh_mr failed (- <id>),1,1,frequency_representative
15967949,VIPKL(1): mnt_projects/sysapps/src/ib/topspin/topspin-src-3.2.0-16/third_party/thca4_linux/kernel/vip/obj_host_amd64_custom1_rhel4/mod_vip/mmu.c[243]: make_iobuf: MOSAL_iobuf_register failed: va=0x97A3000size=0x46000,E183,VIPKL(<*>): <*>[<*>]: make_iobuf: MOSAL_iobuf_register failed: va=<*>=<*>,39423,vipkl( <num> ): mnt_projects/sysapps/src/ib/topspin/ <id> /third_party/ <id> /kernel/vip/ <id> /mod_vip/mmu.c[ <num> ]: make_iobuf: mosal_iobuf_register failed: va= <id> = <hex>,531,Thunderbird_C0001812,531,39423,vipkl (<num>): mnt_projects/sysapps/src/ib/topspin/<id>/third_party/<id>/kernel/vip/<id>/mod_vip/mmu. c [<num>]: make_iobuf: mosal_iobuf_register failed: va = <id> = <hex>,1,1,frequency_representative
14466876,#266# : TTY=pts/3 ; PWD=/home/#266#/tbird_lustre ; USER=root ; COMMAND=/bin/chown #266#:#266# ca.tbird config_ca_tb.xml echo_tb_16.xml echo_tb_1.xml ENV iozcontrol iozone.read.sh iozone.read.single.sh iozone.write.sh iozone.write.single.sh iperf.server iperf.tbird nodes obdtest.quick.sh obdtest.sh screenlog.0-11-09-2005 test.xml,E768,<*> : TTY=<*> ; PWD=<*> ; USER=<*> ; COMMAND=<*>,1,# <num> # : tty=pts/ <num> ; pwd=/home/# <num> #/tbird_lustre ; user=root ; command=/bin/chown # <num> #:# <num> # ca.tbird config_ca_tb.xml <id> <id> env iozcontrol iozone.read.sh iozone.read.single.sh iozone.write.sh iozone.write.single.sh iperf.server iperf.tbird nodes obdtest.quick.sh obdtest.sh <id> test.xml,1,Thunderbird_C0001813,1,1,# <num> #: tty = pts/<num>; pwd =/home/# <num> #/tbird_lustre; user = root; command =/bin/chown # <num> #: # <num> # ca. tbird config_ca_tb. xml <id> <id> env iozcontrol iozone. read. sh iozone. read. single. sh iozone. write. sh iozone. write. single. sh iperf. server iperf. tbird nodes obdtest. quick. sh obdtest. sh <id> test. xml,1,1,frequency_representative
14477190,IOR.tb[3544]: segfault at 0000000000000000 rip 00000038b22d5847 rsp 0000007fbfffe130 error 4,E806,<*>[<*>]: segfault at <*> rip <*> rsp <*> error <*>,48,ior.tb[ <num> ]: segfault at <hex> rip <hex> rsp <hex> error <num>,30,Thunderbird_C0001814,30,48,ior. tb [<num>]: segfault at <hex> rip <hex> rsp <hex> error <num>,1,1,frequency_representative
14515991,THH(1): XHH_mrwm_register_mr: rc=HH_EAGAIN,E600,THH(<*>): XHH_mrwm_register_mr: rc=<*>,2518,thh( <num> ): xhh_mrwm_register_mr: rc=hh_eagain,1,Thunderbird_C0001815,1,2518,thh (<num>): xhh_mrwm_register_mr: rc = hh_eagain,1,1,frequency_representative
14651702,lmp_tbird[29477]: segfault at 000000002b1df760 rip 0000000000495e0f rsp 0000007fbfffe630 error 4,E806,<*>[<*>]: segfault at <*> rip <*> rsp <*> error <*>,6,lmp_tbird[ <num> ]: segfault at <hex> rip <hex> rsp <hex> error <num>,6,Thunderbird_C0001816,6,6,lmp_tbird [<num>]: segfault at <hex> rip <hex> rsp <hex> error <num>,1,1,frequency_representative
14754590,#117# : TTY=pts/5 ; PWD=/home/#117# ; USER=root ; COMMAND=/bin/vi /etc/dhcpd.conf,E768,<*> : TTY=<*> ; PWD=<*> ; USER=<*> ; COMMAND=<*>,1,# <num> # : tty=pts/ <num> ; pwd=/home/# <num> # ; user=root ; command=/bin/vi /etc/dhcpd.conf,1,Thunderbird_C0001817,1,1,# <num> #: tty = pts/<num>; pwd =/home/# <num> #; user = root; command =/bin/vi/etc/dhcpd. conf,1,1,frequency_representative
15052511,"Bootdata ok (command line is initrd=/x86_64/initrd-2.6.9-1.4.5.6smp-onesis.img console=tty0 console=ttyS0,19200 quiet BOOT_IMAGE=/x86_64/vmlinuz-2.6.9-1.4.5.6smp )",E104,"Bootdata ok (command line is initrd=<*> console=<*> console=<*>,<*> quiet BOOT_IMAGE=<*>)",35,"bootdata ok (command line is initrd= <path> console=tty0 console=ttys0, <num> quiet boot_image= <path> )",1,Thunderbird_C0001818,1,35,"bootdata ok (command line is initrd = <path> console = tty 0 console = ttys 0, <num> quiet boot_image = <path>)",1,1,frequency_representative
15052612,"Kernel command line: initrd=/x86_64/initrd-2.6.9-1.4.5.6smp-onesis.img console=tty0 console=ttyS0,19200 quiet BOOT_IMAGE=/x86_64/vmlinuz-2.6.9-1.4.5.6smp",E181,"Kernel command line: initrd=<*> console=<*> console=<*>,<*> BOOT_IMAGE=<*>",35,"kernel command line: initrd= <path> console=tty0 console=ttys0, <num> quiet boot_image= <path>",1,Thunderbird_C0001819,1,35,"kernel command line: initrd = <path> console = tty 0 console = ttys 0, <num> quiet boot_image = <path>",1,1,frequency_representative
15656709,Modules linked in: md5 ipv6 dcdipm(U) dcdbas(U) i2c_dev i2c_core panfs(U) nfs lockd sunrpc dm_mod button battery ac uhci_hcd ehci_hcd ts_udapl(U) ts_ib_useraccess_cm(U) ts_sdp(U) ts_ib_cm(U) ts_ip2pr(U) ts_ib_useraccess(U) ts_ipoib(U) ts_ib_sa_client(U) ts_ib_client_query(U) ts_ib_tavor(U) mod_rhh(U) mod_thh(U) mod_vip(U) mlxsys(U) ts_ib_mad(U) ts_ib_core(U) ts_ib_packet_lib(U) ts_kernel_poll(U) ts_kernel_services(U) e1000 sg ext3 jbd megaraid_mbox megaraid_mm sd_mod scsi_mod,E1063,Modules linked in: <*>,1,modules linked in: md5 ipv6 dcdipm(u) dcdbas(u) i2c_dev <id> panfs(u) nfs lockd sunrpc dm_mod button battery ac uhci_hcd ehci_hcd ts_udapl(u) ts_ib_useraccess_cm(u) ts_sdp(u) ts_ib_cm(u) <id> (u) ts_ib_useraccess(u) ts_ipoib(u) ts_ib_sa_client(u) ts_ib_client_query(u) ts_ib_tavor(u) mod_rhh(u) mod_thh(u) mod_vip(u) mlxsys(u) ts_ib_mad(u) ts_ib_core(u) ts_ib_packet_lib(u) ts_kernel_poll(u) ts_kernel_services(u) e1000 sg ext3 jbd megaraid_mbox megaraid_mm sd_mod scsi_mod,1,Thunderbird_C0001820,1,1,modules linked in: md 5 ipv 6 dcdipm (u) dcdbas (u) i 2 c_dev <id> panfs (u) nfs lockd sunrpc dm_mod button battery ac uhci_hcd ehci_hcd ts_udapl (u) ts_ib_useraccess_cm (u) ts_sdp (u) ts_ib_cm (u) <id> (u) ts_ib_useraccess (u) ts_ipoib (u) ts_ib_sa_client (u) ts_ib_client_query (u) ts_ib_tavor (u) mod_rhh (u) mod_thh (u) mod_vip (u) mlxsys (u) ts_ib_mad (u) ts_ib_core (u) ts_ib_packet_lib (u) ts_kernel_poll (u) ts_kernel_services (u) e 1000 sg ext 3 jbd megaraid_mbox megaraid_mm sd_mod scsi_mod,1,1,frequency_representative
15731670,VIPKL( failed,E1147,VIPKL( failed,3,vipkl( failed,1,Thunderbird_C0001821,1,3,vipkl (failed,1,1,frequency_representative
15736076,FATAL state,E1183,FATAL state,1,fatal state,1,Thunderbird_C0001822,1,1,fatal state,1,1,frequency_representative
