LineId,Content,EventId,EventTemplate,dup_count,normalized_content,normalized_unique_content_count,cluster_id,cluster_size_unique,cluster_weight_dup_sum,cluster_template_guess,cluster_keep_k,selected_rank,selection_reason
1,loaded properties from hadoop-metrics2.properties,E188,loaded properties from <*>,977,loaded properties from <id>,1,Hadoop_C0000001,1,977,loaded properties from <id>,1,1,frequency_representative
2,Scheduled snapshot period at 10 second(s).,E98,Scheduled snapshot period at <*> second(s).,978,scheduled snapshot period at <num> second(s).,1,Hadoop_C0000002,1,978,scheduled snapshot period at <num> second (s).,1,1,frequency_representative
3,MapTask metrics system started,E189,<*> metrics system started,838,maptask metrics system started,1,Hadoop_C0000003,1,838,maptask metrics system started,1,1,frequency_representative
4,Executing with tokens:,E187,Executing with tokens:,978,executing with tokens:,1,Hadoop_C0000004,1,978,executing with tokens:,1,1,frequency_representative
144050,"Kind: mapreduce.job, Service: job_1445062781478_0013, Ident: (org.apache.hadoop.mapreduce.security.token.JobTokenIdentifier@1623b78d)",E174,"Kind: <*>, Service: <*>, Ident: (<*>)",875,"kind: mapreduce.job, service: <id> , ident: (org.apache.hadoop.mapreduce.security.token.jobtokenidentifier@ <id> )",537,Hadoop_C0000005,546,884,"kind: mapreduce. job, service: <id>, ident: (org. apache. hadoop. mapreduce. security. token. jobtokenidentifier @ <id>)",2,1,frequency_representative
5154,"Kind: mapreduce.job, Service: job_1445062781478_0018, Ident: (org.apache.hadoop.mapreduce.security.token.JobTokenIdentifier@35212499)",E174,"Kind: <*>, Service: <*>, Ident: (<*>)",9,"kind: mapreduce.job, service: <id> , ident: (org.apache.hadoop.mapreduce.security.token.jobtokenidentifier@ <num> )",9,Hadoop_C0000005,546,884,"kind: mapreduce. job, service: <id>, ident: (org. apache. hadoop. mapreduce. security. token. jobtokenidentifier @ <id>)",2,2,complex_sample
6,Sleeping for 0ms before retrying again. Got null now.,E76,Sleeping for <*> before retrying again. Got null now.,909,sleeping for 0ms before retrying again. got null now.,1,Hadoop_C0000006,1,909,sleeping for 0 ms before retrying again. got null now.,1,1,frequency_representative
43395,mapreduce.cluster.local.dir for child: /tmp/hadoop-msrabi/nm-local-dir/usercache/msrabi/appcache/application_1445087491445_0004,E93,mapreduce.cluster.local.dir for child: <*>,907,mapreduce.cluster.local.dir for child: <path> <id>,55,Hadoop_C0000007,55,907,mapreduce. cluster. local. dir for child: <path> <id>,1,1,frequency_representative
8,"session.id is deprecated. Instead, use dfs.metrics.session-id",E165,"<*> is deprecated. Instead, use <*>",907,"session.id is deprecated. instead, use dfs.metrics.session-id",1,Hadoop_C0000008,1,907,"session. id is deprecated. instead, use dfs. metrics. session-id",1,1,frequency_representative
9,ProcfsBasedProcessTree currently is supported only on Linux.,E47,ProcfsBasedProcessTree currently is supported only on Linux.,905,procfsbasedprocesstree currently is supported only on linux.,1,Hadoop_C0000009,1,905,procfsbasedprocesstree currently is supported only on linux.,1,1,frequency_representative
10,Using ResourceCalculatorProcessTree : org.apache.hadoop.yarn.util.WindowsBasedProcessTree@6ad3381f,E96,Using ResourceCalculatorProcessTree : <*>,637,using resourcecalculatorprocesstree : org.apache.hadoop.yarn.util.windowsbasedprocesstree@ <id>,193,Hadoop_C0000010,202,670,using resourcecalculatorprocesstree: org. apache. hadoop. yarn. util. windowsbasedprocesstree @ <id>,2,1,frequency_representative
3325,Using ResourceCalculatorProcessTree : org.apache.hadoop.yarn.util.WindowsBasedProcessTree@52841423,E96,Using ResourceCalculatorProcessTree : <*>,33,using resourcecalculatorprocesstree : org.apache.hadoop.yarn.util.windowsbasedprocesstree@ <num>,9,Hadoop_C0000010,202,670,using resourcecalculatorprocesstree: org. apache. hadoop. yarn. util. windowsbasedprocesstree @ <id>,2,2,complex_sample
4784,Processing split: hdfs://msra-sa-41:9000/pageinput2.txt:671088640+134217728,E200,Processing split: <*>+<*>,834,processing split: hdfs:/ <path>,24,Hadoop_C0000011,24,834,processing split: hdfs:/<path>,1,1,frequency_representative
12,(EQUATOR) 0 kvi 26214396(104857584),E217,(EQUATOR) <*> kvi <*>(<*>),5542,(equator) <num> kvi <num> ( <num> ),202,Hadoop_C0000012,202,5542,(equator) <num> kvi <num> (<num>),1,1,frequency_representative
13,mapreduce.task.io.sort.mb: 100,E142,mapreduce.task.io.sort.mb: <*>,834,mapreduce.task.io.sort.mb: <num>,1,Hadoop_C0000013,1,834,mapreduce. task. io. sort. mb: <num>,1,1,frequency_representative
14,soft limit at 83886080,E223,soft limit at <*>,834,soft limit at <num>,1,Hadoop_C0000014,1,834,soft limit at <num>,1,1,frequency_representative
15,bufstart = 0; bufvoid = 104857600,E198,bufstart = <*>; bufvoid = <*>,834,bufstart = <num> ; bufvoid = <num>,1,Hadoop_C0000015,1,834,bufstart = <num>; bufvoid = <num>,1,1,frequency_representative
16,kvstart = 26214396; length = 6553600,E209,kvstart = <*>; length = <*>,834,kvstart = <num> ; length = <num>,1,Hadoop_C0000016,1,834,kvstart = <num>; length = <num>,1,1,frequency_representative
17,Map output collector class = org.apache.hadoop.mapred.MapTask$MapOutputBuffer,E155,Map output collector class = <*>$<*>,834,map output collector class = org.apache.hadoop.mapred.maptask$mapoutputbuffer,1,Hadoop_C0000017,1,834,map output collector class = org. apache. hadoop. mapred. maptask $ mapoutputbuffer,1,1,frequency_representative
18,Spilling map output,E201,Spilling map output,5339,spilling map output,1,Hadoop_C0000018,1,5339,spilling map output,1,1,frequency_representative
4792,bufstart = 0; bufend = 48241717; bufvoid = 104857600,E146,bufstart = <*>; bufend = <*>; bufvoid = <*>,5339,bufstart = <num> ; bufend = <num> ; bufvoid = <num>,237,Hadoop_C0000019,237,5339,bufstart = <num>; bufend = <num>; bufvoid = <num>,1,1,frequency_representative
4793,kvstart = 26214396(104857584); kvend = 17303312(69213248); length = 8911085/6553600,E130,kvstart = <*>(<*>); kvend = <*>(<*>); length = <*>,5339,kvstart = <num> ( <num> ); kvend = <num> ( <num> ); length = <num> / <num>,237,Hadoop_C0000020,237,5339,kvstart = <num> (<num>); kvend = <num> (<num>); length = <num>/<num>,1,1,frequency_representative
22,Finished spill 0,E218,Finished spill <*>,5204,finished spill <num>,8,Hadoop_C0000021,8,5204,finished spill <num>,1,1,frequency_representative
4796,(RESET) equator 57310469 kv 14327612(57310448) kvi 12124056(48496224),E176,(RESET) equator <*> kv <*>(<*>) kvi <*>(<*>),4579,(reset) equator <num> kv <num> ( <num> ) kvi <num> ( <num> ),209,Hadoop_C0000022,209,4579,(reset) equator <num> kv <num> (<num>) kvi <num> (<num>),1,1,frequency_representative
53,I/O error constructing remote block reader.,E89,I/O error constructing remote block reader.,16,i/o error constructing remote block reader.,1,Hadoop_C0000023,1,16,i/o error constructing remote block reader.,1,1,frequency_representative
91026,"Failed to connect to /10.86.165.66:50010 for block, add to deadNodes and continue. java.net.ConnectException: Connection timed out: no further information",E19,"Failed to connect to <*> for block, add to deadNodes and continue. java.net.ConnectException: Connection timed out: no further information",5,"failed to connect to / <ip> for block, add to deadnodes and continue. java.net.connectexception: connection timed out: no further information",2,Hadoop_C0000024,2,5,"failed to connect to/<ip> for block, add to deadnodes and continue. java. net. connectexception: connection timed out: no further information",1,1,frequency_representative
91071,Successfully connected to /10.86.169.121:50010 for BP-1347369012-10.190.173.170-1444972147527:blk_1073744042_3267,E143,Successfully connected to <*> for <*>,6,successfully connected to / <ip> for <id> - <ip> - <hex> : <id>,5,Hadoop_C0000025,5,6,successfully connected to/<ip> for <id>-<ip>-<hex>: <id>,1,1,frequency_representative
57,Starting flush of map output,E156,Starting flush of map output,644,starting flush of map output,1,Hadoop_C0000026,1,644,starting flush of map output,1,1,frequency_representative
62,Merging 7 sorted segments,E182,Merging <*> sorted segments,678,merging <num> sorted segments,6,Hadoop_C0000027,6,678,merging <num> sorted segments,1,1,frequency_representative
7462,"Down to the last merge-pass, with 8 segments left of total size: 288922501 bytes",E42,"Down to the last merge-pass, with <*> segments left of total size: <*> bytes",678,"down to the last merge-pass, with <num> segments left of total size: <num> bytes",39,Hadoop_C0000028,39,678,"down to the last merge-pass, with <num> segments left of total size: <num> bytes",1,1,frequency_representative
64,Task:attempt_1445087491445_0005_m_000004_0 is done. And is in the process of committing,E79,Task:<*> is done. And is in the process of committing,625,<id> is done. and is in the process of committing,625,Hadoop_C0000029,625,625,<id> is done. and is in the process of committing,1,1,frequency_representative
65,Task 'attempt_1445087491445_0005_m_000004_0' done.,E224,Task <*> done.,616,task ' <id> ' done.,616,Hadoop_C0000030,616,616,task ' <id> ' done.,1,1,frequency_representative
84,"Failed to connect to /10.86.169.121:50010 for block, add to deadNodes and continue. java.net.ConnectException: Connection refused: no further information",E20,"Failed to connect to <*> for block, add to deadNodes and continue. java.net.ConnectException: Connection refused: no further information",1,"failed to connect to / <ip> for block, add to deadnodes and continue. java.net.connectexception: connection refused: no further information",1,Hadoop_C0000031,1,1,"failed to connect to/<ip> for block, add to deadnodes and continue. java. net. connectexception: connection refused: no further information",1,1,frequency_representative
367,ReduceTask metrics system started,E189,<*> metrics system started,71,reducetask metrics system started,1,Hadoop_C0000032,1,71,reducetask metrics system started,1,1,frequency_representative
3535,Using ShuffleConsumerPlugin: org.apache.hadoop.mapreduce.task.reduce.Shuffle@4fad9bb2,E133,Using ShuffleConsumerPlugin: <*>,59,using shuffleconsumerplugin: org.apache.hadoop.mapreduce.task.reduce.shuffle@ <id>,37,Hadoop_C0000033,37,59,using shuffleconsumerplugin: org. apache. hadoop. mapreduce. task. reduce. shuffle @ <id>,1,1,frequency_representative
376,"MergerManager: memoryLimit=130652568, maxSingleShuffleLimit=32663142, mergeThreshold=86230696, ioSortFactor=10, memToMemMergeOutputsThreshold=10",E23,"MergerManager: memoryLimit=<*>, maxSingleShuffleLimit=<*>, mergeThreshold=<*>, ioSortFactor=<*>, memToMemMergeOutputsThreshold=<*>",71,"mergermanager: memorylimit= <num> , maxsingleshufflelimit= <num> , mergethreshold= <num> , iosortfactor= <num> , memtomemmergeoutputsthreshold= <num>",2,Hadoop_C0000034,2,71,"mergermanager: memorylimit = <num>, maxsingleshufflelimit = <num>, mergethreshold = <num>, iosortfactor = <num>, memtomemmergeoutputsthreshold = <num>",1,1,frequency_representative
377,attempt_1445087491445_0005_r_000000_0 Thread started: EventFetcher for fetching Map Completion Events,E45,<*> Thread started: EventFetcher for fetching Map Completion Events,71,<id> thread started: eventfetcher for fetching map completion events,71,Hadoop_C0000035,71,71,<id> thread started: eventfetcher for fetching map completion events,1,1,frequency_representative
48112,attempt_1445087491445_0004_r_000000_0: Got 1 new map-outputs,E199,<*>: Got <*> new map-outputs,414,<id> : got <num> new map-outputs,129,Hadoop_C0000036,129,414,<id>: got <num> new map-outputs,1,1,frequency_representative
3592,Assigning MSRA-SA-41.fareast.corp.microsoft.com:13562 with 1 to fetcher#5,E213,Assigning <*> with <*> to <*>,472,assigning <id> with <num> to fetcher# <num>,64,Hadoop_C0000037,64,472,assigning <id> with <num> to fetcher # <num>,1,1,frequency_representative
3593,assigned 1 of 1 to MSRA-SA-41.fareast.corp.microsoft.com:13562 to fetcher#5,E175,assigned <*> of <*> to <*> to fetcher#<*>,472,assigned <num> of <num> to <id> to fetcher# <num>,65,Hadoop_C0000038,65,472,assigned <num> of <num> to <id> to fetcher # <num>,1,1,frequency_representative
45343,for url=13562/mapOutput?job=job_1445087491445_0004&reduce=0&map=attempt_1445087491445_0004_m_000000_1 sent hash and received reply,E111,for url=<*> sent hash and received reply,381,for url= <num> /mapoutput?job= <id> &reduce= <num> &map= <id> sent hash and received reply,353,Hadoop_C0000039,353,381,for url = <num>/mapoutput? job = <id> & reduce = <num> & map = <id> sent hash and received reply,1,1,frequency_representative
172110,"for url=13562/mapOutput?job=job_1445182159119_0014&reduce=0&map=attempt_1445182159119_0014_m_000005_0,attempt_1445182159119_0014_m_000006_0 sent hash and received reply",E111,for url=<*> sent hash and received reply,29,"for url= <num> /mapoutput?job= <id> &reduce= <num> &map= <id> , <id> sent hash and received reply",27,Hadoop_C0000040,27,29,"for url = <num>/mapoutput? job = <id> & reduce = <num> & map = <id>, <id> sent hash and received reply",1,1,frequency_representative
168862,attempt_1445182159119_0014_m_000005_0: Shuffling to disk since 60514806 is greater than maxSingleShuffleLimit (32663142),E43,<*>: Shuffling to disk since <*> is greater than maxSingleShuffleLimit (<*>),667,<id> : shuffling to disk since <num> is greater than maxsingleshufflelimit ( <num> ),585,Hadoop_C0000041,585,667,<id>: shuffling to disk since <num> is greater than maxsingleshufflelimit (<num>),1,1,frequency_representative
45347,fetcher#5 about to shuffle output of map attempt_1445087491445_0004_m_000000_1 decomp: 227948846 len: 227948850 to DISK,E73,fetcher#<*> about to shuffle output of map <*>: <*> len: <*> to DISK,664,fetcher# <num> about to shuffle output of map <id> decomp: <num> len: <num> to disk,617,Hadoop_C0000042,617,664,fetcher # <num> about to shuffle output of map <id> decomp: <num> len: <num> to disk,1,1,frequency_representative
45330,Ignoring obsolete output of KILLED map-task: 'attempt_1445087491445_0004_m_000003_0',E80,Ignoring obsolete output of KILLED map-task: '<*>',66,ignoring obsolete output of killed map-task: ' <id> ',38,Hadoop_C0000043,38,66,ignoring obsolete output of killed map-task: ' <id> ',1,1,frequency_representative
400,Created MRAppMaster for application appattempt_1445087491445_0005_000001,E106,Created MRAppMaster for application <*>,69,created mrappmaster for application <id>,69,Hadoop_C0000044,69,69,created mrappmaster for application <id>,1,1,frequency_representative
402,"Kind: YARN_AM_RM_TOKEN, Service: , Ident: (appAttemptId { application_id { id: 5 cluster_timestamp: 1445087491445 } attemptId: 1 } keyId: -1547346236)",E174,"Kind: <*>, Service: <*>, Ident: (<*>)",69,"kind: yarn_am_rm_token, service: , ident: (appattemptid { application_id { id: <num> cluster_timestamp: <hex> } attemptid: <num> } keyid: <num> )",69,Hadoop_C0000045,69,69,"kind: yarn_am_rm_token, service:, ident: (appattemptid {application_id {id: <num> cluster_timestamp: <hex>} attemptid: <num>} keyid: <num>)",1,1,frequency_representative
403,OutputCommitter set in config null,E139,OutputCommitter set in config <*>,69,outputcommitter set in config null,1,Hadoop_C0000046,1,69,outputcommitter set in config null,1,1,frequency_representative
404,OutputCommitter is org.apache.hadoop.mapreduce.lib.output.FileOutputCommitter,E204,OutputCommitter is <*>,69,outputcommitter is org.apache.hadoop.mapreduce.lib.output.fileoutputcommitter,1,Hadoop_C0000047,1,69,outputcommitter is org. apache. hadoop. mapreduce. lib. output. fileoutputcommitter,1,1,frequency_representative
405,Registering class org.apache.hadoop.mapreduce.jobhistory.EventType for class org.apache.hadoop.mapreduce.jobhistory.JobHistoryEventHandler,E167,Registering class <*> for class <*>,69,registering class org.apache.hadoop.mapreduce.jobhistory.eventtype for class org.apache.hadoop.mapreduce.jobhistory.jobhistoryeventhandler,1,Hadoop_C0000048,1,69,registering class org. apache. hadoop. mapreduce. jobhistory. eventtype for class org. apache. hadoop. mapreduce. jobhistory. jobhistoryeventhandler,1,1,frequency_representative
406,Registering class org.apache.hadoop.mapreduce.v2.app.job.event.JobEventType for class org.apache.hadoop.mapreduce.v2.app.MRAppMaster$JobEventDispatcher,E167,Registering class <*> for class <*>,69,registering class <id> for class <id> $jobeventdispatcher,1,Hadoop_C0000049,1,69,registering class <id> for class <id> $ jobeventdispatcher,1,1,frequency_representative
407,Registering class org.apache.hadoop.mapreduce.v2.app.job.event.TaskEventType for class org.apache.hadoop.mapreduce.v2.app.MRAppMaster$TaskEventDispatcher,E167,Registering class <*> for class <*>,69,registering class <id> for class <id> $taskeventdispatcher,1,Hadoop_C0000050,1,69,registering class <id> for class <id> $ taskeventdispatcher,1,1,frequency_representative
408,Registering class org.apache.hadoop.mapreduce.v2.app.job.event.TaskAttemptEventType for class org.apache.hadoop.mapreduce.v2.app.MRAppMaster$TaskAttemptEventDispatcher,E167,Registering class <*> for class <*>,69,registering class <id> for class <id> $taskattempteventdispatcher,1,Hadoop_C0000051,1,69,registering class <id> for class <id> $ taskattempteventdispatcher,1,1,frequency_representative
409,Registering class org.apache.hadoop.mapreduce.v2.app.commit.CommitterEventType for class org.apache.hadoop.mapreduce.v2.app.commit.CommitterEventHandler,E167,Registering class <*> for class <*>,69,registering class <id> for class <id>,1,Hadoop_C0000052,1,69,registering class <id> for class <id>,1,1,frequency_representative
410,Registering class org.apache.hadoop.mapreduce.v2.app.speculate.Speculator$EventType for class org.apache.hadoop.mapreduce.v2.app.MRAppMaster$SpeculatorEventDispatcher,E167,Registering class <*> for class <*>,69,registering class <id> $eventtype for class <id> $speculatoreventdispatcher,1,Hadoop_C0000053,1,69,registering class <id> $ eventtype for class <id> $ speculatoreventdispatcher,1,1,frequency_representative
411,Registering class org.apache.hadoop.mapreduce.v2.app.rm.ContainerAllocator$EventType for class org.apache.hadoop.mapreduce.v2.app.MRAppMaster$ContainerAllocatorRouter,E167,Registering class <*> for class <*>,69,registering class <id> $eventtype for class <id> $containerallocatorrouter,1,Hadoop_C0000054,1,69,registering class <id> $ eventtype for class <id> $ containerallocatorrouter,1,1,frequency_representative
412,Registering class org.apache.hadoop.mapreduce.v2.app.launcher.ContainerLauncher$EventType for class org.apache.hadoop.mapreduce.v2.app.MRAppMaster$ContainerLauncherRouter,E167,Registering class <*> for class <*>,69,registering class <id> $eventtype for class <id> $containerlauncherrouter,1,Hadoop_C0000055,1,69,registering class <id> $ eventtype for class <id> $ containerlauncherrouter,1,1,frequency_representative
413,Default file system [hdfs://msra-sa-41:9000],E192,Default file system [<*>],226,default file system [hdfs:// <id> ],1,Hadoop_C0000056,1,226,default file system [hdfs:// <id>],1,1,frequency_representative
416,Emitting job history data to the timeline server is not enabled,E51,Emitting job history data to the timeline server is not enabled,69,emitting job history data to the timeline server is not enabled,1,Hadoop_C0000057,1,69,emitting job history data to the timeline server is not enabled,1,1,frequency_representative
417,Registering class org.apache.hadoop.mapreduce.v2.app.job.event.JobFinishEvent$Type for class org.apache.hadoop.mapreduce.v2.app.MRAppMaster$JobFinishEventHandler,E167,Registering class <*> for class <*>,69,registering class <id> $type for class <id> $jobfinisheventhandler,1,Hadoop_C0000058,1,69,registering class <id> $ type for class <id> $ jobfinisheventhandler,1,1,frequency_representative
420,MRAppMaster metrics system started,E189,<*> metrics system started,69,mrappmaster metrics system started,1,Hadoop_C0000059,1,69,mrappmaster metrics system started,1,1,frequency_representative
3677,Adding job token for job_1445062781478_0018 to jobTokenSecretManager,E84,Adding job token for <*> to jobTokenSecretManager,69,adding job token for <id> to jobtokensecretmanager,54,Hadoop_C0000060,54,69,adding job token for <id> to jobtokensecretmanager,1,1,frequency_representative
3678,Not uberizing job_1445062781478_0018 because: not enabled; too many maps; too much input;,E46,Not uberizing <*> because: not enabled; too many maps; too much input;,69,not uberizing <id> because: not enabled; too many maps; too much input;,54,Hadoop_C0000061,54,69,not uberizing <id> because: not enabled; too many maps; too much input;,1,1,frequency_representative
3679,Input size for job job_1445062781478_0018 = 1256521728. Number of splits = 10,E107,Input size for job <*> = <*>. Number of splits = <*>,69,input size for job <id> = <num> . number of splits = <num>,54,Hadoop_C0000062,54,69,input size for job <id> = <num>. number of splits = <num>,1,1,frequency_representative
3680,Number of reduces for job job_1445062781478_0018 = 1,E178,Number of reduces for job <*> = <*>,69,number of reduces for job <id> = <num>,54,Hadoop_C0000063,54,69,number of reduces for job <id> = <num>,1,1,frequency_representative
3681,"MRAppMaster launching normal, non-uberized, multi-container job job_1445062781478_0018.",E40,"MRAppMaster launching normal, non-uberized, multi-container job <*>",69,"mrappmaster launching normal, non-uberized, multi-container job <id> .",54,Hadoop_C0000064,54,69,"mrappmaster launching normal, non-uberized, multi-container job <id>.",1,1,frequency_representative
426,Using callQueue class java.util.concurrent.LinkedBlockingQueue,E191,Using callQueue class <*>,138,using callqueue class java.util.concurrent.linkedblockingqueue,1,Hadoop_C0000065,1,138,using callqueue class java. util. concurrent. linkedblockingqueue,1,1,frequency_representative
427,Starting Socket Reader #1 for port 32060,E128,Starting Socket Reader <*> for port <*>,138,starting socket reader # <num> for port <num>,138,Hadoop_C0000066,138,138,starting socket reader # <num> for port <num>,1,1,frequency_representative
428,Adding protocol org.apache.hadoop.mapreduce.v2.api.MRClientProtocolPB to the server,E153,Adding protocol <*> to the server,69,adding protocol <id> to the server,1,Hadoop_C0000067,1,69,adding protocol <id> to the server,1,1,frequency_representative
429,IPC Server Responder: starting,E131,IPC Server Responder: starting,138,ipc server responder: starting,1,Hadoop_C0000068,1,138,ipc server responder: starting,1,1,frequency_representative
430,IPC Server listener on 32060: starting,E127,IPC Server listener on <*>: starting,138,ipc server listener on <num> : starting,138,Hadoop_C0000069,138,138,ipc server listener on <num>: starting,1,1,frequency_representative
431,Instantiated MRClientService at MSRA-SA-41.fareast.corp.microsoft.com/10.190.173.170:32060,E118,Instantiated MRClientService at <*>,69,instantiated mrclientservice at <id> / <ip>,69,Hadoop_C0000070,69,69,instantiated mrclientservice at <id>/<ip>,1,1,frequency_representative
432,Logging to org.slf4j.impl.Log4jLoggerAdapter(org.mortbay.log) via org.mortbay.log.Slf4jLog,E216,Logging to <*>(<*>) via <*>,69,logging to <id> (org.mortbay.log) via <id>,1,Hadoop_C0000071,1,69,logging to <id> (org. mortbay. log) via <id>,1,1,frequency_representative
433,Http request log for http.requests.mapreduce is not defined,E123,Http request log for <*> is not defined,69,http request log for http.requests.mapreduce is not defined,1,Hadoop_C0000072,1,69,http request log for http. requests. mapreduce is not defined,1,1,frequency_representative
434,Added global filter 'safety' (class=org.apache.hadoop.http.HttpServer2$QuotingInputFilter),E154,Added global filter <*> (class=<*>),69,added global filter 'safety' (class= <id> $quotinginputfilter),1,Hadoop_C0000073,1,69,added global filter ' safety ' (class = <id> $ quotinginputfilter),1,1,frequency_representative
435,Added filter AM_PROXY_FILTER (class=org.apache.hadoop.yarn.server.webproxy.amfilter.AmIpFilter) to context mapreduce,E129,Added filter <*> (class=<*>) to context <*>,69,added filter am_proxy_filter (class=org.apache.hadoop.yarn.server.webproxy.amfilter.amipfilter) to context mapreduce,1,Hadoop_C0000074,1,69,added filter am_proxy_filter (class = org. apache. hadoop. yarn. server. webproxy. amfilter. amipfilter) to context mapreduce,1,1,frequency_representative
436,Added filter AM_PROXY_FILTER (class=org.apache.hadoop.yarn.server.webproxy.amfilter.AmIpFilter) to context static,E129,Added filter <*> (class=<*>) to context <*>,69,added filter am_proxy_filter (class=org.apache.hadoop.yarn.server.webproxy.amfilter.amipfilter) to context static,1,Hadoop_C0000075,1,69,added filter am_proxy_filter (class = org. apache. hadoop. yarn. server. webproxy. amfilter. amipfilter) to context static,1,1,frequency_representative
437,adding path spec: /mapreduce/*,E211,adding path spec: <*>,69,adding path spec: /mapreduce/*,1,Hadoop_C0000076,2,138,adding path spec:/<*>/*,2,1,frequency_representative
438,adding path spec: /ws/*,E211,adding path spec: <*>,69,adding path spec: /ws/*,1,Hadoop_C0000076,2,138,adding path spec:/<*>/*,2,2,complex_sample
439,Jetty bound to port 32067,E208,Jetty bound to port <*>,69,jetty bound to port <num>,69,Hadoop_C0000077,69,69,jetty bound to port <num>,1,1,frequency_representative
440,jetty-6.1.26,E236,jetty-<*>,69,<id>,1,Hadoop_C0000078,1,69,<id>,1,1,frequency_representative
441,Extract jar:file:/D:/hadoop-2.6.0-localbox/share/hadoop/yarn/hadoop-yarn-common-2.6.0-SNAPSHOT.jar!/webapps/mapreduce to C:\Users\msrabi\AppData\Local\Temp\2\Jetty_0_0_0_0_32067_mapreduce____.dbisl5\webapp,E221,Extract jar:<*> to <*>,34,extract jar:file: <path> !/webapps/mapreduce to c:\users\msrabi\appdata\local\temp\ <num> \ <id> \webapp,34,Hadoop_C0000079,34,34,extract jar: file: <path>!/webapps/mapreduce to c: \ users \ msrabi \ appdata \ local \ temp \ <num> \ <id> \ webapp,1,1,frequency_representative
442,Started HttpServer2$SelectChannelConnectorWithSafeStartup@0.0.0.0:32067,E232,Started <*>,69,started <email>,69,Hadoop_C0000080,69,69,started <email>,1,1,frequency_representative
443,Web app /mapreduce started at 32067,E212,Web app <*> started at <*>,69,web app /mapreduce started at <num>,69,Hadoop_C0000081,69,69,web app/mapreduce started at <num>,1,1,frequency_representative
444,Registered webapp guice modules,E125,Registered webapp guice modules,69,registered webapp guice modules,1,Hadoop_C0000082,1,69,registered webapp guice modules,1,1,frequency_representative
3701,JOB_CREATE job_1445062781478_0018,E227,JOB_CREATE <*>,69,job_create <id>,54,Hadoop_C0000083,54,69,job_create <id>,1,1,frequency_representative
450,nodeBlacklistingEnabled:true,E163,nodeBlacklistingEnabled:<*>,69,nodeblacklistingenabled:true,1,Hadoop_C0000084,1,69,nodeblacklistingenabled: true,1,1,frequency_representative
451,maxTaskFailuresPerNode is 3,E160,maxTaskFailuresPerNode is <*>,69,maxtaskfailurespernode is <num>,1,Hadoop_C0000085,1,69,maxtaskfailurespernode is <num>,1,1,frequency_representative
452,blacklistDisablePercent is 33,E149,blacklistDisablePercent is <*>,69,blacklistdisablepercent is <num>,1,Hadoop_C0000086,1,69,blacklistdisablepercent is <num>,1,1,frequency_representative
5242,Connecting to ResourceManager at msra-sa-41/10.190.173.170:8030,E117,Connecting to ResourceManager at <*>,69,connecting to resourcemanager at <id> / <ip>,2,Hadoop_C0000087,2,69,connecting to resourcemanager at <id>/<ip>,1,1,frequency_representative
454,"maxContainerCapability: <memory:8192, vCores:32>",E85,"maxContainerCapability: <memory:<*>, vCores:<*>",69,"maxcontainercapability: < <id> , <id> >",1,Hadoop_C0000088,1,69,"maxcontainercapability: < <id>, <id> >",1,1,frequency_representative
455,queue: default,E235,queue: <*>,69,queue: default,1,Hadoop_C0000089,1,69,queue: default,1,1,frequency_representative
456,Upper limit on the thread pool size is 500,E112,Upper limit on the thread pool size is <*>,69,upper limit on the thread pool size is <num>,1,Hadoop_C0000090,1,69,upper limit on the thread pool size is <num>,1,1,frequency_representative
457,yarn.client.max-cached-nodemanagers-proxies : 0,E69,yarn.client.max-cached-nodemanagers-proxies : <*>,69,yarn.client.max-cached-nodemanagers-proxies : <num>,1,Hadoop_C0000091,1,69,yarn. client. max-cached-nodemanagers-proxies: <num>,1,1,frequency_representative
459,Resolved MSRA-SA-41.fareast.corp.microsoft.com to /default-rack,E228,Resolved <*> to <*>,3297,resolved <id> to /default-rack,5,Hadoop_C0000092,5,3297,resolved <id> to/default-rack,1,1,frequency_representative
3798,task_1445062781478_0018_m_000007 Task Transitioned from NEW to SCHEDULED,E179,<*> Task Transitioned from <*> to <*>,684,<id> task transitioned from new to scheduled,609,Hadoop_C0000093,625,700,<id> task transitioned from <*> to scheduled,2,1,frequency_representative
11727,task_1445087491445_0002_m_000006 Task Transitioned from SUCCEEDED to SCHEDULED,E179,<*> Task Transitioned from <*> to <*>,16,<id> task transitioned from succeeded to scheduled,16,Hadoop_C0000093,625,700,<id> task transitioned from <*> to scheduled,2,2,complex_sample
498,attempt_1445087491445_0005_m_000000_0 TaskAttempt Transitioned from NEW to UNASSIGNED,E124,<*> TaskAttempt Transitioned from <*> to <*>,951,<id> taskattempt transitioned from new to unassigned,951,Hadoop_C0000094,951,951,<id> taskattempt transitioned from new to unassigned,1,1,frequency_representative
512,"mapResourceRequest:<memory:1024, vCores:1>",E95,"mapResourceRequest:<memory:<*>, vCores:<*>",65,"mapresourcerequest:< <id> , <id> >",1,Hadoop_C0000095,1,65,"mapresourcerequest: < <id>, <id> >",1,1,frequency_representative
513,"Event Writer setup for JobId: job_1445087491445_0005, File: hdfs://msra-sa-41:9000/tmp/hadoop-yarn/staging/msrabi/.staging/job_1445087491445_0005/job_1445087491445_0005_1.jhist",E114,"Event Writer setup for JobId: <*>, File: <*>",69,"event writer setup for jobid: <id> , file: hdfs:/ <path> <id> / <id>",69,Hadoop_C0000096,69,69,"event writer setup for jobid: <id>, file: hdfs:/<path> <id>/<id>",1,1,frequency_representative
5291,Before Scheduling: PendingReds:1 ScheduledMaps:10 ScheduledReds:0 AssignedMaps:0 AssignedReds:0 CompletedMaps:0 CompletedReds:0 ContAlloc:0 ContRel:0 HostLocal:0 RackLocal:0,E11,Before Scheduling: PendingReds:<*> ScheduledMaps:<*> ScheduledReds:<*> AssignedMaps:<*> AssignedReds:<*> CompletedMaps:<*> CompletedReds:<*> ContAlloc:<*> ContRel:<*> HostLocal:<*> RackLocal:<*>,797,before scheduling: <id> <id> <id> <id> <id> <id> <id> <id> <id> <id> <id>,667,Hadoop_C0000097,667,797,before scheduling: <id> <id> <id> <id> <id> <id> <id> <id> <id> <id> <id>,1,1,frequency_representative
64502,"getResources() for application_1445182159119_0002: ask=4 release= 0 newContainers=0 finishedContainers=0 resourcelimit=<memory:0, vCores:-27> knownNMs=4",E25,"getResources() for <*>: ask=<*> release= <*> newContainers=<*> finishedContainers=<*> resourcelimit=<memory:<*>, vCores:<*> knownNMs=<*>",899,"getresources() for <id> : ask= <num> release= <num> newcontainers= <num> finishedcontainers= <num> resourcelimit=< <id> , <id> > knownnms= <num>",616,Hadoop_C0000098,616,899,"getresources () for <id>: ask = <num> release = <num> newcontainers = <num> finishedcontainers = <num> resourcelimit = < <id>, <id> > knownnms = <num>",1,1,frequency_representative
22114,"Recalculating schedule, headroom=<memory:0, vCores:-27>",E65,"Recalculating schedule, headroom=<memory:<*>, vCores:<*>",4415,"recalculating schedule, headroom=< <id> , <id> >",94,Hadoop_C0000099,94,4415,"recalculating schedule, headroom = < <id>, <id> >",1,1,frequency_representative
517,Reduce slow start threshold not met. completedMapsForReduceSlowstart 1,E35,Reduce slow start threshold not met. completedMapsForReduceSlowstart <*>,3841,reduce slow start threshold not met. completedmapsforreduceslowstart <num>,1,Hadoop_C0000100,1,3841,reduce slow start threshold not met. completedmapsforreduceslowstart <num>,1,1,frequency_representative
580,Got allocated containers 1,E177,Got allocated containers <*>,606,got allocated containers <num>,11,Hadoop_C0000101,11,606,got allocated containers <num>,1,1,frequency_representative
519,Assigned container container_1445087491445_0005_01_000002 to attempt_1445087491445_0005_m_000000_0,E195,Assigned container <*> to <*>,906,assigned container <id> to <id>,906,Hadoop_C0000102,906,906,assigned container <id> to <id>,1,1,frequency_representative
22052,After Scheduling: PendingReds:1 ScheduledMaps:9 ScheduledReds:0 AssignedMaps:1 AssignedReds:0 CompletedMaps:0 CompletedReds:0 ContAlloc:1 ContRel:0 HostLocal:0 RackLocal:1,E12,After Scheduling: PendingReds:<*> ScheduledMaps:<*> ScheduledReds:<*> AssignedMaps:<*> AssignedReds:<*> CompletedMaps:<*> CompletedReds:<*> ContAlloc:<*> ContRel:<*> HostLocal:<*> RackLocal:<*>,1249,after scheduling: <id> <id> <id> <id> <id> <id> <id> <id> <id> <id> <id>,957,Hadoop_C0000103,957,1249,after scheduling: <id> <id> <id> <id> <id> <id> <id> <id> <id> <id> <id>,1,1,frequency_representative
3846,The job-jar file on the remote FS is hdfs://msra-sa-41:9000/tmp/hadoop-yarn/staging/msrabi/.staging/job_1445062781478_0018/job.jar,E120,The job-jar file on the remote FS is <*>,69,the job-jar file on the remote fs is hdfs:/ <path> <id> /job.jar,54,Hadoop_C0000104,54,69,the job-jar file on the remote fs is hdfs:/<path> <id>/job. jar,1,1,frequency_representative
3847,The job-conf file on the remote FS is /tmp/hadoop-yarn/staging/msrabi/.staging/job_1445062781478_0018/job.xml,E116,The job-conf file on the remote FS is <*>,69,the job-conf file on the remote fs is <path> <id> /job.xml,54,Hadoop_C0000105,54,69,the job-conf file on the remote fs is <path> <id>/job. xml,1,1,frequency_representative
530,Adding #0 tokens and #1 secret keys for NM use for launching container,E50,Adding <*> tokens and <*> secret keys for NM use for launching container,69,adding # <num> tokens and # <num> secret keys for nm use for launching container,1,Hadoop_C0000106,1,69,adding # <num> tokens and # <num> secret keys for nm use for launching container,1,1,frequency_representative
531,Size of containertokens_dob is 1,E137,Size of containertokens_dob is <*>,69,size of containertokens_dob is <num>,1,Hadoop_C0000107,1,69,size of containertokens_dob is <num>,1,1,frequency_representative
532,Putting shuffle token in serviceData,E105,Putting shuffle token in serviceData,69,putting shuffle token in servicedata,1,Hadoop_C0000108,1,69,putting shuffle token in servicedata,1,1,frequency_representative
533,attempt_1445087491445_0005_m_000000_0 TaskAttempt Transitioned from UNASSIGNED to ASSIGNED,E124,<*> TaskAttempt Transitioned from <*> to <*>,906,<id> taskattempt transitioned from unassigned to assigned,906,Hadoop_C0000109,906,906,<id> taskattempt transitioned from unassigned to assigned,1,1,frequency_representative
540,Processing the event EventType: CONTAINER_REMOTE_LAUNCH for container container_1445087491445_0005_01_000002 taskAttempt attempt_1445087491445_0005_m_000000_0,E58,Processing the event EventType: <*> for container <*> taskAttempt <*>,906,processing the event eventtype: container_remote_launch for container <id> taskattempt <id>,906,Hadoop_C0000110,1744,1744,processing the event eventtype: <*> for container <id> taskattempt <id>,2,1,frequency_representative
1103,Processing the event EventType: CONTAINER_REMOTE_CLEANUP for container container_1445087491445_0005_01_000002 taskAttempt attempt_1445087491445_0005_m_000000_0,E58,Processing the event EventType: <*> for container <*> taskAttempt <*>,838,processing the event eventtype: container_remote_cleanup for container <id> taskattempt <id>,838,Hadoop_C0000110,1744,1744,processing the event eventtype: <*> for container <id> taskattempt <id>,2,2,complex_sample
544,Launching attempt_1445087491445_0005_m_000001_0,E229,Launching <*>,906,launching <id>,906,Hadoop_C0000111,906,906,launching <id>,1,1,frequency_representative
550,Opening proxy : MSRA-SA-39.fareast.corp.microsoft.com:49130,E219,Opening proxy : <*>,1757,opening proxy : <id>,24,Hadoop_C0000112,24,1757,opening proxy: <id>,1,1,frequency_representative
552,Shuffle port returned by ContainerManager for attempt_1445087491445_0005_m_000001_0 : 13562,E82,Shuffle port returned by ContainerManager for <*> : <*>,906,shuffle port returned by containermanager for <id> : <num>,906,Hadoop_C0000113,906,906,shuffle port returned by containermanager for <id>: <num>,1,1,frequency_representative
3718,TaskAttempt: [attempt_1445062781478_0018_m_000000_0] using containerId: [container_1445062781478_0018_01_000002 on NM: [MSRA-SA-41.fareast.corp.microsoft.com:42313],E88,TaskAttempt: [<*>] using containerId: [<*> on NM: [<*>],1033,taskattempt: [ <id> ] using containerid: [ <id> on nm: [ <id> ],905,Hadoop_C0000114,905,1033,taskattempt: [<id>] using containerid: [<id> on nm: [<id>],1,1,frequency_representative
557,attempt_1445087491445_0005_m_000002_0 TaskAttempt Transitioned from ASSIGNED to RUNNING,E124,<*> TaskAttempt Transitioned from <*> to <*>,905,<id> taskattempt transitioned from assigned to running,905,Hadoop_C0000115,905,905,<id> taskattempt transitioned from assigned to running,1,1,frequency_representative
8088,ATTEMPT_START task_1445087491445_0002_m_000006,E220,ATTEMPT_START <*>,905,attempt_start <id>,609,Hadoop_C0000116,609,905,attempt_start <id>,1,1,frequency_representative
3859,task_1445062781478_0018_m_000007 Task Transitioned from SCHEDULED to RUNNING,E179,<*> Task Transitioned from <*> to <*>,673,<id> task transitioned from scheduled to running,609,Hadoop_C0000117,609,673,<id> task transitioned from scheduled to running,1,1,frequency_representative
44214,Auth successful for job_1445087491445_0004 (auth:SIMPLE),E164,Auth successful for <*> (auth:<*>),962,auth successful for <id> (auth:simple),54,Hadoop_C0000118,54,962,auth successful for <id> (auth: simple),1,1,frequency_representative
3877,JVM with ID : jvm_1445062781478_0018_m_000002 asked for a task,E173,JVM with ID : <*> asked for a task,902,jvm with id : <id> asked for a task,850,Hadoop_C0000119,850,902,jvm with id: <id> asked for a task,1,1,frequency_representative
579,JVM with ID: jvm_1445087491445_0005_m_000002 given task: attempt_1445087491445_0005_m_000000_0,E190,JVM with ID: <*> given task: <*>,902,jvm with id: <id> given task: <id>,902,Hadoop_C0000120,902,902,jvm with id: <id> given task: <id>,1,1,frequency_representative
34045,Progress of TaskAttempt attempt_1445062781478_0017_r_000000_0 is : 0.23333333,E168,Progress of TaskAttempt <*> is : <*>,45880,progress of taskattempt <id> is : <num>,24575,Hadoop_C0000121,24576,45882,progress of taskattempt <id> is: <num>,2,1,frequency_representative
47278,Progress of TaskAttempt attempt_1445087491445_0004_m_000003_1 is : 9.742042E-4,E168,Progress of TaskAttempt <*> is : <*>,2,progress of taskattempt <id> is : <id>,1,Hadoop_C0000121,24576,45882,progress of taskattempt <id> is: <num>,2,2,complex_sample
660,Exception in createBlockOutputStream,E101,Exception in createBlockOutputStream,30,exception in createblockoutputstream,1,Hadoop_C0000122,1,30,exception in createblockoutputstream,1,1,frequency_representative
661,Abandoning BP-1347369012-10.190.173.170-1444972147527:blk_1073742931_2130,E226,Abandoning <*>,30,abandoning <id> - <ip> - <hex> : <id>,30,Hadoop_C0000123,30,30,abandoning <id>-<ip>-<hex>: <id>,1,1,frequency_representative
662,Excluding datanode 10.86.169.121:50010,E202,Excluding datanode <*>,30,excluding datanode <ip>,3,Hadoop_C0000124,3,30,excluding datanode <ip>,1,1,frequency_representative
1101,Done acknowledgement from attempt_1445087491445_0005_m_000000_0,E171,Done acknowledgement from <*>,605,done acknowledgement from <id>,605,Hadoop_C0000125,605,605,done acknowledgement from <id>,1,1,frequency_representative
1102,attempt_1445087491445_0005_m_000000_0 TaskAttempt Transitioned from RUNNING to SUCCESS_CONTAINER_CLEANUP,E124,<*> TaskAttempt Transitioned from <*> to <*>,558,<id> taskattempt transitioned from running to success_container_cleanup,558,Hadoop_C0000126,605,605,<id> taskattempt transitioned from <*> to success_container_cleanup,2,1,frequency_representative
2658,attempt_1445087491445_0005_r_000000_1 TaskAttempt Transitioned from COMMIT_PENDING to SUCCESS_CONTAINER_CLEANUP,E124,<*> TaskAttempt Transitioned from <*> to <*>,47,<id> taskattempt transitioned from commit_pending to success_container_cleanup,47,Hadoop_C0000126,605,605,<id> taskattempt transitioned from <*> to success_container_cleanup,2,2,complex_sample
1104,KILLING attempt_1445087491445_0005_m_000000_0,E234,KILLING <*>,851,killing <id>,851,Hadoop_C0000127,851,851,killing <id>,1,1,frequency_representative
1106,attempt_1445087491445_0005_m_000000_0 TaskAttempt Transitioned from SUCCESS_CONTAINER_CLEANUP to SUCCEEDED,E124,<*> TaskAttempt Transitioned from <*> to <*>,605,<id> taskattempt transitioned from success_container_cleanup to succeeded,605,Hadoop_C0000128,701,701,<id> taskattempt transitioned from <*> to succeeded,2,1,frequency_representative
3719,attempt_1445062781478_0018_m_000000_0 TaskAttempt Transitioned from NEW to SUCCEEDED,E124,<*> TaskAttempt Transitioned from <*> to <*>,96,<id> taskattempt transitioned from new to succeeded,96,Hadoop_C0000128,701,701,<id> taskattempt transitioned from <*> to succeeded,2,2,complex_sample
3720,Task succeeded with attempt attempt_1445062781478_0018_m_000000_0,E162,Task succeeded with attempt <*>,701,task succeeded with attempt <id>,605,Hadoop_C0000129,605,701,task succeeded with attempt <id>,1,1,frequency_representative
10102,task_1445087491445_0002_m_000006 Task Transitioned from RUNNING to SUCCEEDED,E179,<*> Task Transitioned from <*> to <*>,605,<id> task transitioned from running to succeeded,589,Hadoop_C0000130,685,701,<id> task transitioned from <*> to succeeded,2,1,frequency_representative
3721,task_1445062781478_0018_m_000000 Task Transitioned from NEW to SUCCEEDED,E179,<*> Task Transitioned from <*> to <*>,96,<id> task transitioned from new to succeeded,96,Hadoop_C0000130,685,701,<id> task transitioned from <*> to succeeded,2,2,complex_sample
1109,Num completed Tasks: 1,E197,Num completed Tasks: <*>,701,num completed tasks: <num>,14,Hadoop_C0000131,14,701,num completed tasks: <num>,1,1,frequency_representative
1113,Reduce slow start threshold reached. Scheduling reduces.,E60,Reduce slow start threshold reached. Scheduling reduces.,65,reduce slow start threshold reached. scheduling reduces.,1,Hadoop_C0000132,1,65,reduce slow start threshold reached. scheduling reduces.,1,1,frequency_representative
1114,All maps assigned. Ramping up all remaining reduces:1,E68,All maps assigned. Ramping up all remaining reduces:<*>,43,all maps assigned. ramping up all remaining <id>,1,Hadoop_C0000133,1,43,all maps assigned. ramping up all remaining <id>,1,1,frequency_representative
1121,Received completed container container_1445087491445_0005_01_000002,E140,Received completed container <*>,826,received completed container <id>,826,Hadoop_C0000134,826,826,received completed container <id>,1,1,frequency_representative
1123,Diagnostics report from attempt_1445087491445_0005_m_000000_0: Container killed by the ApplicationMaster.,E37,Diagnostics report from <*>: Container killed by the ApplicationMaster.,733,diagnostics report from <id> : container killed by the applicationmaster.,733,Hadoop_C0000135,733,733,diagnostics report from <id>: container killed by the applicationmaster.,1,1,frequency_representative
1128,Assigned to reduce,E206,Assigned to reduce,73,assigned to reduce,1,Hadoop_C0000136,1,73,assigned to reduce,1,1,frequency_representative
5804,DefaultSpeculator.addSpeculativeAttempt -- we are speculating task_1445062781478_0018_m_000006,E41,DefaultSpeculator.addSpeculativeAttempt -- we are speculating <*>,255,defaultspeculator.addspeculativeattempt -- we are speculating <id>,185,Hadoop_C0000137,185,255,defaultspeculator. addspeculativeattempt-- we are speculating <id>,1,1,frequency_representative
1151,We launched 1 speculations. Sleeping 15000 milliseconds.,E71,We launched <*> speculations. Sleeping <*> milliseconds.,255,we launched <num> speculations. sleeping <num> milliseconds.,1,Hadoop_C0000138,1,255,we launched <num> speculations. sleeping <num> milliseconds.,1,1,frequency_representative
3888,Scheduling a redundant attempt for task task_1445062781478_0018_m_000007,E102,Scheduling a redundant attempt for task <*>,194,scheduling a redundant attempt for task <id>,185,Hadoop_C0000139,185,194,scheduling a redundant attempt for task <id>,1,1,frequency_representative
34028,MapCompletionEvents request from attempt_1445062781478_0017_r_000000_0. startIndex 7 maxEvents 10000,E62,MapCompletionEvents request from <*>. startIndex <*> maxEvents <*>,18140,mapcompletionevents request from <id> . startindex <num> maxevents <num>,490,Hadoop_C0000140,490,18140,mapcompletionevents request from <id>. startindex <num> maxevents <num>,1,1,frequency_representative
1732,Killing taskAttempt:attempt_1445087491445_0005_m_000009_0 because it is running on unusable node:04DN8IQ.fareast.corp.microsoft.com:55452,E56,Killing taskAttempt:<*> because it is running on unusable node:<*>,55,killing <id> because it is running on unusable <id>,55,Hadoop_C0000141,55,55,killing <id> because it is running on unusable <id>,1,1,frequency_representative
1735,attempt_1445087491445_0005_m_000009_0 TaskAttempt Transitioned from RUNNING to KILL_CONTAINER_CLEANUP,E124,<*> TaskAttempt Transitioned from <*> to <*>,215,<id> taskattempt transitioned from running to kill_container_cleanup,215,Hadoop_C0000142,216,216,<id> taskattempt transitioned from <*> to kill_container_cleanup,2,1,frequency_representative
110239,attempt_1445144423722_0024_m_000008_1 TaskAttempt Transitioned from ASSIGNED to KILL_CONTAINER_CLEANUP,E124,<*> TaskAttempt Transitioned from <*> to <*>,1,<id> taskattempt transitioned from assigned to kill_container_cleanup,1,Hadoop_C0000142,216,216,<id> taskattempt transitioned from <*> to kill_container_cleanup,2,2,complex_sample
1765,Diagnostics report from attempt_1445087491445_0005_r_000000_0: Container released on a *lost* node,E55,Diagnostics report from <*>: Container released on a *lost* node,55,diagnostics report from <id> : container released on a *lost* node,55,Hadoop_C0000143,55,55,diagnostics report from <id>: container released on a * lost * node,1,1,frequency_representative
1795,attempt_1445087491445_0005_m_000011_1 TaskAttempt Transitioned from KILL_CONTAINER_CLEANUP to KILL_TASK_CLEANUP,E124,<*> TaskAttempt Transitioned from <*> to <*>,206,<id> taskattempt transitioned from kill_container_cleanup to kill_task_cleanup,206,Hadoop_C0000144,206,206,<id> taskattempt transitioned from kill_container_cleanup to kill_task_cleanup,1,1,frequency_representative
65952,Could not delete hdfs://msra-sa-41:9000/out/out2/_temporary/1/_temporary/attempt_1445182159119_0002_m_000007_0,E214,Could not delete <*>,216,could not delete hdfs:/ <path> <id>,212,Hadoop_C0000145,212,216,could not delete hdfs:/<path> <id>,1,1,frequency_representative
1797,attempt_1445087491445_0005_m_000011_1 TaskAttempt Transitioned from KILL_TASK_CLEANUP to KILLED,E124,<*> TaskAttempt Transitioned from <*> to <*>,206,<id> taskattempt transitioned from kill_task_cleanup to killed,206,Hadoop_C0000146,268,268,<id> taskattempt transitioned from <*> to killed,3,1,frequency_representative
2011,attempt_1445087491445_0005_m_000009_2 TaskAttempt Transitioned from UNASSIGNED to KILLED,E124,<*> TaskAttempt Transitioned from <*> to <*>,3,<id> taskattempt transitioned from unassigned to killed,3,Hadoop_C0000146,268,268,<id> taskattempt transitioned from <*> to killed,3,2,complex_sample
3741,attempt_1445062781478_0018_m_000002_0 TaskAttempt Transitioned from NEW to KILLED,E124,<*> TaskAttempt Transitioned from <*> to <*>,31,<id> taskattempt transitioned from new to killed,31,Hadoop_C0000146,268,268,<id> taskattempt transitioned from <*> to killed,3,3,diverse_sample
109296,"completedMapPercent 0.2 totalResourceLimit:<memory:1024, vCores:-26> finalMapResourceLimit:<memory:820, vCores:-21> finalReduceResourceLimit:<memory:204, vCores:-5> netScheduledMapResource:<memory:8192, vCores:8> netScheduledReduceResource:<memory:0, vCores:0>",E1,"completedMapPercent <*> totalResourceLimit:<memory:<*>, vCores:<*> finalMapResourceLimit:<memory:<*>, vCores:<*> finalReduceResourceLimit:<memory:<*>, vCores:<*> netScheduledMapResource:<memory:<*>, vCores:<*> netScheduledReduceResource:<memory:<*>, vCores:<*>",531,"completedmappercent <num> totalresourcelimit:< <id> , <id> > finalmapresourcelimit:< <id> , <id> > finalreduceresourcelimit:< <id> , <id> > netscheduledmapresource:< <id> , <id> > netscheduledreduceresource:< <id> , <id> >",50,Hadoop_C0000147,50,531,"completedmappercent <num> totalresourcelimit: < <id>, <id> > finalmapresourcelimit: < <id>, <id> > finalreduceresourcelimit: < <id>, <id> > netscheduledmapresource: < <id>, <id> > netscheduledreduceresource: < <id>, <id> >",1,1,frequency_representative
1854,Ramping up 1,E230,Ramping up <*>,31,ramping up <num>,1,Hadoop_C0000148,1,31,ramping up <num>,1,1,frequency_representative
1857,Socket Reader #1 for port 32070: readAndProcess from client 10.86.164.9 threw exception [java.io.IOException: An existing connection was forcibly closed by the remote host],E16,Socket Reader <*> for port <*> readAndProcess from client <*> threw exception [java.io.IOException: An existing connection was forcibly closed by the remote host],217,socket reader # <num> for port <num> : readandprocess from client <ip> threw exception [java.io.ioexception: an existing connection was forcibly closed by the remote host],114,Hadoop_C0000149,114,217,socket reader # <num> for port <num>: readandprocess from client <ip> threw exception [java. io. ioexception: an existing connection was forcibly closed by the remote host],1,1,frequency_representative
2008,Issuing kill to other attempt attempt_1445087491445_0005_m_000009_2,E150,Issuing kill to other attempt <*>,182,issuing kill to other attempt <id>,182,Hadoop_C0000150,182,182,issuing kill to other attempt <id>,1,1,frequency_representative
2651,Commit-pending state update from attempt_1445087491445_0005_r_000000_1,E122,Commit-pending state update from <*>,47,commit-pending state update from <id>,47,Hadoop_C0000151,47,47,commit-pending state update from <id>,1,1,frequency_representative
2652,attempt_1445087491445_0005_r_000000_1 TaskAttempt Transitioned from RUNNING to COMMIT_PENDING,E124,<*> TaskAttempt Transitioned from <*> to <*>,47,<id> taskattempt transitioned from running to commit_pending,47,Hadoop_C0000152,47,47,<id> taskattempt transitioned from running to commit_pending,1,1,frequency_representative
2653,attempt_1445087491445_0005_r_000000_1 given a go for committing the task output.,E97,<*> given a go for committing the task output.,47,<id> given a go for committing the task output.,47,Hadoop_C0000153,47,47,<id> given a go for committing the task output.,1,1,frequency_representative
2654,Commit go/no-go request from attempt_1445087491445_0005_r_000000_1,E148,Commit go/no-go request from <*>,47,commit go/no-go request from <id>,47,Hadoop_C0000154,47,47,commit go/no-go request from <id>,1,1,frequency_representative
2655,Result of canCommit for attempt_1445087491445_0005_r_000000_1:true,E185,Result of canCommit for <*>,47,result of cancommit for <id>,47,Hadoop_C0000155,47,47,result of cancommit for <id>,1,1,frequency_representative
2666,Calling handler for JobFinishedEvent,E104,Calling handler for JobFinishedEvent,47,calling handler for jobfinishedevent,1,Hadoop_C0000156,1,47,calling handler for jobfinishedevent,1,1,frequency_representative
2667,We are finishing cleanly so this is the last retry,E78,We are finishing cleanly so this is the last retry,50,we are finishing cleanly so this is the last retry,1,Hadoop_C0000157,1,50,we are finishing cleanly so this is the last retry,1,1,frequency_representative
2668,Notify RMCommunicator isAMLastRetry: true,E103,Notify RMCommunicator isAMLastRetry: <*>,50,notify rmcommunicator isamlastretry: true,1,Hadoop_C0000158,1,50,notify rmcommunicator isamlastretry: true,1,1,frequency_representative
2669,RMCommunicator notified that shouldUnregistered is: true,E66,RMCommunicator notified that shouldUnregistered is: <*>,50,rmcommunicator notified that shouldunregistered is: true,1,Hadoop_C0000159,1,50,rmcommunicator notified that shouldunregistered is: true,1,1,frequency_representative
2670,Notify JHEH isAMLastRetry: true,E159,Notify JHEH isAMLastRetry: <*>,50,notify jheh isamlastretry: true,1,Hadoop_C0000160,1,50,notify jheh isamlastretry: true,1,1,frequency_representative
2671,JobHistoryEventHandler notified that forceJobCompletion is true,E48,JobHistoryEventHandler notified that forceJobCompletion is <*>,50,jobhistoryeventhandler notified that forcejobcompletion is true,1,Hadoop_C0000161,1,50,jobhistoryeventhandler notified that forcejobcompletion is true,1,1,frequency_representative
2672,Calling stop for all the services,E126,Calling stop for all the services,52,calling stop for all the services,1,Hadoop_C0000162,1,52,calling stop for all the services,1,1,frequency_representative
2673,Stopping JobHistoryEventHandler. Size of the outstanding queue size is 0,E34,Stopping JobHistoryEventHandler. Size of the outstanding queue size is <*>,52,stopping jobhistoryeventhandler. size of the outstanding queue size is <num>,3,Hadoop_C0000163,3,52,stopping jobhistoryeventhandler. size of the outstanding queue size is <num>,1,1,frequency_representative
2674,Copying hdfs://msra-sa-41:9000/tmp/hadoop-yarn/staging/msrabi/.staging/job_1445087491445_0005/job_1445087491445_0005_1.jhist to hdfs://msra-sa-41:9000/tmp/hadoop-yarn/staging,E231,Copying <*> to <*>,94,copying hdfs:/ <path> <id> / <id> to hdfs:/ <path>,94,Hadoop_C0000164,94,94,copying hdfs:/<path> <id>/<id> to hdfs:/<path>,1,1,frequency_representative
2675,Copied to done location: hdfs://msra-sa-41:9000/tmp/hadoop-yarn/staging,E181,Copied to done location: <*>,94,copied to done location: hdfs:/ <path>,1,Hadoop_C0000165,1,94,copied to done location: hdfs:/<path>,1,1,frequency_representative
2678,Moved tmp to done: hdfs://msra-sa-41:9000/tmp/hadoop-yarn/staging,E210,Moved tmp to done: <*>,141,moved tmp to done: hdfs:/ <path>,1,Hadoop_C0000166,1,141,moved tmp to done: hdfs:/<path>,1,1,frequency_representative
2681,Setting job diagnostics to,E169,Setting job diagnostics to,48,setting job diagnostics to,1,Hadoop_C0000167,1,48,setting job diagnostics to,1,1,frequency_representative
2682,History url is http://MSRA-SA-41.fareast.corp.microsoft.com:19888/jobhistory/job/job_1445087491445_0005,E222,History url is <*>,48,history url is <url>,48,Hadoop_C0000168,48,48,history url is <url>,1,1,frequency_representative
2683,Waiting for application to be successfully unregistered.,E59,Waiting for application to be successfully unregistered.,45,waiting for application to be successfully unregistered.,1,Hadoop_C0000169,1,45,waiting for application to be successfully unregistered.,1,1,frequency_representative
66842,Final Stats: PendingReds:0 ScheduledMaps:0 ScheduledReds:0 AssignedMaps:0 AssignedReds:1 CompletedMaps:10 CompletedReds:1 ContAlloc:1 ContRel:0 HostLocal:0 RackLocal:0,E14,Final Stats: PendingReds:<*> ScheduledMaps:<*> ScheduledReds:<*> AssignedMaps:<*> AssignedReds:<*> CompletedMaps:<*> CompletedReds:<*> ContAlloc:<*> ContRel:<*> HostLocal:<*> RackLocal:<*>,48,final stats: <id> <id> <id> <id> <id> <id> <id> <id> <id> <id> <id>,43,Hadoop_C0000170,43,48,final stats: <id> <id> <id> <id> <id> <id> <id> <id> <id> <id> <id>,1,1,frequency_representative
2685,Deleting staging directory hdfs://msra-sa-41:9000 /tmp/hadoop-yarn/staging/msrabi/.staging/job_1445087491445_0005,E166,Deleting staging directory <*> <*>,45,deleting staging directory hdfs:// <id> <path> <id>,45,Hadoop_C0000171,45,45,deleting staging directory hdfs:// <id> <path> <id>,1,1,frequency_representative
2686,Stopping server on 32070,E207,Stopping server on <*>,48,stopping server on <num>,48,Hadoop_C0000172,48,48,stopping server on <num>,1,1,frequency_representative
2687,Stopping IPC Server listener on 32070,E134,Stopping IPC Server listener on <*>,48,stopping ipc server listener on <num>,48,Hadoop_C0000173,48,48,stopping ipc server listener on <num>,1,1,frequency_representative
2688,Stopping IPC Server Responder,E138,Stopping IPC Server Responder,48,stopping ipc server responder,1,Hadoop_C0000174,1,48,stopping ipc server responder,1,1,frequency_representative
2689,TaskHeartbeatHandler thread interrupted,E90,TaskHeartbeatHandler thread interrupted,48,taskheartbeathandler thread interrupted,1,Hadoop_C0000175,1,48,taskheartbeathandler thread interrupted,1,1,frequency_representative
177027,"Kind: mapreduce.job, Service: job_1445076437777_0001, Ident: (org.apache.hadoop.mapreduce.security.token.JobTokenIdentifier@c5f5deb)",E174,"Kind: <*>, Service: <*>, Ident: (<*>)",21,"kind: mapreduce.job, service: <id> , ident: (org.apache.hadoop.mapreduce.security.token.jobtokenidentifier@c5f5deb)",15,Hadoop_C0000176,15,21,"kind: mapreduce. job, service: <id>, ident: (org. apache. hadoop. mapreduce. security. token. jobtokenidentifier @ c 5 f 5 deb)",1,1,frequency_representative
45349,Read 227948850 bytes from map-output for attempt_1445087491445_0004_m_000000_1,E144,Read <*> bytes from map-output for <*>,649,read <num> bytes from map-output for <id>,526,Hadoop_C0000177,526,649,read <num> bytes from map-output for <id>,1,1,frequency_representative
7224,MSRA-SA-41.fareast.corp.microsoft.com:13562 freed by fetcher#5 in 542ms,E205,<*> freed by fetcher#<*> in <*>,2,<id> freed by fetcher# <num> in 542ms,2,Hadoop_C0000178,434,437,<id> freed by fetcher # <num> in <*> ms,3,1,frequency_representative
105021,MININT-75DGDAM1.fareast.corp.microsoft.com:13562 freed by fetcher#5 in 11180ms,E205,<*> freed by fetcher#<*> in <*>,1,<id> freed by fetcher# <num> in 11180ms,1,Hadoop_C0000178,434,437,<id> freed by fetcher # <num> in <*> ms,3,2,complex_sample
4327,04DN8IQ.fareast.corp.microsoft.com:13562 freed by fetcher#4 in 857ms,E205,<*> freed by fetcher#<*> in <*>,1,<id> freed by fetcher# <num> in 857ms,1,Hadoop_C0000178,434,437,<id> freed by fetcher # <num> in <*> ms,3,3,diverse_sample
3569,"for url=13562/mapOutput?job=job_1445087491445_0005&reduce=0&map=attempt_1445087491445_0005_m_000002_0,attempt_1445087491445_0005_m_000005_0,attempt_1445087491445_0005_m_000003_0,attempt_1445087491445_0005_m_000004_0 sent hash and received reply",E111,for url=<*> sent hash and received reply,15,"for url= <num> /mapoutput?job= <id> &reduce= <num> &map= <id> , <id> , <id> , <id> sent hash and received reply",15,Hadoop_C0000179,15,15,"for url = <num>/mapoutput? job = <id> & reduce = <num> & map = <id>, <id>, <id>, <id> sent hash and received reply",1,1,frequency_representative
3631,EventFetcher is interrupted.. Returning,E92,EventFetcher is interrupted.. Returning,54,eventfetcher is interrupted.. returning,1,Hadoop_C0000180,1,54,eventfetcher is interrupted.. returning,1,1,frequency_representative
4367,finalMerge called with 0 in-memory map-outputs and 10 on-disk map-outputs,E36,finalMerge called with <*> in-memory map-outputs and <*> on-disk map-outputs,56,finalmerge called with <num> in-memory map-outputs and <num> on-disk map-outputs,2,Hadoop_C0000181,2,56,finalmerge called with <num> in-memory map-outputs and <num> on-disk map-outputs,1,1,frequency_representative
4368,"Merging 10 files, 601334942 bytes from disk",E145,"Merging <*> files, <*> bytes from disk",56,"merging <num> files, <num> bytes from disk",3,Hadoop_C0000182,3,56,"merging <num> files, <num> bytes from disk",1,1,frequency_representative
3634,"Merging 0 segments, 0 bytes from memory into reduce",E81,"Merging <*> segments, <*> bytes from memory into reduce",56,"merging <num> segments, <num> bytes from memory into reduce",1,Hadoop_C0000183,1,56,"merging <num> segments, <num> bytes from memory into reduce",1,1,frequency_representative
3636,Merging 4 intermediate segments out of a total of 13,E86,Merging <*> intermediate segments out of a total of <*>,7,merging <num> intermediate segments out of a total of <num>,1,Hadoop_C0000184,1,7,merging <num> intermediate segments out of a total of <num>,1,1,frequency_representative
3638,"mapred.skip.on is deprecated. Instead, use mapreduce.job.skiprecords",E165,"<*> is deprecated. Instead, use <*>",56,"mapred.skip.on is deprecated. instead, use mapreduce.job.skiprecords",1,Hadoop_C0000185,1,56,"mapred. skip. on is deprecated. instead, use mapreduce. job. skiprecords",1,1,frequency_representative
3640,Task attempt_1445087491445_0005_r_000000_1 is allowed to commit now,E161,Task <*> is allowed to commit now,48,task <id> is allowed to commit now,48,Hadoop_C0000186,48,48,task <id> is allowed to commit now,1,1,frequency_representative
3641,Saved output of task 'attempt_1445087491445_0005_r_000000_1' to hdfs://msra-sa-41:9000/out/out2/_temporary/1/task_1445087491445_0005_r_000000,E184,Saved output of task <*> to <*>,48,saved output of task ' <id> ' to hdfs:/ <path> <id>,48,Hadoop_C0000187,48,48,saved output of task ' <id> ' to hdfs:/<path> <id>,1,1,frequency_representative
3660,Recovery is enabled. Will try to recover from previous life on best effort basis.,E30,Recovery is enabled. Will try to recover from previous life on best effort basis.,15,recovery is enabled. will try to recover from previous life on best effort basis.,1,Hadoop_C0000188,1,15,recovery is enabled. will try to recover from previous life on best effort basis.,1,1,frequency_representative
76805,Previous history file is at hdfs://msra-sa-41:9000/tmp/hadoop-yarn/staging/msrabi/.staging/job_1445182159119_0019/job_1445182159119_0019_1.jhist,E172,Previous history file is at <*>,19,previous history file is at hdfs:/ <path> <id> / <id>,15,Hadoop_C0000189,15,19,previous history file is at hdfs:/<path> <id>/<id>,1,1,frequency_representative
3663,Read from history task task_1445062781478_0018_m_000008,E193,Read from history task <*>,96,read from history task <id>,96,Hadoop_C0000190,96,96,read from history task <id>,1,1,frequency_representative
58507,Read completed tasks from history 10,E121,Read completed tasks from history <*>,11,read completed tasks from history <num>,4,Hadoop_C0000191,4,11,read completed tasks from history <num>,1,1,frequency_representative
3714,"Recovering task task_1445062781478_0018_m_000000 from prior app attempt, status was SUCCEEDED",E75,"Recovering task <*> from prior app attempt, status was <*>",96,"recovering task <id> from prior app attempt, status was succeeded",96,Hadoop_C0000192,96,96,"recovering task <id> from prior app attempt, status was succeeded",1,1,frequency_representative
4445,Stopping MapTask metrics system...,E158,Stopping <*> metrics system...,302,stopping maptask metrics system...,1,Hadoop_C0000193,1,302,stopping maptask metrics system...,1,1,frequency_representative
4446,MapTask metrics system stopped.,E183,<*> metrics system stopped.,302,maptask metrics system stopped.,1,Hadoop_C0000194,1,302,maptask metrics system stopped.,1,1,frequency_representative
4447,MapTask metrics system shutdown complete.,E115,<*> metrics system shutdown complete.,302,maptask metrics system shutdown complete.,1,Hadoop_C0000195,1,302,maptask metrics system shutdown complete.,1,1,frequency_representative
4575,Using ResourceCalculatorProcessTree : org.apache.hadoop.yarn.util.WindowsBasedProcessTree@db57326,E96,Using ResourceCalculatorProcessTree : <*>,157,using resourcecalculatorprocesstree : org.apache.hadoop.yarn.util.windowsbasedprocesstree@db57326,1,Hadoop_C0000196,1,157,using resourcecalculatorprocesstree: org. apache. hadoop. yarn. util. windowsbasedprocesstree @ db 57326,1,1,frequency_representative
4687,Using ResourceCalculatorProcessTree : org.apache.hadoop.yarn.util.WindowsBasedProcessTree@9a99335,E96,Using ResourceCalculatorProcessTree : <*>,4,using resourcecalculatorprocesstree : org.apache.hadoop.yarn.util.windowsbasedprocesstree@9a99335,1,Hadoop_C0000197,1,4,using resourcecalculatorprocesstree: org. apache. hadoop. yarn. util. windowsbasedprocesstree @ 9 a 99335,1,1,frequency_representative
176969,"Communication exception: java.io.IOException: Failed on local exception: java.io.IOException: An existing connection was forcibly closed by the remote host; Host Details : local host is: ""04DN8IQ/10.86.164.9""; destination host is: ""minint-fnanli5.fareast.corp.microsoft.com"":52839;",E7,Communication exception: java.io.IOException: Failed on local exception: java.io.IOException: An existing connection was forcibly closed by the remote host; Host Details : local host is: <*> destination host is: <*>,7,"communication exception: java.io.ioexception: failed on local exception: java.io.ioexception: an existing connection was forcibly closed by the remote host; host details : local host is: ""04dn8iq/ <ip> ""; destination host is: "" <id> "": <num> ;",4,Hadoop_C0000198,4,7,"communication exception: java. io. ioexception: failed on local exception: java. io. ioexception: an existing connection was forcibly closed by the remote host; host details: local host is: "" 04 dn 8 iq/<ip> ""; destination host is: "" <id> "": <num>;",1,1,frequency_representative
34616,Retrying connect to server: MININT-75DGDAM1.fareast.corp.microsoft.com/10.86.165.66:51951. Already tried 0 time(s); maxRetries=45,E44,Retrying connect to server: <*>. Already tried <*> time(s); maxRetries=<*>,2517,retrying connect to server: <id> / <ip> . already tried <num> time(s); maxretries= <num>,570,Hadoop_C0000199,570,2517,retrying connect to server: <id>/<ip>. already tried <num> time (s); maxretries = <num>,1,1,frequency_representative
5230,Extract jar:file:/D:/hadoop-2.6.0-localbox/share/hadoop/yarn/hadoop-yarn-common-2.6.0-SNAPSHOT.jar!/webapps/mapreduce to C:\Users\msrabi\AppData\Local\Temp\Jetty_0_0_0_0_53416_mapreduce____.vxgjfm\webapp,E221,Extract jar:<*> to <*>,35,extract jar:file: <path> !/webapps/mapreduce to c:\users\msrabi\appdata\local\temp\ <id> \webapp,35,Hadoop_C0000200,35,35,extract jar: file: <path>!/webapps/mapreduce to c: \ users \ msrabi \ appdata \ local \ temp \ <id> \ webapp,1,1,frequency_representative
5445,"Releasing unassigned and invalid container Container: [ContainerId: container_1445062781478_0018_01_000012, NodeId: MININT-FNANLI5.fareast.corp.microsoft.com:64642, NodeHttpAddress: MININT-FNANLI5.fareast.corp.microsoft.com:8042, Resource: <memory:1024, vCores:1>, Priority: 20, Token: Token { kind: ContainerToken, service: 10.86.169.121:64642 }, ]. RM may have assignment issues",E15,"Releasing unassigned and invalid container Container: [ContainerId: <*>, NodeId: <*>, NodeHttpAddress: <*>, Resource: <*>, Priority: <*>, Token: <*>]. RM may have assignment issues",7,"releasing unassigned and invalid container container: [containerid: <id> , nodeid: <id> , nodehttpaddress: <id> , resource: < <id> , <id> >, priority: <num> , token: token { kind: containertoken, service: <ip> }, ]. rm may have assignment issues",7,Hadoop_C0000201,7,7,"releasing unassigned and invalid container container: [containerid: <id>, nodeid: <id>, nodehttpaddress: <id>, resource: < <id>, <id> >, priority: <num>, token: token {kind: containertoken, service: <ip>},]. rm may have assignment issues",1,1,frequency_representative
5461,Container complete event for unknown container id container_1445062781478_0018_01_000012,E74,Container complete event for unknown container id <*>,19,container complete event for unknown container id <id>,19,Hadoop_C0000202,19,19,container complete event for unknown container id <id>,1,1,frequency_representative
5463,"Cannot assign container Container: [ContainerId: container_1445062781478_0018_01_000013, NodeId: MININT-75DGDAM1.fareast.corp.microsoft.com:51951, NodeHttpAddress: MININT-75DGDAM1.fareast.corp.microsoft.com:8042, Resource: <memory:1024, vCores:1>, Priority: 20, Token: Token { kind: ContainerToken, service: 10.86.165.66:51951 }, ] for a map as either container memory less than required <memory:1024, vCores:1> or no pending map tasks - maps.isEmpty=true",E9,"Cannot assign container Container: [ContainerId: <*>, NodeId: <*>, NodeHttpAddress: <*>, Resource: <*>, Priority: <*>, Token: <*>, ] for a map as either container memory less than required <*> or no pending map tasks - maps.isEmpty=<*>",12,"cannot assign container container: [containerid: <id> , nodeid: <id> , nodehttpaddress: <id> , resource: < <id> , <id> >, priority: <num> , token: token { kind: containertoken, service: <ip> }, ] for a map as either container memory less than required < <id> , <id> > or no pending map tasks - maps.isempty=true",12,Hadoop_C0000203,12,12,"cannot assign container container: [containerid: <id>, nodeid: <id>, nodehttpaddress: <id>, resource: < <id>, <id> >, priority: <num>, token: token {kind: containertoken, service: <ip>},] for a map as either container memory less than required < <id>, <id> > or no pending map tasks-maps. isempty = true",1,1,frequency_representative
7288,Exception in getting events,E157,Exception in getting events,3,exception in getting events,1,Hadoop_C0000204,1,3,exception in getting events,1,1,frequency_representative
20793,"Communication exception: java.io.IOException: Failed on local exception: java.io.IOException: An existing connection was forcibly closed by the remote host; Host Details : local host is: ""MSRA-SA-41/10.190.173.170""; destination host is: ""minint-fnanli5.fareast.corp.microsoft.com"":62270;",E7,Communication exception: java.io.IOException: Failed on local exception: java.io.IOException: An existing connection was forcibly closed by the remote host; Host Details : local host is: <*> destination host is: <*>,32,"communication exception: java.io.ioexception: failed on local exception: java.io.ioexception: an existing connection was forcibly closed by the remote host; host details : local host is: "" <id> / <ip> ""; destination host is: "" <id> "": <num> ;",17,Hadoop_C0000205,19,37,"communication exception: java. io. ioexception: failed on local exception: java. io. ioexception: an existing connection was forcibly closed by the remote host; host details: local host is: "" <id>/<ip> ""; destination host is: "" <id> "": <num>;",2,1,frequency_representative
59466,"Communication exception: java.io.IOException: Failed on local exception: java.io.IOException: An existing connection was forcibly closed by the remote host; Host Details : local host is: ""MININT-FNANLI5/127.0.0.1""; destination host is: ""10.190.173.170"":25859;",E7,Communication exception: java.io.IOException: Failed on local exception: java.io.IOException: An existing connection was forcibly closed by the remote host; Host Details : local host is: <*> destination host is: <*>,5,"communication exception: java.io.ioexception: failed on local exception: java.io.ioexception: an existing connection was forcibly closed by the remote host; host details : local host is: "" <id> / <ip> ""; destination host is: "" <ip> "": <num> ;",2,Hadoop_C0000205,19,37,"communication exception: java. io. ioexception: failed on local exception: java. io. ioexception: an existing connection was forcibly closed by the remote host; host details: local host is: "" <id>/<ip> ""; destination host is: "" <id> "": <num>;",2,2,complex_sample
129776,"Retrying connect to server: 04DN8IQ.fareast.corp.microsoft.com/10.86.164.9:64484. Already tried 0 time(s); retry policy is RetryUpToMaximumCountWithFixedSleep(maxRetries=10, sleepTime=1000 MILLISECONDS)",E17,"Retrying connect to server: <*>. Already tried <*> time(s); retry policy is RetryUpToMaximumCountWithFixedSleep(maxRetries=<*>, sleepTime=<*> MILLISECONDS)",466,"retrying connect to server: <id> / <ip> . already tried <num> time(s); retry policy is retryuptomaximumcountwithfixedsleep(maxretries= <num> , sleeptime= <num> milliseconds)",74,Hadoop_C0000206,94,566,"retrying connect to server: <id>/<ip>. already tried <num> time (s); retry policy is retryuptomaximumcountwithfixedsleep (maxretries = <num>, sleeptime = <num> milliseconds)",2,1,frequency_representative
59467,"Retrying connect to server: 10.190.173.170/10.190.173.170:25859. Already tried 0 time(s); retry policy is RetryUpToMaximumCountWithFixedSleep(maxRetries=10, sleepTime=1000 MILLISECONDS)",E17,"Retrying connect to server: <*>. Already tried <*> time(s); retry policy is RetryUpToMaximumCountWithFixedSleep(maxRetries=<*>, sleepTime=<*> MILLISECONDS)",100,"retrying connect to server: <ip> / <ip> . already tried <num> time(s); retry policy is retryuptomaximumcountwithfixedsleep(maxretries= <num> , sleeptime= <num> milliseconds)",20,Hadoop_C0000206,94,566,"retrying connect to server: <id>/<ip>. already tried <num> time (s); retry policy is retryuptomaximumcountwithfixedsleep (maxretries = <num>, sleeptime = <num> milliseconds)",2,2,complex_sample
7477,Using ResourceCalculatorProcessTree : org.apache.hadoop.yarn.util.WindowsBasedProcessTree@b34817a,E96,Using ResourceCalculatorProcessTree : <*>,11,using resourcecalculatorprocesstree : org.apache.hadoop.yarn.util.windowsbasedprocesstree@b34817a,1,Hadoop_C0000207,1,11,using resourcecalculatorprocesstree: org. apache. hadoop. yarn. util. windowsbasedprocesstree @ b 34817 a,1,1,frequency_representative
10315,Address change detected. Old: msra-sa-41/10.190.173.170:9000 New: msra-sa-41:9000,E108,Address change detected. Old: <*> New: <*>,5795,address change detected. old: <id> / <ip> new: <id>,2,Hadoop_C0000208,2,5795,address change detected. old: <id>/<ip> new: <id>,1,1,frequency_representative
10316,Failed to renew lease for [DFSClient_NONMAPREDUCE_483047941_1] for 46 seconds. Will retry shortly ...,E57,Failed to renew lease for <*> for <*> seconds. Will retry shortly ...,5300,failed to renew lease for [ <id> ] for <num> seconds. will retry shortly ...,5300,Hadoop_C0000209,5300,5300,failed to renew lease for [<id>] for <num> seconds. will retry shortly...,1,1,frequency_representative
10351,ERROR IN CONTACTING RM.,E186,ERROR IN CONTACTING RM.,480,error in contacting rm.,1,Hadoop_C0000210,1,480,error in contacting rm.,1,1,frequency_representative
10357,"Retrying connect to server: msra-sa-41:8030. Already tried 0 time(s); retry policy is RetryUpToMaximumCountWithFixedSleep(maxRetries=10, sleepTime=1000 MILLISECONDS)",E17,"Retrying connect to server: <*>. Already tried <*> time(s); retry policy is RetryUpToMaximumCountWithFixedSleep(maxRetries=<*>, sleepTime=<*> MILLISECONDS)",482,"retrying connect to server: <id> . already tried <num> time(s); retry policy is retryuptomaximumcountwithfixedsleep(maxretries= <num> , sleeptime= <num> milliseconds)",1,Hadoop_C0000211,1,482,"retrying connect to server: <id>. already tried <num> time (s); retry policy is retryuptomaximumcountwithfixedsleep (maxretries = <num>, sleeptime = <num> milliseconds)",1,1,frequency_representative
10609,Communication exception: java.net.ConnectException: Call From MSRA-SA-39/172.22.149.145 to minint-fnanli5.fareast.corp.microsoft.com:49594 failed on connection exception: java.net.ConnectException: Connection timed out: no further information; For more details see: http://wiki.apache.org/hadoop/ConnectionRefused,E10,Communication exception: java.net.ConnectException: Call From <*> to <*> failed on connection exception: java.net.ConnectException: Connection timed out: no further information; For more details see: <*>,1,communication exception: java.net.connectexception: call from <id> / <ip> to <id> failed on connection exception: java.net.connectexception: connection timed out: no further information; for more details see: <url>,1,Hadoop_C0000212,1,1,communication exception: java. net. connectexception: call from <id>/<ip> to <id> failed on connection exception: java. net. connectexception: connection timed out: no further information; for more details see: <url>,1,1,frequency_representative
160663,"for url=13562/mapOutput?job=job_1445094324383_0002&reduce=0&map=attempt_1445094324383_0002_m_000005_0,attempt_1445094324383_0002_m_000008_0,attempt_1445094324383_0002_m_000001_0 sent hash and received reply",E111,for url=<*> sent hash and received reply,21,"for url= <num> /mapoutput?job= <id> &reduce= <num> &map= <id> , <id> , <id> sent hash and received reply",19,Hadoop_C0000213,19,21,"for url = <num>/mapoutput? job = <id> & reduce = <num> & map = <id>, <id>, <id> sent hash and received reply",1,1,frequency_representative
11274,"for url=13562/mapOutput?job=job_1445087491445_0002&reduce=0&map=attempt_1445087491445_0002_m_000002_0,attempt_1445087491445_0002_m_000003_1,attempt_1445087491445_0002_m_000004_0,attempt_1445087491445_0002_m_000005_0,attempt_1445087491445_0002_m_000008_0,attempt_1445087491445_0002_m_000009_0,attempt_1445087491445_0002_m_000011_0 sent hash and received reply",E111,for url=<*> sent hash and received reply,3,"for url= <num> /mapoutput?job= <id> &reduce= <num> &map= <id> , <id> , <id> , <id> , <id> , <id> , <id> sent hash and received reply",3,Hadoop_C0000214,3,3,"for url = <num>/mapoutput? job = <id> & reduce = <num> & map = <id>, <id>, <id>, <id>, <id>, <id>, <id> sent hash and received reply",1,1,frequency_representative
11334,Using ResourceCalculatorProcessTree : org.apache.hadoop.yarn.util.WindowsBasedProcessTree@b2e6de0,E96,Using ResourceCalculatorProcessTree : <*>,3,using resourcecalculatorprocesstree : org.apache.hadoop.yarn.util.windowsbasedprocesstree@b2e6de0,1,Hadoop_C0000215,1,3,using resourcecalculatorprocesstree: org. apache. hadoop. yarn. util. windowsbasedprocesstree @ b 2 e 6 de 0,1,1,frequency_representative
164497,TaskAttempt killed because it ran on unusable node 04DN8IQ.fareast.corp.microsoft.com:55452. AttemptId:attempt_1445094324383_0005_m_000007_0,E49,TaskAttempt killed because it ran on unusable node <*>. AttemptId:<*>,25,taskattempt killed because it ran on unusable node <id> . <id>,16,Hadoop_C0000216,16,25,taskattempt killed because it ran on unusable node <id>. <id>,1,1,frequency_representative
160670,"for url=13562/mapOutput?job=job_1445094324383_0002&reduce=0&map=attempt_1445094324383_0002_m_000004_0,attempt_1445094324383_0002_m_000003_0,attempt_1445094324383_0002_m_000006_0,attempt_1445094324383_0002_m_000002_0,attempt_1445094324383_0002_m_000007_0 sent hash and received reply",E111,for url=<*> sent hash and received reply,12,"for url= <num> /mapoutput?job= <id> &reduce= <num> &map= <id> , <id> , <id> , <id> , <id> sent hash and received reply",11,Hadoop_C0000217,11,12,"for url = <num>/mapoutput? job = <id> & reduce = <num> & map = <id>, <id>, <id>, <id>, <id> sent hash and received reply",1,1,frequency_representative
13854,Stopping ReduceTask metrics system...,E158,Stopping <*> metrics system...,15,stopping reducetask metrics system...,1,Hadoop_C0000218,1,15,stopping reducetask metrics system...,1,1,frequency_representative
13855,ReduceTask metrics system stopped.,E183,<*> metrics system stopped.,15,reducetask metrics system stopped.,1,Hadoop_C0000219,1,15,reducetask metrics system stopped.,1,1,frequency_representative
13856,ReduceTask metrics system shutdown complete.,E115,<*> metrics system shutdown complete.,15,reducetask metrics system shutdown complete.,1,Hadoop_C0000220,1,15,reducetask metrics system shutdown complete.,1,1,frequency_representative
16281,MSRA-SA-41.fareast.corp.microsoft.com:13562 freed by fetcher#1 in 127148ms,E205,<*> freed by fetcher#<*> in <*>,18,<id> freed by fetcher# <num> in <id>,18,Hadoop_C0000221,18,18,<id> freed by fetcher # <num> in <id>,1,1,frequency_representative
16297,Using ResourceCalculatorProcessTree : org.apache.hadoop.yarn.util.WindowsBasedProcessTree@753d011,E96,Using ResourceCalculatorProcessTree : <*>,1,using resourcecalculatorprocesstree : org.apache.hadoop.yarn.util.windowsbasedprocesstree@753d011,1,Hadoop_C0000222,1,1,using resourcecalculatorprocesstree: org. apache. hadoop. yarn. util. windowsbasedprocesstree @ 753 d 011,1,1,frequency_representative
18036,DFSOutputStream ResponseProcessor exception for block BP-1347369012-10.190.173.170-1444972147527:blk_1073742514_1708,E63,DFSOutputStream ResponseProcessor exception for block <*>,14,dfsoutputstream responseprocessor exception for block <id> - <ip> - <hex> : <id>,14,Hadoop_C0000223,14,14,dfsoutputstream responseprocessor exception for block <id>-<ip>-<hex>: <id>,1,1,frequency_representative
18037,"Error Recovery for block BP-1347369012-10.190.173.170-1444972147527:blk_1073742514_1708 in pipeline 10.190.173.170:50010, 10.86.164.9:50010: bad datanode 10.86.164.9:50010",E72,"Error Recovery for block <*> in pipeline <*>, <*>: bad datanode <*>",14,"error recovery for block <id> - <ip> - <hex> : <id> in pipeline <ip> , <ip> : bad datanode <ip>",14,Hadoop_C0000224,14,14,"error recovery for block <id>-<ip>-<hex>: <id> in pipeline <ip>, <ip>: bad datanode <ip>",1,1,frequency_representative
18319,Using ResourceCalculatorProcessTree : org.apache.hadoop.yarn.util.WindowsBasedProcessTree@93fcf10,E96,Using ResourceCalculatorProcessTree : <*>,4,using resourcecalculatorprocesstree : org.apache.hadoop.yarn.util.windowsbasedprocesstree@93fcf10,1,Hadoop_C0000225,1,4,using resourcecalculatorprocesstree: org. apache. hadoop. yarn. util. windowsbasedprocesstree @ 93 fcf 10,1,1,frequency_representative
21642,Using ResourceCalculatorProcessTree : org.apache.hadoop.yarn.util.WindowsBasedProcessTree@4e621c4,E96,Using ResourceCalculatorProcessTree : <*>,1,using resourcecalculatorprocesstree : org.apache.hadoop.yarn.util.windowsbasedprocesstree@4e621c4,1,Hadoop_C0000226,1,1,using resourcecalculatorprocesstree: org. apache. hadoop. yarn. util. windowsbasedprocesstree @ 4 e 621 c 4,1,1,frequency_representative
21677,"Failed to connect to /10.190.173.170:50010 for block, add to deadNodes and continue. java.net.NoRouteToHostException: No route to host: no further information",E18,"Failed to connect to <*> for block, add to deadNodes and continue. java.net.NoRouteToHostException: No route to host: no further information",10,"failed to connect to / <ip> for block, add to deadnodes and continue. java.net.noroutetohostexception: no route to host: no further information",2,Hadoop_C0000227,2,10,"failed to connect to/<ip> for block, add to deadnodes and continue. java. net. noroutetohostexception: no route to host: no further information",1,1,frequency_representative
21678,"Could not obtain BP-1347369012-10.190.173.170-1444972147527:blk_1073741828_1004 from any node: java.io.IOException: No live nodes contain block BP-1347369012-10.190.173.170-1444972147527:blk_1073741828_1004 after checking nodes = [172.22.149.145:50010, 10.190.173.170:50010], ignoredNodes = null No live nodes contain current block Block locations: 172.22.149.145:50010 10.190.173.170:50010 Dead nodes: 10.190.173.170:50010 172.22.149.145:50010. Will get new block locations from namenode and retry...",E6,"Could not obtain <*> from any node: <*> No live nodes contain block <*> after checking nodes = <*>, ignoredNodes = <*> No live nodes contain current block Block locations: <*> Dead nodes: <*>. Will get new block locations from namenode and retry...",5,"could not obtain <id> - <ip> - <hex> : <id> from any node: java.io.ioexception: no live nodes contain block <id> - <ip> - <hex> : <id> after checking nodes = [ <ip> , <ip> ], ignorednodes = null no live nodes contain current block block locations: <ip> <ip> dead nodes: <ip> <ip> . will get new block locations from namenode and retry...",3,Hadoop_C0000228,3,5,"could not obtain <id>-<ip>-<hex>: <id> from any node: java. io. ioexception: no live nodes contain block <id>-<ip>-<hex>: <id> after checking nodes = [<ip>, <ip>], ignorednodes = null no live nodes contain current block block locations: <ip> <ip> dead nodes: <ip> <ip>. will get new block locations from namenode and retry...",1,1,frequency_representative
21679,"DFS chooseDataNode: got # 1 IOException, will wait for 723.7852941897946 msec.",E61,"DFS chooseDataNode: got # <*> IOException, will wait for <*> msec.",6,"dfs choosedatanode: got # <num> ioexception, will wait for <num> . <hex> msec.",6,Hadoop_C0000229,6,6,"dfs choosedatanode: got # <num> ioexception, will wait for <num>. <hex> msec.",1,1,frequency_representative
21686,DFS Read,E233,DFS Read,3,dfs read,1,Hadoop_C0000230,1,3,dfs read,1,1,frequency_representative
21694,Exception running child : java.net.NoRouteToHostException: No Route to Host from MININT-FNANLI5/127.0.0.1 to msra-sa-41:9000 failed on socket timeout exception: java.net.NoRouteToHostException: No route to host: no further information; For more details see: http://wiki.apache.org/hadoop/NoRouteToHost,E4,Exception running child : java.net.NoRouteToHostException: No Route to Host from <*> to <*> failed on socket timeout exception: java.net.NoRouteToHostException: No route to host: no further information; For more details see: <*>,2,exception running child : java.net.noroutetohostexception: no route to host from <id> / <ip> to <id> failed on socket timeout exception: java.net.noroutetohostexception: no route to host: no further information; for more details see: <url>,1,Hadoop_C0000231,1,2,exception running child: java. net. noroutetohostexception: no route to host from <id>/<ip> to <id> failed on socket timeout exception: java. net. noroutetohostexception: no route to host: no further information; for more details see: <url>,1,1,frequency_representative
21695,Runnning cleanup for the task,E147,Runnning cleanup for the task,6,runnning cleanup for the task,1,Hadoop_C0000232,1,6,runnning cleanup for the task,1,1,frequency_representative
21697,Exception cleaning up: java.net.NoRouteToHostException: No Route to Host from MININT-FNANLI5/127.0.0.1 to msra-sa-41:9000 failed on socket timeout exception: java.net.NoRouteToHostException: No route to host: no further information; For more details see: http://wiki.apache.org/hadoop/NoRouteToHost,E5,Exception cleaning up: java.net.NoRouteToHostException: No Route to Host from <*> to <*> failed on socket timeout exception: java.net.NoRouteToHostException: No route to host: no further information; For more details see: <*>,2,exception cleaning up: java.net.noroutetohostexception: no route to host from <id> / <ip> to <id> failed on socket timeout exception: java.net.noroutetohostexception: no route to host: no further information; for more details see: <url>,1,Hadoop_C0000233,1,2,exception cleaning up: java. net. noroutetohostexception: no route to host from <id>/<ip> to <id> failed on socket timeout exception: java. net. noroutetohostexception: no route to host: no further information; for more details see: <url>,1,1,frequency_representative
22840,"Slow ReadProcessor read fields took 65020ms (threshold=30000ms); ack: seqno: -2 status: SUCCESS status: ERROR downstreamAckTimeNanos: 0, targets: [10.86.169.121:50010, 10.190.173.170:50010]",E26,"Slow ReadProcessor read fields took <*> (threshold=<*>); ack: seqno: <*> status: <*> status: <*> downstreamAckTimeNanos: <*>, targets: [<*>, <*>]",1,"slow readprocessor read fields took 65020ms (threshold=30000ms); ack: seqno: <num> status: success status: error downstreamacktimenanos: <num> , targets: [ <ip> , <ip> ]",1,Hadoop_C0000234,9,9,"slow readprocessor read fields took <*> ms (threshold = 30000 ms); ack: seqno: <num> status: success status: error downstreamacktimenanos: <num>, targets: [<ip>, <ip>]",3,1,frequency_representative
30230,"Slow ReadProcessor read fields took 48957ms (threshold=30000ms); ack: seqno: -2 status: SUCCESS status: ERROR downstreamAckTimeNanos: 0, targets: [172.22.149.145:50010, 10.86.169.121:50010]",E26,"Slow ReadProcessor read fields took <*> (threshold=<*>); ack: seqno: <*> status: <*> status: <*> downstreamAckTimeNanos: <*>, targets: [<*>, <*>]",1,"slow readprocessor read fields took 48957ms (threshold=30000ms); ack: seqno: <num> status: success status: error downstreamacktimenanos: <num> , targets: [ <ip> , <ip> ]",1,Hadoop_C0000234,9,9,"slow readprocessor read fields took <*> ms (threshold = 30000 ms); ack: seqno: <num> status: success status: error downstreamacktimenanos: <num>, targets: [<ip>, <ip>]",3,2,complex_sample
47825,"Slow ReadProcessor read fields took 65036ms (threshold=30000ms); ack: seqno: -2 status: SUCCESS status: ERROR downstreamAckTimeNanos: 0, targets: [10.86.164.9:50010, 10.86.169.121:50010]",E26,"Slow ReadProcessor read fields took <*> (threshold=<*>); ack: seqno: <*> status: <*> status: <*> downstreamAckTimeNanos: <*>, targets: [<*>, <*>]",1,"slow readprocessor read fields took 65036ms (threshold=30000ms); ack: seqno: <num> status: success status: error downstreamacktimenanos: <num> , targets: [ <ip> , <ip> ]",1,Hadoop_C0000234,9,9,"slow readprocessor read fields took <*> ms (threshold = 30000 ms); ack: seqno: <num> status: success status: error downstreamacktimenanos: <num>, targets: [<ip>, <ip>]",3,3,diverse_sample
22844,DataStreamer Exception,E180,DataStreamer Exception,3,datastreamer exception,1,Hadoop_C0000235,1,3,datastreamer exception,1,1,frequency_representative
22952,Task: attempt_1445144423722_0020_m_000002_0 - exited : java.net.NoRouteToHostException: No Route to Host from MININT-FNANLI5/127.0.0.1 to msra-sa-41:9000 failed on socket timeout exception: java.net.NoRouteToHostException: No route to host: no further information; For more details see: http://wiki.apache.org/hadoop/NoRouteToHost,E8,Task: <*> - exited : java.net.NoRouteToHostException: No Route to Host from <*> to <*> failed on socket timeout exception: java.net.NoRouteToHostException: No route to host: no further information; For more details see: <*>,2,task: <id> - exited : java.net.noroutetohostexception: no route to host from <id> / <ip> to <id> failed on socket timeout exception: java.net.noroutetohostexception: no route to host: no further information; for more details see: <url>,2,Hadoop_C0000236,2,2,task: <id>-exited: java. net. noroutetohostexception: no route to host from <id>/<ip> to <id> failed on socket timeout exception: java. net. noroutetohostexception: no route to host: no further information; for more details see: <url>,1,1,frequency_representative
22953,Diagnostics report from attempt_1445144423722_0020_m_000002_0: Error: java.net.NoRouteToHostException: No Route to Host from MININT-FNANLI5/127.0.0.1 to msra-sa-41:9000 failed on socket timeout exception: java.net.NoRouteToHostException: No route to host: no further information; For more details see: http://wiki.apache.org/hadoop/NoRouteToHost,E2,Diagnostics report from <*>: Error: java.net.NoRouteToHostException: No Route to Host from <*> to <*> failed on socket timeout exception: java.net.NoRouteToHostException: No route to host: no further information; For more details see: <*>,4,diagnostics report from <id> : error: java.net.noroutetohostexception: no route to host from <id> / <ip> to <id> failed on socket timeout exception: java.net.noroutetohostexception: no route to host: no further information; for more details see: <url>,2,Hadoop_C0000237,2,4,diagnostics report from <id>: error: java. net. noroutetohostexception: no route to host from <id>/<ip> to <id> failed on socket timeout exception: java. net. noroutetohostexception: no route to host: no further information; for more details see: <url>,1,1,frequency_representative
22955,attempt_1445144423722_0020_m_000002_0 TaskAttempt Transitioned from RUNNING to FAIL_CONTAINER_CLEANUP,E124,<*> TaskAttempt Transitioned from <*> to <*>,17,<id> taskattempt transitioned from running to fail_container_cleanup,17,Hadoop_C0000238,17,17,<id> taskattempt transitioned from running to fail_container_cleanup,1,1,frequency_representative
22963,attempt_1445144423722_0020_m_000002_0 TaskAttempt Transitioned from FAIL_CONTAINER_CLEANUP to FAIL_TASK_CLEANUP,E124,<*> TaskAttempt Transitioned from <*> to <*>,10,<id> taskattempt transitioned from fail_container_cleanup to fail_task_cleanup,10,Hadoop_C0000239,10,10,<id> taskattempt transitioned from fail_container_cleanup to fail_task_cleanup,1,1,frequency_representative
22965,Task cleanup failed for attempt attempt_1445144423722_0020_m_000002_0,E136,Task cleanup failed for attempt <*>,2,task cleanup failed for attempt <id>,2,Hadoop_C0000240,2,2,task cleanup failed for attempt <id>,1,1,frequency_representative
22966,attempt_1445144423722_0020_m_000002_0 TaskAttempt Transitioned from FAIL_TASK_CLEANUP to FAILED,E124,<*> TaskAttempt Transitioned from <*> to <*>,10,<id> taskattempt transitioned from fail_task_cleanup to failed,10,Hadoop_C0000241,11,11,<id> taskattempt transitioned from <*> to failed,2,1,frequency_representative
66532,attempt_1445182159119_0002_m_000007_0 TaskAttempt Transitioned from NEW to FAILED,E124,<*> TaskAttempt Transitioned from <*> to <*>,1,<id> taskattempt transitioned from new to failed,1,Hadoop_C0000241,11,11,<id> taskattempt transitioned from <*> to failed,2,2,complex_sample
54116,Error writing History Event: org.apache.hadoop.mapreduce.jobhistory.JobUnsuccessfulCompletionEvent@13bb724a,E152,Error writing History Event: <*>,3,error writing history event: org.apache.hadoop.mapreduce.jobhistory.jobunsuccessfulcompletionevent@ <id>,3,Hadoop_C0000242,4,4,error writing history event: org. apache. hadoop. mapreduce. jobhistory. <*> @ <id>,2,1,frequency_representative
22970,Error writing History Event: org.apache.hadoop.mapreduce.jobhistory.TaskAttemptUnsuccessfulCompletionEvent@7317849d,E152,Error writing History Event: <*>,1,error writing history event: org.apache.hadoop.mapreduce.jobhistory.taskattemptunsuccessfulcompletionevent@ <id>,1,Hadoop_C0000242,4,4,error writing history event: org. apache. hadoop. mapreduce. jobhistory. <*> @ <id>,2,2,complex_sample
65954,1 failures on node 04DN8IQ.fareast.corp.microsoft.com,E215,<*> failures on node <*>,10,<num> failures on node <id>,4,Hadoop_C0000243,4,10,<num> failures on node <id>,1,1,frequency_representative
22972,Added attempt_1445144423722_0020_m_000002_1 to list of failed maps,E170,Added <*> to list of failed maps,10,added <id> to list of failed maps,10,Hadoop_C0000244,10,10,added <id> to list of failed maps,1,1,frequency_representative
23942,Could not contact RM after 360000 milliseconds.,E99,Could not contact RM after <*> milliseconds.,3,could not contact rm after <num> milliseconds.,1,Hadoop_C0000245,1,3,could not contact rm after <num> milliseconds.,1,1,frequency_representative
23943,Error communicating with RM: Could not contact RM after 360000 milliseconds.,E38,Error communicating with RM: Could not contact RM after <*> milliseconds.,3,error communicating with rm: could not contact rm after <num> milliseconds.,1,Hadoop_C0000246,1,3,error communicating with rm: could not contact rm after <num> milliseconds.,1,1,frequency_representative
23951,"In stop, writing event MAP_ATTEMPT_FAILED",E194,"In stop, writing event <*>",1,"in stop, writing event map_attempt_failed",1,Hadoop_C0000247,1,1,"in stop, writing event map_attempt_failed",1,1,frequency_representative
23952,Service JobHistoryEventHandler failed in state STOPPED; cause: org.apache.avro.AvroTypeException: Attempt to process a enum when a union was expected.,E29,Service <*> failed in state <*>; cause: <*>: Attempt to process a enum when a union was expected.,1,service jobhistoryeventhandler failed in state stopped; cause: org.apache.avro.avrotypeexception: attempt to process a enum when a union was expected.,1,Hadoop_C0000248,1,1,service jobhistoryeventhandler failed in state stopped; cause: org. apache. avro. avrotypeexception: attempt to process a enum when a union was expected.,1,1,frequency_representative
23956,Diagnostics report from attempt_1445144423722_0020_m_000006_0: cleanup failed for container container_1445144423722_0020_01_000008 : java.lang.IllegalArgumentException: java.net.UnknownHostException: MSRA-SA-41.fareast.corp.microsoft.com,E21,Diagnostics report from <*>: cleanup failed for container <*> : java.lang.IllegalArgumentException: java.net.UnknownHostException: <*>,12,diagnostics report from <id> : cleanup failed for container <id> : java.lang.illegalargumentexception: java.net.unknownhostexception: <id>,12,Hadoop_C0000249,12,12,diagnostics report from <id>: cleanup failed for container <id>: java. lang. illegalargumentexception: java. net. unknownhostexception: <id>,1,1,frequency_representative
24008,Exception while unregistering,E132,Exception while unregistering,3,exception while unregistering,1,Hadoop_C0000250,1,3,exception while unregistering,1,1,frequency_representative
24014,Service org.apache.hadoop.mapreduce.v2.app.MRAppMaster failed in state STOPPED; cause: org.apache.avro.AvroTypeException: Attempt to process a enum when a union was expected.,E29,Service <*> failed in state <*>; cause: <*>: Attempt to process a enum when a union was expected.,1,service <id> failed in state stopped; cause: org.apache.avro.avrotypeexception: attempt to process a enum when a union was expected.,1,Hadoop_C0000251,1,1,service <id> failed in state stopped; cause: org. apache. avro. avrotypeexception: attempt to process a enum when a union was expected.,1,1,frequency_representative
24015,Graceful stop failed,E196,Graceful stop failed,3,graceful stop failed,1,Hadoop_C0000252,1,3,graceful stop failed,1,1,frequency_representative
31743,Using ResourceCalculatorProcessTree : org.apache.hadoop.yarn.util.WindowsBasedProcessTree@6f9194c,E96,Using ResourceCalculatorProcessTree : <*>,1,using resourcecalculatorprocesstree : org.apache.hadoop.yarn.util.windowsbasedprocesstree@6f9194c,1,Hadoop_C0000253,1,1,using resourcecalculatorprocesstree: org. apache. hadoop. yarn. util. windowsbasedprocesstree @ 6 f 9194 c,1,1,frequency_representative
34587,Diagnostics report from attempt_1445062781478_0017_m_000002_0: AttemptID:attempt_1445062781478_0017_m_000002_0 Timed out after 600 secs,E64,Diagnostics report from <*>: AttemptID:<*> Timed out after <*> secs,7,diagnostics report from <id> : <id> timed out after <num> secs,7,Hadoop_C0000254,7,7,diagnostics report from <id>: <id> timed out after <num> secs,1,1,frequency_representative
39427,Using ResourceCalculatorProcessTree : org.apache.hadoop.yarn.util.WindowsBasedProcessTree@39f91c0,E96,Using ResourceCalculatorProcessTree : <*>,7,using resourcecalculatorprocesstree : org.apache.hadoop.yarn.util.windowsbasedprocesstree@39f91c0,1,Hadoop_C0000255,1,7,using resourcecalculatorprocesstree: org. apache. hadoop. yarn. util. windowsbasedprocesstree @ 39 f 91 c 0,1,1,frequency_representative
39668,Using ResourceCalculatorProcessTree : org.apache.hadoop.yarn.util.WindowsBasedProcessTree@d2c5d0a,E96,Using ResourceCalculatorProcessTree : <*>,2,using resourcecalculatorprocesstree : org.apache.hadoop.yarn.util.windowsbasedprocesstree@d2c5d0a,1,Hadoop_C0000256,1,2,using resourcecalculatorprocesstree: org. apache. hadoop. yarn. util. windowsbasedprocesstree @ d 2 c 5 d 0 a,1,1,frequency_representative
40437,Ramping down all scheduled reduces:0,E109,Ramping down all scheduled reduces:<*>,100,ramping down all scheduled <id>,1,Hadoop_C0000257,1,100,ramping down all scheduled <id>,1,1,frequency_representative
40438,Going to preempt 1 due to lack of space for maps,E91,Going to preempt <*> due to lack of space for maps,100,going to preempt <num> due to lack of space for maps,1,Hadoop_C0000258,1,100,going to preempt <num> due to lack of space for maps,1,1,frequency_representative
43846,Using ResourceCalculatorProcessTree : org.apache.hadoop.yarn.util.WindowsBasedProcessTree@68b51b8,E96,Using ResourceCalculatorProcessTree : <*>,3,using resourcecalculatorprocesstree : org.apache.hadoop.yarn.util.windowsbasedprocesstree@68b51b8,1,Hadoop_C0000259,1,3,using resourcecalculatorprocesstree: org. apache. hadoop. yarn. util. windowsbasedprocesstree @ 68 b 51 b 8,1,1,frequency_representative
44732,Preempting attempt_1445087491445_0004_r_000000_1000,E225,Preempting <*>,1,preempting <id>,1,Hadoop_C0000260,1,1,preempting <id>,1,1,frequency_representative
44746,Reduce preemption successful attempt_1445087491445_0004_r_000000_1000,E141,Reduce preemption successful <*>,1,reduce preemption successful <id>,1,Hadoop_C0000261,1,1,reduce preemption successful <id>,1,1,frequency_representative
45319,"Kind: mapreduce.job, Service: job_1445087491445_0004, Ident: (org.apache.hadoop.mapreduce.security.token.JobTokenIdentifier@b1d4dc0)",E174,"Kind: <*>, Service: <*>, Ident: (<*>)",2,"kind: mapreduce.job, service: <id> , ident: (org.apache.hadoop.mapreduce.security.token.jobtokenidentifier@b1d4dc0)",2,Hadoop_C0000262,2,2,"kind: mapreduce. job, service: <id>, ident: (org. apache. hadoop. mapreduce. security. token. jobtokenidentifier @ b 1 d 4 dc 0)",1,1,frequency_representative
45353,"for url=13562/mapOutput?job=job_1445087491445_0004&reduce=0&map=attempt_1445087491445_0004_m_000001_0,attempt_1445087491445_0004_m_000006_1,attempt_1445087491445_0004_m_000007_1,attempt_1445087491445_0004_m_000008_1,attempt_1445087491445_0004_m_000010_0,attempt_1445087491445_0004_m_000011_0 sent hash and received reply",E111,for url=<*> sent hash and received reply,8,"for url= <num> /mapoutput?job= <id> &reduce= <num> &map= <id> , <id> , <id> , <id> , <id> , <id> sent hash and received reply",7,Hadoop_C0000263,7,8,"for url = <num>/mapoutput? job = <id> & reduce = <num> & map = <id>, <id>, <id>, <id>, <id>, <id> sent hash and received reply",1,1,frequency_representative
45406,Connection retry failed with 4 attempts in 180 seconds,E77,Connection retry failed with <*> attempts in <*> seconds,1,connection retry failed with <num> attempts in <num> seconds,1,Hadoop_C0000264,1,1,connection retry failed with <num> attempts in <num> seconds,1,1,frequency_representative
45407,Failed to connect to MININT-FNANLI5.fareast.corp.microsoft.com:13562 with 1 map outputs,E113,Failed to connect to <*> with <*> map outputs,1,failed to connect to <id> with <num> map outputs,1,Hadoop_C0000265,1,1,failed to connect to <id> with <num> map outputs,1,1,frequency_representative
45408,Reporting fetch failure for attempt_1445087491445_0004_m_000005_0 to jobtracker.,E151,Reporting fetch failure for <*>.,1,reporting fetch failure for <id> to jobtracker.,1,Hadoop_C0000266,1,1,reporting fetch failure for <id> to jobtracker.,1,1,frequency_representative
47897,Error communicating with RM: Resource Manager doesn't recognize AttemptId: application_1445087491445_0004,E31,Error communicating with RM: Resource Manager doesn't recognize AttemptId: <*>,2,error communicating with rm: resource manager doesn't recognize attemptid: <id>,2,Hadoop_C0000267,2,2,error communicating with rm: resource manager doesn ' t recognize attemptid: <id>,1,1,frequency_representative
47898,Notify RMCommunicator isAMLastRetry: false,E103,Notify RMCommunicator isAMLastRetry: <*>,2,notify rmcommunicator isamlastretry: false,1,Hadoop_C0000268,1,2,notify rmcommunicator isamlastretry: false,1,1,frequency_representative
47899,RMCommunicator notified that shouldUnregistered is: false,E66,RMCommunicator notified that shouldUnregistered is: <*>,2,rmcommunicator notified that shouldunregistered is: false,1,Hadoop_C0000269,1,2,rmcommunicator notified that shouldunregistered is: false,1,1,frequency_representative
47900,Notify JHEH isAMLastRetry: false,E159,Notify JHEH isAMLastRetry: <*>,2,notify jheh isamlastretry: false,1,Hadoop_C0000270,1,2,notify jheh isamlastretry: false,1,1,frequency_representative
47901,JobHistoryEventHandler notified that forceJobCompletion is false,E48,JobHistoryEventHandler notified that forceJobCompletion is <*>,2,jobhistoryeventhandler notified that forcejobcompletion is false,1,Hadoop_C0000271,1,2,jobhistoryeventhandler notified that forcejobcompletion is false,1,1,frequency_representative
48612,"Kind: mapreduce.job, Service: job_1445087491445_0004, Ident: (org.apache.hadoop.mapreduce.security.token.JobTokenIdentifier@a53fca0)",E174,"Kind: <*>, Service: <*>, Ident: (<*>)",1,"kind: mapreduce.job, service: <id> , ident: (org.apache.hadoop.mapreduce.security.token.jobtokenidentifier@a53fca0)",1,Hadoop_C0000272,1,1,"kind: mapreduce. job, service: <id>, ident: (org. apache. hadoop. mapreduce. security. token. jobtokenidentifier @ a 53 fca 0)",1,1,frequency_representative
48716,"Kind: mapreduce.job, Service: job_1445087491445_0004, Ident: (org.apache.hadoop.mapreduce.security.token.JobTokenIdentifier@92d4709)",E174,"Kind: <*>, Service: <*>, Ident: (<*>)",1,"kind: mapreduce.job, service: <id> , ident: (org.apache.hadoop.mapreduce.security.token.jobtokenidentifier@92d4709)",1,Hadoop_C0000273,1,1,"kind: mapreduce. job, service: <id>, ident: (org. apache. hadoop. mapreduce. security. token. jobtokenidentifier @ 92 d 4709)",1,1,frequency_representative
51234,Using ResourceCalculatorProcessTree : org.apache.hadoop.yarn.util.WindowsBasedProcessTree@f810fd9,E96,Using ResourceCalculatorProcessTree : <*>,5,using resourcecalculatorprocesstree : org.apache.hadoop.yarn.util.windowsbasedprocesstree@f810fd9,1,Hadoop_C0000274,1,5,using resourcecalculatorprocesstree: org. apache. hadoop. yarn. util. windowsbasedprocesstree @ f 810 fd 9,1,1,frequency_representative
54124,Found jobId job_1445175094696_0003 to have not been closed. Will close,E87,Found jobId <*> to have not been closed. Will close,2,found jobid <id> to have not been closed. will close,2,Hadoop_C0000275,2,2,found jobid <id> to have not been closed. will close,1,1,frequency_representative
59477,Communication exception: java.net.NoRouteToHostException: No Route to Host from MININT-FNANLI5/127.0.0.1 to 10.190.173.170:25859 failed on socket timeout exception: java.net.NoRouteToHostException: No route to host: no further information; For more details see: http://wiki.apache.org/hadoop/NoRouteToHost,E3,Communication exception: java.net.NoRouteToHostException: No Route to Host from <*> to <*> failed on socket timeout exception: java.net.NoRouteToHostException: No route to host: no further information; For more details see: <*>,10,communication exception: java.net.noroutetohostexception: no route to host from <id> / <ip> to <ip> failed on socket timeout exception: java.net.noroutetohostexception: no route to host: no further information; for more details see: <url>,2,Hadoop_C0000276,2,10,communication exception: java. net. noroutetohostexception: no route to host from <id>/<ip> to <ip> failed on socket timeout exception: java. net. noroutetohostexception: no route to host: no further information; for more details see: <url>,1,1,frequency_representative
59489,Process Thread Dump: Communication exception,E83,Process Thread Dump: Communication exception,5,process thread dump: communication exception,1,Hadoop_C0000277,1,5,process thread dump: communication exception,1,1,frequency_representative
59490,"Last retry, killing attempt_1445175094696_0004_m_000005_0",E203,"Last retry, killing <*>",5,"last retry, killing <id>",5,Hadoop_C0000278,5,5,"last retry, killing <id>",1,1,frequency_representative
59815,"Could not obtain BP-1347369012-10.190.173.170-1444972147527:blk_1073742989_2201 from any node: java.io.IOException: No live nodes contain block BP-1347369012-10.190.173.170-1444972147527:blk_1073742989_2201 after checking nodes = [172.22.149.145:50010, 10.190.173.170:50010], ignoredNodes = null No live nodes contain current block Block locations: 172.22.149.145:50010 10.190.173.170:50010 Dead nodes: 10.190.173.170:50010 172.22.149.145:50010 10.86.169.121:50010. Will get new block locations from namenode and retry...",E6,"Could not obtain <*> from any node: <*> No live nodes contain block <*> after checking nodes = <*>, ignoredNodes = <*> No live nodes contain current block Block locations: <*> Dead nodes: <*>. Will get new block locations from namenode and retry...",1,"could not obtain <id> - <ip> - <hex> : <id> from any node: java.io.ioexception: no live nodes contain block <id> - <ip> - <hex> : <id> after checking nodes = [ <ip> , <ip> ], ignorednodes = null no live nodes contain current block block locations: <ip> <ip> dead nodes: <ip> <ip> <ip> . will get new block locations from namenode and retry...",1,Hadoop_C0000279,1,1,"could not obtain <id>-<ip>-<hex>: <id> from any node: java. io. ioexception: no live nodes contain block <id>-<ip>-<hex>: <id> after checking nodes = [<ip>, <ip>], ignorednodes = null no live nodes contain current block block locations: <ip> <ip> dead nodes: <ip> <ip> <ip>. will get new block locations from namenode and retry...",1,1,frequency_representative
61025,"In stop, writing event TASK_FINISHED",E194,"In stop, writing event <*>",2,"in stop, writing event task_finished",1,Hadoop_C0000280,1,2,"in stop, writing event task_finished",1,1,frequency_representative
61026,"In stop, writing event JOB_FINISHED",E194,"In stop, writing event <*>",3,"in stop, writing event job_finished",1,Hadoop_C0000281,1,3,"in stop, writing event job_finished",1,1,frequency_representative
61266,Using ShuffleConsumerPlugin: org.apache.hadoop.mapreduce.task.reduce.Shuffle@68b51b8,E133,Using ShuffleConsumerPlugin: <*>,1,using shuffleconsumerplugin: org.apache.hadoop.mapreduce.task.reduce.shuffle@68b51b8,1,Hadoop_C0000282,1,1,using shuffleconsumerplugin: org. apache. hadoop. mapreduce. task. reduce. shuffle @ 68 b 51 b 8,1,1,frequency_representative
63528,Using ResourceCalculatorProcessTree : org.apache.hadoop.yarn.util.WindowsBasedProcessTree@32cc742,E96,Using ResourceCalculatorProcessTree : <*>,1,using resourcecalculatorprocesstree : org.apache.hadoop.yarn.util.windowsbasedprocesstree@32cc742,1,Hadoop_C0000283,1,1,using resourcecalculatorprocesstree: org. apache. hadoop. yarn. util. windowsbasedprocesstree @ 32 cc 742,1,1,frequency_representative
63869,Using ResourceCalculatorProcessTree : org.apache.hadoop.yarn.util.WindowsBasedProcessTree@f32bade,E96,Using ResourceCalculatorProcessTree : <*>,2,using resourcecalculatorprocesstree : org.apache.hadoop.yarn.util.windowsbasedprocesstree@f32bade,1,Hadoop_C0000284,1,2,using resourcecalculatorprocesstree: org. apache. hadoop. yarn. util. windowsbasedprocesstree @ f 32 bade,1,1,frequency_representative
65945,Diagnostics report from attempt_1445182159119_0002_m_000007_0: Error: org.apache.hadoop.util.DiskChecker$DiskErrorException: Could not find any valid local directory for output/attempt_1445182159119_0002_m_000007_0/file.out,E32,Diagnostics report from <*>: Error: <*>: Could not find any valid local directory for <*>,2,diagnostics report from <id> : error: org.apache.hadoop.util.diskchecker$diskerrorexception: could not find any valid local directory for output/ <id> /file.out,1,Hadoop_C0000285,1,2,diagnostics report from <id>: error: org. apache. hadoop. util. diskchecker $ diskerrorexception: could not find any valid local directory for output/<id>/file. out,1,1,frequency_representative
67017,Ignoring exception during close for org.apache.hadoop.mapred.MapTask$NewOutputCollector@6a6585ee,E110,Ignoring exception during close for <*>,1,ignoring exception during close for org.apache.hadoop.mapred.maptask$newoutputcollector@ <id>,1,Hadoop_C0000286,1,1,ignoring exception during close for org. apache. hadoop. mapred. maptask $ newoutputcollector @ <id>,1,1,frequency_representative
67018,Exception running child : org.apache.hadoop.util.DiskChecker$DiskErrorException: Could not find any valid local directory for output/attempt_1445182159119_0002_m_000007_0/file.out,E39,Exception running child : <*>: Could not find any valid local directory for <*>,1,exception running child : org.apache.hadoop.util.diskchecker$diskerrorexception: could not find any valid local directory for output/ <id> /file.out,1,Hadoop_C0000287,1,1,exception running child: org. apache. hadoop. util. diskchecker $ diskerrorexception: could not find any valid local directory for output/<id>/file. out,1,1,frequency_representative
67220,Using ShuffleConsumerPlugin: org.apache.hadoop.mapreduce.task.reduce.Shuffle@1cbd8f1,E133,Using ShuffleConsumerPlugin: <*>,1,using shuffleconsumerplugin: org.apache.hadoop.mapreduce.task.reduce.shuffle@1cbd8f1,1,Hadoop_C0000288,1,1,using shuffleconsumerplugin: org. apache. hadoop. mapreduce. task. reduce. shuffle @ 1 cbd 8 f 1,1,1,frequency_representative
70880,Task: attempt_1445182159119_0003_m_000000_0 - failed due to FSError: java.io.IOException: There is not enough space on the disk,E28,Task: <*> - failed due to FSError: java.io.IOException: There is not enough space on the disk,2,task: <id> - failed due to fserror: java.io.ioexception: there is not enough space on the disk,2,Hadoop_C0000289,2,2,task: <id>-failed due to fserror: java. io. ioexception: there is not enough space on the disk,1,1,frequency_representative
70899,Diagnostics report from attempt_1445182159119_0003_r_000000_0: Error: org.apache.hadoop.mapreduce.task.reduce.Shuffle$ShuffleError: error in shuffle in fetcher#3,E53,Diagnostics report from <*>: Error: <*>: error in shuffle in fetcher#<*>,4,diagnostics report from <id> : error: org.apache.hadoop.mapreduce.task.reduce.shuffle$shuffleerror: error in shuffle in fetcher# <num>,2,Hadoop_C0000290,2,4,diagnostics report from <id>: error: org. apache. hadoop. mapreduce. task. reduce. shuffle $ shuffleerror: error in shuffle in fetcher # <num>,1,1,frequency_representative
70924,"Assigning container Container: [ContainerId: container_1445182159119_0003_01_000016, NodeId: 04DN8IQ.fareast.corp.microsoft.com:64260, NodeHttpAddress: 04DN8IQ.fareast.corp.microsoft.com:8042, Resource: <memory:1024, vCores:1>, Priority: 5, Token: Token { kind: ContainerToken, service: 10.86.164.138:64260 }, ] to fast fail map",E13,"Assigning container Container: [ContainerId: <*>, NodeId: <*>, NodeHttpAddress: <*>, Resource: <memory:<*>, vCores:<*>, Priority: <*>, Token: Token { kind: <*>, service: <*> }, ] to fast fail map",8,"assigning container container: [containerid: <id> , nodeid: <id> , nodehttpaddress: <id> , resource: < <id> , <id> >, priority: <num> , token: token { kind: containertoken, service: <ip> }, ] to fast fail map",8,Hadoop_C0000291,8,8,"assigning container container: [containerid: <id>, nodeid: <id>, nodehttpaddress: <id>, resource: < <id>, <id> >, priority: <num>, token: token {kind: containertoken, service: <ip>},] to fast fail map",1,1,frequency_representative
70925,Assigned from earlierFailedMaps,E119,Assigned from earlierFailedMaps,8,assigned from earlierfailedmaps,1,Hadoop_C0000292,1,8,assigned from earlierfailedmaps,1,1,frequency_representative
72490,Exception running child : org.apache.hadoop.mapreduce.task.reduce.Shuffle$ShuffleError: error in shuffle in fetcher#3,E24,Exception running child : org.apache.hadoop.mapreduce.task.reduce.Shuffle$ShuffleError: error in shuffle in fetcher#<*>,2,exception running child : org.apache.hadoop.mapreduce.task.reduce.shuffle$shuffleerror: error in shuffle in fetcher# <num>,2,Hadoop_C0000293,2,2,exception running child: org. apache. hadoop. mapreduce. task. reduce. shuffle $ shuffleerror: error in shuffle in fetcher # <num>,1,1,frequency_representative
73027,Using ResourceCalculatorProcessTree : org.apache.hadoop.yarn.util.WindowsBasedProcessTree@c16af82,E96,Using ResourceCalculatorProcessTree : <*>,6,using resourcecalculatorprocesstree : org.apache.hadoop.yarn.util.windowsbasedprocesstree@c16af82,1,Hadoop_C0000294,1,6,using resourcecalculatorprocesstree: org. apache. hadoop. yarn. util. windowsbasedprocesstree @ c 16 af 82,1,1,frequency_representative
74288,Task: attempt_1445182159119_0004_m_000004_0 - exited : java.io.IOException: There is not enough space on the disk,E33,Task: <*> - exited : java.io.IOException: There is not enough space on the disk,6,task: <id> - exited : java.io.ioexception: there is not enough space on the disk,3,Hadoop_C0000295,3,6,task: <id>-exited: java. io. ioexception: there is not enough space on the disk,1,1,frequency_representative
74289,Diagnostics report from attempt_1445182159119_0004_m_000004_0: Error: java.io.IOException: There is not enough space on the disk,E27,Diagnostics report from <*>: Error: java.io.IOException: There is not enough space on the disk,12,diagnostics report from <id> : error: java.io.ioexception: there is not enough space on the disk,3,Hadoop_C0000296,3,12,diagnostics report from <id>: error: java. io. ioexception: there is not enough space on the disk,1,1,frequency_representative
74304,Task: attempt_1445182159119_0004_m_000004_0 - exited : java.io.IOException: Spill failed,E70,Task: <*> - exited : java.io.IOException: Spill failed,3,task: <id> - exited : java.io.ioexception: spill failed,3,Hadoop_C0000297,3,3,task: <id>-exited: java. io. ioexception: spill failed,1,1,frequency_representative
74305,Diagnostics report from attempt_1445182159119_0004_m_000004_0: Error: java.io.IOException: Spill failed,E52,Diagnostics report from <*>: java.io.IOException: Spill failed,6,diagnostics report from <id> : error: java.io.ioexception: spill failed,3,Hadoop_C0000298,3,6,diagnostics report from <id>: error: java. io. ioexception: spill failed,1,1,frequency_representative
76806,"Unable to parse prior job history, aborting recovery",E67,"Unable to parse prior job history, aborting recovery",4,"unable to parse prior job history, aborting recovery",1,Hadoop_C0000299,1,4,"unable to parse prior job history, aborting recovery",1,1,frequency_representative
76809,Could not parse the old history file. Will not have old AMinfos,E54,Could not parse the old history file. Will not have old AMinfos,4,could not parse the old history file. will not have old aminfos,1,Hadoop_C0000300,1,4,could not parse the old history file. will not have old aminfos,1,1,frequency_representative
79171,Using ResourceCalculatorProcessTree : org.apache.hadoop.yarn.util.WindowsBasedProcessTree@a57fc5f,E96,Using ResourceCalculatorProcessTree : <*>,1,using resourcecalculatorprocesstree : org.apache.hadoop.yarn.util.windowsbasedprocesstree@a57fc5f,1,Hadoop_C0000301,1,1,using resourcecalculatorprocesstree: org. apache. hadoop. yarn. util. windowsbasedprocesstree @ a 57 fc 5 f,1,1,frequency_representative
80880,Using ShuffleConsumerPlugin: org.apache.hadoop.mapreduce.task.reduce.Shuffle@e55c068,E133,Using ShuffleConsumerPlugin: <*>,1,using shuffleconsumerplugin: org.apache.hadoop.mapreduce.task.reduce.shuffle@e55c068,1,Hadoop_C0000302,1,1,using shuffleconsumerplugin: org. apache. hadoop. mapreduce. task. reduce. shuffle @ e 55 c 068,1,1,frequency_representative
87714,Using ResourceCalculatorProcessTree : org.apache.hadoop.yarn.util.WindowsBasedProcessTree@71eed8d,E96,Using ResourceCalculatorProcessTree : <*>,1,using resourcecalculatorprocesstree : org.apache.hadoop.yarn.util.windowsbasedprocesstree@71eed8d,1,Hadoop_C0000303,1,1,using resourcecalculatorprocesstree: org. apache. hadoop. yarn. util. windowsbasedprocesstree @ 71 eed 8 d,1,1,frequency_representative
90953,Using ResourceCalculatorProcessTree : org.apache.hadoop.yarn.util.WindowsBasedProcessTree@84a2364,E96,Using ResourceCalculatorProcessTree : <*>,6,using resourcecalculatorprocesstree : org.apache.hadoop.yarn.util.windowsbasedprocesstree@84a2364,1,Hadoop_C0000304,1,6,using resourcecalculatorprocesstree: org. apache. hadoop. yarn. util. windowsbasedprocesstree @ 84 a 2364,1,1,frequency_representative
91305,Using ResourceCalculatorProcessTree : org.apache.hadoop.yarn.util.WindowsBasedProcessTree@cc3d21a,E96,Using ResourceCalculatorProcessTree : <*>,1,using resourcecalculatorprocesstree : org.apache.hadoop.yarn.util.windowsbasedprocesstree@cc3d21a,1,Hadoop_C0000305,1,1,using resourcecalculatorprocesstree: org. apache. hadoop. yarn. util. windowsbasedprocesstree @ cc 3 d 21 a,1,1,frequency_representative
98791,Using ShuffleConsumerPlugin: org.apache.hadoop.mapreduce.task.reduce.Shuffle@7862f56,E133,Using ShuffleConsumerPlugin: <*>,8,using shuffleconsumerplugin: org.apache.hadoop.mapreduce.task.reduce.shuffle@7862f56,1,Hadoop_C0000306,1,8,using shuffleconsumerplugin: org. apache. hadoop. mapreduce. task. reduce. shuffle @ 7862 f 56,1,1,frequency_representative
99408,Using ResourceCalculatorProcessTree : org.apache.hadoop.yarn.util.WindowsBasedProcessTree@f6524a0,E96,Using ResourceCalculatorProcessTree : <*>,3,using resourcecalculatorprocesstree : org.apache.hadoop.yarn.util.windowsbasedprocesstree@f6524a0,1,Hadoop_C0000307,1,3,using resourcecalculatorprocesstree: org. apache. hadoop. yarn. util. windowsbasedprocesstree @ f 6524 a 0,1,1,frequency_representative
110926,Using ResourceCalculatorProcessTree : org.apache.hadoop.yarn.util.WindowsBasedProcessTree@78aa82b,E96,Using ResourceCalculatorProcessTree : <*>,1,using resourcecalculatorprocesstree : org.apache.hadoop.yarn.util.windowsbasedprocesstree@78aa82b,1,Hadoop_C0000308,1,1,using resourcecalculatorprocesstree: org. apache. hadoop. yarn. util. windowsbasedprocesstree @ 78 aa 82 b,1,1,frequency_representative
115146,Error closing writer for JobID: job_1445144423722_0023,E135,Error closing writer for JobID: <*>,1,error closing writer for jobid: <id>,1,Hadoop_C0000309,1,1,error closing writer for jobid: <id>,1,1,frequency_representative
120365,Using ResourceCalculatorProcessTree : org.apache.hadoop.yarn.util.WindowsBasedProcessTree@cbab78f,E96,Using ResourceCalculatorProcessTree : <*>,4,using resourcecalculatorprocesstree : org.apache.hadoop.yarn.util.windowsbasedprocesstree@cbab78f,1,Hadoop_C0000310,1,4,using resourcecalculatorprocesstree: org. apache. hadoop. yarn. util. windowsbasedprocesstree @ cbab 78 f,1,1,frequency_representative
123590,Using ShuffleConsumerPlugin: org.apache.hadoop.mapreduce.task.reduce.Shuffle@fa12c68,E133,Using ShuffleConsumerPlugin: <*>,1,using shuffleconsumerplugin: org.apache.hadoop.mapreduce.task.reduce.shuffle@fa12c68,1,Hadoop_C0000311,1,1,using shuffleconsumerplugin: org. apache. hadoop. mapreduce. task. reduce. shuffle @ fa 12 c 68,1,1,frequency_representative
126872,Using ResourceCalculatorProcessTree : org.apache.hadoop.yarn.util.WindowsBasedProcessTree@82aab2f,E96,Using ResourceCalculatorProcessTree : <*>,1,using resourcecalculatorprocesstree : org.apache.hadoop.yarn.util.windowsbasedprocesstree@82aab2f,1,Hadoop_C0000312,1,1,using resourcecalculatorprocesstree: org. apache. hadoop. yarn. util. windowsbasedprocesstree @ 82 aab 2 f,1,1,frequency_representative
130445,Using ResourceCalculatorProcessTree : org.apache.hadoop.yarn.util.WindowsBasedProcessTree@14dcd45,E96,Using ResourceCalculatorProcessTree : <*>,4,using resourcecalculatorprocesstree : org.apache.hadoop.yarn.util.windowsbasedprocesstree@14dcd45,1,Hadoop_C0000313,1,4,using resourcecalculatorprocesstree: org. apache. hadoop. yarn. util. windowsbasedprocesstree @ 14 dcd 45,1,1,frequency_representative
135674,Using ResourceCalculatorProcessTree : org.apache.hadoop.yarn.util.WindowsBasedProcessTree@11499ff,E96,Using ResourceCalculatorProcessTree : <*>,2,using resourcecalculatorprocesstree : org.apache.hadoop.yarn.util.windowsbasedprocesstree@11499ff,1,Hadoop_C0000314,1,2,using resourcecalculatorprocesstree: org. apache. hadoop. yarn. util. windowsbasedprocesstree @ 11499 ff,1,1,frequency_representative
135805,Using ResourceCalculatorProcessTree : org.apache.hadoop.yarn.util.WindowsBasedProcessTree@e7d6ad,E96,Using ResourceCalculatorProcessTree : <*>,1,using resourcecalculatorprocesstree : org.apache.hadoop.yarn.util.windowsbasedprocesstree@e7d6ad,1,Hadoop_C0000315,1,1,using resourcecalculatorprocesstree: org. apache. hadoop. yarn. util. windowsbasedprocesstree @ e 7 d 6 ad,1,1,frequency_representative
140811,Using ResourceCalculatorProcessTree : org.apache.hadoop.yarn.util.WindowsBasedProcessTree@291ac90,E96,Using ResourceCalculatorProcessTree : <*>,1,using resourcecalculatorprocesstree : org.apache.hadoop.yarn.util.windowsbasedprocesstree@291ac90,1,Hadoop_C0000316,1,1,using resourcecalculatorprocesstree: org. apache. hadoop. yarn. util. windowsbasedprocesstree @ 291 ac 90,1,1,frequency_representative
157509,"IPC Server handler 29 on 58622, call statusUpdate(attempt_1445094324383_0003_m_000000_0, org.apache.hadoop.mapred.MapTaskStatus@cdcdbf7), rpc version=2, client version=19, methodsFingerPrint=937413979 from 10.86.169.121:52490 Call#68 Retry#0: output error",E22,"IPC Server handler <*> on <*>, call statusUpdate(<*>), rpc version=<*>, client version=<*>, methodsFingerPrint=<*> from <*> Call#<*> Retry#<*>: output error",1,"ipc server handler <num> on <num> , call statusupdate( <id> , org.apache.hadoop.mapred.maptaskstatus@cdcdbf7), rpc version= <num> , client version= <num> , methodsfingerprint= <num> from <ip> call# <num> retry# <num> : output error",1,Hadoop_C0000317,1,1,"ipc server handler <num> on <num>, call statusupdate (<id>, org. apache. hadoop. mapred. maptaskstatus @ cdcdbf 7), rpc version = <num>, client version = <num>, methodsfingerprint = <num> from <ip> call # <num> retry # <num>: output error",1,1,frequency_representative
157510,IPC Server handler 29 on 58622 caught an exception,E100,IPC Server handler <*> on <*> caught an exception,1,ipc server handler <num> on <num> caught an exception,1,Hadoop_C0000318,1,1,ipc server handler <num> on <num> caught an exception,1,1,frequency_representative
172130,Shuffle failed : local error on this node: 04DN8IQ/10.86.164.138,E94,Shuffle failed : local error on this node: <*>,2,shuffle failed : local error on this node: 04dn8iq/ <ip>,1,Hadoop_C0000319,1,2,shuffle failed: local error on this node: 04 dn 8 iq/<ip>,1,1,frequency_representative
176254,Using ResourceCalculatorProcessTree : org.apache.hadoop.yarn.util.WindowsBasedProcessTree@4e155e1,E96,Using ResourceCalculatorProcessTree : <*>,1,using resourcecalculatorprocesstree : org.apache.hadoop.yarn.util.windowsbasedprocesstree@4e155e1,1,Hadoop_C0000320,1,1,using resourcecalculatorprocesstree: org. apache. hadoop. yarn. util. windowsbasedprocesstree @ 4 e 155 e 1,1,1,frequency_representative
